ID	TYPE	label	member cohort	evidence	source
ID	TYPE		I coho:hasCohort	>A rdfs:comment	>A oio:hasDbXref
COHO:0000020	owl:NamedIndividual	Breast Cancer Association Consortium	COHO:0000024	Cancer Prevention Study II	https://www.ncbi.nlm.nih.gov/research/bionlp/RESTful/pmcoa.cgi/BioC_xml/PMC5601244/unicode
COHO:0000020	owl:NamedIndividual	Breast Cancer Association Consortium	COHO:0000456	Nurses Health Study (56)	https://www.ebi.ac.uk/europepmc/webservices/rest/PMC4754625/supplementaryFiles
COHO:0000020	owl:NamedIndividual	Breast Cancer Association Consortium	COHO:0000523	Melbourne Collaborative Cohort Study	https://www.ncbi.nlm.nih.gov/research/bionlp/RESTful/pmcoa.cgi/BioC_xml/PMC5601244/unicode
COHO:0000020	owl:NamedIndividual	Breast Cancer Association Consortium	COHO:0000573	CTS, NBCS and SKKDKFZS are studies in BCAC but genotyped as part of the triple negative consortium (TNBCC).	https://www.ebi.ac.uk/europepmc/webservices/rest/PMC4754625/supplementaryFiles
COHO:0000020	owl:NamedIndividual	Breast Cancer Association Consortium	COHO:0000667	BCAC DACC approval is required to access data from studies ABCFS, ABCS, ABCTB, BBCC, BBCS, BCEES, BCFR-NY, BCFR-PA, BCFR-UT, BCINIS, BSUCH, CBCS, CECILE, CGPS, CTS, DIETCOMPLYF, ESTHER, GC-HBOC, GENICA, GEPARSIXTO, GESBC, HABCS, HCSC, HEBCS, HMBCS, HUBCS, KARBAC, KBCP, LMBC, MABCS, MARIE, MBCSG, MCBCS, MISS, MMHS, MTLGEBCS, NC-BCFR, OFBCR, ORIGO, pKARMA, POSH, PREFACE, RBCS, SKKDKFZS, SUCCESSB, SUCCESSC, SZBCS, TNBCC, UCIBCS, UKBGS and UKOPS (see Supplementary Table 1).	https://www.ebi.ac.uk/europepmc/webservices/rest/PMC5798588/fullTextXML
COHO:0000020	owl:NamedIndividual	Breast Cancer Association Consortium	COHO:0000881	Study of Epidemiology and Risk Factors in Cancer Heredity	https://www.ncbi.nlm.nih.gov/research/bionlp/RESTful/pmcoa.cgi/BioC_xml/PMC5601244/unicode
COHO:0000020	owl:NamedIndividual	Breast Cancer Association Consortium	COHO:0000899	BCAC DACC approval is required to access data from studies ABCFS, ABCS, ABCTB, BBCC, BBCS, BCEES, BCFR-NY, BCFR-PA, BCFR-UT, BCINIS, BSUCH, CBCS, CECILE, CGPS, CTS, DIETCOMPLYF, ESTHER, GC-HBOC, GENICA, GEPARSIXTO, GESBC, HABCS, HCSC, HEBCS, HMBCS, HUBCS, KARBAC, KBCP, LMBC, MABCS, MARIE, MBCSG, MCBCS, MISS, MMHS, MTLGEBCS, NC-BCFR, OFBCR, ORIGO, pKARMA, POSH, PREFACE, RBCS, SKKDKFZS, SUCCESSB, SUCCESSC, SZBCS, TNBCC, UCIBCS, UKBGS and UKOPS (see Supplementary Table 1).	https://www.ebi.ac.uk/europepmc/webservices/rest/PMC5798588/fullTextXML
COHO:0000020	owl:NamedIndividual	Breast Cancer Association Consortium	COHO:0000923	BCAC DACC approval is required to access data from studies ABCFS, ABCS, ABCTB, BBCC, BBCS, BCEES, BCFR-NY, BCFR-PA, BCFR-UT, BCINIS, BSUCH, CBCS, CECILE, CGPS, CTS, DIETCOMPLYF, ESTHER, GC-HBOC, GENICA, GEPARSIXTO, GESBC, HABCS, HCSC, HEBCS, HMBCS, HUBCS, KARBAC, KBCP, LMBC, MABCS, MARIE, MBCSG, MCBCS, MISS, MMHS, MTLGEBCS, NC-BCFR, OFBCR, ORIGO, pKARMA, POSH, PREFACE, RBCS, SKKDKFZS, SUCCESSB, SUCCESSC, SZBCS, TNBCC, UCIBCS, UKBGS and UKOPS (see Supplementary Table 1).	https://www.ebi.ac.uk/europepmc/webservices/rest/PMC5798588/fullTextXML
COHO:0000020	owl:NamedIndividual	Breast Cancer Association Consortium	COHO:0000924	BCAC DACC approval is required to access data from studies ABCFS, ABCS, ABCTB, BBCC, BBCS, BCEES, BCFR-NY, BCFR-PA, BCFR-UT, BCINIS, BSUCH, CBCS, CECILE, CGPS, CTS, DIETCOMPLYF, ESTHER, GC-HBOC, GENICA, GEPARSIXTO, GESBC, HABCS, HCSC, HEBCS, HMBCS, HUBCS, KARBAC, KBCP, LMBC, MABCS, MARIE, MBCSG, MCBCS, MISS, MMHS, MTLGEBCS, NC-BCFR, OFBCR, ORIGO, pKARMA, POSH, PREFACE, RBCS, SKKDKFZS, SUCCESSB, SUCCESSC, SZBCS, TNBCC, UCIBCS, UKBGS and UKOPS (see Supplementary Table 1).	https://www.ebi.ac.uk/europepmc/webservices/rest/PMC5798588/fullTextXML
COHO:0000020	owl:NamedIndividual	Breast Cancer Association Consortium	COHO:0000928	BCAC DACC approval is required to access data from studies ABCFS, ABCS, ABCTB, BBCC, BBCS, BCEES, BCFR-NY, BCFR-PA, BCFR-UT, BCINIS, BSUCH, CBCS, CECILE, CGPS, CTS, DIETCOMPLYF, ESTHER, GC-HBOC, GENICA, GEPARSIXTO, GESBC, HABCS, HCSC, HEBCS, HMBCS, HUBCS, KARBAC, KBCP, LMBC, MABCS, MARIE, MBCSG, MCBCS, MISS, MMHS, MTLGEBCS, NC-BCFR, OFBCR, ORIGO, pKARMA, POSH, PREFACE, RBCS, SKKDKFZS, SUCCESSB, SUCCESSC, SZBCS, TNBCC, UCIBCS, UKBGS and UKOPS (see Supplementary Table 1).	https://www.ebi.ac.uk/europepmc/webservices/rest/PMC5798588/fullTextXML
COHO:0000020	owl:NamedIndividual	Breast Cancer Association Consortium	COHO:0000930	Individual level data were pooled from 26 epidemiological studies, including eight population-based case–control studies, 13 nested studies from prospective cohort studies and five studies with mixed design from the Breast Cancer Association Consortium (BCAC) (Table S1).	https://www.ebi.ac.uk/europepmc/webservices/rest/PMC9007944/fullTextXML
COHO:0000020	owl:NamedIndividual	Breast Cancer Association Consortium	COHO:0000931	Individual level data were pooled from 26 epidemiological studies, including eight population-based case–control studies, 13 nested studies from prospective cohort studies and five studies with mixed design from the Breast Cancer Association Consortium (BCAC) (Table S1).	https://www.ebi.ac.uk/europepmc/webservices/rest/PMC9007944/fullTextXML
COHO:0000020	owl:NamedIndividual	Breast Cancer Association Consortium	COHO:0000935	Individual level data were pooled from 26 epidemiological studies, including eight population-based case–control studies, 13 nested studies from prospective cohort studies and five studies with mixed design from the Breast Cancer Association Consortium (BCAC) (Table S1).	https://www.ebi.ac.uk/europepmc/webservices/rest/PMC9007944/fullTextXML
COHO:0000020	owl:NamedIndividual	Breast Cancer Association Consortium	COHO:0000942	BCAC DACC approval is required to access data from studies ABCFS, ABCS, ABCTB, BBCC, BBCS, BCEES, BCFR-NY, BCFR-PA, BCFR-UT, BCINIS, BSUCH, CBCS, CECILE, CGPS, CTS, DIETCOMPLYF, ESTHER, GC-HBOC, GENICA, GEPARSIXTO, GESBC, HABCS, HCSC, HEBCS, HMBCS, HUBCS, KARBAC, KBCP, LMBC, MABCS, MARIE, MBCSG, MCBCS, MISS, MMHS, MTLGEBCS, NC-BCFR, OFBCR, ORIGO, pKARMA, POSH, PREFACE, RBCS, SKKDKFZS, SUCCESSB, SUCCESSC, SZBCS, TNBCC, UCIBCS, UKBGS and UKOPS (see Supplementary Table 1).	https://www.ebi.ac.uk/europepmc/webservices/rest/PMC5798588/fullTextXML
COHO:0000020	owl:NamedIndividual	Breast Cancer Association Consortium	COHO:0000960	BCAC DACC approval is required to access data from studies ABCFS, ABCS, ABCTB, BBCC, BBCS, BCEES, BCFR-NY, BCFR-PA, BCFR-UT, BCINIS, BSUCH, CBCS, CECILE, CGPS, CTS, DIETCOMPLYF, ESTHER, GC-HBOC, GENICA, GEPARSIXTO, GESBC, HABCS, HCSC, HEBCS, HMBCS, HUBCS, KARBAC, KBCP, LMBC, MABCS, MARIE, MBCSG, MCBCS, MISS, MMHS, MTLGEBCS, NC-BCFR, OFBCR, ORIGO, pKARMA, POSH, PREFACE, RBCS, SKKDKFZS, SUCCESSB, SUCCESSC, SZBCS, TNBCC, UCIBCS, UKBGS and UKOPS (see Supplementary Table 1).	https://www.ebi.ac.uk/europepmc/webservices/rest/PMC5798588/fullTextXML
COHO:0000020	owl:NamedIndividual	Breast Cancer Association Consortium	COHO:0001058	BCAC DACC approval is required to access data from the ABCFS, ABCS, ABCTB, BBCC, BBCS, BCEES, BCFR-NY, BCFR-PA, BCFR-UT, BCINIS, BSUCH, CBCS, CECILE, CGPS, CTS, DIETCOMPLYF, ESTHER, GC-HBOC, GENICA, GEPARSIXTO, GESBC, HABCS, HCSC, HEBCS, HMBCS, HUBCS, KARBAC, KBCP, LMBC, MABCS, MARIE, MBCSG, MCBCS, MISS, MMHS, MTLGEBCS, NC-BCFR, OFBCR, ORIGO, pKARMA, POSH, PREFACE, RBCS, SKKDKFZS, SUCCESSB, SUCCESSC, SZBCS, TNBCC, UCIBCS, UKBGS and UKOPS studies (Supplementary Table 1).	https://www.ebi.ac.uk/europepmc/webservices/rest/PMC7808397/fullTextXML
COHO:0000020	owl:NamedIndividual	Breast Cancer Association Consortium	COHO:0001059	BCAC DACC approval is required to access data from the ABCFS, ABCS, ABCTB, BBCC, BBCS, BCEES, BCFR-NY, BCFR-PA, BCFR-UT, BCINIS, BSUCH, CBCS, CECILE, CGPS, CTS, DIETCOMPLYF, ESTHER, GC-HBOC, GENICA, GEPARSIXTO, GESBC, HABCS, HCSC, HEBCS, HMBCS, HUBCS, KARBAC, KBCP, LMBC, MABCS, MARIE, MBCSG, MCBCS, MISS, MMHS, MTLGEBCS, NC-BCFR, OFBCR, ORIGO, pKARMA, POSH, PREFACE, RBCS, SKKDKFZS, SUCCESSB, SUCCESSC, SZBCS, TNBCC, UCIBCS, UKBGS and UKOPS studies (Supplementary Table 1).	https://www.ebi.ac.uk/europepmc/webservices/rest/PMC7808397/fullTextXML
COHO:0000020	owl:NamedIndividual	Breast Cancer Association Consortium	COHO:0001093	KARMA is part of the Breast Cancer Association Consortium.	https://www.ebi.ac.uk/europepmc/webservices/rest/PMC5837703/fullTextXML
COHO:0000020	owl:NamedIndividual	Breast Cancer Association Consortium	COHO:0001173	BCAC DACC approval is required to access data from studies ABCFS, ABCS, ABCTB, BBCC, BBCS, BCEES, BCFR-NY, BCFR-PA, BCFR-UT, BCINIS, BSUCH, CBCS, CECILE, CGPS, CTS, DIETCOMPLYF, ESTHER, GC-HBOC, GENICA, GEPARSIXTO, GESBC, HABCS, HCSC, HEBCS, HMBCS, HUBCS, KARBAC, KBCP, LMBC, MABCS, MARIE, MBCSG, MCBCS, MISS, MMHS, MTLGEBCS, NC-BCFR, OFBCR, ORIGO, pKARMA, POSH, PREFACE, RBCS, SKKDKFZS, SUCCESSB, SUCCESSC, SZBCS, TNBCC, UCIBCS, UKBGS and UKOPS (see Supplementary Table 1).	https://www.ebi.ac.uk/europepmc/webservices/rest/PMC5798588/fullTextXML
COHO:0000020	owl:NamedIndividual	Breast Cancer Association Consortium	COHO:0001203	BCAC DACC approval is required to access data from studies ABCFS, ABCS, ABCTB, BBCC, BBCS, BCEES, BCFR-NY, BCFR-PA, BCFR-UT, BCINIS, BSUCH, CBCS, CECILE, CGPS, CTS, DIETCOMPLYF, ESTHER, GC-HBOC, GENICA, GEPARSIXTO, GESBC, HABCS, HCSC, HEBCS, HMBCS, HUBCS, KARBAC, KBCP, LMBC, MABCS, MARIE, MBCSG, MCBCS, MISS, MMHS, MTLGEBCS, NC-BCFR, OFBCR, ORIGO, pKARMA, POSH, PREFACE, RBCS, SKKDKFZS, SUCCESSB, SUCCESSC, SZBCS, TNBCC, UCIBCS, UKBGS and UKOPS (see Supplementary Table 1).	https://www.ebi.ac.uk/europepmc/webservices/rest/PMC5798588/fullTextXML
COHO:0000020	owl:NamedIndividual	Breast Cancer Association Consortium	COHO:0001206	BCAC DACC approval is required to access data from studies ABCFS, ABCS, ABCTB, BBCC, BBCS, BCEES, BCFR-NY, BCFR-PA, BCFR-UT, BCINIS, BSUCH, CBCS, CECILE, CGPS, CTS, DIETCOMPLYF, ESTHER, GC-HBOC, GENICA, GEPARSIXTO, GESBC, HABCS, HCSC, HEBCS, HMBCS, HUBCS, KARBAC, KBCP, LMBC, MABCS, MARIE, MBCSG, MCBCS, MISS, MMHS, MTLGEBCS, NC-BCFR, OFBCR, ORIGO, pKARMA, POSH, PREFACE, RBCS, SKKDKFZS, SUCCESSB, SUCCESSC, SZBCS, TNBCC, UCIBCS, UKBGS and UKOPS (see Supplementary Table 1).	https://www.ebi.ac.uk/europepmc/webservices/rest/PMC5798588/fullTextXML
COHO:0000020	owl:NamedIndividual	Breast Cancer Association Consortium	COHO:0001210	Individual level data were pooled from 26 epidemiological studies, including eight population-based case–control studies, 13 nested studies from prospective cohort studies and five studies with mixed design from the Breast Cancer Association Consortium (BCAC) (Table S1).	https://www.ebi.ac.uk/europepmc/webservices/rest/PMC9007944/fullTextXML
COHO:0000020	owl:NamedIndividual	Breast Cancer Association Consortium	COHO:0001222	BCAC DACC approval is required to access data from the ABCFS, ABCS, ABCTB, BBCC, BBCS, BCEES, BCFR-NY, BCFR-PA, BCFR-UT, BCINIS, BSUCH, CBCS, CECILE, CGPS, CTS, DIETCOMPLYF, ESTHER, GC-HBOC, GENICA, GEPARSIXTO, GESBC, HABCS, HCSC, HEBCS, HMBCS, HUBCS, KARBAC, KBCP, LMBC, MABCS, MARIE, MBCSG, MCBCS, MISS, MMHS, MTLGEBCS, NC-BCFR, OFBCR, ORIGO, pKARMA, POSH, PREFACE, RBCS, SKKDKFZS, SUCCESSB, SUCCESSC, SZBCS, TNBCC, UCIBCS, UKBGS and UKOPS studies (Supplementary Table 1).	https://www.ebi.ac.uk/europepmc/webservices/rest/PMC7808397/fullTextXML
COHO:0000020	owl:NamedIndividual	Breast Cancer Association Consortium	COHO:0001243	BCAC DACC approval is required to access data from the ABCFS, ABCS, ABCTB, BBCC, BBCS, BCEES, BCFR-NY, BCFR-PA, BCFR-UT, BCINIS, BSUCH, CBCS, CECILE, CGPS, CTS, DIETCOMPLYF, ESTHER, GC-HBOC, GENICA, GEPARSIXTO, GESBC, HABCS, HCSC, HEBCS, HMBCS, HUBCS, KARBAC, KBCP, LMBC, MABCS, MARIE, MBCSG, MCBCS, MISS, MMHS, MTLGEBCS, NC-BCFR, OFBCR, ORIGO, pKARMA, POSH, PREFACE, RBCS, SKKDKFZS, SUCCESSB, SUCCESSC, SZBCS, TNBCC, UCIBCS, UKBGS and UKOPS studies (Supplementary Table 1).	https://www.ebi.ac.uk/europepmc/webservices/rest/PMC7808397/fullTextXML
COHO:0000020	owl:NamedIndividual	Breast Cancer Association Consortium	COHO:0001244	BCAC DACC approval is required to access data from the 2SISTER, ABCS, ABCS-F, ABCTB, BBCC, BCEES, BCFR-NY, BCFR-PA, BCINIS, BIGGS, BREOGAN, BSUCH, CECILE, CGPS, CNIO-BCS, CPSII, CTS, DIETCOMPLYF, ESTHER, FHRISK, FHRISK, GENICA, GEPARSIXTO, HABCS, HCSC, HEBCS, HMBCS, HUBCS, KARBAC, KARMA, KBCP, KCONFAB/AOCS, LMBC, MABCS, MBCSG, MCBCS, MISS, MMHS, MTLGEBCS, NBCS, NCBCS, OBCS, ORIGO, PKARMA, PREFACE, PROCAS, RBCS, SEARCH, SKKDKFZS, SUCCESSB, SUCCESSC, SZBCS, TNBCC, UCIBCS, UKBGS, UKOPS and USRT studies (Supplementary Table 1).	https://www.nature.com/articles/s41588-020-0609-2
COHO:0000020	owl:NamedIndividual	Breast Cancer Association Consortium	COHO:0001362	Therefore, we were prompted to reanalyze two Swedish breast cancer cohorts—KARMA and KARBAC—consisting of 3200 invasive breast cancer cases and 5021 controls previously analyzed within the BCAC consortium [8,9,10,16,17,18,19].	https://www.ebi.ac.uk/europepmc/webservices/rest/PMC8909613/fullTextXML
COHO:0000020	owl:NamedIndividual	Breast Cancer Association Consortium	COHO:0001453	BCAC DACC approval is required to access data from the 2SISTER, ABCS, ABCS-F, ABCTB, BBCC, BCEES, BCFR-NY, BCFR-PA, BCINIS, BIGGS, BREOGAN, BSUCH, CECILE, CGPS, CNIO-BCS, CPSII, CTS, DIETCOMPLYF, ESTHER, FHRISK, FHRISK, GENICA, GEPARSIXTO, HABCS, HCSC, HEBCS, HMBCS, HUBCS, KARBAC, KARMA, KBCP, KCONFAB/AOCS, LMBC, MABCS, MBCSG, MCBCS, MISS, MMHS, MTLGEBCS, NBCS, NCBCS, OBCS, ORIGO, PKARMA, PREFACE, PROCAS, RBCS, SEARCH, SKKDKFZS, SUCCESSB, SUCCESSC, SZBCS, TNBCC, UCIBCS, UKBGS, UKOPS and USRT studies (Supplementary Table 1).	https://www.nature.com/articles/s41588-020-0609-2
COHO:0000020	owl:NamedIndividual	Breast Cancer Association Consortium	COHO:0001458	BCAC DACC approval is required to access data from the ABCFS, ABCS, ABCTB, BBCC, BBCS, BCEES, BCFR-NY, BCFR-PA, BCFR-UT, BCINIS, BSUCH, CBCS, CECILE, CGPS, CTS, DIETCOMPLYF, ESTHER, GC-HBOC, GENICA, GEPARSIXTO, GESBC, HABCS, HCSC, HEBCS, HMBCS, HUBCS, KARBAC, KBCP, LMBC, MABCS, MARIE, MBCSG, MCBCS, MISS, MMHS, MTLGEBCS, NC-BCFR, OFBCR, ORIGO, pKARMA, POSH, PREFACE, RBCS, SKKDKFZS, SUCCESSB, SUCCESSC, SZBCS, TNBCC, UCIBCS, UKBGS and UKOPS studies (Supplementary Table 1).	https://www.ebi.ac.uk/europepmc/webservices/rest/PMC7808397/fullTextXML
COHO:0000020	owl:NamedIndividual	Breast Cancer Association Consortium	COHO:0001460	BCAC DACC approval is required to access data from the ABCFS, ABCS, ABCTB, BBCC, BBCS, BCEES, BCFR-NY, BCFR-PA, BCFR-UT, BCINIS, BSUCH, CBCS, CECILE, CGPS, CTS, DIETCOMPLYF, ESTHER, GC-HBOC, GENICA, GEPARSIXTO, GESBC, HABCS, HCSC, HEBCS, HMBCS, HUBCS, KARBAC, KBCP, LMBC, MABCS, MARIE, MBCSG, MCBCS, MISS, MMHS, MTLGEBCS, NC-BCFR, OFBCR, ORIGO, pKARMA, POSH, PREFACE, RBCS, SKKDKFZS, SUCCESSB, SUCCESSC, SZBCS, TNBCC, UCIBCS, UKBGS and UKOPS studies (Supplementary Table 1).	https://www.ebi.ac.uk/europepmc/webservices/rest/PMC7808397/fullTextXML
COHO:0000020	owl:NamedIndividual	Breast Cancer Association Consortium	COHO:0001510	BCAC DACC approval is required to access data from the ABCFS, ABCS, ABCTB, BBCC, BBCS, BCEES, BCFR-NY, BCFR-PA, BCFR-UT, BCINIS, BSUCH, CBCS, CECILE, CGPS, CTS, DIETCOMPLYF, ESTHER, GC-HBOC, GENICA, GEPARSIXTO, GESBC, HABCS, HCSC, HEBCS, HMBCS, HUBCS, KARBAC, KBCP, LMBC, MABCS, MARIE, MBCSG, MCBCS, MISS, MMHS, MTLGEBCS, NC-BCFR, OFBCR, ORIGO, pKARMA, POSH, PREFACE, RBCS, SKKDKFZS, SUCCESSB, SUCCESSC, SZBCS, TNBCC, UCIBCS, UKBGS and UKOPS studies (Supplementary Table 1).	https://www.ebi.ac.uk/europepmc/webservices/rest/PMC7808397/fullTextXML
COHO:0000020	owl:NamedIndividual	Breast Cancer Association Consortium	COHO:0001518	BCAC DACC approval is required to access data from the ABCFS, ABCS, ABCTB, BBCC, BBCS, BCEES, BCFR-NY, BCFR-PA, BCFR-UT, BCINIS, BSUCH, CBCS, CECILE, CGPS, CTS, DIETCOMPLYF, ESTHER, GC-HBOC, GENICA, GEPARSIXTO, GESBC, HABCS, HCSC, HEBCS, HMBCS, HUBCS, KARBAC, KBCP, LMBC, MABCS, MARIE, MBCSG, MCBCS, MISS, MMHS, MTLGEBCS, NC-BCFR, OFBCR, ORIGO, pKARMA, POSH, PREFACE, RBCS, SKKDKFZS, SUCCESSB, SUCCESSC, SZBCS, TNBCC, UCIBCS, UKBGS and UKOPS studies (Supplementary Table 1).	https://www.ebi.ac.uk/europepmc/webservices/rest/PMC7808397/fullTextXML
COHO:0000020	owl:NamedIndividual	Breast Cancer Association Consortium	COHO:0001531	BCAC DACC approval is required to access data from the 2SISTER, ABCS, ABCS-F, ABCTB, BBCC, BCEES, BCFR-NY, BCFR-PA, BCINIS, BIGGS, BREOGAN, BSUCH, CECILE, CGPS, CNIO-BCS, CPSII, CTS, DIETCOMPLYF, ESTHER, FHRISK, FHRISK, GENICA, GEPARSIXTO, HABCS, HCSC, HEBCS, HMBCS, HUBCS, KARBAC, KARMA, KBCP, KCONFAB/AOCS, LMBC, MABCS, MBCSG, MCBCS, MISS, MMHS, MTLGEBCS, NBCS, NCBCS, OBCS, ORIGO, PKARMA, PREFACE, PROCAS, RBCS, SEARCH, SKKDKFZS, SUCCESSB, SUCCESSC, SZBCS, TNBCC, UCIBCS, UKBGS, UKOPS and USRT studies (Supplementary Table 1).	https://www.nature.com/articles/s41588-020-0609-2
COHO:0000020	owl:NamedIndividual	Breast Cancer Association Consortium	COHO:0001548	BCAC DACC approval is required to access data from the ABCFS, ABCS, ABCTB, BBCC, BBCS, BCEES, BCFR-NY, BCFR-PA, BCFR-UT, BCINIS, BSUCH, CBCS, CECILE, CGPS, CTS, DIETCOMPLYF, ESTHER, GC-HBOC, GENICA, GEPARSIXTO, GESBC, HABCS, HCSC, HEBCS, HMBCS, HUBCS, KARBAC, KBCP, LMBC, MABCS, MARIE, MBCSG, MCBCS, MISS, MMHS, MTLGEBCS, NC-BCFR, OFBCR, ORIGO, pKARMA, POSH, PREFACE, RBCS, SKKDKFZS, SUCCESSB, SUCCESSC, SZBCS, TNBCC, UCIBCS, UKBGS and UKOPS studies (Supplementary Table 1).	https://www.ebi.ac.uk/europepmc/webservices/rest/PMC7808397/fullTextXML
COHO:0000020	owl:NamedIndividual	Breast Cancer Association Consortium	COHO:0001561	We used individual-level data from two previous studies contributing to the Breast Cancer Association Consortium (BCAC): The Colombian Breast Cancer Case–Control (COL-BCCC) study as described in [23, 39] and the Mexican Cancér de Mama (CAMA) study as described in [22, 40–42].	https://www.ebi.ac.uk/europepmc/webservices/rest/PMC10544431/fullTextXML
COHO:0000020	owl:NamedIndividual	Breast Cancer Association Consortium	COHO:0001578	Crete Cancer Genetics Program CCGP Canadian Breast Cancer Study CBCS Breast Cancer Study of the University of Heidelberg BSUCH Breast Oncology Galicia Network BREOGAN Prospective cohorts: nested case-control studies Breast and Prostate Cancer Cohort Consortium BPC3 Ireland Breast Cancer in Galway Genetic Study BIGGS Israel Breast Cancer in Northern Israel Study BCINIS Utah site of the Breast Cancer Family Registry BCFR-UT Philadelphia site of the Breast Cancer Family Registry BCFR-PA New York site of the Breast Cancer Family Registry BCFR-NY USA, Canada, Australia Breast Cancer Family Registry BCFR Breast Cancer Employment and Environment Study BCEES British Breast Cancer Study BBCS Bavarian Breast Cancer Cases and Controls BBCC Australian Breast Cancer Tissue Bank ABCTB Amsterdam Breast Cancer Study ABCS Australian Breast Cancer Family Study ABCFS Cases Controls GWASs iCOGS OncoArray Study design Country Study Name Acronym Supplementary Table 1: BCAC studies contributing data on estrogen receptor negative cases and controls, by genotyping intiative†	https://media.springernature.com/original/springer-static/esm/art%3A10.1038%2Fng.3785/MediaObjects/41588_2017_BFng3785_MOESM2_ESM.xlsx
COHO:0000020	owl:NamedIndividual	Breast Cancer Association Consortium	COHO:0001598	BCAC DACC approval is required to access data from the 2SISTER, ABCS, ABCS-F, ABCTB, BBCC, BCEES, BCFR-NY, BCFR-PA, BCINIS, BIGGS, BREOGAN, BSUCH, CECILE, CGPS, CNIO-BCS, CPSII, CTS, DIETCOMPLYF, ESTHER, FHRISK, FHRISK, GENICA, GEPARSIXTO, HABCS, HCSC, HEBCS, HMBCS, HUBCS, KARBAC, KARMA, KBCP, KCONFAB/AOCS, LMBC, MABCS, MBCSG, MCBCS, MISS, MMHS, MTLGEBCS, NBCS, NCBCS, OBCS, ORIGO, PKARMA, PREFACE, PROCAS, RBCS, SEARCH, SKKDKFZS, SUCCESSB, SUCCESSC, SZBCS, TNBCC, UCIBCS, UKBGS, UKOPS and USRT studies (Supplementary Table 1).	https://www.nature.com/articles/s41588-020-0609-2
COHO:0000020	owl:NamedIndividual	Breast Cancer Association Consortium	COHO:0001636	BCAC DACC approval is required to access data from the ABCFS, ABCS, ABCTB, BBCC, BBCS, BCEES, BCFR-NY, BCFR-PA, BCFR-UT, BCINIS, BSUCH, CBCS, CECILE, CGPS, CTS, DIETCOMPLYF, ESTHER, GC-HBOC, GENICA, GEPARSIXTO, GESBC, HABCS, HCSC, HEBCS, HMBCS, HUBCS, KARBAC, KBCP, LMBC, MABCS, MARIE, MBCSG, MCBCS, MISS, MMHS, MTLGEBCS, NC-BCFR, OFBCR, ORIGO, pKARMA, POSH, PREFACE, RBCS, SKKDKFZS, SUCCESSB, SUCCESSC, SZBCS, TNBCC, UCIBCS, UKBGS and UKOPS studies (Supplementary Table 1).	https://www.ncbi.nlm.nih.gov/research/bionlp/RESTful/pmcoa.cgi/BioC_xml/PMC5808456/unicode
COHO:0000020	owl:NamedIndividual	Breast Cancer Association Consortium	COHO:0001667	BCAC DACC approval is required to access data from the ABCFS, ABCS, ABCTB, BBCC, BBCS, BCEES, BCFR-NY, BCFR-PA, BCFR-UT, BCINIS, BSUCH, CBCS, CECILE, CGPS, CTS, DIETCOMPLYF, ESTHER, GC-HBOC, GENICA, GEPARSIXTO, GESBC, HABCS, HCSC, HEBCS, HMBCS, HUBCS, KARBAC, KBCP, LMBC, MABCS, MARIE, MBCSG, MCBCS, MISS, MMHS, MTLGEBCS, NC-BCFR, OFBCR, ORIGO, pKARMA, POSH, PREFACE, RBCS, SKKDKFZS, SUCCESSB, SUCCESSC, SZBCS, TNBCC, UCIBCS, UKBGS and UKOPS studies (Supplementary Table 1).	https://www.ebi.ac.uk/europepmc/webservices/rest/PMC7808397/fullTextXML
COHO:0000020	owl:NamedIndividual	Breast Cancer Association Consortium	COHO:0001718	FBCS ICR Familial Breast Cancer Study	https://www.ebi.ac.uk/europepmc/webservices/rest/PMC4754625/supplementaryFiles
COHO:0000020	owl:NamedIndividual	Breast Cancer Association Consortium	COHO:0001762	BCAC DACC approval is required to access data from the ABCFS, ABCS, ABCTB, BBCC, BBCS, BCEES, BCFR-NY, BCFR-PA, BCFR-UT, BCINIS, BSUCH, CBCS, CECILE, CGPS, CTS, DIETCOMPLYF, ESTHER, GC-HBOC, GENICA, GEPARSIXTO, GESBC, HABCS, HCSC, HEBCS, HMBCS, HUBCS, KARBAC, KBCP, LMBC, MABCS, MARIE, MBCSG, MCBCS, MISS, MMHS, MTLGEBCS, NC-BCFR, OFBCR, ORIGO, pKARMA, POSH, PREFACE, RBCS, SKKDKFZS, SUCCESSB, SUCCESSC, SZBCS, TNBCC, UCIBCS, UKBGS and UKOPS studies (Supplementary Table 1).	https://www.ebi.ac.uk/europepmc/webservices/rest/PMC7808397/fullTextXML
COHO:0000020	owl:NamedIndividual	Breast Cancer Association Consortium	COHO:0001794	BCAC DACC approval is required to access data from the ABCFS, ABCS, ABCTB, BBCC, BBCS, BCEES, BCFR-NY, BCFR-PA, BCFR-UT, BCINIS, BSUCH, CBCS, CECILE, CGPS, CTS, DIETCOMPLYF, ESTHER, GC-HBOC, GENICA, GEPARSIXTO, GESBC, HABCS, HCSC, HEBCS, HMBCS, HUBCS, KARBAC, KBCP, LMBC, MABCS, MARIE, MBCSG, MCBCS, MISS, MMHS, MTLGEBCS, NC-BCFR, OFBCR, ORIGO, pKARMA, POSH, PREFACE, RBCS, SKKDKFZS, SUCCESSB, SUCCESSC, SZBCS, TNBCC, UCIBCS, UKBGS and UKOPS studies (Supplementary Table 1).	https://www.ebi.ac.uk/europepmc/webservices/rest/PMC7808397/fullTextXML
COHO:0000020	owl:NamedIndividual	Breast Cancer Association Consortium	COHO:0001797	BCAC DACC approval is required to access data from the ABCFS, ABCS, ABCTB, BBCC, BBCS, BCEES, BCFR-NY, BCFR-PA, BCFR-UT, BCINIS, BSUCH, CBCS, CECILE, CGPS, CTS, DIETCOMPLYF, ESTHER, GC-HBOC, GENICA, GEPARSIXTO, GESBC, HABCS, HCSC, HEBCS, HMBCS, HUBCS, KARBAC, KBCP, LMBC, MABCS, MARIE, MBCSG, MCBCS, MISS, MMHS, MTLGEBCS, NC-BCFR, OFBCR, ORIGO, pKARMA, POSH, PREFACE, RBCS, SKKDKFZS, SUCCESSB, SUCCESSC, SZBCS, TNBCC, UCIBCS, UKBGS and UKOPS studies (Supplementary Table 1).	https://www.ebi.ac.uk/europepmc/webservices/rest/PMC7808397/fullTextXML
COHO:0000020	owl:NamedIndividual	Breast Cancer Association Consortium	COHO:0001835	BCAC DACC approval is required to access data from the ABCFS, ABCS, ABCTB, BBCC, BBCS, BCEES, BCFR-NY, BCFR-PA, BCFR-UT, BCINIS, BSUCH, CBCS, CECILE, CGPS, CTS, DIETCOMPLYF, ESTHER, GC-HBOC, GENICA, GEPARSIXTO, GESBC, HABCS, HCSC, HEBCS, HMBCS, HUBCS, KARBAC, KBCP, LMBC, MABCS, MARIE, MBCSG, MCBCS, MISS, MMHS, MTLGEBCS, NC-BCFR, OFBCR, ORIGO, pKARMA, POSH, PREFACE, RBCS, SKKDKFZS, SUCCESSB, SUCCESSC, SZBCS, TNBCC, UCIBCS, UKBGS and UKOPS studies (Supplementary Table 1).	https://www.ncbi.nlm.nih.gov/research/bionlp/RESTful/pmcoa.cgi/BioC_xml/PMC5808456/unicode
COHO:0000020	owl:NamedIndividual	Breast Cancer Association Consortium	COHO:0001849	BCAC DACC approval is required to access data from the ABCFS, ABCS, ABCTB, BBCC, BBCS, BCEES, BCFR-NY, BCFR-PA, BCFR-UT, BCINIS, BSUCH, CBCS, CECILE, CGPS, CTS, DIETCOMPLYF, ESTHER, GC-HBOC, GENICA, GEPARSIXTO, GESBC, HABCS, HCSC, HEBCS, HMBCS, HUBCS, KARBAC, KBCP, LMBC, MABCS, MARIE, MBCSG, MCBCS, MISS, MMHS, MTLGEBCS, NC-BCFR, OFBCR, ORIGO, pKARMA, POSH, PREFACE, RBCS, SKKDKFZS, SUCCESSB, SUCCESSC, SZBCS, TNBCC, UCIBCS, UKBGS and UKOPS studies (Supplementary Table 1).	https://www.ebi.ac.uk/europepmc/webservices/rest/PMC7808397/fullTextXML
COHO:0000020	owl:NamedIndividual	Breast Cancer Association Consortium	COHO:0001863	HKBCS Hong KongBreast Cancer Study8,9 Hospital-basedcase-control study China	https://media.springernature.com/original/springer-static/esm/art%3A10.1038%2Fs41467-020-17680-w/MediaObjects/41467_2020_17680_MOESM1_ESM.pdf
COHO:0000020	owl:NamedIndividual	Breast Cancer Association Consortium	COHO:0001866	Hannover-Minsk Breast Cancer Study HMBCS Belarus	https://pmc.ncbi.nlm.nih.gov/articles/PMC3108163/
COHO:0000020	owl:NamedIndividual	Breast Cancer Association Consortium	COHO:0001877	BCAC DACC approval is required to access data from the ABCFS, ABCS, ABCTB, BBCC, BBCS, BCEES, BCFR-NY, BCFR-PA, BCFR-UT, BCINIS, BSUCH, CBCS, CECILE, CGPS, CTS, DIETCOMPLYF, ESTHER, GC-HBOC, GENICA, GEPARSIXTO, GESBC, HABCS, HCSC, HEBCS, HMBCS, HUBCS, KARBAC, KBCP, LMBC, MABCS, MARIE, MBCSG, MCBCS, MISS, MMHS, MTLGEBCS, NC-BCFR, OFBCR, ORIGO, pKARMA, POSH, PREFACE, RBCS, SKKDKFZS, SUCCESSB, SUCCESSC, SZBCS, TNBCC, UCIBCS, UKBGS and UKOPS studies (Supplementary Table 1).	https://www.ebi.ac.uk/europepmc/webservices/rest/PMC7808397/fullTextXML
COHO:0000020	owl:NamedIndividual	Breast Cancer Association Consortium	COHO:0001959	BCAC DACC approval is required to access data from the ABCFS, ABCS, ABCTB, BBCC, BBCS, BCEES, BCFR-NY, BCFR-PA, BCFR-UT, BCINIS, BSUCH, CBCS, CECILE, CGPS, CTS, DIETCOMPLYF, ESTHER, GC-HBOC, GENICA, GEPARSIXTO, GESBC, HABCS, HCSC, HEBCS, HMBCS, HUBCS, KARBAC, KBCP, LMBC, MABCS, MARIE, MBCSG, MCBCS, MISS, MMHS, MTLGEBCS, NC-BCFR, OFBCR, ORIGO, pKARMA, POSH, PREFACE, RBCS, SKKDKFZS, SUCCESSB, SUCCESSC, SZBCS, TNBCC, UCIBCS, UKBGS and UKOPS studies (Supplementary Table 1).	https://www.ebi.ac.uk/europepmc/webservices/rest/PMC7808397/fullTextXML
COHO:0000020	owl:NamedIndividual	Breast Cancer Association Consortium	COHO:0001960	G.C.-T. led the contribution of kConFab cases and AOCS controls to BCAC, J.Beesley and X.C. performed iPLEX genotyping for several of the BCAC sites.	https://www.ebi.ac.uk/europepmc/webservices/rest/PMC3653403/fullTextXML
COHO:0000020	owl:NamedIndividual	Breast Cancer Association Consortium	COHO:0001973	The studies included in the BCAC that contributed individual-level data 139 to the Asian-specific meta-analysis were listed as Study, Country and BCAC project(s): 140 ACP, Thailand, Oncoarray and iCOGS; CBCS, Canada, Oncoarray; HERPACC, Japan, 141 Oncoarray and iCOGS; HKHBCFR, Hong Kong, Oncoarray; KOHBRA, Korea, 142 Oncoarray	https://media.springernature.com/original/springer-static/esm/art%3A10.1038%2Fs41467-020-15046-w/MediaObjects/41467_2020_15046_MOESM1_ESM.pdf
COHO:0000020	owl:NamedIndividual	Breast Cancer Association Consortium	COHO:0001986	The studies included in the BCAC that contributed individual-level data 139 to the Asian-specific meta-analysis were listed as Study, Country and BCAC project(s): 140 ACP, Thailand, Oncoarray and iCOGS; CBCS, Canada, Oncoarray; HERPACC, Japan, 141 Oncoarray and iCOGS; HKHBCFR, Hong Kong, Oncoarray; KOHBRA, Korea, 142 Oncoarray; LAABC, USA, iCOGS	https://media.springernature.com/original/springer-static/esm/art%3A10.1038%2Fs41467-020-15046-w/MediaObjects/41467_2020_15046_MOESM1_ESM.pdf
COHO:0000020	owl:NamedIndividual	Breast Cancer Association Consortium	COHO:0002025	BCAC DACC approval is required to access data from the ABCFS, ABCS, ABCTB, BBCC, BBCS, BCEES, BCFR-NY, BCFR-PA, BCFR-UT, BCINIS, BSUCH, CBCS, CECILE, CGPS, CTS, DIETCOMPLYF, ESTHER, GC-HBOC, GENICA, GEPARSIXTO, GESBC, HABCS, HCSC, HEBCS, HMBCS, HUBCS, KARBAC, KBCP, LMBC, MABCS, MARIE, MBCSG, MCBCS, MISS, MMHS, MTLGEBCS, NC-BCFR, OFBCR, ORIGO, pKARMA, POSH, PREFACE, RBCS, SKKDKFZS, SUCCESSB, SUCCESSC, SZBCS, TNBCC, UCIBCS, UKBGS and UKOPS studies (Supplementary Table 1).	https://www.ebi.ac.uk/europepmc/webservices/rest/PMC7808397/fullTextXML
COHO:0000020	owl:NamedIndividual	Breast Cancer Association Consortium	COHO:0002038	BCAC DACC approval is required to access data from the ABCFS, ABCS, ABCTB, BBCC, BBCS, BCEES, BCFR-NY, BCFR-PA, BCFR-UT, BCINIS, BSUCH, CBCS, CECILE, CGPS, CTS, DIETCOMPLYF, ESTHER, GC-HBOC, GENICA, GEPARSIXTO, GESBC, HABCS, HCSC, HEBCS, HMBCS, HUBCS, KARBAC, KBCP, LMBC, MABCS, MARIE, MBCSG, MCBCS, MISS, MMHS, MTLGEBCS, NC-BCFR, OFBCR, ORIGO, pKARMA, POSH, PREFACE, RBCS, SKKDKFZS, SUCCESSB, SUCCESSC, SZBCS, TNBCC, UCIBCS, UKBGS and UKOPS studies (Supplementary Table 1).	https://www.ebi.ac.uk/europepmc/webservices/rest/PMC7808397/fullTextXML
COHO:0000020	owl:NamedIndividual	Breast Cancer Association Consortium	COHO:0002097	BCAC DACC approval is required to access data from the ABCFS, ABCS, ABCTB, BBCC, BBCS, BCEES, BCFR-NY, BCFR-PA, BCFR-UT, BCINIS, BSUCH, CBCS, CECILE, CGPS, CTS, DIETCOMPLYF, ESTHER, GC-HBOC, GENICA, GEPARSIXTO, GESBC, HABCS, HCSC, HEBCS, HMBCS, HUBCS, KARBAC, KBCP, LMBC, MABCS, MARIE, MBCSG, MCBCS, MISS, MMHS, MTLGEBCS, NC-BCFR, OFBCR, ORIGO, pKARMA, POSH, PREFACE, RBCS, SKKDKFZS, SUCCESSB, SUCCESSC, SZBCS, TNBCC, UCIBCS, UKBGS and UKOPS studies (Supplementary Table 1).	https://www.ebi.ac.uk/europepmc/webservices/rest/PMC7808397/fullTextXML
COHO:0000020	owl:NamedIndividual	Breast Cancer Association Consortium	COHO:0002107	NGOBCS Nagano Breast CancerStudy11 Hospital-basedcase-control study Japan	https://media.springernature.com/original/springer-static/esm/art%3A10.1038%2Fs41467-020-17680-w/MediaObjects/41467_2020_17680_MOESM1_ESM.pdf
COHO:0000020	owl:NamedIndividual	Breast Cancer Association Consortium	COHO:0002195	BCAC DACC approval is required to access data from the 2SISTER, ABCS, ABCS-F, ABCTB, BBCC, BCEES, BCFR-NY, BCFR-PA, BCINIS, BIGGS, BREOGAN, BSUCH, CECILE, CGPS, CNIO-BCS, CPSII, CTS, DIETCOMPLYF, ESTHER, FHRISK, FHRISK, GENICA, GEPARSIXTO, HABCS, HCSC, HEBCS, HMBCS, HUBCS, KARBAC, KARMA, KBCP, KCONFAB/AOCS, LMBC, MABCS, MBCSG, MCBCS, MISS, MMHS, MTLGEBCS, NBCS, NCBCS, OBCS, ORIGO, PKARMA, PREFACE, PROCAS, RBCS, SEARCH, SKKDKFZS, SUCCESSB, SUCCESSC, SZBCS, TNBCC, UCIBCS, UKBGS, UKOPS and USRT studies (Supplementary Table 1).	https://www.nature.com/articles/s41588-020-0609-2
COHO:0000020	owl:NamedIndividual	Breast Cancer Association Consortium	COHO:0002214	BCAC DACC approval is required to access data from the ABCFS, ABCS, ABCTB, BBCC, BBCS, BCEES, BCFR-NY, BCFR-PA, BCFR-UT, BCINIS, BSUCH, CBCS, CECILE, CGPS, CTS, DIETCOMPLYF, ESTHER, GC-HBOC, GENICA, GEPARSIXTO, GESBC, HABCS, HCSC, HEBCS, HMBCS, HUBCS, KARBAC, KBCP, LMBC, MABCS, MARIE, MBCSG, MCBCS, MISS, MMHS, MTLGEBCS, NC-BCFR, OFBCR, ORIGO, pKARMA, POSH, PREFACE, RBCS, SKKDKFZS, SUCCESSB, SUCCESSC, SZBCS, TNBCC, UCIBCS, UKBGS and UKOPS studies (Supplementary Table 1).	https://www.ebi.ac.uk/europepmc/webservices/rest/PMC7808397/fullTextXML
COHO:0000020	owl:NamedIndividual	Breast Cancer Association Consortium	COHO:0002271	BCAC DACC approval is required to access data from the ABCFS, ABCS, ABCTB, BBCC, BBCS, BCEES, BCFR-NY, BCFR-PA, BCFR-UT, BCINIS, BSUCH, CBCS, CECILE, CGPS, CTS, DIETCOMPLYF, ESTHER, GC-HBOC, GENICA, GEPARSIXTO, GESBC, HABCS, HCSC, HEBCS, HMBCS, HUBCS, KARBAC, KBCP, LMBC, MABCS, MARIE, MBCSG, MCBCS, MISS, MMHS, MTLGEBCS, NC-BCFR, OFBCR, ORIGO, pKARMA, POSH, PREFACE, RBCS, SKKDKFZS, SUCCESSB, SUCCESSC, SZBCS, TNBCC, UCIBCS, UKBGS and UKOPS studies (Supplementary Table 1).	https://www.ebi.ac.uk/europepmc/webservices/rest/PMC7808397/fullTextXML
COHO:0000020	owl:NamedIndividual	Breast Cancer Association Consortium	COHO:0002277	BCAC DACC approval is required to access data from the ABCFS, ABCS, ABCTB, BBCC, BBCS, BCEES, BCFR-NY, BCFR-PA, BCFR-UT, BCINIS, BSUCH, CBCS, CECILE, CGPS, CTS, DIETCOMPLYF, ESTHER, GC-HBOC, GENICA, GEPARSIXTO, GESBC, HABCS, HCSC, HEBCS, HMBCS, HUBCS, KARBAC, KBCP, LMBC, MABCS, MARIE, MBCSG, MCBCS, MISS, MMHS, MTLGEBCS, NC-BCFR, OFBCR, ORIGO, pKARMA, POSH, PREFACE, RBCS, SKKDKFZS, SUCCESSB, SUCCESSC, SZBCS, TNBCC, UCIBCS, UKBGS and UKOPS studies (Supplementary Table 1).	https://www.ebi.ac.uk/europepmc/webservices/rest/PMC7808397/fullTextXML
COHO:0000020	owl:NamedIndividual	Breast Cancer Association Consortium	COHO:0002309	BCAC DACC approval is required to access data from the ABCFS, ABCS, ABCTB, BBCC, BBCS, BCEES, BCFR-NY, BCFR-PA, BCFR-UT, BCINIS, BSUCH, CBCS, CECILE, CGPS, CTS, DIETCOMPLYF, ESTHER, GC-HBOC, GENICA, GEPARSIXTO, GESBC, HABCS, HCSC, HEBCS, HMBCS, HUBCS, KARBAC, KBCP, LMBC, MABCS, MARIE, MBCSG, MCBCS, MISS, MMHS, MTLGEBCS, NC-BCFR, OFBCR, ORIGO, pKARMA, POSH, PREFACE, RBCS, SKKDKFZS, SUCCESSB, SUCCESSC, SZBCS, TNBCC, UCIBCS, UKBGS and UKOPS studies (Supplementary Table 1).	https://www.ebi.ac.uk/europepmc/webservices/rest/PMC7808397/fullTextXML
COHO:0000020	owl:NamedIndividual	Breast Cancer Association Consortium	COHO:0002369	SGBCC contributed to BCAC and the Asian Breast Cancer Consortium	https://www.ebi.ac.uk/europepmc/webservices/rest/PMC8075208/fullTextXML
COHO:0000020	owl:NamedIndividual	Breast Cancer Association Consortium	COHO:0002386	CTS, NBCS and SKKDKFZS are studies in BCAC but genotyped as part of the triple negative consortium (TNBCC).	https://www.ebi.ac.uk/europepmc/webservices/rest/PMC4754625/supplementaryFiles
COHO:0000020	owl:NamedIndividual	Breast Cancer Association Consortium	COHO:0002416	BCAC DACC approval is required to access data from the ABCFS, ABCS, ABCTB, BBCC, BBCS, BCEES, BCFR-NY, BCFR-PA, BCFR-UT, BCINIS, BSUCH, CBCS, CECILE, CGPS, CTS, DIETCOMPLYF, ESTHER, GC-HBOC, GENICA, GEPARSIXTO, GESBC, HABCS, HCSC, HEBCS, HMBCS, HUBCS, KARBAC, KBCP, LMBC, MABCS, MARIE, MBCSG, MCBCS, MISS, MMHS, MTLGEBCS, NC-BCFR, OFBCR, ORIGO, pKARMA, POSH, PREFACE, RBCS, SKKDKFZS, SUCCESSB, SUCCESSC, SZBCS, TNBCC, UCIBCS, UKBGS and UKOPS studies (Supplementary Table 1).	https://www.ncbi.nlm.nih.gov/research/bionlp/RESTful/pmcoa.cgi/BioC_xml/PMC5808456/unicode
COHO:0000020	owl:NamedIndividual	Breast Cancer Association Consortium	COHO:0002417	BCAC DACC approval is required to access data from the ABCFS, ABCS, ABCTB, BBCC, BBCS, BCEES, BCFR-NY, BCFR-PA, BCFR-UT, BCINIS, BSUCH, CBCS, CECILE, CGPS, CTS, DIETCOMPLYF, ESTHER, GC-HBOC, GENICA, GEPARSIXTO, GESBC, HABCS, HCSC, HEBCS, HMBCS, HUBCS, KARBAC, KBCP, LMBC, MABCS, MARIE, MBCSG, MCBCS, MISS, MMHS, MTLGEBCS, NC-BCFR, OFBCR, ORIGO, pKARMA, POSH, PREFACE, RBCS, SKKDKFZS, SUCCESSB, SUCCESSC, SZBCS, TNBCC, UCIBCS, UKBGS and UKOPS studies (Supplementary Table 1).	https://www.ncbi.nlm.nih.gov/research/bionlp/RESTful/pmcoa.cgi/BioC_xml/PMC5808456/unicode
COHO:0000020	owl:NamedIndividual	Breast Cancer Association Consortium	COHO:0002428	BCAC DACC approval is required to access data from the ABCFS, ABCS, ABCTB, BBCC, BBCS, BCEES, BCFR-NY, BCFR-PA, BCFR-UT, BCINIS, BSUCH, CBCS, CECILE, CGPS, CTS, DIETCOMPLYF, ESTHER, GC-HBOC, GENICA, GEPARSIXTO, GESBC, HABCS, HCSC, HEBCS, HMBCS, HUBCS, KARBAC, KBCP, LMBC, MABCS, MARIE, MBCSG, MCBCS, MISS, MMHS, MTLGEBCS, NC-BCFR, OFBCR, ORIGO, pKARMA, POSH, PREFACE, RBCS, SKKDKFZS, SUCCESSB, SUCCESSC, SZBCS, TNBCC, UCIBCS, UKBGS and UKOPS studies (Supplementary Table 1).	https://www.ebi.ac.uk/europepmc/webservices/rest/PMC7808397/fullTextXML
COHO:0000020	owl:NamedIndividual	Breast Cancer Association Consortium	COHO:0002474	Taiwanese Breast Cancer Study (TWBCS) Taiwan 236 889 460 204	https://www.ncbi.nlm.nih.gov/research/bionlp/RESTful/pmcoa.cgi/BioC_xml/PMC4204770/unicode
COHO:0000020	owl:NamedIndividual	Breast Cancer Association Consortium	COHO:0002511	BCAC DACC approval is required to access data from the following studies ABCFS, ABCS, ABCTB, BBCC, BBCS, BCEES, BCFR-NY, BCFR-PA, BCFR-UTAH, BCINIS, BSUCH, CBCS, CECILE, CGPS, CTS, DIETCOMPLYF, ESTHER, GC-HBOC, GENICA, GEPARSIXTO, GESBC, HABCS, HCSC, HEBCS, HUBCS, KARBAC, KBCP, LMBC, MARIE, MBCSG, MCBCS, MISS, MMHS, MSKCC, MTLGEBCS, NC-BCFR, OFBCR, ORIGO, PBCS, pKARMA, POSH, PREFACE, RBCS, SKKDKFZS, SUCCESSB, SUCCESSC, SZBCS, TNBCC, UCIBCS, UKBGS and UKOPS (see Supplementary Table 2—for a list of all studies).	https://www.ebi.ac.uk/europepmc/webservices/rest/PMC7890067/fullTextXML
COHO:0000020	owl:NamedIndividual	Breast Cancer Association Consortium	COHO:0002718	TBCS IARC‐Thai Breast Cancer Study Hospital‐based case‐control study Thailand 138 253 6.9 11.7 — — — —	https://pmc.ncbi.nlm.nih.gov/articles/PMC6565553/
COHO:0000022	owl:NamedIndividual	Cancer and Leukemia Group B	COHO:0000227	two phase III trials, namely NeoALTTO and CALGB 40601	https://ega-archive.org/studies/EGAS00001007563
COHO:0000022	owl:NamedIndividual	Cancer and Leukemia Group B	COHO:0001134	These encouraging data led Cancer and Leukemia Group B (CALGB) to conduct a double-blind, placebo-controlled, randomized phase III trial of gemcitabine/bevacizumab versus gemcitabine/placebo in advanced pancreatic cancer patients.	https://pmc.ncbi.nlm.nih.gov/articles/PMC2917317/
COHO:0000022	owl:NamedIndividual	Cancer and Leukemia Group B	COHO:0001135	The study was designed by the CALGB, endorsed by the ECOG, and approved by the NCI Cancer Therapy Evaluation Program (CTEP).	https://pmc.ncbi.nlm.nih.gov/articles/PMC3383121/
COHO:0000022	owl:NamedIndividual	Cancer and Leukemia Group B	COHO:0001137	We conducted Cancer and Leukemia Group B (CALGB, now known as Alliance) 40503, a randomized phase III trial, to determine whether bevacizumab can prolong progression-free survival (PFS) when added to first-line ET with letrozole for hormone receptor–positive advanced-stage breast cancer.	https://pmc.ncbi.nlm.nih.gov/articles/PMC5012690/
COHO:0000022	owl:NamedIndividual	Cancer and Leukemia Group B	COHO:0001448	The Cancer and Leukemia Group B (CALGB) 40502 (Paclitaxel, Nab-Paclitaxel, or Ixabepilone With or Without Bevacizumab in Treating Patients With Stage IIIC or Stage IV Breast Cancer) trial was a three-arm randomized phase III trial comparing paclitaxel once per week to nanoparticle albumin-bound nab-paclitaxel once per week and to ixabepilone as first-line chemotherapy with bevacizumab for locally recurrent or metastatic BC.	https://pmc.ncbi.nlm.nih.gov/articles/PMC4500830/
COHO:0000027	owl:NamedIndividual		COHO:0001065	in the 3 population- based studies of Japanese (Amagasaki, Fukuoka, and KING Studies of CAGE Network, N = 21,875 in total)	https://static-content.springer.com/esm/art%3A10.1038%2Fng.834/MediaObjects/41588_2011_BFng834_MOESM19_ESM.pdf
COHO:0000027	owl:NamedIndividual		COHO:0001556	in the 3 population- based studies of Japanese (Amagasaki, Fukuoka, and KING Studies of CAGE Network, N = 21,875 in total)	https://static-content.springer.com/esm/art%3A10.1038%2Fng.834/MediaObjects/41588_2011_BFng834_MOESM19_ESM.pdf
COHO:0000027	owl:NamedIndividual		COHO:0001557	for Fukuoka Study and Kita-Nagoya Genomic Epidemiology [KING]Study of the CAGE Network	https://www.ncbi.nlm.nih.gov/research/bionlp/RESTful/pmcoa.cgi/BioC_xml/PMC3158568/unicode
COHO:0000027	owl:NamedIndividual		COHO:0001558	It constitutes a sub-cohort of the study group of the CArdiovascular Genomic Epidemiology (CAGE) Network [4].	https://www.ebi.ac.uk/europepmc/webservices/rest/PMC4284402/supplementaryFiles
COHO:0000029	owl:NamedIndividual	CARDIoGRAMplusC4D	COHO:0000028	Cardiogenics	https://media.springernature.com/original/springer-static/esm/art%3A10.1038%2Fng.2480/MediaObjects/41588_2013_BFng2480_MOESM9_ESM.pdf
COHO:0000029	owl:NamedIndividual	CARDIoGRAMplusC4D	COHO:0000064	EGCUT	https://media.springernature.com/original/springer-static/esm/art%3A10.1038%2Fng.2480/MediaObjects/41588_2013_BFng2480_MOESM9_ESM.pdf
COHO:0000029	owl:NamedIndividual	CARDIoGRAMplusC4D	COHO:0000066	EPIC	https://media.springernature.com/original/springer-static/esm/art%3A10.1038%2Fng.2480/MediaObjects/41588_2013_BFng2480_MOESM9_ESM.pdf
COHO:0000029	owl:NamedIndividual	CARDIoGRAMplusC4D	COHO:0000082	GoDARTS	https://media.springernature.com/original/springer-static/esm/art%3A10.1038%2Fng.2480/MediaObjects/41588_2013_BFng2480_MOESM9_ESM.pdf
COHO:0000029	owl:NamedIndividual	CARDIoGRAMplusC4D	COHO:0000091	HPS	https://media.springernature.com/original/springer-static/esm/art%3A10.1038%2Fng.2480/MediaObjects/41588_2013_BFng2480_MOESM9_ESM.pdf
COHO:0000029	owl:NamedIndividual	CARDIoGRAMplusC4D	COHO:0000142	PROCARDIS	https://media.springernature.com/original/springer-static/esm/art%3A10.1038%2Fng.2480/MediaObjects/41588_2013_BFng2480_MOESM9_ESM.pdf
COHO:0000029	owl:NamedIndividual	CARDIoGRAMplusC4D	COHO:0000144	PIVUS	https://media.springernature.com/original/springer-static/esm/art%3A10.1038%2Fng.2480/MediaObjects/41588_2013_BFng2480_MOESM9_ESM.pdf
COHO:0000029	owl:NamedIndividual	CARDIoGRAMplusC4D	COHO:0000160	STR	https://media.springernature.com/original/springer-static/esm/art%3A10.1038%2Fng.2480/MediaObjects/41588_2013_BFng2480_MOESM9_ESM.pdf
COHO:0000029	owl:NamedIndividual	CARDIoGRAMplusC4D	COHO:0000169	PROMIS	https://media.springernature.com/original/springer-static/esm/art%3A10.1038%2Fng.2480/MediaObjects/41588_2013_BFng2480_MOESM9_ESM.pdf
COHO:0000029	owl:NamedIndividual	CARDIoGRAMplusC4D	COHO:0000171	THISEAS	https://media.springernature.com/original/springer-static/esm/art%3A10.1038%2Fng.2480/MediaObjects/41588_2013_BFng2480_MOESM9_ESM.pdf
COHO:0000029	owl:NamedIndividual	CARDIoGRAMplusC4D	COHO:0000189	FGENTCARD	https://media.springernature.com/original/springer-static/esm/art%3A10.1038%2Fng.2480/MediaObjects/41588_2013_BFng2480_MOESM9_ESM.pdf
COHO:0000029	owl:NamedIndividual	CARDIoGRAMplusC4D	COHO:0000194	ULSAM	https://media.springernature.com/original/springer-static/esm/art%3A10.1038%2Fng.2480/MediaObjects/41588_2013_BFng2480_MOESM9_ESM.pdf
COHO:0000029	owl:NamedIndividual	CARDIoGRAMplusC4D	COHO:0000393	METSIM	https://media.springernature.com/original/springer-static/esm/art%3A10.1038%2Fng.2480/MediaObjects/41588_2013_BFng2480_MOESM9_ESM.pdf
COHO:0000029	owl:NamedIndividual	CARDIoGRAMplusC4D	COHO:0000406	PopGen	https://media.springernature.com/original/springer-static/esm/art%3A10.1038%2Fng.2480/MediaObjects/41588_2013_BFng2480_MOESM9_ESM.pdf
COHO:0000029	owl:NamedIndividual	CARDIoGRAMplusC4D	COHO:0000452	COROGENE	https://media.springernature.com/original/springer-static/esm/art%3A10.1038%2Fng.2480/MediaObjects/41588_2013_BFng2480_MOESM9_ESM.pdf
COHO:0000029	owl:NamedIndividual	CARDIoGRAMplusC4D	COHO:0000459	LURIC-EMIL	https://media.springernature.com/original/springer-static/esm/art%3A10.1038%2Fng.2480/MediaObjects/41588_2013_BFng2480_MOESM9_ESM.pdf
COHO:0000029	owl:NamedIndividual	CARDIoGRAMplusC4D	COHO:0000463	AMC-PAS	https://media.springernature.com/original/springer-static/esm/art%3A10.1038%2Fng.2480/MediaObjects/41588_2013_BFng2480_MOESM9_ESM.pdf
COHO:0000029	owl:NamedIndividual	CARDIoGRAMplusC4D	COHO:0000526	FINCAVAS	https://media.springernature.com/original/springer-static/esm/art%3A10.1038%2Fng.2480/MediaObjects/41588_2013_BFng2480_MOESM9_ESM.pdf
COHO:0000029	owl:NamedIndividual	CARDIoGRAMplusC4D	COHO:0000567	LOLIPOP	https://media.springernature.com/original/springer-static/esm/art%3A10.1038%2Fng.2480/MediaObjects/41588_2013_BFng2480_MOESM9_ESM.pdf
COHO:0000029	owl:NamedIndividual	CARDIoGRAMplusC4D	COHO:0000584	DUKE	https://media.springernature.com/original/springer-static/esm/art%3A10.1038%2Fng.2480/MediaObjects/41588_2013_BFng2480_MOESM9_ESM.pdf
COHO:0000029	owl:NamedIndividual	CARDIoGRAMplusC4D	COHO:0000745	We expanded the CARDIoGRAM discovery data set (22,233 cases and 64,762 controls, stage 1) with 34 additional CAD sample collections (stage 2) of European or south Asian descent comprising 41,513 cases and 65,919 controls (study descriptions and sample characteristics are given in Supplementary Tables 1a and 2a, respectively) and undertook a 2-stage meta-analysis to test SNPs on the Metabochip array for disease association in a total of 63,746 cases and 130,681 controls.	https://www.ncbi.nlm.nih.gov/research/bionlp/RESTful/pmcoa.cgi/BioC_xml/PMC3679547/unicode
COHO:0000029	owl:NamedIndividual	CARDIoGRAMplusC4D	COHO:0001004	A subset of the PROMIS study and EPIC-CVD consortium were contributed to the CARDIoGRAMplusC4D 2013 report.	https://www.ncbi.nlm.nih.gov/research/bionlp/RESTful/pmcoa.cgi/BioC_xml/PMC5555387/unicode
COHO:0000029	owl:NamedIndividual	CARDIoGRAMplusC4D	COHO:0001116	A total of 1616 subjects used in this study are part of the Sikh Diabetes Study/Asian Indian Diabetic Heart Study	https://www.ebi.ac.uk/europepmc/webservices/rest/PMC4589895/supplementaryFiles
COHO:0000029	owl:NamedIndividual	CARDIoGRAMplusC4D	COHO:0001358	The INTERHEART Study (ITH) used worldwide cases and controls of European ethnicity.	https://media.springernature.com/original/springer-static/esm/art%3A10.1038%2Fng.2480/MediaObjects/41588_2013_BFng2480_MOESM9_ESM.pdf
COHO:0000029	owl:NamedIndividual	CARDIoGRAMplusC4D	COHO:0001370	MAYOVDB The Mayo Clinic Vascular Disease Biorepository (MAYOVDB) was initiated in 2006 to archive DNA, plasma, and serum from patients with atherosclerotic vascular disease	https://media.springernature.com/original/springer-static/esm/art%3A10.1038%2Fng.3396/MediaObjects/41588_2015_BFng3396_MOESM57_ESM.pdf
COHO:0000029	owl:NamedIndividual	CARDIoGRAMplusC4D	COHO:0001487	The Lübeck Registry of Structural Heart Disease /KORA (Kooperative Gesundheitsforschung in der Region Augsburg) survey S3/F3 datasets included cases selected from consecutive patients referred for coronary angiography, which were classified as CAD/MI based on the coronary angiogram; cases were < 65 y in males or < 70 y in females.	https://media.springernature.com/original/springer-static/esm/art%3A10.1038%2Fng.2480/MediaObjects/41588_2013_BFng2480_MOESM9_ESM.pdf
COHO:0000029	owl:NamedIndividual	CARDIoGRAMplusC4D	COHO:0001576	CCGB Cases had at least one of myocardial infarction, coronary artery bypass graft, percutanaeous intervention or a stenosis of at least 50% in at least one epicardial vessel.	https://media.springernature.com/original/springer-static/esm/art%3A10.1038%2Fng.3396/MediaObjects/41588_2015_BFng3396_MOESM57_ESM.pdf
COHO:0000029	owl:NamedIndividual	CARDIoGRAMplusC4D	COHO:0001743	The FRISC II, (Fragmin and Fast Revascularization during Instability in Coronary Artery Disease) study was a prospective, randomised, multicentre trial (58 hospitals in Sweden, Norway and Denmark) with parallel groups to compare invasive and non‐invasive treatments.	https://media.springernature.com/original/springer-static/esm/art%3A10.1038%2Fng.2480/MediaObjects/41588_2013_BFng2480_MOESM9_ESM.pdf
COHO:0000029	owl:NamedIndividual	CARDIoGRAMplusC4D	COHO:0001790	Subjects of GenRIC (Genomics Research in Cardiovascular Disease) study is composed of 2,099 CAD patients from three teaching hospitals (Samsung Medical Center, Seoul National University Hospital and Yonsei University College of Medicine) and 2,690 controls from HEXA (Health Examinee) which is one of the KoGES (Korean Genome Epidemiology Study) population based cohorts that were initiated in 2001 aiming to identify genetic risk factors of complex diseases.	https://media.springernature.com/original/springer-static/esm/art%3A10.1038%2Fng.3396/MediaObjects/41588_2015_BFng3396_MOESM57_ESM.pdf
COHO:0000029	owl:NamedIndividual	CARDIoGRAMplusC4D	COHO:0001874	HSDSWhite European206 (0.0)258 (0.0)45.6	https://www.nature.com/articles/srep35278/tables/1
COHO:0000044	owl:NamedIndividual	Consortium of Minority Population Genome-Wide Association Studies of Stroke	COHO:0000011	Atherosclerosis Risk in Communities	https://www.ncbi.nlm.nih.gov/research/bionlp/RESTful/pmcoa.cgi/BioC_xml/PMC4740911/unicode
COHO:0000044	owl:NamedIndividual	Consortium of Minority Population Genome-Wide Association Studies of Stroke	COHO:0000381	COMPASS: The authors thank the staff and participants of the ARIC, CHS, VISP, HANDLS, INTERSTROKE, ISGS, JHS, SIGNET-REGARDS, GEOS, SiGN, SLESS, SWISS, and WHI studies	https://static-content.springer.com/esm/art%3A10.1038%2Fs41586-022-05165-3/MediaObjects/41586_2022_5165_MOESM1_ESM.docx
COHO:0000044	owl:NamedIndividual	Consortium of Minority Population Genome-Wide Association Studies of Stroke	COHO:0000384	Cardiovascular Health Study	https://www.ncbi.nlm.nih.gov/research/bionlp/RESTful/pmcoa.cgi/BioC_xml/PMC4740911/unicode
COHO:0000044	owl:NamedIndividual	Consortium of Minority Population Genome-Wide Association Studies of Stroke	COHO:0000409	Women’s Health Initiative	https://www.ncbi.nlm.nih.gov/research/bionlp/RESTful/pmcoa.cgi/BioC_xml/PMC4740911/unicode
COHO:0000044	owl:NamedIndividual	Consortium of Minority Population Genome-Wide Association Studies of Stroke	COHO:0000438	Healthy Aging in Neighborhoods of Diversity across the Life Span	https://www.ncbi.nlm.nih.gov/research/bionlp/RESTful/pmcoa.cgi/BioC_xml/PMC4740911/unicode
COHO:0000044	owl:NamedIndividual	Consortium of Minority Population Genome-Wide Association Studies of Stroke	COHO:0000441	Dynamics of Health, Aging and Body Composition Study	https://www.ncbi.nlm.nih.gov/research/bionlp/RESTful/pmcoa.cgi/BioC_xml/PMC4740911/unicode
COHO:0000044	owl:NamedIndividual	Consortium of Minority Population Genome-Wide Association Studies of Stroke	COHO:0000552	COMPASS: The authors thank the staff and participants of the ARIC, CHS, VISP, HANDLS, INTERSTROKE, ISGS, JHS, SIGNET-REGARDS, GEOS, SiGN, SLESS, SWISS, and WHI studies	https://static-content.springer.com/esm/art%3A10.1038%2Fs41586-022-05165-3/MediaObjects/41586_2022_5165_MOESM1_ESM.docx
COHO:0000062	owl:NamedIndividual	EPIGEN	COHO:0000739	We performed admixture mapping (followed by fine-mapping) of BMI using data of ~2.3 million SNPs for three Brazilian population-based cohorts, from Northeast (Salvador), Southeast (Bambuí), and South (Pelotas), with distinct admixture and socio-demographic backgrounds, studied by the EPIGEN-Brazil Initiative (https://epigen.grude.ufmg.br,).	https://www.ncbi.nlm.nih.gov/research/bionlp/RESTful/pmcoa.cgi/BioC_xml/PMC9952852/unicode
COHO:0000062	owl:NamedIndividual	EPIGEN	COHO:0001286	We performed admixture mapping (followed by fine-mapping) of BMI using data of ~2.3 million SNPs for three Brazilian population-based cohorts, from Northeast (Salvador), Southeast (Bambuí), and South (Pelotas), with distinct admixture and socio-demographic backgrounds, studied by the EPIGEN-Brazil Initiative (https://epigen.grude.ufmg.br,).	https://www.ncbi.nlm.nih.gov/research/bionlp/RESTful/pmcoa.cgi/BioC_xml/PMC9952852/unicode
COHO:0000062	owl:NamedIndividual	EPIGEN	COHO:0001402	The SCAALA composes the EPIGEN-Brazil initiative, it is based on three well-defined ongoing population-based cohorts from Brazil’s regions	https://www.ebi.ac.uk/europepmc/webservices/rest/PMC4669662/fullTextXML
COHO:0000070	owl:NamedIndividual	Finnish Twin Cohort Study	COHO:0001327	This review offers an update on research conducted with FinnTwin12 (FT12), the youngest of the three Finnish Twin Cohorts.	https://www.ebi.ac.uk/europepmc/webservices/rest/PMC7108792/fullTextXML
COHO:0000070	owl:NamedIndividual	Finnish Twin Cohort Study	COHO:0001377	The NAG-FIN sample was ascertained from the Older Finnish Twin Cohort consisting of adult twins born in 1938–1957.	https://www.ebi.ac.uk/europepmc/webservices/rest/PMC4583245/fullTextXML
COHO:0000071	owl:NamedIndividual	FINRISK	COHO:0000290	will produce whole genome sequencing with 1x coverage on a subset of the Finrisk 2012 sample collection	https://ega-archive.org/studies/EGAS00001000143
COHO:0000071	owl:NamedIndividual	FINRISK	COHO:0001074	The DIetary, Lifestyle and Genetic determinants of Obesity and Metabolic syndrome (DILGOM) study was conducted in the framework of the National FINRISK study, which is a Finnish population-based chronic disease risk factor monitoring survey carried out at 5-year intervals since 1972	https://www.ebi.ac.uk/europepmc/webservices/rest/PMC5465852/fullTextXML
COHO:0000081	owl:NamedIndividual	Genetic Research in Isolated	COHO:0000063	ERF - Erasmus Rucphen Family Study The Erasmus Rucphen Family study is comprised of a family-based cohort embedded in the Genetic Research in Isolated Populations (GRIP) program in the southwest of the Netherlands.	https://static-content.springer.com/esm/art%3A10.1038%2Fs41467-022-32821-z/MediaObjects/41467_2022_32821_MOESM1_ESM.pdf
COHO:0000085	owl:NamedIndividual	German Multiple Myeloma Study Group	COHO:0000262	ENCORAFENIB COMBINED WITH BINIMETINIB FOR BRAFV600E-MUTATED RELAPSED/REFRACTORY MULTIPLE MYELOMA: THE PHASE II GMMG-BIRMA TRIAL (Hipo_K08K)	https://ega-archive.org/studies/EGAS00001005973
COHO:0000088	owl:NamedIndividual	Greece Hellenic Isolated Cohorts	COHO:0000166	The two cohorts included in this analysis, MANOLIS and Pomak, are part of the Hellenic Isolated Cohorts	https://www.ncbi.nlm.nih.gov/research/bionlp/RESTful/pmcoa.cgi/BioC_xml/PMC8640022/unicode
COHO:0000088	owl:NamedIndividual	Greece Hellenic Isolated Cohorts	COHO:0000430	The two cohorts included in this analysis, MANOLIS and Pomak, are part of the Hellenic Isolated Cohorts (HELIC; https://www.helmholtz-muenchen.de/itg/projects-and-cohorts/helic/index.html).	https://www.ebi.ac.uk/europepmc/webservices/rest/PMC8640022/fullTextXML
COHO:0000094	owl:NamedIndividual	Human Genetics Initiative	COHO:0001024	Readers will note that Alzheimer’s disease is not included on this list, even though the NIMH Human Genetics Initiative included this severe disorder.	https://www.nimh.nih.gov/about/advisory-boards-and-groups/namhc/reports/genetics-and-mental-disorders-report-of-the-national-institute-of-mental-healths-genetics-workgroup
COHO:0000094	owl:NamedIndividual	Human Genetics Initiative	COHO:0001238	STAR*D genotype and phenotype data are available through the National Institute of Mental Health Human Genetic Initiative (https://www.nimhgenetics.org/).	https://www.ebi.ac.uk/europepmc/webservices/rest/PMC9117153/supplementaryFiles
COHO:0000102	owl:NamedIndividual	International Headache Genetics Consortium	COHO:0000016	Avon Longitudinal Study of Parents and Children	https://www.ncbi.nlm.nih.gov/research/bionlp/RESTful/pmcoa.cgi/BioC_xml/PMC5331903/unicode
COHO:0000102	owl:NamedIndividual	International Headache Genetics Consortium	COHO:0000064	Estonian Genome Center, University of Tartu	https://www.ncbi.nlm.nih.gov/research/bionlp/RESTful/pmcoa.cgi/BioC_xml/PMC5331903/unicode
COHO:0000102	owl:NamedIndividual	International Headache Genetics Consortium	COHO:0000125	Netherlands Twin Register	https://www.ncbi.nlm.nih.gov/research/bionlp/RESTful/pmcoa.cgi/BioC_xml/PMC5331903/unicode
COHO:0000102	owl:NamedIndividual	International Headache Genetics Consortium	COHO:0000160	Swedish Twin Registry	https://www.ncbi.nlm.nih.gov/research/bionlp/RESTful/pmcoa.cgi/BioC_xml/PMC5331903/unicode
COHO:0000102	owl:NamedIndividual	International Headache Genetics Consortium	COHO:0000175	Twins UK	https://www.ncbi.nlm.nih.gov/research/bionlp/RESTful/pmcoa.cgi/BioC_xml/PMC5331903/unicode
COHO:0000102	owl:NamedIndividual	International Headache Genetics Consortium	COHO:0000395	Nord-Trøndelag Health Study	https://www.ncbi.nlm.nih.gov/research/bionlp/RESTful/pmcoa.cgi/BioC_xml/PMC5331903/unicode
COHO:0000102	owl:NamedIndividual	International Headache Genetics Consortium	COHO:0000420	Young Finns Young Finns 378 2,065	https://www.ncbi.nlm.nih.gov/research/bionlp/RESTful/pmcoa.cgi/BioC_xml/PMC5331903/unicode
COHO:0000102	owl:NamedIndividual	International Headache Genetics Consortium	COHO:0000428	deCODE Genetics Inc.	https://www.ncbi.nlm.nih.gov/research/bionlp/RESTful/pmcoa.cgi/BioC_xml/PMC5331903/unicode
COHO:0000102	owl:NamedIndividual	International Headache Genetics Consortium	COHO:0000440	NetherlandsStudy of Depression and Anxiety	https://www.ncbi.nlm.nih.gov/research/bionlp/RESTful/pmcoa.cgi/BioC_xml/PMC5331903/unicode
COHO:0000102	owl:NamedIndividual	International Headache Genetics Consortium	COHO:0000449	23andMe Inc.	https://www.ncbi.nlm.nih.gov/research/bionlp/RESTful/pmcoa.cgi/BioC_xml/PMC5331903/unicode
COHO:0000102	owl:NamedIndividual	International Headache Genetics Consortium	COHO:0000516	Women’s Genome Health Study	https://www.ncbi.nlm.nih.gov/research/bionlp/RESTful/pmcoa.cgi/BioC_xml/PMC5331903/unicode
COHO:0000102	owl:NamedIndividual	International Headache Genetics Consortium	COHO:0000852	The Tromsø Study	https://www.ncbi.nlm.nih.gov/research/bionlp/RESTful/pmcoa.cgi/BioC_xml/PMC5331903/unicode
COHO:0000102	owl:NamedIndividual	International Headache Genetics Consortium	COHO:0001501	ATM Australian Twin Migraine 1,683 2,383	https://www.ncbi.nlm.nih.gov/research/bionlp/RESTful/pmcoa.cgi/BioC_xml/PMC5331903/unicode
COHO:0000103	owl:NamedIndividual	International Multiple Sclerosis Genetics Consortium	COHO:0000073	Gabriel Advanced Survey	https://www.ebi.ac.uk/europepmc/webservices/rest/PMC3182531/supplementaryFiles
COHO:0000103	owl:NamedIndividual	International Multiple Sclerosis Genetics Consortium	COHO:0000142	PROCARDIS	https://www.ebi.ac.uk/europepmc/webservices/rest/PMC3182531/supplementaryFiles
COHO:0000105	owl:NamedIndividual	Italian Network on Genetic Isolates Studies	COHO:0000039	The INGI-Cilento study was supported by grants from the EU (Vasoplus-037254), the Italian Ministry of Universities (FIRB -RBIN064YAT), the Assessorato Ricerca Regione Campania, the Ente Parco Nazionale del Cilento e Vallo di Diano, and the Fondazione Banco di Napoli to M Ciullo.	https://www.ebi.ac.uk/europepmc/webservices/rest/PMC3315455/fullTextXML
COHO:0000105	owl:NamedIndividual	Italian Network on Genetic Isolates Studies	COHO:0000586	All three populations belong to the Italian Network of Genetic Isolates (INGI), a project aimed at studying the genetic basis of complex diseases and phenotypes (including eating habits) [41].	https://www.ebi.ac.uk/europepmc/webservices/rest/PMC10178705/fullTextXML
COHO:0000105	owl:NamedIndividual	Italian Network on Genetic Isolates Studies	COHO:0000593	All three populations belong to the Italian Network of Genetic Isolates (INGI), a project aimed at studying the genetic basis of complex diseases and phenotypes (including eating habits) [41].	https://www.ebi.ac.uk/europepmc/webservices/rest/PMC10178705/fullTextXML
COHO:0000105	owl:NamedIndividual	Italian Network on Genetic Isolates Studies	COHO:0001091	All three populations belong to the Italian Network of Genetic Isolates (INGI), a project aimed at studying the genetic basis of complex diseases and phenotypes (including eating habits) [41].	https://www.ebi.ac.uk/europepmc/webservices/rest/PMC10178705/fullTextXML
COHO:0000111	owl:NamedIndividual		COHO:0000699	The original Lothian Birth Cohorts of 1921 (LBC1921) and 1936 (LBC1936) were designed as follow-up studies to the Scottish Mental Surveys of 1932 (SMS1932) and 1947 (SMS1947), respectively.	https://www.ebi.ac.uk/europepmc/webservices/rest/PMC6124629/fullTextXML
COHO:0000111	owl:NamedIndividual		COHO:0000700	The original Lothian Birth Cohorts of 1921 (LBC1921) and 1936 (LBC1936) were designed as follow-up studies to the Scottish Mental Surveys of 1932 (SMS1932) and 1947 (SMS1947), respectively.	https://www.ebi.ac.uk/europepmc/webservices/rest/PMC6124629/fullTextXML
COHO:0000117	owl:NamedIndividual	MOnica Risk, Genetics, Archiving and Monograph	COHO:0000143	ITA-PAM 21 01 1990-93	https://www.thl.fi/publications/morgam/cohorts/tables/base_summary.htm
COHO:0000117	owl:NamedIndividual	MOnica Risk, Genetics, Archiving and Monograph	COHO:0000265	RUS-NOH 24 02 2002-05	https://www.thl.fi/publications/morgam/cohorts/tables/base_summary.htm
COHO:0000117	owl:NamedIndividual	MOnica Risk, Genetics, Archiving and Monograph	COHO:0001555	United Kingdom UNK-BEL: Belfast/PRIME Study UNK-CAE: Caerphilly UNK-EDI/GLA/SHH/SHE: Scottish Heart Health Extended Cohort (SHHEC)	https://www.thl.fi/publications/morgam/cohorts/full/contents.htm
COHO:0000134	owl:NamedIndividual	Ovarian Cancer Association Consortium	COHO:0000013	Australian Cancer Study – Ovarian Cancer	https://www.ncbi.nlm.nih.gov/research/bionlp/RESTful/pmcoa.cgi/BioC_xml/PMC3013232/unicode
COHO:0000134	owl:NamedIndividual	Ovarian Cancer Association Consortium	COHO:0000014	Australian Ovarian Cancer Study	https://www.ncbi.nlm.nih.gov/research/bionlp/RESTful/pmcoa.cgi/BioC_xml/PMC3013232/unicode
COHO:0000134	owl:NamedIndividual	Ovarian Cancer Association Consortium	COHO:0000126	New England-based Case-Control Study	https://www.ncbi.nlm.nih.gov/research/bionlp/RESTful/pmcoa.cgi/BioC_xml/PMC3013232/unicode
COHO:0000134	owl:NamedIndividual	Ovarian Cancer Association Consortium	COHO:0000456	Nurses' Health Study	https://www.ncbi.nlm.nih.gov/research/bionlp/RESTful/pmcoa.cgi/BioC_xml/PMC3013232/unicode
COHO:0000134	owl:NamedIndividual	Ovarian Cancer Association Consortium	COHO:0000660	S.I.S.: The Sister Study (SISTER) is supported by the Intramural Research Program of the NIH, National Institute of Environmental Health Sciences (Z01-ES044005 and Z01-ES049033)	https://www.ebi.ac.uk/europepmc/webservices/rest/PMC12635163/fullTextXML
COHO:0000134	owl:NamedIndividual	Ovarian Cancer Association Consortium	COHO:0001112	The association of ovarian carcinoma risk with the polymorphism rs1271572 in the estrogen receptor beta (ESR2) gene was examined in 4946 women with primary invasive ovarian carcinoma and 6582 controls in a pooled analysis of ten case-control studies within the Ovarian Cancer Association Consortium (OCAC).	https://www.ebi.ac.uk/europepmc/webservices/rest/PMC3108970/fullTextXML
COHO:0000134	owl:NamedIndividual	Ovarian Cancer Association Consortium	COHO:0001490	OCAC (Ovarian Cancer Association Consortium).aStudy acronyms and years of interview: AOV (Alberta Ovarian Tumor Types study, Canada, 1978–2010, PubMed ID: 25349970)	https://www.ebi.ac.uk/europepmc/webservices/rest/PMC13578740/fullTextXML
COHO:0000134	owl:NamedIndividual	Ovarian Cancer Association Consortium	COHO:0001540	Centers collaborating in OCAC Name Acronym OCAC Acronym Country Australian Ovarian Cancer Study and Australian Cancer Study (Ovarian Cancer) AOCS/ACS AUS Australia Bavarian Ovarian Cancer Cases and Controls BOCC BAV Germany	https://pmc.ncbi.nlm.nih.gov/articles/PMC3108163/
COHO:0000134	owl:NamedIndividual	Ovarian Cancer Association Consortium	COHO:0001541	Centers collaborating in OCAC Name Acronym OCAC Acronym Country Australian Ovarian Cancer Study and Australian Cancer Study (Ovarian Cancer) AOCS/ACS AUS Australia Bavarian Ovarian Cancer Cases and Controls BOCC BAV Germany Belgian Ovarian Cancer Study BELOCS BEL Belgium	https://pmc.ncbi.nlm.nih.gov/articles/PMC3108163/
COHO:0000134	owl:NamedIndividual	Ovarian Cancer Association Consortium	COHO:0001612	Included in this report are data from 16 OCAC studies. Ten of these are from the USA: the Diseases of the Ovary and their Evaluation (DOVE)	https://www.ebi.ac.uk/europepmc/webservices/rest/PMC2634713/fullTextXML
COHO:0000134	owl:NamedIndividual	Ovarian Cancer Association Consortium	COHO:0001614	PVD Danish Pelvic Mass Study Denmark	https://www.ncbi.nlm.nih.gov/research/bionlp/RESTful/pmcoa.cgi/BioC_xml/PMC3650102/unicode
COHO:0000134	owl:NamedIndividual	Ovarian Cancer Association Consortium	COHO:0001738	Familial Ovarian Tumour Study FOTS TOR Canada	https://pmc.ncbi.nlm.nih.gov/articles/PMC3108163/
COHO:0000134	owl:NamedIndividual	Ovarian Cancer Association Consortium	COHO:0001744	Genetic Epidemiology of Ovarian Cancer GEOCS STA USA	https://pmc.ncbi.nlm.nih.gov/articles/PMC3108163/
COHO:0000134	owl:NamedIndividual	Ovarian Cancer Association Consortium	COHO:0001854	Helsinki Ovarian Cancer Study HOCS HOC Finland	https://pmc.ncbi.nlm.nih.gov/articles/PMC3108163/
COHO:0000134	owl:NamedIndividual	Ovarian Cancer Association Consortium	COHO:0001862	Hannover-Jena Ovarian Cancer Study HJOCS HJO Germany	https://pmc.ncbi.nlm.nih.gov/articles/PMC3108163/
COHO:0000134	owl:NamedIndividual	Ovarian Cancer Association Consortium	COHO:0001868	Hannover-Minsk Ovarian Cancer Study HMOCS HMO Germany	https://pmc.ncbi.nlm.nih.gov/articles/PMC3108163/
COHO:0000134	owl:NamedIndividual	Ovarian Cancer Association Consortium	COHO:0001870	Hawaii Ovarian Cancer Study (none) HAW USA	https://pmc.ncbi.nlm.nih.gov/articles/PMC3108163/
COHO:0000134	owl:NamedIndividual	Ovarian Cancer Association Consortium	COHO:0001872	Hormones and Ovarian Cancer Prediction HOPE HOP USA	https://pmc.ncbi.nlm.nih.gov/articles/PMC3108163/
COHO:0000134	owl:NamedIndividual	Ovarian Cancer Association Consortium	COHO:0001880	EEU is a combination of POC, HUO, WOC, POL and HMO.	https://media.springernature.com/original/springer-static/esm/art%3A10.1038%2Fng.3826/MediaObjects/41588_2017_BFng3826_MOESM69_ESM.xlsx
COHO:0000134	owl:NamedIndividual	Ovarian Cancer Association Consortium	COHO:0001988	Los Angeles County Case-Control Studies of Ovarian Cancer LAC-CCOC USC USA	https://pmc.ncbi.nlm.nih.gov/articles/PMC3108163/
COHO:0000134	owl:NamedIndividual	Ovarian Cancer Association Consortium	COHO:0002031	The Danish Malignant Ovarian Tumour Study MALOVA MAL Denmark	https://pmc.ncbi.nlm.nih.gov/articles/PMC3108163/
COHO:0000134	owl:NamedIndividual	Ovarian Cancer Association Consortium	COHO:0002047	MD Anderson Ovarian Cancer Study MDA USA: Texas Hospital based/ Case-‐control	https://media.springernature.com/original/springer-static/esm/art%3A10.1038%2Fng.2564/MediaObjects/41588_2013_BFng2564_MOESM8_ESM.pdf
COHO:0000134	owl:NamedIndividual	Ovarian Cancer Association Consortium	COHO:0002073	Included in this report are data from 16 OCAC studies. Ten of these are from the USA: the Diseases of the Ovary and their Evaluation (DOVE), the Genetic Epidemiology of Ovarian Cancer Study (GEOCS; previously FROCS) (Auranen et al, 2005; Song et al, 2006), the Hawaii Ovarian Cancer Study (HAWAII) (Goodman et al, 2001b), the Hormones and Ovarian Cancer Prediction Study (HOPE) (Pearce et al, 2008a), the Mayo Clinic Ovarian Cancer Case–Control Study (MAYO)	https://www.ebi.ac.uk/europepmc/webservices/rest/PMC2634713/fullTextXML
COHO:0000134	owl:NamedIndividual	Ovarian Cancer Association Consortium	COHO:0002076	MOF | 413 | 24 | 12 | 12 |  | 341 | 0 | 238 | 12 | 28 | 15 | 48	https://media.springernature.com/original/springer-static/esm/art%3A10.1038%2Fng.3826/MediaObjects/41588_2017_BFng3826_MOESM69_ESM.xlsx
COHO:0000134	owl:NamedIndividual	Ovarian Cancer Association Consortium	COHO:0002103	Malaysia Ovarian Cancer Study MAS Malaysia	https://media.springernature.com/original/springer-static/esm/art%3A10.1038%2Fng.2564/MediaObjects/41588_2013_BFng2564_MOESM8_ESM.pdf
COHO:0000134	owl:NamedIndividual	Ovarian Cancer Association Consortium	COHO:0002125	North Carolina Ovarian Cancer Study NCOCS NCO USA	https://pmc.ncbi.nlm.nih.gov/articles/PMC3108163/
COHO:0000134	owl:NamedIndividual	Ovarian Cancer Association Consortium	COHO:0002160	New Jersey Ovarian Cancer Study NJOCS NJO USA	https://pmc.ncbi.nlm.nih.gov/articles/PMC3108163/
COHO:0000134	owl:NamedIndividual	Ovarian Cancer Association Consortium	COHO:0002170	NTH (29,30) Netherlands Nijmegen Ovarian Cancer Study 1997-2008 Population-based Self-completed questionnaire 55.90 (10.79) 600 (69.4) 265 (30.6)	https://pmc.ncbi.nlm.nih.gov/articles/PMC10165492/
COHO:0000134	owl:NamedIndividual	Ovarian Cancer Association Consortium	COHO:0002208	Oregon Ovarian Cancer Registry ORE Portland, Oregon Case only	https://media.springernature.com/original/springer-static/esm/art%3A10.1038%2Fng.2564/MediaObjects/41588_2013_BFng2564_MOESM8_ESM.pdf
COHO:0000134	owl:NamedIndividual	Ovarian Cancer Association Consortium	COHO:0002210	AUS is a combination of RBH, AOC,OPL, ACS, WMH and MCC.	https://media.springernature.com/original/springer-static/esm/art%3A10.1038%2Fng.3826/MediaObjects/41588_2017_BFng3826_MOESM69_ESM.xlsx
COHO:0000134	owl:NamedIndividual	Ovarian Cancer Association Consortium	COHO:0002221	Ovarian Cancer in Alberta and British Columbia Study OVAL-BC OVA Canada	https://pmc.ncbi.nlm.nih.gov/articles/PMC3108163/
COHO:0000134	owl:NamedIndividual	Ovarian Cancer Association Consortium	COHO:0002322	Participants from 28 studies (Table 1) in the Ovarian Cancer Association Consortium (OCAC) were genotyped on a custom Illumina iSelect BeadArray	https://pmc.ncbi.nlm.nih.gov/articles/PMC3650102/
COHO:0000134	owl:NamedIndividual	Ovarian Cancer Association Consortium	COHO:0002362	Study of Epidemiology and Risk Factors in Cancer Heredity SEA UK: East Anglia and West Midlands Population based/ Case-‐control 1496 6067 99.1 1372(572)	https://media.springernature.com/original/springer-static/esm/art%3A10.1038%2Fng.2564/MediaObjects/41588_2013_BFng2564_MOESM8_ESM.pdf
COHO:0000134	owl:NamedIndividual	Ovarian Cancer Association Consortium	COHO:0002397	Southampton Ovarian Cancer Study (none) SOC UK	https://pmc.ncbi.nlm.nih.gov/articles/PMC3108163/
COHO:0000134	owl:NamedIndividual	Ovarian Cancer Association Consortium	COHO:0002400	SON (32) Canada Southern Ontario Ovarian Cancer Study 1989-1993 Population-based Interview	https://pmc.ncbi.nlm.nih.gov/articles/PMC10165492/
COHO:0000134	owl:NamedIndividual	Ovarian Cancer Association Consortium	COHO:0002408	Participants from 28 studies (Table 1) in the Ovarian Cancer Association Consortium (OCAC) were genotyped on a custom Illumina iSelect BeadArray using centralized genotype calling and quality control procedures, as previously described (6).	https://pmc.ncbi.nlm.nih.gov/articles/PMC3650102/
COHO:0000134	owl:NamedIndividual	Ovarian Cancer Association Consortium	COHO:0002423	SWE | 1667 | 13 | 7 | 6 |  | 105 | 0 | 67 | 6 | 13 | 2 | 17	https://media.springernature.com/original/springer-static/esm/art%3A10.1038%2Fng.3826/MediaObjects/41588_2017_BFng3826_MOESM69_ESM.xlsx
COHO:0000134	owl:NamedIndividual	Ovarian Cancer Association Consortium	COHO:0002441	Tampa Bay Ovarian Cancer Study TBOCS TBO USA	https://pmc.ncbi.nlm.nih.gov/articles/PMC3108163/
COHO:0000134	owl:NamedIndividual	Ovarian Cancer Association Consortium	COHO:0002479	UC Irvine Ovarian Cancer Study (none) UCI USA UK Ovarian Cancer Population Study UKOPS UKO UK	https://pmc.ncbi.nlm.nih.gov/articles/PMC3108163/
COHO:0000134	owl:NamedIndividual	Ovarian Cancer Association Consortium	COHO:0002511	United Kingdom Ovarian Cancer Population Study UKO United Kingdom (England, Wales and Northern Ireland) Population based/ Case-‐control 718 1123 98.1 702(353)	https://media.springernature.com/original/springer-static/esm/art%3A10.1038%2Fng.2564/MediaObjects/41588_2013_BFng2564_MOESM8_ESM.pdf
COHO:0000134	owl:NamedIndividual	Ovarian Cancer Association Consortium	COHO:0002578	Warsaw Ovarian Cancer Study WOC Poland: Warsaw and central Poland Case-‐control 204 204 100 202(132)	https://media.springernature.com/original/springer-static/esm/art%3A10.1038%2Fng.2564/MediaObjects/41588_2013_BFng2564_MOESM8_ESM.pdf
COHO:0000137	owl:NamedIndividual	PanCareLIFE	COHO:0000988	Data providers participating in WP4b and WP5 of PanCareLIFE: University of Bern, Instituto Giannina Gaslini, University Hospital Brno, Motol Teaching Hospital Prague, Kraeftens Bekaempelse, University Graz, Osteosarcoma clinical trial, University Hospital Muenster, Euramos clinical trial, University Lübeck, Academical Medical Center Amsterdam, Erasmus Medical Center Rotterdam, University Medical Center Groningen and Princess Máxima Center for Pediatric Oncology Utrecht.	https://www.ebi.ac.uk/europepmc/webservices/rest/PMC6444213/fullTextXML
COHO:0000146	owl:NamedIndividual	Psychiatric GWAS Consortium	COHO:0000607	We used data from four projects: a) the Children's Hospital of Philadelphia (CHOP); b) phase I of the International Multicenter ADHD Genetics project (IMAGE); c) phase II of IMAGE (IMAGE II); and d) the Pfizer-funded study from the University of California, Los Angeles, Washington University, and Massachusetts General Hospital (PUWMa).	https://www.ebi.ac.uk/europepmc/webservices/rest/search?query=EXT_ID%3A20732625+AND+SRC%3AMED&format=json&resultType=core
COHO:0000146	owl:NamedIndividual	Psychiatric GWAS Consortium	COHO:0001542	PGC ID Study name Genotypes in a repository? If no, why not? If yes, where deposited? If yes, accession number Note mdd_boma_eur Bonn-Mannheim MDD study	https://media.springernature.com/original/springer-static/esm/art%3A10.1038%2Fs41588-018-0090-3/MediaObjects/41588_2018_90_MOESM3_ESM.xlsx
COHO:0000146	owl:NamedIndividual	Psychiatric GWAS Consortium	COHO:0001543	Sample Ancestry Case (n)a Control (n)b Platformc Publicationd BOMA- Bipolar Study, University of Bonn and CIMH Mannheim German 675 1297 550 –	https://www.ncbi.nlm.nih.gov/research/bionlp/RESTful/pmcoa.cgi/BioC_xml/PMC3637176/unicode
COHO:0000182	owl:NamedIndividual	Wellcome Trust Case Control Consortium	COHO:0000077	we established the Genetic Consortium for Anorexia Nervosa (GCAN) in 2007—a worldwide collaboration combining existing DNA samples of AN patients into a single resource. As part of the Wellcome Trust Case Control Consortium 3 (WTCCC3), we have conducted the largest GWAS for AN to date.	https://www.ncbi.nlm.nih.gov/research/bionlp/RESTful/pmcoa.cgi/BioC_xml/PMC4325090/unicode
COHO:0000182	owl:NamedIndividual	Wellcome Trust Case Control Consortium	COHO:0000082	As part of the WTCCC2 consortium, GoDARTS served as a discovery cohort for the GWAS of response to statins and metformin.	https://www.ebi.ac.uk/europepmc/webservices/rest/PMC5913637/fullTextXML
COHO:0000182	owl:NamedIndividual	Wellcome Trust Case Control Consortium	COHO:0000207	1958 British Birth Cohort (58C)	https://www.ncbi.nlm.nih.gov/research/bionlp/RESTful/pmcoa.cgi/BioC_xml/PMC2719288/unicode
COHO:0000182	owl:NamedIndividual	Wellcome Trust Case Control Consortium	COHO:0000347	UK Blood Services (UKBS) controls	https://www.ncbi.nlm.nih.gov/research/bionlp/RESTful/pmcoa.cgi/BioC_xml/PMC2719288/unicode
COHO:0000182	owl:NamedIndividual	Wellcome Trust Case Control Consortium	COHO:0000354	ankylosing spondylitis	https://www.ncbi.nlm.nih.gov/research/bionlp/RESTful/pmcoa.cgi/BioC_xml/PMC2719288/unicode
COHO:0000182	owl:NamedIndividual	Wellcome Trust Case Control Consortium	COHO:0000355	autoimmune thyroid disease	https://www.ncbi.nlm.nih.gov/research/bionlp/RESTful/pmcoa.cgi/BioC_xml/PMC2719288/unicode
COHO:0000182	owl:NamedIndividual	Wellcome Trust Case Control Consortium	COHO:0000356	bipolar disorder	https://www.ncbi.nlm.nih.gov/research/bionlp/RESTful/pmcoa.cgi/BioC_xml/PMC2719288/unicode
COHO:0000182	owl:NamedIndividual	Wellcome Trust Case Control Consortium	COHO:0000357	breast cancer	https://www.ncbi.nlm.nih.gov/research/bionlp/RESTful/pmcoa.cgi/BioC_xml/PMC2719288/unicode
COHO:0000182	owl:NamedIndividual	Wellcome Trust Case Control Consortium	COHO:0000358	coronary artery disease	https://www.ncbi.nlm.nih.gov/research/bionlp/RESTful/pmcoa.cgi/BioC_xml/PMC2719288/unicode
COHO:0000182	owl:NamedIndividual	Wellcome Trust Case Control Consortium	COHO:0000359	hypertension	https://www.ncbi.nlm.nih.gov/research/bionlp/RESTful/pmcoa.cgi/BioC_xml/PMC2719288/unicode
COHO:0000182	owl:NamedIndividual	Wellcome Trust Case Control Consortium	COHO:0000360	Crohn’s disease	https://www.ncbi.nlm.nih.gov/research/bionlp/RESTful/pmcoa.cgi/BioC_xml/PMC2719288/unicode
COHO:0000182	owl:NamedIndividual	Wellcome Trust Case Control Consortium	COHO:0000361	multiple sclerosis	https://www.ncbi.nlm.nih.gov/research/bionlp/RESTful/pmcoa.cgi/BioC_xml/PMC2719288/unicode
COHO:0000182	owl:NamedIndividual	Wellcome Trust Case Control Consortium	COHO:0000362	rheumatoid arthritis	https://www.ncbi.nlm.nih.gov/research/bionlp/RESTful/pmcoa.cgi/BioC_xml/PMC2719288/unicode
COHO:0000182	owl:NamedIndividual	Wellcome Trust Case Control Consortium	COHO:0000363	tuberculosis	https://www.ncbi.nlm.nih.gov/research/bionlp/RESTful/pmcoa.cgi/BioC_xml/PMC2719288/unicode
COHO:0000182	owl:NamedIndividual	Wellcome Trust Case Control Consortium	COHO:0000364	type 1 diabetes	https://www.ncbi.nlm.nih.gov/research/bionlp/RESTful/pmcoa.cgi/BioC_xml/PMC2719288/unicode
COHO:0000182	owl:NamedIndividual	Wellcome Trust Case Control Consortium	COHO:0000365	type 2 diabetes	https://www.ncbi.nlm.nih.gov/research/bionlp/RESTful/pmcoa.cgi/BioC_xml/PMC2719288/unicode
COHO:0000182	owl:NamedIndividual	Wellcome Trust Case Control Consortium	COHO:0001061	The BMES protocol has been described in detail by Mitchell et al.32 Participants were genotyped with Human660W-Quad (Illumina) as part of the Wellcome Trust Case Control Consortium 2 (WTCCC2) at the Sanger Institute, Hinxton, United Kingdom.	https://pmc.ncbi.nlm.nih.gov/articles/PMC4141707/
COHO:0000182	owl:NamedIndividual	Wellcome Trust Case Control Consortium	COHO:0001133	We used genome-wide association data generated by the Wellcome Trust Case-Control Consortium 2 (WTCCC2) from UK patients with Parkinson's disease and UK control individuals from the 1958 Birth Cohort and National Blood Service.	https://www.ebi.ac.uk/europepmc/webservices/rest/PMC3299635/fullTextXML
COHO:0000202	owl:NamedIndividual	Study of Health in Pomerania	COHO:0000410	The study population represents a cross-sectional analysis from the cohorts SHIP-START (recruited 1997-2001) and SHIP-TREND (recruited 2008-2012), sampled for baseline investigations (SHIP-START-0 and SHIP-TREND-0) at the age of 20-79 years.	https://www.ebi.ac.uk/europepmc/webservices/rest/search?query=EXT_ID%3A39085387+AND+SRC%3AMED&format=json&resultType=core
COHO:0000215	owl:NamedIndividual		COHO:0000057	APCDR Durban Diabetes Study (DDS)	https://ega-archive.org/studies/EGAS00001002583
COHO:0000215	owl:NamedIndividual		COHO:0000214	APCDR AGV Project: The African Genome Variation Project(dense array genotyping data)	https://ega-archive.org/studies/EGAS00001000959
COHO:0000215	owl:NamedIndividual		COHO:0000218	APCDR Diabetes Case Control Study	https://ega-archive.org/studies/EGAS00001002584
COHO:0000215	owl:NamedIndividual		COHO:0000257	APCDR GDAP: Genome Diversity in Africa Study (set of 9 samples at high depth)	https://ega-archive.org/studies/EGAS00001000929
COHO:0000215	owl:NamedIndividual		COHO:0000345	APCDR Uganda GWAS: Genome-wide sequence variation and susceptibility loci for cardiometabolic traits in a sub-Saharan African population (UGWAS component)	https://ega-archive.org/studies/EGAS00001001558
COHO:0000238	owl:NamedIndividual		COHO:0000448	MyCode Health Initiative	https://static-content.springer.com/esm/art%3A10.1038%2Fs41586-021-03767-x/MediaObjects/41586_2021_3767_MOESM6_ESM.xlsx
COHO:0000238	owl:NamedIndividual		COHO:0000449	23andMe	https://static-content.springer.com/esm/art%3A10.1038%2Fs41586-021-03767-x/MediaObjects/41586_2021_3767_MOESM6_ESM.xlsx
COHO:0000238	owl:NamedIndividual		COHO:0000457	Penn Medicine Biobank analysis team lead	https://www.ebi.ac.uk/europepmc/webservices/rest/PMC9352569/fullTextXML
COHO:0000238	owl:NamedIndividual		COHO:0000730	We used a mathematical subtraction approach, as done in our previous work2, to remove signals of previous GenOMICC releases from HGIv6, yielding an independent dataset.	https://www.ebi.ac.uk/europepmc/webservices/rest/PMC10208981/fullTextXML
COHO:0000238	owl:NamedIndividual		COHO:0000970	Data for initial discovery GWASs (Long COVID HGI data freeze 4) was collected by DBDS, EstBB, FinnGen, GEN-COVID, GENCOV, MexGen-COVID (Supplementary Tables 1, 3–8 and 12), ALSPAC, BoSCO, BQC19, EXCEED, GCAT (COVICAT), Genotek, GOLD, Helix, Ioannina, IrCovid, JapanTaskForce, Lifelines, MoBa, MSCIC, PMBB, SweCovid, COMRI, TiKoCo, TwinsUK, UKB and Understanding Society (Supplementary Tables 11 and 12).	https://www.ebi.ac.uk/europepmc/webservices/rest/PMC12165857/fullTextXML
COHO:0000238	owl:NamedIndividual		COHO:0000996	Data for initial discovery GWASs (Long COVID HGI data freeze 4) was collected by DBDS, EstBB, FinnGen, GEN-COVID, GENCOV, MexGen-COVID (Supplementary Tables 1, 3–8 and 12), ALSPAC, BoSCO, BQC19, EXCEED, GCAT (COVICAT), Genotek, GOLD, Helix, Ioannina, IrCovid, JapanTaskForce, Lifelines, MoBa, MSCIC, PMBB, SweCovid, COMRI, TiKoCo, TwinsUK, UKB and Understanding Society (Supplementary Tables 11 and 12).	https://www.ebi.ac.uk/europepmc/webservices/rest/PMC12165857/fullTextXML
COHO:0000238	owl:NamedIndividual		COHO:0000997	Data for initial discovery GWASs (Long COVID HGI data freeze 4) was collected by DBDS, EstBB, FinnGen, GEN-COVID, GENCOV, MexGen-COVID (Supplementary Tables 1, 3–8 and 12), ALSPAC, BoSCO, BQC19, EXCEED, GCAT (COVICAT), Genotek, GOLD, Helix, Ioannina, IrCovid, JapanTaskForce, Lifelines, MoBa, MSCIC, PMBB, SweCovid, COMRI, TiKoCo, TwinsUK, UKB and Understanding Society (Supplementary Tables 11 and 12).	https://www.ebi.ac.uk/europepmc/webservices/rest/PMC12165857/fullTextXML
COHO:0000238	owl:NamedIndividual		COHO:0001042	Data for initial discovery GWASs (Long COVID HGI data freeze 4) was collected by DBDS, EstBB, FinnGen, GEN-COVID, GENCOV, MexGen-COVID (Supplementary Tables 1, 3–8 and 12), ALSPAC, BoSCO, BQC19, EXCEED, GCAT (COVICAT), Genotek, GOLD, Helix, Ioannina, IrCovid, JapanTaskForce, Lifelines, MoBa, MSCIC, PMBB, SweCovid, COMRI, TiKoCo, TwinsUK, UKB and Understanding Society (Supplementary Tables 11 and 12).	https://www.ebi.ac.uk/europepmc/webservices/rest/PMC12165857/fullTextXML
COHO:0000238	owl:NamedIndividual		COHO:0001043	Data for initial discovery GWASs (Long COVID HGI data freeze 4) was collected by DBDS, EstBB, FinnGen, GEN-COVID, GENCOV, MexGen-COVID (Supplementary Tables 1, 3–8 and 12), ALSPAC, BoSCO, BQC19, EXCEED, GCAT (COVICAT), Genotek, GOLD, Helix, Ioannina, IrCovid, JapanTaskForce, Lifelines, MoBa, MSCIC, PMBB, SweCovid, COMRI, TiKoCo, TwinsUK, UKB and Understanding Society (Supplementary Tables 11 and 12).	https://www.ebi.ac.uk/europepmc/webservices/rest/PMC12165857/fullTextXML
COHO:0000238	owl:NamedIndividual		COHO:0001044	Data for initial discovery GWASs (Long COVID HGI data freeze 4) was collected by DBDS, EstBB, FinnGen, GEN-COVID, GENCOV, MexGen-COVID (Supplementary Tables 1, 3–8 and 12), ALSPAC, BoSCO, BQC19, EXCEED, GCAT (COVICAT), Genotek, GOLD, Helix, Ioannina, IrCovid, JapanTaskForce, Lifelines, MoBa, MSCIC, PMBB, SweCovid, COMRI, TiKoCo, TwinsUK, UKB and Understanding Society (Supplementary Tables 11 and 12).	https://www.ebi.ac.uk/europepmc/webservices/rest/PMC12165857/fullTextXML
COHO:0000238	owl:NamedIndividual		COHO:0001047	Data for initial discovery GWASs (Long COVID HGI data freeze 4) was collected by DBDS, EstBB, FinnGen, GEN-COVID, GENCOV, MexGen-COVID (Supplementary Tables 1, 3–8 and 12), ALSPAC, BoSCO, BQC19, EXCEED, GCAT (COVICAT), Genotek, GOLD, Helix, Ioannina, IrCovid, JapanTaskForce, Lifelines, MoBa, MSCIC, PMBB, SweCovid, COMRI, TiKoCo, TwinsUK, UKB and Understanding Society (Supplementary Tables 11 and 12).	https://www.ebi.ac.uk/europepmc/webservices/rest/PMC12165857/fullTextXML
COHO:0000238	owl:NamedIndividual		COHO:0001083	Data for initial discovery GWASs (Long COVID HGI data freeze 4) was collected by DBDS, EstBB, FinnGen, GEN-COVID, GENCOV, MexGen-COVID (Supplementary Tables 1, 3–8 and 12), ALSPAC, BoSCO, BQC19, EXCEED, GCAT (COVICAT), Genotek, GOLD, Helix, Ioannina, IrCovid, JapanTaskForce, Lifelines, MoBa, MSCIC, PMBB, SweCovid, COMRI, TiKoCo, TwinsUK, UKB and Understanding Society (Supplementary Tables 11 and 12).	https://www.ebi.ac.uk/europepmc/webservices/rest/PMC12165857/fullTextXML
COHO:0000238	owl:NamedIndividual		COHO:0001189	Further, summary statistics from association studies of HostSeq have been contributed and are aligned with international efforts including the COVID-19 Host Genetic Initiative	https://www.ebi.ac.uk/europepmc/webservices/rest/PMC10152008/fullTextXML
COHO:0000238	owl:NamedIndividual		COHO:0001231	In this second study nested in the SCOURGE consortium, we conducted a genome-wide association study (GWAS) for COVID-19 hospitalization in admixed Americans, comprising a total of 4702 hospitalized cases recruited by SCOURGE and seven other participating studies in the COVID-19 Host Genetic Initiative.	https://www.ebi.ac.uk/europepmc/webservices/rest/search?query=EXT_ID%3A39361370+AND+SRC%3AMED&format=json&resultType=core
COHO:0000238	owl:NamedIndividual		COHO:0001260	Data for initial discovery GWASs (Long COVID HGI data freeze 4) was collected by DBDS, EstBB, FinnGen, GEN-COVID, GENCOV, MexGen-COVID (Supplementary Tables 1, 3–8 and 12), ALSPAC, BoSCO, BQC19, EXCEED, GCAT (COVICAT), Genotek, GOLD, Helix, Ioannina, IrCovid, JapanTaskForce, Lifelines, MoBa, MSCIC, PMBB, SweCovid, COMRI, TiKoCo, TwinsUK, UKB and Understanding Society (Supplementary Tables 11 and 12).	https://www.ebi.ac.uk/europepmc/webservices/rest/PMC12165857/fullTextXML
COHO:0000238	owl:NamedIndividual		COHO:0001266	Data for initial discovery GWASs (Long COVID HGI data freeze 4) was collected by DBDS, EstBB, FinnGen, GEN-COVID, GENCOV, MexGen-COVID (Supplementary Tables 1, 3–8 and 12), ALSPAC, BoSCO, BQC19, EXCEED, GCAT (COVICAT), Genotek, GOLD, Helix, Ioannina, IrCovid, JapanTaskForce, Lifelines, MoBa, MSCIC, PMBB, SweCovid, COMRI, TiKoCo, TwinsUK, UKB and Understanding Society (Supplementary Tables 11 and 12).	https://www.ebi.ac.uk/europepmc/webservices/rest/PMC12165857/fullTextXML
COHO:0000238	owl:NamedIndividual		COHO:0001267	Data for initial discovery GWASs (Long COVID HGI data freeze 4) was collected by DBDS, EstBB, FinnGen, GEN-COVID, GENCOV, MexGen-COVID (Supplementary Tables 1, 3–8 and 12), ALSPAC, BoSCO, BQC19, EXCEED, GCAT (COVICAT), Genotek, GOLD, Helix, Ioannina, IrCovid, JapanTaskForce, Lifelines, MoBa, MSCIC, PMBB, SweCovid, COMRI, TiKoCo, TwinsUK, UKB and Understanding Society (Supplementary Tables 11 and 12).	https://www.ebi.ac.uk/europepmc/webservices/rest/PMC12165857/fullTextXML
COHO:0000238	owl:NamedIndividual		COHO:0001270	Data for initial discovery GWASs (Long COVID HGI data freeze 4) was collected by DBDS, EstBB, FinnGen, GEN-COVID, GENCOV, MexGen-COVID (Supplementary Tables 1, 3–8 and 12), ALSPAC, BoSCO, BQC19, EXCEED, GCAT (COVICAT), Genotek, GOLD, Helix, Ioannina, IrCovid, JapanTaskForce, Lifelines, MoBa, MSCIC, PMBB, SweCovid, COMRI, TiKoCo, TwinsUK, UKB and Understanding Society (Supplementary Tables 11 and 12).	https://www.ebi.ac.uk/europepmc/webservices/rest/PMC12165857/fullTextXML
COHO:0000238	owl:NamedIndividual		COHO:0001485	Amsterdam UMC COVID study group	https://static-content.springer.com/esm/art%3A10.1038%2Fs41586-021-03767-x/MediaObjects/41586_2021_3767_MOESM6_ESM.xlsx
COHO:0000238	owl:NamedIndividual		COHO:0001544	Genetic determinants of COVID-19 complications in the Brazilian population Brazil BRACOVID AMR Cases 58 years Controls 54 years Hospital das Clinicas, Sao Paulo University Medical School, and the Brazilian National IRB, CONEP Axiom_PMRA.r3 array	https://www.ebi.ac.uk/europepmc/webservices/rest/PMC8674144/supplementaryFiles
COHO:0000238	owl:NamedIndividual		COHO:0001625	Corea (Genetics of COVID-related Manifestation)	https://static-content.springer.com/esm/art%3A10.1038%2Fs41586-021-03767-x/MediaObjects/41586_2021_3767_MOESM6_ESM.xlsx
COHO:0000238	owl:NamedIndividual		COHO:0002682	Coronagenes Cases and Controls 58.42 years West Midlands Research Ethics Commitee Individuals uploaded raw genotype information from direct-to-consumer DNA genotyping companies, including 23andMe, Ancestry, MyHeritage, and FTDNA.	https://www.ebi.ac.uk/europepmc/webservices/rest/PMC9352569/supplementaryFiles
COHO:0000260	owl:NamedIndividual		COHO:0000242	a prospective observational study by the German Cancer Consortium, DKTK MASTER	https://ega-archive.org/studies/EGAS00001005836
COHO:0000277	owl:NamedIndividual		COHO:0000082	We used data from two type 2 diabetes cohorts: Hoorn Diabetes Care System (DCS) and Genetics of Diabetes Audit and Research in Tayside Scotland (GoDARTS) within the RHAPSODY consortium.	https://www.frontiersin.org/journals/endocrinology/articles/10.3389/fendo.2024.1350796/full
COHO:0000278	owl:NamedIndividual		COHO:0000279	IMMUcan SCCHN1 cohort	https://ega-archive.org/studies/EGAS50000001533
COHO:0000282	owl:NamedIndividual		COHO:0000101	The CLL Genome Project, as a contributing member of the International Cancer Genome Consortium (ICGC)	https://ega-archive.org/studies/EGAS00000000092
COHO:0000282	owl:NamedIndividual		COHO:0000231	CAGEKID is a part of the International Cancer Genome Consortium, ICGC.	https://ega-archive.org/studies/EGAS00001000083
COHO:0000282	owl:NamedIndividual		COHO:0000267	There are 340 cases belongs to ICGC GACA-CN project.	https://ega-archive.org/studies/EGAS00001002313
COHO:0000282	owl:NamedIndividual		COHO:0000268	The aim of ICGC GCS program is to genomically characterize C and S components of 20 tumors	https://ega-archive.org/studies/EGAS00001002271
COHO:0000282	owl:NamedIndividual		COHO:0000269	As a part of the ICGC, India has undertaken genomic studies on gingivobuccal cancer of the oral cavity	https://ega-archive.org/studies/EGAS00001000249
COHO:0000282	owl:NamedIndividual		COHO:0000270	88 matched HCC tumour/normal pairs WGS belongs to ICGC LICA-CN project	https://ega-archive.org/studies/EGAS00001002218
COHO:0000282	owl:NamedIndividual		COHO:0000271	In the framework of the German ICGC MMML-Seq	https://ega-archive.org/studies/EGAS00001000394
COHO:0000282	owl:NamedIndividual		COHO:0000272	ICGC Oesophageal adenocarcinoma - tumour samples	https://ega-archive.org/studies/EGAS00001000725
COHO:0000282	owl:NamedIndividual		COHO:0000273	ICGC Pancreatic Cancer study	https://ega-archive.org/studies/EGAS00001002311
COHO:0000282	owl:NamedIndividual		COHO:0000274	This study, conducted by the International Cancer Genome Consortium PedBrain Tumor Project (ICGC PedBrain, http://www.pedbraintumor.org/)	https://ega-archive.org/studies/EGAS00001000381
COHO:0000282	owl:NamedIndividual		COHO:0000275	International Cancer Genome Consortium Prostate Cancer UK consortium (CRUK-ICGC Prostate Group)	https://ega-archive.org/studies/EGAS00001000262
COHO:0000283	owl:NamedIndividual		COHO:0000376	Number of PD patients represented in each cohort: HBS (n = 626); DATATOP (n = 435); PreCEPT (n = 330); NET-PDLS1 (n = 501); PROPARK (n = 330); DIGPD (n = 414); CamPIGIN (n = 129); PICNICS (n = 248); PDBP (n = 375); PPMI (n = 512); Banner Health (n = 153); PROPARK-C (n = 276); Tartu (n = 206); ParkWest (n = 169); PIB (n = 168).	https://static-content.springer.com/esm/art%3A10.1038%2Fs41588-021-00847-6/MediaObjects/41588_2021_847_MOESM1_ESM.pdf
COHO:0000283	owl:NamedIndividual		COHO:0000677	five purpose‐built biomarkers and clinical observational studies from academic centers (Harvard Biomarker Study [HBS],19, 20, 21, 22 PROfiling PARKinson's disease [PROPARK],16 and the French Drug Interaction with Genes in PD [DIGPD])	https://www.ebi.ac.uk/europepmc/webservices/rest/PMC5244667/fullTextXML
COHO:0000283	owl:NamedIndividual		COHO:0001161	Number of PD patients represented in each cohort: HBS (n = 626); DATATOP (n = 435); PreCEPT (n = 330); NET-PDLS1 (n = 501); PROPARK (n = 330); DIGPD (n = 414); CamPIGIN (n = 129); PICNICS (n = 248); PDBP (n = 375); PPMI (n = 512); Banner Health (n = 153); PROPARK-C (n = 276); Tartu (n = 206); ParkWest (n = 169); PIB (n = 168).	https://static-content.springer.com/esm/art%3A10.1038%2Fs41588-021-00847-6/MediaObjects/41588_2021_847_MOESM1_ESM.pdf
COHO:0000294	owl:NamedIndividual		COHO:0001536	Clinical data and DNA samples were contributed to the MalariaGEN Consortial Project 1 (CP1) along with those of 11 other case-control studies from a total of 11 malaria-endemic countries.	https://www.malariagen.net/partner_study/human-genetic-determinants-severe-malaria-malawi/
COHO:0000294	owl:NamedIndividual		COHO:0001952	Clinical data and DNA samples were contributed to the MalariaGEN Consortial Project 1 (CP1) along with those of 11 other case-control studies from a total of 11 malaria-endemic countries.	https://www.malariagen.net/partner_study/human-genetic-determinants-severe-malaria-north-east-tanzania/
COHO:0000294	owl:NamedIndividual		COHO:0001969	Clinical data and DNA samples were contributed to the MalariaGEN Consortial Project 1 (CP1) along with those of 11 other case-control studies from a total of 11 malaria-endemic countries.	https://www.malariagen.net/partner_study/human-genetic-determinants-severe-malaria-kumasi-ghana/
COHO:0000297	owl:NamedIndividual		COHO:0000037	Children’s Allergy Environment Stockholm Epidemiology study(BAMSE)	https://ega-archive.org/studies/EGAS00001002169
COHO:0000297	owl:NamedIndividual		COHO:0000100	MeDALL epigenetics study includes illumina 450k methylation measurements from 4 cohorts: Infancia y Medio Ambiente (INMA)	https://ega-archive.org/studies/EGAS00001002169
COHO:0000297	owl:NamedIndividual		COHO:0000252	Etudes des Déterminants pré et postnatals précoces du développement et de la santé de l’ENfant (EDEN)	https://ega-archive.org/studies/EGAS00001002169
COHO:0000297	owl:NamedIndividual		COHO:0000324	Prevention and Incidence of Asthma and Mite Allergy (PIAMA)	https://ega-archive.org/studies/EGAS00001002169
COHO:0000297	owl:NamedIndividual		COHO:0001178	This study is based on data from five ongoing European birth cohorts in three different countries participating in MeDALL. Of the cohorts included, we selected those with a) relevant information on maternal smoking during pregnancy or SHS exposure during the first year of life; b) follow-up between 14 and 16 y of age; and c) suitable outcome assessments from three predefined age intervals (4–6, 8–10, and 14–16 y).The following five cohorts were included: Children, Allergy, Milieu, Stockholm, Epidemiology (BAMSE) (single-center, Sweden) (Wickman et al. 2002), German Infant Nutritional Intervention (GINIplus) (multicenter, Germany) (Berg et al. 2010), Influences of Lifestyle-Related Factors on the Immune System and the Development of Allergies in Childhood (LISAplus) (multicenter, Germany) (Zutavern et al. 2008), Multicentre Allergy Study (MAS) (multicenter, Germany) (Bergmann et al. 1994), and Prevention and Incidence of Asthma and Mite Allergy (PIAMA) (multicenter, the Netherlands) (Wijga et al. 2014).	https://www.ebi.ac.uk/europepmc/webservices/rest/PMC6071724/fullTextXML
COHO:0000344	owl:NamedIndividual		COHO:0000082	GoDARTS T2D-GENES Exome Sequencing Study is a subset of the ~52,000 Type 2 diabetes exome sequencing project.	https://ega-archive.org/studies/EGAS00001002937
COHO:0000344	owl:NamedIndividual		COHO:0000649	From the SAFS families, 20 large pedigrees, consisting of 1043 individuals, were selected for T2D-GENES Project 2 by focusing on large lineages to maximize the number of potential copies of founder alleles and to get an optimal ratio of sequencing efficiency and number of individuals with type 2 diabetes.	https://www.ncbi.nlm.nih.gov/research/bionlp/RESTful/pmcoa.cgi/BioC_xml/PMC4145406/unicode
COHO:0000348	owl:NamedIndividual		COHO:0000016	obtaining the genome-wide sequence of 4000 samples from the TwinsUK and ALSPAC cohorts	https://ega-archive.org/studies/EGAS00001000090
COHO:0000348	owl:NamedIndividual		COHO:0000175	obtaining the genome-wide sequence of 4000 samples from the TwinsUK and ALSPAC cohorts	https://ega-archive.org/studies/EGAS00001000090
COHO:0000348	owl:NamedIndividual		COHO:0000331	UK10K_OBESITY_SCOOP	https://ega-archive.org/studies/EGAS00001000124
COHO:0000348	owl:NamedIndividual		COHO:0000349	UK10K_RARE_NEUROMUSCULAR	https://ega-archive.org/studies/EGAS00001000101
COHO:0000390	owl:NamedIndividual		COHO:0000577	The Swedish Infrastructure for Medical Population-Based Life-Course and Environmental Research (SIMPLER; https://www.simpler4health.se/w/sh/en) includes data from two large, ongoing population-based studies: the Cohort of Swedish Men (COSM) and the Swedish Mammography Cohort (SMC)58.	https://www.ebi.ac.uk/europepmc/webservices/rest/PMC12987725/fullTextXML
COHO:0000390	owl:NamedIndividual		COHO:0000820	The Swedish Infrastructure for Medical Population-Based Life-Course and Environmental Research (SIMPLER; https://www.simpler4health.se/w/sh/en) includes data from two large, ongoing population-based studies: the Cohort of Swedish Men (COSM) and the Swedish Mammography Cohort (SMC)58.	https://www.ebi.ac.uk/europepmc/webservices/rest/PMC12987725/fullTextXML
COHO:0000398	owl:NamedIndividual		COHO:0000005	The Advanced Study of Aortic Pathology	https://www.ebi.ac.uk/europepmc/webservices/rest/PMC13343581/supplementaryFiles
COHO:0000398	owl:NamedIndividual		COHO:0000037	Barn/Child, Allergy, Milieu, Stockholm, Epidemiology (Genotyping Wave 1)	https://www.ebi.ac.uk/europepmc/webservices/rest/PMC13343581/supplementaryFiles
COHO:0000398	owl:NamedIndividual		COHO:0000045	Cooperative Health Research in the Region of Augsburg	https://static-content.springer.com/esm/art%3A10.1038%2Fs41590-023-01588-w/MediaObjects/41590_2023_1588_MOESM5_ESM.xlsx
COHO:0000398	owl:NamedIndividual		COHO:0000053	DIabetes REsearCh on patient straTification	https://www.ebi.ac.uk/europepmc/webservices/rest/PMC13343581/supplementaryFiles
COHO:0000398	owl:NamedIndividual		COHO:0000064	The Estonian Biobank cohort is a volunteer-based sample of the Estonian resident adult population	https://www.ebi.ac.uk/europepmc/webservices/rest/PMC13343581/supplementaryFiles
COHO:0000398	owl:NamedIndividual		COHO:0000065	European Investigation into Cancer and Nutrition	https://www.ebi.ac.uk/europepmc/webservices/rest/PMC13343581/supplementaryFiles
COHO:0000398	owl:NamedIndividual		COHO:0000130	The Northern Sweden Population Health Study	https://static-content.springer.com/esm/art%3A10.1038%2Fs41590-023-01588-w/MediaObjects/41590_2023_1588_MOESM5_ESM.xlsx
COHO:0000398	owl:NamedIndividual		COHO:0000132	The Orkney Complex Disease Study	https://static-content.springer.com/esm/art%3A10.1038%2Fs41590-023-01588-w/MediaObjects/41590_2023_1588_MOESM5_ESM.xlsx
COHO:0000398	owl:NamedIndividual		COHO:0000142	The PROCARDIS study was funded by 6th Framework Programme of the European Union	https://www.ebi.ac.uk/europepmc/webservices/rest/PMC13343581/supplementaryFiles
COHO:0000398	owl:NamedIndividual		COHO:0000144	Prospective investigation of the Vascularture in Uppsala Seniors	https://www.ebi.ac.uk/europepmc/webservices/rest/PMC13343581/supplementaryFiles
COHO:0000398	owl:NamedIndividual		COHO:0000148	Rotterdam Study III	https://www.ebi.ac.uk/europepmc/webservices/rest/PMC13343581/supplementaryFiles
COHO:0000398	owl:NamedIndividual		COHO:0000150	the Sahlgrenska Academy Study on Ischemic Stroke	https://www.ebi.ac.uk/europepmc/webservices/rest/PMC13343581/supplementaryFiles
COHO:0000398	owl:NamedIndividual		COHO:0000159	STANLEY / SWEBIC	https://static-content.springer.com/esm/art%3A10.1038%2Fs41590-023-01588-w/MediaObjects/41590_2023_1588_MOESM5_ESM.xlsx
COHO:0000398	owl:NamedIndividual		COHO:0000164	The Fenland study is a population-based cohort study of 12,435 participants	https://www.ebi.ac.uk/europepmc/webservices/rest/PMC13343581/supplementaryFiles
COHO:0000398	owl:NamedIndividual		COHO:0000166	HELIC MANOLIS	https://www.ebi.ac.uk/europepmc/webservices/rest/PMC13343581/supplementaryFiles
COHO:0000398	owl:NamedIndividual		COHO:0000184	The INTERVAL study	https://static-content.springer.com/esm/art%3A10.1038%2Fs41590-023-01588-w/MediaObjects/41590_2023_1588_MOESM5_ESM.xlsx
COHO:0000398	owl:NamedIndividual		COHO:0000194	Uppsala Longitudinal Study of Adult Men	https://www.ebi.ac.uk/europepmc/webservices/rest/PMC13343581/supplementaryFiles
COHO:0000398	owl:NamedIndividual		COHO:0000287	The LifeLines-DEEP cohort (LLD) is a sub-cohort of 1,539 participants from the LifeLines study.	https://www.ebi.ac.uk/europepmc/webservices/rest/PMC13343581/supplementaryFiles
COHO:0000398	owl:NamedIndividual		COHO:0000385	The Framingham Heart Study is a community-based longitudinal study established in 1948	https://www.ebi.ac.uk/europepmc/webservices/rest/PMC13343581/supplementaryFiles
COHO:0000398	owl:NamedIndividual		COHO:0000409	WHI	https://www.ebi.ac.uk/europepmc/webservices/rest/PMC9047645/supplementaryFiles
COHO:0000398	owl:NamedIndividual		COHO:0000422	Kadoorie biobank Pancreatic cancer 1400 1	http://www.scallop-consortium.com/
COHO:0000398	owl:NamedIndividual		COHO:0000425	CARDIA Prospective, young adults 2000 2	http://www.scallop-consortium.com/
COHO:0000398	owl:NamedIndividual		COHO:0000430	HELIC POMAK	https://www.ebi.ac.uk/europepmc/webservices/rest/PMC13343581/supplementaryFiles
COHO:0000398	owl:NamedIndividual		COHO:0000458	Epidemiological Investigation of Rheumatoid Arthritis	https://static-content.springer.com/esm/art%3A10.1038%2Fs41590-023-01588-w/MediaObjects/41590_2023_1588_MOESM5_ESM.xlsx
COHO:0000398	owl:NamedIndividual		COHO:0000477	the Stabilization of Atherosclerotic Plaque by Initiation of Darapladib Therapy trial	https://static-content.springer.com/esm/art%3A10.1038%2Fs41590-023-01588-w/MediaObjects/41590_2023_1588_MOESM5_ESM.xlsx
COHO:0000398	owl:NamedIndividual		COHO:0000478	Swedish BioFinder study	https://static-content.springer.com/esm/art%3A10.1038%2Fs41590-023-01588-w/MediaObjects/41590_2023_1588_MOESM5_ESM.xlsx
COHO:0000398	owl:NamedIndividual		COHO:0000479	The CROATIA-Vis study includes 1,008 Croatians	https://www.ebi.ac.uk/europepmc/webservices/rest/PMC13343581/supplementaryFiles
COHO:0000398	owl:NamedIndividual		COHO:0000543	Relationship between Insulin Sensitivity and Cardiovascular disease	https://www.ebi.ac.uk/europepmc/webservices/rest/PMC13343581/supplementaryFiles
COHO:0000398	owl:NamedIndividual		COHO:0000577	Swedish Mammography Cohort Clinical, a subcohort within the national research infrastructure SIMPLER	https://www.ebi.ac.uk/europepmc/webservices/rest/PMC13343581/supplementaryFiles
COHO:0000398	owl:NamedIndividual		COHO:0000699	Lothian Birth Cohort 1936	https://www.ebi.ac.uk/europepmc/webservices/rest/PMC13343581/supplementaryFiles
COHO:0000398	owl:NamedIndividual		COHO:0000787	Malmö Preventive Project	https://www.ebi.ac.uk/europepmc/webservices/rest/PMC13343581/supplementaryFiles
COHO:0000398	owl:NamedIndividual		COHO:0000820	Cohort of Swedish Men - Clinical, a subcohort within the national research infrastructure SIMPLER	https://www.ebi.ac.uk/europepmc/webservices/rest/PMC13343581/supplementaryFiles
COHO:0000400	owl:NamedIndividual		COHO:0000792	The Religious Orders Study (ROS) and Rush Memory and Aging Project (MAP) began in 1994 and 1997 respectively (together referred to as ROSMAP).	https://www.ncbi.nlm.nih.gov/research/bionlp/RESTful/pmcoa.cgi/BioC_xml/PMC6380522/unicode
COHO:0000400	owl:NamedIndividual		COHO:0000810	The Religious Orders Study (ROS) and Rush Memory and Aging Project (MAP) began in 1994 and 1997 respectively (together referred to as ROSMAP).	https://www.ncbi.nlm.nih.gov/research/bionlp/RESTful/pmcoa.cgi/BioC_xml/PMC6380522/unicode
COHO:0000411	owl:NamedIndividual		COHO:0000530	The population-based cohorts in the KoGES, including the KoGES_Ansan and Ansung study, the KoGES_health examinee (HEXA) study and the KoGES_cardiovascular disease association study (CAVAS), consist of community-dwellers and participants recruited from the national health examinee registry, men and women	https://www.ebi.ac.uk/europepmc/webservices/rest/PMC5837648/fullTextXML
COHO:0000411	owl:NamedIndividual		COHO:0000600	The population-based cohorts in the KoGES, including the KoGES_Ansan and Ansung study, the KoGES_health examinee (HEXA) study and the KoGES_cardiovascular disease association study (CAVAS), consist of community-dwellers and participants recruited from the national health examinee registry, men and women	https://www.ebi.ac.uk/europepmc/webservices/rest/PMC5837648/fullTextXML
COHO:0000411	owl:NamedIndividual		COHO:0000629	The population-based cohorts in the KoGES, including the KoGES_Ansan and Ansung study, the KoGES_health examinee (HEXA) study and the KoGES_cardiovascular disease association study (CAVAS), consist of community-dwellers and participants recruited from the national health examinee registry, men and women	https://www.ebi.ac.uk/europepmc/webservices/rest/PMC5837648/fullTextXML
COHO:0000416	owl:NamedIndividual		COHO:0001274	To date, we have screened ∼6500 Amish adults for a variety of risk factors related to cardiovascular disease (Mitchell et al. 2008), diabetes (Hsueh et al. 2000), and osteoporosis (Streeten et al. 2006) as part of the Amish Complex Disease Research Program (ACDRP).	https://www.ebi.ac.uk/europepmc/webservices/rest/PMC5015947/fullTextXML
COHO:0000416	owl:NamedIndividual		COHO:0001839	To date, we have screened ∼6500 Amish adults for a variety of risk factors related to cardiovascular disease (Mitchell et al. 2008), diabetes (Hsueh et al. 2000), and osteoporosis (Streeten et al. 2006) as part of the Amish Complex Disease Research Program (ACDRP).	https://www.ebi.ac.uk/europepmc/webservices/rest/PMC5015947/fullTextXML
COHO:0000435	owl:NamedIndividual		COHO:0000760	University of Oulu has collected several extensive population survey data sets, such as the Northern Finland Birth Cohorts NFBC1966 and NFBC1986, and two cohorts from northern Finland aging individuals Oulu1935 and Oulu1945.	https://www.oulu.fi/en/university/faculties-and-units/faculty-medicine/northern-finland-birth-cohorts-and-arctic-biobank
COHO:0000435	owl:NamedIndividual		COHO:0001213	University of Oulu has collected several extensive population survey data sets, such as the Northern Finland Birth Cohorts NFBC1966 and NFBC1986, and two cohorts from northern Finland aging individuals Oulu1935 and Oulu1945.	https://www.oulu.fi/en/university/faculties-and-units/faculty-medicine/northern-finland-birth-cohorts-and-arctic-biobank
COHO:0000444	owl:NamedIndividual		COHO:0000011	Atherosclerosis Risk in Communities Study	https://www.chargeconsortium.com/
COHO:0000444	owl:NamedIndividual		COHO:0000119	Multi-Ethnic Study of Atherosclerosis	https://www.chargeconsortium.com/
COHO:0000444	owl:NamedIndividual		COHO:0000148	Rotterdam Study	https://www.chargeconsortium.com/
COHO:0000444	owl:NamedIndividual		COHO:0000378	The design of the Cohorts for Heart and Aging Research in Genomic Epidemiology Consortium includes 5 prospective cohort studies from the United States and Europe: the Age, Gene/Environment Susceptibility-Reykjavik Study, the Atherosclerosis Risk in Communities Study, the Cardiovascular Health Study, the Framingham Heart Study, and the Rotterdam Study.	https://www.ebi.ac.uk/europepmc/webservices/rest/search?query=EXT_ID%3A20031568+AND+SRC%3AMED&format=json&resultType=core
COHO:0000444	owl:NamedIndividual		COHO:0000381	Jackson Heart Study	https://www.chargeconsortium.com/
COHO:0000444	owl:NamedIndividual		COHO:0000384	The design of the Cohorts for Heart and Aging Research in Genomic Epidemiology Consortium includes 5 prospective cohort studies from the United States and Europe: the Age, Gene/Environment Susceptibility-Reykjavik Study, the Atherosclerosis Risk in Communities Study, the Cardiovascular Health Study, the Framingham Heart Study, and the Rotterdam Study.	https://www.ebi.ac.uk/europepmc/webservices/rest/search?query=EXT_ID%3A20031568+AND+SRC%3AMED&format=json&resultType=core
COHO:0000444	owl:NamedIndividual		COHO:0000385	The design of the Cohorts for Heart and Aging Research in Genomic Epidemiology Consortium includes 5 prospective cohort studies from the United States and Europe: the Age, Gene/Environment Susceptibility-Reykjavik Study, the Atherosclerosis Risk in Communities Study, the Cardiovascular Health Study, the Framingham Heart Study, and the Rotterdam Study.	https://www.ebi.ac.uk/europepmc/webservices/rest/search?query=EXT_ID%3A20031568+AND+SRC%3AMED&format=json&resultType=core
COHO:0000444	owl:NamedIndividual		COHO:0000386	11 different cohorts of the CHARGE consortium including: the Rotterdam Study (RS-I and RS-II, N = 4119), the Rhineland Study	https://www.ebi.ac.uk/europepmc/webservices/rest/PMC11385583/fullTextXML
COHO:0000444	owl:NamedIndividual		COHO:0000425	Coronary Artery Risk Development in Young Adults	https://www.chargeconsortium.com/
COHO:0000444	owl:NamedIndividual		COHO:0000441	Health, Aging, and Body Composition Study	https://www.chargeconsortium.com/
COHO:0000444	owl:NamedIndividual		COHO:0000582	Family Heart Study	https://www.chargeconsortium.com/
COHO:0000444	owl:NamedIndividual		COHO:0001060	11 different cohorts of the CHARGE consortium including: the Rotterdam Study (RS-I and RS-II, N = 4119), the Rhineland Study (N = 4019), the MEMENTO cohort (N = 2195), the Framingham Heart Study (FHS, N = 2048), the BiDirect study (N = 1899)	https://www.ebi.ac.uk/europepmc/webservices/rest/PMC11385583/fullTextXML
COHO:0000444	owl:NamedIndividual		COHO:0001246	seven cohorts from the Cohorts for heart and aging research in genomic epidemiology (CHARGE) consortium (the Framingham Heart Study (FHS), the Rotterdam Study (RSI and RSII), the MEMENTO Study, the Coronary Artery Risk Development in Young Adults (CARDIA) Study, the Cardiovascular Health Study (CHS), the Vietnam Era Twin Study of Aging (VETSA) Study	https://www.ebi.ac.uk/europepmc/webservices/rest/PMC8993877/fullTextXML
COHO:0000461	owl:NamedIndividual		COHO:0000016	The Avon Longitudinal Study of Parents and their Children (ALSPAC) is a longitudinal population-based birth cohort that recruited pregnant women residing in Avon, UK, with an expected delivery date between 1st April 1991 and 31st December 1992.	https://www.ebi.ac.uk/europepmc/webservices/rest/PMC4057636/supplementaryFiles
COHO:0000461	owl:NamedIndividual		COHO:0000047	9. KORCULA (Polasek et al. 2009) — Croatia. This study was performed in the eastern part of the island of Korčula, Croatia between March and December 2007.	https://www.ebi.ac.uk/europepmc/webservices/rest/PMC4057636/supplementaryFiles
COHO:0000461	owl:NamedIndividual		COHO:0000063	The Erasmus Rucphen Family (ERF) study is a family-based study including over 3 000 individuals from an isolated population in the Southwest region of the Netherlands.	https://www.ebi.ac.uk/europepmc/webservices/rest/PMC4057636/supplementaryFiles
COHO:0000461	owl:NamedIndividual		COHO:0000064	The Estonian cohort comes from the population-based biobank of the Estonian Genome Project of University of Tartu (EGCUT).	https://www.ebi.ac.uk/europepmc/webservices/rest/PMC4057636/supplementaryFiles
COHO:0000461	owl:NamedIndividual		COHO:0000070	The Finnish twin cohort consisted of 30 654 respondents, of which 28 767 completed the Eysenck Personality Inventory (EPI; an alternative version of the EPQ) at least once.	https://www.ebi.ac.uk/europepmc/webservices/rest/PMC4057636/supplementaryFiles
COHO:0000461	owl:NamedIndividual		COHO:0000125	Data on personality in the Netherlands Twin Register (NTR) were collected as part of a longitudinal study on health, personality and lifestyle in adolescent and adult twins and their relatives	https://www.ebi.ac.uk/europepmc/webservices/rest/PMC4057636/supplementaryFiles
COHO:0000461	owl:NamedIndividual		COHO:0000128	13. NBS (Kiemeney et al. 2008) — The Netherlands. In 2000 a study was initiated among the inhabitants of the municipality of Nijmegen by different departments of the Radboud University Nijmegen Medical Centre	https://www.ebi.ac.uk/europepmc/webservices/rest/PMC4057636/supplementaryFiles
COHO:0000461	owl:NamedIndividual		COHO:0000132	The Orkney Complex Disease Study (ORCADES) is a genetic epidemiology study based in an isolated population in the north of Scotland.	https://www.ebi.ac.uk/europepmc/webservices/rest/PMC4057636/supplementaryFiles
COHO:0000461	owl:NamedIndividual		COHO:0000160	For the Swedish Twin Registry (STR), in 1970 a cohort of twins born in 1926–67 was compiled, by use of nationalized birth registrations.	https://www.ebi.ac.uk/europepmc/webservices/rest/PMC4057636/supplementaryFiles
COHO:0000461	owl:NamedIndividual		COHO:0000195	The Baltimore Longitudinal Study of Aging (BLSA) is an ongoing multidisciplinary study of community-dwelling volunteers.	https://www.ebi.ac.uk/europepmc/webservices/rest/PMC4057636/supplementaryFiles
COHO:0000461	owl:NamedIndividual		COHO:0000420	The Young Finns Study is an ongoing multicenter follow-up study of Finnish children and adolescents started in 1980 with a baseline sample of 3 596 individuals.	https://www.ebi.ac.uk/europepmc/webservices/rest/PMC4057636/supplementaryFiles
COHO:0000461	owl:NamedIndividual		COHO:0000433	The Generation Scotland cohort (N=9,786) was included for replication of GWA top results.	https://www.ncbi.nlm.nih.gov/research/bionlp/RESTful/pmcoa.cgi/BioC_xml/PMC4667957/unicode
COHO:0000461	owl:NamedIndividual		COHO:0000440	The NESDA data for the present study were drawn from the Netherlands Study of Depression and Anxiety(Penninx et al.), an ongoing longitudinal cohort study aimed at examining the long-term course of depressive and anxiety disorders in different health care settings and phases of illness.	https://www.ebi.ac.uk/europepmc/webservices/rest/PMC4057636/supplementaryFiles
COHO:0000461	owl:NamedIndividual		COHO:0000445	The Helsinki Birth Cohort Study (HBCS) is composed of 8 760 individuals born between the years 1934 and 1944 in one of the two main maternity hospitals in Helsinki, Finland.	https://www.ebi.ac.uk/europepmc/webservices/rest/PMC4057636/supplementaryFiles
COHO:0000461	owl:NamedIndividual		COHO:0000479	22. VIS (Ivkovic et al. 2007) — Croatia. Adult participants living in the villages of Komiza and Vis on the Croatian island of Vis were recruited in May 2003 and May 2004 for a large genetic study.	https://www.ebi.ac.uk/europepmc/webservices/rest/PMC4057636/supplementaryFiles
COHO:0000461	owl:NamedIndividual		COHO:0000542	Data from the Minnesota Center for Twin and Family Research (MCTFR) were collected as part of two different longitudinal studies, the Minnesota Twin Family Study (MTFS) and the Sibling Interaction and Behavior Study (SIBS).	https://www.ebi.ac.uk/europepmc/webservices/rest/PMC4057636/supplementaryFiles
COHO:0000461	owl:NamedIndividual		COHO:0000699	The Lothian Birth Cohort 1936 (LBC1936) study consists of a cohort of 1 091 individuals born in 1936.	https://www.ebi.ac.uk/europepmc/webservices/rest/PMC4057636/supplementaryFiles
COHO:0000461	owl:NamedIndividual		COHO:0000700	The Lothian Birth Cohort 1921 (LBC1921) study consists of a cohort of 550 individuals born in 1921.	https://www.ebi.ac.uk/europepmc/webservices/rest/PMC4057636/supplementaryFiles
COHO:0000461	owl:NamedIndividual		COHO:0000720	17. PAGES (van den Oord et al. 2008) — Germany. In this German cohort, healthy control participants were randomly selected from the general population of Munich, Germany, and contacted by mail.	https://www.ebi.ac.uk/europepmc/webservices/rest/PMC4057636/supplementaryFiles
COHO:0000461	owl:NamedIndividual		COHO:0000727	COGEND was initiated in 2001 as a three-part program project grant funded through the National Cancer Institute (NCI; PI: Laura Bierut).	https://www.ebi.ac.uk/europepmc/webservices/rest/PMC4057636/supplementaryFiles
COHO:0000461	owl:NamedIndividual		COHO:0000772	The sample used in this study consisted of 649 participants drawn from the Collaborative Study on the Genetics of Alcoholism (COGA) that all completed the TCI.	https://www.ebi.ac.uk/europepmc/webservices/rest/PMC4057636/supplementaryFiles
COHO:0000466	owl:NamedIndividual		COHO:0000428	V.R., T.T., G.E., D.F.G., K.S., and T.T. contributed the deCODE cohort to the GENOA analysis.	https://www.ebi.ac.uk/europepmc/webservices/rest/PMC9546890/fullTextXML
COHO:0000466	owl:NamedIndividual		COHO:0000628	JG, HRK, and HZ contributed the Yale-Penn cohort to the GENOA analysis.	https://www.ebi.ac.uk/europepmc/webservices/rest/PMC9546890/fullTextXML
COHO:0000466	owl:NamedIndividual		COHO:0000772	LW, DL, KB, TF, AA, BP, and HE contributed the COGA cohort to the GENOA analysis.	https://www.ebi.ac.uk/europepmc/webservices/rest/PMC9546890/fullTextXML
COHO:0000471	owl:NamedIndividual		COHO:0000208	Both cohorts are part of the Human Functional Genomics Project (wwww.humanfunctionalgenomics.org), aimed at identifying the genetic and non-genetic determinants of the immune response.	https://www.ebi.ac.uk/europepmc/webservices/rest/PMC10851559/fullTextXML
COHO:0000471	owl:NamedIndividual		COHO:0000447	The 500FG cohort consists of 534 healthy individuals of Caucasian origin and is part of the Human Functional Genomics Project (HFGP).	https://www.ncbi.nlm.nih.gov/research/bionlp/RESTful/pmcoa.cgi/BioC_xml/PMC5787854/unicode
COHO:0000471	owl:NamedIndividual		COHO:0000502	Both cohorts were enrolled within the Human Functional Genomics Project (https://www.humanfunctionalgenomics.org).	https://www.ebi.ac.uk/europepmc/webservices/rest/PMC10473835/fullTextXML
COHO:0000471	owl:NamedIndividual		COHO:0000631	The 300-Obese (300-OB) cohort, one of the studies of the Human Functional Genomics Project, comprises a group of more than 300 individuals of Western-European ancestry with a body mass index (BMI) greater than or equal to greater than or equal to 27 kg/m2, aged between 55 and 80 years (12).	https://www.ebi.ac.uk/europepmc/webservices/rest/PMC7320834/fullTextXML
COHO:0000472	owl:NamedIndividual		COHO:0000451	The red blood cell (RBC)-Omics study, part of the larger NHLBI-funded Recipient Epidemiology and Donor Evaluation Study (REDS-III), aims to understand the genetic contribution to blood donor RBC characteristics.	https://www.ebi.ac.uk/europepmc/webservices/rest/PMC9763692/fullTextXML
COHO:0000472	owl:NamedIndividual		COHO:0001397	The Brazil SCD Cohort Study is part of the National Institutes of Health, National Heart Lung and Blood Institute (NHLBI) REDS-III program.	https://www.ncbi.nlm.nih.gov/research/bionlp/RESTful/pmcoa.cgi/BioC_xml/PMC10155195/unicode
COHO:0000480	owl:NamedIndividual		COHO:0000366	Knight Alzheimer's Disease Research Center	https://www.nia.nih.gov/health/clinical-trials-and-studies/alzheimers-disease-research-centers
COHO:0000480	owl:NamedIndividual		COHO:0000379	Stanford Alzheimer’s Disease Research Center	https://www.nia.nih.gov/health/clinical-trials-and-studies/alzheimers-disease-research-centers
COHO:0000480	owl:NamedIndividual		COHO:0000414	Wisconsin Alzheimer's Disease Research Center	https://www.nia.nih.gov/health/clinical-trials-and-studies/alzheimers-disease-research-centers
COHO:0000491	owl:NamedIndividual		COHO:0000383	To facilitate genomic research and participation in eMERGE, the Biobank undertook a plan to conduct genomewide genotyping of 25,000 samples.	https://www.ebi.ac.uk/europepmc/webservices/rest/PMC4810384/fullTextXML
COHO:0000491	owl:NamedIndividual		COHO:0000417	The eMERGE type 2 diabetes GWAS population is comprised of samples from NUgene and BioVU at Vanderbilt University	https://www.ebi.ac.uk/europepmc/webservices/rest/PMC3038887/fullTextXML
COHO:0000491	owl:NamedIndividual		COHO:0000424	The Mount Sinai BioMe Biobank Program is supported by the Andrea and Charles Bronfman Philanthropies.	https://www.ebi.ac.uk/europepmc/webservices/rest/PMC3795928/fullTextXML
COHO:0000491	owl:NamedIndividual		COHO:0000448	The Geisinger eMERGE III study involves a subset of participants that are enrolled in the systemwide biobank, MyCodeTM Community Health Initiative (MyCode CHI) who have been consented for re-contact regarding research opportunities and opted to receive research results.	https://www.ebi.ac.uk/europepmc/webservices/rest/PMC5872076/fullTextXML
COHO:0000491	owl:NamedIndividual		COHO:0000483	Group Health's primary phenotype of interest is Alzheimer's Disease (AD) using dementia cases and controls within the GH biorepository, based on gold-standard research diagnoses. A 2-stage screening process was used to identify cases in ACT.	https://www.ebi.ac.uk/europepmc/webservices/rest/PMC3038887/fullTextXML
COHO:0000491	owl:NamedIndividual		COHO:0000489	In August 2012, following a request for applications22 for pediatric sites, eMERGE membership was extended to Children's Hospital of Philadelphia and a joint membership for Cincinnati Children's Hospital and Boston Children's Hospital (Figure 1).	https://www.ebi.ac.uk/europepmc/webservices/rest/PMC3795928/fullTextXML
COHO:0000491	owl:NamedIndividual		COHO:0000790	Through its participation in the eMERGE consortium,15, 16 the NUgene biobank selected 900 participants for WGS.	https://www.ebi.ac.uk/europepmc/webservices/rest/PMC7033893/fullTextXML
COHO:0000491	owl:NamedIndividual		COHO:0000873	(b) The structured data-driven phenotyping algorithm was used in two eMERGE sites (Marshfield, Mount Sinai).	https://www.ebi.ac.uk/europepmc/webservices/rest/PMC10191288/fullTextXML
COHO:0000518	owl:NamedIndividual		COHO:0000115	The ADGC cohorts include: Adult Changes in Thought (ACT), the Alzheimer's Disease Centers (ADC), the Chicago Health and Aging Project (CHAP), the Memory and Aging Project (MAP), Mayo Clinic (MAYO), Mayo Parkinson's Disease controls, University of Miami, the Multi-Institutional Research in Alzheimer's Genetic Epidemiology Study (MIRAGE), the National Cell Repository for Alzheimer's Disease (NCRAD), the National Institute on Aging Late Onset Alzheimer's Disease Family Study (NIA-LOAD), the Religious Orders Study (ROS), the Texas Alzheimer's Research and Care Consortium (TARC), Vanderbilt University/Case Western Reserve University (VAN/CWRU), the Washington Heights-Inwood Columbia Aging Project (WHICAP) and the Washington University Sequencing Project (WUSP), the Columbia University Hispanic-Estudio Familiar de Influencia Genetica de Alzheimer (EFIGA), the University of Toronto (UT), and Genetic Differences (GD).	https://www.ebi.ac.uk/europepmc/webservices/rest/PMC5893779/fullTextXML
COHO:0000518	owl:NamedIndividual		COHO:0000366	Finally, the Knight-ADRC contributes data to the following genetic and genomic NIH funded initiatives: National Alzheimer Coordinating Center (NCRAD), Alzheimer Disease Genetics Consortium (ADGC), National Institute on Aging Genetics of Alzheimer’s Disease Data Storage (NIAGADs), Alzheimer Disease Neuroimaging Initiative (ADNI), Alzheimer’s Disease Sequencing Project (ADSP), Global Neurodegeneration Proteomics Consortium (GNPC), and the Alzheimer Clinical Trials Consortium (ACTC).	https://www.ebi.ac.uk/europepmc/webservices/rest/PMC11245521/fullTextXML
COHO:0000518	owl:NamedIndividual		COHO:0000367	The ADGC dataset comprises subjects from 35 datasets including two waves of the Adult Changes in Thought (ACT) cohort study [ACT1/ACT2]; ten waves of cases and cognitively normal controls from the National Institute on Aging (NIA) Alzheimer Disease Centers (ADCs); the Alzheimer Disease Neuroimaging Initiative (ADNI); the Biomarkers of Cognitive Decline Among Normal Individuals (BIOCARD) Cohort; two waves of the Religious Orders Study/Memory and Aging Project (ROSMAP1-2) and the Chicago Health and Aging Project (CHAP) cohort studies at Rush University	https://www.ebi.ac.uk/europepmc/webservices/rest/PMC12092188/supplementaryFiles
COHO:0000518	owl:NamedIndividual		COHO:0000400	The ADGC dataset comprises subjects from 35 datasets including two waves of the Adult Changes in Thought (ACT) cohort study [ACT1/ACT2]; ten waves of cases and cognitively normal controls from the National Institute on Aging (NIA) Alzheimer Disease Centers (ADCs); the Alzheimer Disease Neuroimaging Initiative (ADNI); the Biomarkers of Cognitive Decline Among Normal Individuals (BIOCARD) Cohort; two waves of the Religious Orders Study/Memory and Aging Project (ROSMAP1-2) and the Chicago Health and Aging Project (CHAP) cohort studies at Rush University	https://www.ebi.ac.uk/europepmc/webservices/rest/PMC12092188/supplementaryFiles
COHO:0000518	owl:NamedIndividual		COHO:0000480	The ADGC dataset comprises subjects from 35 datasets including two waves of the Adult Changes in Thought (ACT) cohort study [ACT1/ACT2]; ten waves of cases and cognitively normal controls from the National Institute on Aging (NIA) Alzheimer Disease Centers (ADCs); the Alzheimer Disease Neuroimaging Initiative (ADNI); the Biomarkers of Cognitive Decline Among Normal Individuals (BIOCARD) Cohort; two waves of the Religious Orders Study/Memory and Aging Project (ROSMAP1-2) and the Chicago Health and Aging Project (CHAP) cohort studies at Rush University	https://www.ebi.ac.uk/europepmc/webservices/rest/PMC12092188/supplementaryFiles
COHO:0000518	owl:NamedIndividual		COHO:0000483	The ADGC cohorts include: Adult Changes in Thought (ACT), the Alzheimer's Disease Centers (ADC), the Chicago Health and Aging Project (CHAP), the Memory and Aging Project (MAP), Mayo Clinic (MAYO), Mayo Parkinson's Disease controls, University of Miami, the Multi-Institutional Research in Alzheimer's Genetic Epidemiology Study (MIRAGE), the National Cell Repository for Alzheimer's Disease (NCRAD), the National Institute on Aging Late Onset Alzheimer's Disease Family Study (NIA-LOAD), the Religious Orders Study (ROS), the Texas Alzheimer's Research and Care Consortium (TARC), Vanderbilt University/Case Western Reserve University (VAN/CWRU), the Washington Heights-Inwood Columbia Aging Project (WHICAP) and the Washington University Sequencing Project (WUSP), the Columbia University Hispanic-Estudio Familiar de Influencia Genetica de Alzheimer (EFIGA), the University of Toronto (UT), and Genetic Differences (GD).	https://www.ebi.ac.uk/europepmc/webservices/rest/PMC5893779/fullTextXML
COHO:0000518	owl:NamedIndividual		COHO:0000669	The ADGC cohorts include: Adult Changes in Thought (ACT), the Alzheimer's Disease Centers (ADC), the Chicago Health and Aging Project (CHAP), the Memory and Aging Project (MAP), Mayo Clinic (MAYO), Mayo Parkinson's Disease controls, University of Miami, the Multi-Institutional Research in Alzheimer's Genetic Epidemiology Study (MIRAGE), the National Cell Repository for Alzheimer's Disease (NCRAD), the National Institute on Aging Late Onset Alzheimer's Disease Family Study (NIA-LOAD), the Religious Orders Study (ROS), the Texas Alzheimer's Research and Care Consortium (TARC), Vanderbilt University/Case Western Reserve University (VAN/CWRU), the Washington Heights-Inwood Columbia Aging Project (WHICAP) and the Washington University Sequencing Project (WUSP), the Columbia University Hispanic-Estudio Familiar de Influencia Genetica de Alzheimer (EFIGA), the University of Toronto (UT), and Genetic Differences (GD).	https://www.ebi.ac.uk/europepmc/webservices/rest/PMC5893779/fullTextXML
COHO:0000518	owl:NamedIndividual		COHO:0000719	The ADGC collaborating studies include the Adult Changes in Thought study (ACT; Eric B. Larson, PI), the Mayo Clinic Alzheimer's Disease Research Center (MAYO; Steven G. Younkin, PI), the University of Miami Brain Endowment Bank (MBB; Deborah Mash, PI), the National Institute on Aging Late-Onset Alzheimer's Disease Family Study (NIA-LOAD; Richard Mayeux, PI), the Oregon Health & Science University Alzheimer's Disease Center (OHSU; Patricia Kramer, PI), the Religious Orders Study and Memory and Aging Project (ROSMAP; David Bennett, PI), the Translational Genomics Research Institute (TGEN; Eric Reiman, PI), the University of Pittsburgh Alzheimer's Disease Research Center (UP; Kamboh, PI), the University of Miami Hussman Institute for Human Genomics (UM; Pericak-Vance, PI), the Vanderbilt University Center for Human Genetics Research (VU; Jonathan Haines, PI), and the Mount Sinai School of Medicine (MSSM; Joseph Buxbaum PI) (see Table S16 for details; descriptive statistics found in Table S17).	https://www.ebi.ac.uk/europepmc/webservices/rest/PMC4154667/fullTextXML
COHO:0000518	owl:NamedIndividual		COHO:0000723	The ADGC cohorts include: Adult Changes in Thought (ACT), the Alzheimer's Disease Centers (ADC), the Chicago Health and Aging Project (CHAP), the Memory and Aging Project (MAP), Mayo Clinic (MAYO), Mayo Parkinson's Disease controls, University of Miami, the Multi-Institutional Research in Alzheimer's Genetic Epidemiology Study (MIRAGE), the National Cell Repository for Alzheimer's Disease (NCRAD), the National Institute on Aging Late Onset Alzheimer's Disease Family Study (NIA-LOAD), the Religious Orders Study (ROS), the Texas Alzheimer's Research and Care Consortium (TARC), Vanderbilt University/Case Western Reserve University (VAN/CWRU), the Washington Heights-Inwood Columbia Aging Project (WHICAP) and the Washington University Sequencing Project (WUSP), the Columbia University Hispanic-Estudio Familiar de Influencia Genetica de Alzheimer (EFIGA), the University of Toronto (UT), and Genetic Differences (GD).	https://www.ebi.ac.uk/europepmc/webservices/rest/PMC5893779/fullTextXML
COHO:0000518	owl:NamedIndividual		COHO:0000780	The ADGC dataset comprises subjects from 35 datasets including two waves of the Adult Changes in Thought (ACT) cohort study [ACT1/ACT2]; ten waves of cases and cognitively normal controls from the National Institute on Aging (NIA)Alzheimer DiseaseCenters (ADCs); the Alzheimer Disease Neuroimaging Initiative (ADNI); the Biomarkers of Cognitive Decline Among Normal Individuals (BIOCARD) Cohort; two waves of the Religious Orders Study/Memory and Aging Project (ROSMAP1-2) and the Chicago Health and Aging Project (CHAP) cohort studies at Rush University; the Einstein Aging Study (EAS); the Multi-Site Collaborative Study for Genotype-Phenotype Associations in Alzheimer’s Disease (GenADA) Study by GlaxoSmithKline	https://www.ebi.ac.uk/europepmc/webservices/rest/PMC12092188/supplementaryFiles
COHO:0000518	owl:NamedIndividual		COHO:0000799	The ADGC collaborating studies include the Adult Changes in Thought study (ACT; Eric B. Larson, PI), the Mayo Clinic Alzheimer's Disease Research Center (MAYO; Steven G. Younkin, PI), the University of Miami Brain Endowment Bank (MBB; Deborah Mash, PI), the National Institute on Aging Late-Onset Alzheimer's Disease Family Study (NIA-LOAD; Richard Mayeux, PI), the Oregon Health & Science University Alzheimer's Disease Center (OHSU; Patricia Kramer, PI), the Religious Orders Study and Memory and Aging Project (ROSMAP; David Bennett, PI), the Translational Genomics Research Institute (TGEN; Eric Reiman, PI), the University of Pittsburgh Alzheimer's Disease Research Center (UP; Kamboh, PI), the University of Miami Hussman Institute for Human Genomics (UM; Pericak-Vance, PI), the Vanderbilt University Center for Human Genetics Research (VU; Jonathan Haines, PI), and the Mount Sinai School of Medicine (MSSM; Joseph Buxbaum PI) (see Table S16 for details; descriptive statistics found in Table S17).	https://www.ebi.ac.uk/europepmc/webservices/rest/PMC4154667/fullTextXML
COHO:0000518	owl:NamedIndividual		COHO:0000803	The ADGC collaborating studies include the Adult Changes in Thought study (ACT; Eric B. Larson, PI), the Mayo Clinic Alzheimer's Disease Research Center (MAYO; Steven G. Younkin, PI), the University of Miami Brain Endowment Bank (MBB; Deborah Mash, PI), the National Institute on Aging Late-Onset Alzheimer's Disease Family Study (NIA-LOAD; Richard Mayeux, PI), the Oregon Health & Science University Alzheimer's Disease Center (OHSU; Patricia Kramer, PI), the Religious Orders Study and Memory and Aging Project (ROSMAP; David Bennett, PI), the Translational Genomics Research Institute (TGEN; Eric Reiman, PI), the University of Pittsburgh Alzheimer's Disease Research Center (UP; Kamboh, PI), the University of Miami Hussman Institute for Human Genomics (UM; Pericak-Vance, PI), the Vanderbilt University Center for Human Genetics Research (VU; Jonathan Haines, PI), and the Mount Sinai School of Medicine (MSSM; Joseph Buxbaum PI) (see Table S16 for details; descriptive statistics found in Table S17).	https://www.ebi.ac.uk/europepmc/webservices/rest/PMC4154667/fullTextXML
COHO:0000518	owl:NamedIndividual		COHO:0000807	The ADGC cohorts include: Adult Changes in Thought (ACT), the Alzheimer's Disease Centers (ADC), the Chicago Health and Aging Project (CHAP), the Memory and Aging Project (MAP), Mayo Clinic (MAYO), Mayo Parkinson's Disease controls, University of Miami, the Multi-Institutional Research in Alzheimer's Genetic Epidemiology Study (MIRAGE), the National Cell Repository for Alzheimer's Disease (NCRAD), the National Institute on Aging Late Onset Alzheimer's Disease Family Study (NIA-LOAD), the Religious Orders Study (ROS), the Texas Alzheimer's Research and Care Consortium (TARC), Vanderbilt University/Case Western Reserve University (VAN/CWRU), the Washington Heights-Inwood Columbia Aging Project (WHICAP) and the Washington University Sequencing Project (WUSP), the Columbia University Hispanic-Estudio Familiar de Influencia Genetica de Alzheimer (EFIGA), the University of Toronto (UT), and Genetic Differences (GD).	https://www.ebi.ac.uk/europepmc/webservices/rest/PMC5893779/fullTextXML
COHO:0000518	owl:NamedIndividual		COHO:0001041	The ADGC dataset comprises subjects from 35 datasets including two waves of the Adult Changes in Thought (ACT) cohort study [ACT1/ACT2]; ten waves of cases and cognitively normal controls from the National Institute on Aging (NIA)Alzheimer DiseaseCenters (ADCs); the Alzheimer Disease Neuroimaging Initiative (ADNI); the Biomarkers of Cognitive Decline Among Normal Individuals (BIOCARD) Cohort; two waves of the Religious Orders Study/Memory and Aging Project (ROSMAP1-2) and the Chicago Health and Aging Project (CHAP) cohort studies at Rush University; the Einstein Aging Study (EAS); the Multi-Site Collaborative Study for Genotype-Phenotype Associations in Alzheimer’s Disease (GenADA) Study by GlaxoSmithKline; Mayo Clinic Jacksonville (MAYO) and Rochester (RMAYO) case- control datasets; the Multi-Institutional Research in Alzheimer's Genetic Epidemiology (MIRAGE) study; the NIA Late-Onset Alzheimer’s Disease (LOAD) Family Study (NIA-LOAD); the Netherlands Brain Bank (NBB) case-control dataset; the Oregon Health and Science University(OHSU)case-controldataset;thePfizercase-controldataset;theTexasAlzheimer’s Research and Care Consortium (TARCC) dataset; the Translational Genomics Research Institute series 2 (TGEN2) dataset; the University of Miami (UM)/ Case Western Reserve University (CWRU)/ Mt. Sinai School of Medicine (MSSM) and UM/CWRU/TARCC wave 2 datasets [UM/CWRU/MSSM and UM/CWRU/TARCC2]	https://www.ebi.ac.uk/europepmc/webservices/rest/PMC12092188/supplementaryFiles
COHO:0000518	owl:NamedIndividual		COHO:0001070	Descriptions of the ACT1, ADC waves 1-7, ADNI, BIOCARD, CHAP, EAS, GenADA, MAYO, MIRAGE, NIA-LOAD, OHSU, PFIZER, RMAYO, ROSMAP1, ROSMAP2, TARCC, TGEN2, UKS, UM/CWRU/MSSM, UM/CWRU/TARCC2, UPITT, WASHU1, WASHU2, and WHICAP cohorts were provided in previous ADGC and IGAP studies28,36–40 . Here we update descriptions of these studies, where applicable, and provide descriptions for ADC waves 8- 12, as well as the Combined Small Datasets Collection (CSDC).	https://www.ebi.ac.uk/europepmc/webservices/rest/PMC13263136/supplementaryFiles
COHO:0000518	owl:NamedIndividual		COHO:0001128	The ADGC dataset comprises subjects from 35 datasets including the Adult Changes in Thought (ACT) cohort study (ACT1); ten waves of cases and cognitively normal controls from the National Institute on Aging (NIA) Alzheimer Disease Centers (ADCs) and coordinated by the National Alzheimer’s Coordinating Center (NACC); the Alzheimer Disease Neuroimaging Initiative (ADNI); the Biomarkers of Cognitive Decline Among Normal Individuals (BIOCARD) Cohort; two waves of the Religious Orders Study/Memory and Aging Project (ROSMAP1-2) and the Chicago Health and Aging Project (CHAP) cohort studies at Rush University; the Einstein Aging Study (EAS); the Multi-Site Collaborative Study for Genotype-Phenotype Associations in Alzheimer’s Disease (GenADA) Study by GlaxoSmithKline; Mayo Clinic Jacksonville (MAYO) and Rochester (RMAYO) case-control datasets; the Multi-Institutional Research in Alzheimer's Genetic Epidemiology (MIRAGE) study; the NIA Late-Onset Alzheimer’s Disease (LOAD) Family Study (NIA-LOAD); the Oregon Health and Science University (OHSU) case-control dataset; the Pfizer case-control dataset; the Texas Alzheimer’s Research and Care Consortium (TARCC) dataset; the Translational Genomics Research Institute series 2 (TGEN2) dataset; the University of Miami (UM)/Case Western Reserve University (CWRU)/Mt. Sinai School of Medicine (MSSM) and UM/CWRU/TARCC wave 2 datasets [UM/CWRU/MSSM and UM/CWRU/TARCC2]; the Universitatsklinikum Saarlandes (UKS) case-control dataset; the University of Pittsburgh (UPITT) case-control dataset; Washington University (WASHU) wave 1 and 2 case-control datasets [WASHU1/WASHU2]; and the Washington Heights-Inwood Community Aging Project (WHICAP) study datasets.	https://www.ebi.ac.uk/europepmc/webservices/rest/PMC13263136/supplementaryFiles
COHO:0000533	owl:NamedIndividual		COHO:0000938	To overcome the above-mentioned issues, we established the Tohoku Medical Megabank (TMM) Project, which is conducted by Tohoku University Tohoku Medical Megabank Organization (ToMMo) and Iwate Medical University Iwate Tohoku Medical Megabank Organization (IMM).9 We decided to conduct the TMM Project in Miyagi and Iwate Prefectures and started two prospective cohort studies in Miyagi and Iwate Prefectures: a population-based adult cohort study, the TMM Community-Based Cohort Study (TMM CommCohort Study), which recruited more than 80,000 participants, and a birth and three-generation cohort study, the TMM Birth and Three-Generation Cohort Study (TMM BirThree Cohort Study), which recruited more than 70,000 participants, including fetuses and their parents, siblings, grandparents, and extended family members.10	https://www.ebi.ac.uk/europepmc/webservices/rest/PMC7738642/fullTextXML
COHO:0000533	owl:NamedIndividual		COHO:0000939	To overcome the above-mentioned issues, we established the Tohoku Medical Megabank (TMM) Project, which is conducted by Tohoku University Tohoku Medical Megabank Organization (ToMMo) and Iwate Medical University Iwate Tohoku Medical Megabank Organization (IMM).9 We decided to conduct the TMM Project in Miyagi and Iwate Prefectures and started two prospective cohort studies in Miyagi and Iwate Prefectures: a population-based adult cohort study, the TMM Community-Based Cohort Study (TMM CommCohort Study), which recruited more than 80,000 participants, and a birth and three-generation cohort study, the TMM Birth and Three-Generation Cohort Study (TMM BirThree Cohort Study), which recruited more than 70,000 participants, including fetuses and their parents, siblings, grandparents, and extended family members.10	https://www.ebi.ac.uk/europepmc/webservices/rest/PMC7738642/fullTextXML
COHO:0000536	owl:NamedIndividual		COHO:0000378	AGES	https://www.ebi.ac.uk/europepmc/webservices/rest/PMC7610958/supplementaryFiles
COHO:0000536	owl:NamedIndividual		COHO:0000381	Jackson Heart Study (JHS)	https://www.ebi.ac.uk/europepmc/webservices/rest/PMC7610958/supplementaryFiles
COHO:0000536	owl:NamedIndividual		COHO:0000384	Cardiovascular Health Study (CHS)	https://www.ebi.ac.uk/europepmc/webservices/rest/PMC7610958/supplementaryFiles
COHO:0000536	owl:NamedIndividual		COHO:0000385	Framingham Heart Study (FHS)	https://www.ebi.ac.uk/europepmc/webservices/rest/PMC7610958/supplementaryFiles
COHO:0000536	owl:NamedIndividual		COHO:0000388	Hispanic Community Health Study/Study of Latinos (HCHS/SOL)	https://www.ebi.ac.uk/europepmc/webservices/rest/PMC7610958/supplementaryFiles
COHO:0000536	owl:NamedIndividual		COHO:0000393	Metabolic Sydrome in Met (METSIM)	https://www.ebi.ac.uk/europepmc/webservices/rest/PMC7610958/supplementaryFiles
COHO:0000536	owl:NamedIndividual		COHO:0000412	Netherlands Epidemiology of Obesity (NEO)	https://www.ebi.ac.uk/europepmc/webservices/rest/PMC7610958/supplementaryFiles
COHO:0000536	owl:NamedIndividual		COHO:0000424	The Mount Sinai BioMe Biobank is supported by The Andrea and Charles Bronfman Philanthropies.	https://www.ebi.ac.uk/europepmc/webservices/rest/PMC7610958/supplementaryFiles
COHO:0000536	owl:NamedIndividual		COHO:0000427	Cleveland Family Study (CFS)	https://www.ebi.ac.uk/europepmc/webservices/rest/PMC7610958/supplementaryFiles
COHO:0000536	owl:NamedIndividual		COHO:0000428	We thank participants in deCODE genetic studies whose contribution made this work possible.	https://www.ebi.ac.uk/europepmc/webservices/rest/PMC10484788/supplementaryFiles
COHO:0000536	owl:NamedIndividual		COHO:0000438	Healthy Aging in Neighborhoods of Diversity across the Life Span (HANDLS)	https://www.ebi.ac.uk/europepmc/webservices/rest/PMC7610958/supplementaryFiles
COHO:0000536	owl:NamedIndividual		COHO:0000459	Ludwigshafen Risk and Cardiovascular Health (LURIC)	https://www.ebi.ac.uk/europepmc/webservices/rest/PMC7610958/supplementaryFiles
COHO:0000536	owl:NamedIndividual		COHO:0000463	AMC-PAS: AMC-PAS is grateful to M.D. Trip and S. Sivapalaratnam for their input in collecting the data.	https://www.ebi.ac.uk/europepmc/webservices/rest/PMC3433394/fullTextXML
COHO:0000536	owl:NamedIndividual		COHO:0000521	Airwave	https://www.ebi.ac.uk/europepmc/webservices/rest/PMC10484788/supplementaryFiles
COHO:0000536	owl:NamedIndividual		COHO:0000557	BRIGHT	https://www.ebi.ac.uk/europepmc/webservices/rest/PMC10484788/supplementaryFiles
COHO:0000536	owl:NamedIndividual		COHO:0000567	London Life Science Prospective Population Study (LOLIPOP) IA610	https://www.ebi.ac.uk/europepmc/webservices/rest/PMC7610958/supplementaryFiles
COHO:0000551	owl:NamedIndividual		COHO:0000258	The EADB studies (EADI, Bonn, DemGene, GR@ACE/DEGESCO, EADB-core and GERAD) are described in more details in (Bellenguez et al., 2022).	https://static-content.springer.com/esm/art%3A10.1038%2Fs41380-024-02838-5/MediaObjects/41380_2024_2838_MOESM1_ESM.pdf
COHO:0000551	owl:NamedIndividual		COHO:0000374	For the EMIF-AD MBD data, a total of 2,136 proteins were quantified centrally using 11-plex tandem mass tag spectrometry in 366 individuals from the EMIF-AD MBD study [61] (subset of Amsterdam Dementia Cohort within EADB).	https://www.ebi.ac.uk/europepmc/webservices/rest/PMC9547780/fullTextXML
COHO:0000551	owl:NamedIndividual		COHO:0000720	All, except the Swedisch Birth cohort and clinical AD samples, are part of EADB	https://www.ebi.ac.uk/europepmc/webservices/rest/PMC9547780/fullTextXML
COHO:0000551	owl:NamedIndividual		COHO:0001046	The EADB studies (EADI, Bonn, DemGene, GR@ACE/DEGESCO, EADB-core and GERAD) are described in more details in (Bellenguez et al., 2022)	https://www.ebi.ac.uk/europepmc/webservices/rest/PMC12092188/supplementaryFiles
COHO:0000551	owl:NamedIndividual		COHO:0001062	We applied the same QC protocol to all the EADB studies: EADB-core, EADI, GR@ACE/DEGESCO, GERAD, Bonn and DemGene.	https://www.ebi.ac.uk/europepmc/webservices/rest/PMC13263136/supplementaryFiles
COHO:0000551	owl:NamedIndividual		COHO:0001452	Genotyping of the 100-plus Study was performed in the context of EADB (European Alzheimer DNA biobank) funded by the JPco-fuND FP-829-029 (ZonMW project number, 33051061).	https://www.ebi.ac.uk/europepmc/webservices/rest/PMC8087277/fullTextXML
COHO:0000551	owl:NamedIndividual		COHO:0001522	Belgium: The participants were part of a large prospective cohort1 of Belgian AD patients and healthy elderly control individuals.	https://media.springernature.com/original/springer-static/esm/art%3A10.1038%2Fs41588-022-01024-z/MediaObjects/41588_2022_1024_MOESM1_ESM.pdf
COHO:0000558	owl:NamedIndividual		COHO:0001919	INDICO | Indian Diabetes Consortium | SAS | 2197	https://media.springernature.com/original/springer-static/esm/art%3A10.1038%2Fs41591-025-03827-z/MediaObjects/41591_2025_3827_MOESM3_ESM.xlsx
COHO:0000558	owl:NamedIndividual		COHO:0001971	KODGP | Kuwait Obesity Diabetes Genetic Program | included in multi-ancestry meta-analysis only | 1294	https://media.springernature.com/original/springer-static/esm/art%3A10.1038%2Fs41591-025-03827-z/MediaObjects/41591_2025_3827_MOESM3_ESM.xlsx
COHO:0000558	owl:NamedIndividual		COHO:0002542	Vejle (T2D Cases) | Vejle Biobank T2D Cases | EUR | 3703	https://media.springernature.com/original/springer-static/esm/art%3A10.1038%2Fs41591-025-03827-z/MediaObjects/41591_2025_3827_MOESM3_ESM.xlsx
COHO:0000558	owl:NamedIndividual		COHO:0002703	STRIP-PARENTS | Special Turku Coronary Risk Factor Intervention Project - Parents	https://media.springernature.com/original/springer-static/esm/art%3A10.1038%2Fs41586-022-05275-y/MediaObjects/41586_2022_5275_MOESM3_ESM.xlsx
COHO:0000560	owl:NamedIndividual		COHO:0000165	Four lung cancer GWAS in the International Lung Cancer Consortium were used to identify variants associated with both lung cancer and first-degree family history of lung cancer: the Toronto study [Hung et al., 2008; McKay et al., 2008], the Central Europe study [Hung et al., 2008], the MD Anderson study [Amos et al., 2008], and the Germany study [Landi et al., 2009; Sauter et al., 2008].	https://pmc.ncbi.nlm.nih.gov/articles/PMC4554719/
COHO:0000560	owl:NamedIndividual		COHO:0000870	The INTEGRAL-ILCCO project includes a total of 1,059 lung cancer cases and 899 controls from four sites: Harvard School of Public Health (HSPH), International Agency for Research on Cancer (IARC), University of Liverpool, and Mount Sinai Hospital and Princess Margaret Hospital in Toronto (Supplementary Table S1; ref. 17).	https://www.ebi.ac.uk/europepmc/webservices/rest/PMC8815061/fullTextXML
COHO:0000560	owl:NamedIndividual		COHO:0000874	The imputed genotypes (reference panel: HRC r1.1) from 46,783 individuals from INTEGRAL (Integrative Analysis of Lung Cancer Etiology and Risk)-ILCCO (International Lung Cancer Consortium) lung cancer consortium were analyzed in this study. The subjects came from 9 independent studies: the OncoArray Consortium Lung Study (OncoArray), including 16,845 lung cancer cases and 13,057 controls, was used as the discovery. Individuals from another 8 smaller independent studies: Affymetrix Axiom Array Study (AFFY), the Genetic Epidemiology of Lung Cancer (GELCC) Consortium, the Environment and Genetics in Lung cancer Etiology study (EAGLE), the International Agency for Research on Cancer (IARC), MD Anderson Cancer Center Study (MDACC)	https://www.ebi.ac.uk/europepmc/webservices/rest/PMC9402242/supplementaryFiles
COHO:0000560	owl:NamedIndividual		COHO:0000936	The INTEGRAL-ILCCO project includes a total of 1,059 lung cancer cases and 899 controls from four sites: Harvard School of Public Health (HSPH), International Agency for Research on Cancer (IARC), University of Liverpool, and Mount Sinai Hospital and Princess Margaret Hospital in Toronto (Supplementary Table S1; ref. 17).	https://www.ebi.ac.uk/europepmc/webservices/rest/PMC8815061/fullTextXML
COHO:0000560	owl:NamedIndividual		COHO:0001567	In 2010 the CAPUA Study was included in the ILCCO (International Lung Cancer Consortium, http://ilcco.iarc.fr) and SYNERGY group (http://SYNERGY.iarc.fr) from the International Agency for Research on Cancer 29, 30.	https://www.ebi.ac.uk/europepmc/webservices/rest/PMC5560148/fullTextXML
COHO:0000560	owl:NamedIndividual		COHO:0001571	Four ILCCO studies are included in this pooled analysis. The collaborating cohorts have been described in detail previously [45–51]. These are the Carotene and Retinol Efficacy Trial (CARET), European Prospective Investigation into Cancer and Nutrition Study (EPIC), Shanghai Cohort Study (SCS), and Singapore Chinese Health Study (SCHS).	https://www.ebi.ac.uk/europepmc/webservices/rest/PMC5824613/fullTextXML
COHO:0000560	owl:NamedIndividual		COHO:0001624	Copenhagen Copenhagen lung cancer study Copenhagen S. E. Bojesen Denmark Hosp.CC 2004 (controls) 2012-2013 (cases)	https://media.springernature.com/original/springer-static/esm/art%3A10.1038%2Fng.3892/MediaObjects/41588_2017_BFng3892_MOESM1_ESM.pdf
COHO:0000560	owl:NamedIndividual		COHO:0002133	NELCS New England Lung Cancer Study Dartmouth College A. Andrew USA Pop. CC 2005-2007	https://media.springernature.com/original/springer-static/esm/art%3A10.1038%2Fng.3892/MediaObjects/41588_2017_BFng3892_MOESM1_ESM.pdf
COHO:0000560	owl:NamedIndividual		COHO:0002150	NICCC-LCA Clalit National Israeli Cancer Control Center- lung cancer study Carmel Medical Center & Technion G. Rennert Israel/ Europe Pop.CC 2005-ongoing	https://media.springernature.com/original/springer-static/esm/art%3A10.1038%2Fng.3892/MediaObjects/41588_2017_BFng3892_MOESM1_ESM.pdf
COHO:0000560	owl:NamedIndividual		COHO:0002165	Nijmegen The Nijmegen Lung Cancer Study Radboud University Medical Centre L. A. Kiemeney The Netherlands Pop. CC 2002-2008	https://media.springernature.com/original/springer-static/esm/art%3A10.1038%2Fng.3892/MediaObjects/41588_2017_BFng3892_MOESM1_ESM.pdf
COHO:0000560	owl:NamedIndividual		COHO:0002174	Norway Norway Lung Cancer Study NIOH A. Haugen Norway Pop. CC 1986-2005	https://media.springernature.com/original/springer-static/esm/art%3A10.1038%2Fng.3892/MediaObjects/41588_2017_BFng3892_MOESM1_ESM.pdf
COHO:0000560	owl:NamedIndividual		COHO:0002458	TLC Total Lung Cancer: Molecular Epidemiology of Lung Cancer Survival Moffitt Cancer Center, Tampa, FL M.B. Schabath USA case only 2012--present	https://media.springernature.com/original/springer-static/esm/art%3A10.1038%2Fng.3892/MediaObjects/41588_2017_BFng3892_MOESM1_ESM.pdf
COHO:0000561	owl:NamedIndividual		COHO:0000011	Atherosclerosis Risk in Communities (ARIC)	https://adsp.niagads.org/data/contributing-cohorts/
COHO:0000561	owl:NamedIndividual		COHO:0000063	Erasmus Rucphen Family (ERF)	https://adsp.niagads.org/data/contributing-cohorts/
COHO:0000561	owl:NamedIndividual		COHO:0000089	Health and Retirement Study (HRS)	https://adsp.niagads.org/data/contributing-cohorts/
COHO:0000561	owl:NamedIndividual		COHO:0000115	Multi-Institutional Research in Alzheimer’s Genetic Epidemiology (MIRAGE)	https://adsp.niagads.org/data/contributing-cohorts/
COHO:0000561	owl:NamedIndividual		COHO:0000148	Rotterdam Study (RS)	https://adsp.niagads.org/data/contributing-cohorts/
COHO:0000561	owl:NamedIndividual		COHO:0000366	Knight Alzheimer’s Disease Research Center (KGAD)	https://adsp.niagads.org/data/contributing-cohorts/
COHO:0000561	owl:NamedIndividual		COHO:0000367	Alzheimer’s Disease Neuroimaging Initiative (ADNI)	https://adsp.niagads.org/data/contributing-cohorts/
COHO:0000561	owl:NamedIndividual		COHO:0000384	Cardiovascular Health Study (CHS)	https://adsp.niagads.org/data/contributing-cohorts/
COHO:0000561	owl:NamedIndividual		COHO:0000385	Framingham Heart Study (FHS)	https://adsp.niagads.org/data/contributing-cohorts/
COHO:0000561	owl:NamedIndividual		COHO:0000400	Religious Orders Study/Memory and Aging Project (ROSMAP)	https://adsp.niagads.org/data/contributing-cohorts/
COHO:0000561	owl:NamedIndividual		COHO:0000413	Wisconsin Registry for Alzheimer’s Prevention (WRAP)	https://adsp.niagads.org/data/contributing-cohorts/
COHO:0000561	owl:NamedIndividual		COHO:0000480	NIA Alzheimer’s Disease Research Centers (ADRC)	https://adsp.niagads.org/data/contributing-cohorts/
COHO:0000561	owl:NamedIndividual		COHO:0000483	Adult Changes in Thought (ACT)	https://adsp.niagads.org/data/contributing-cohorts/
COHO:0000561	owl:NamedIndividual		COHO:0000499	Minority Aging Research Study (MARS)	https://adsp.niagads.org/data/contributing-cohorts/
COHO:0000561	owl:NamedIndividual		COHO:0001227	REAAADI, a sub-study of the Alzheimer’s Disease Sequencing Project (ADSP), is a multi-site study bringing together investigators at NC Agricultural and Technical State University, Wake Forest School of Medicine, University of Miami, Columbia University, and Case Western Reserve University.	https://pmc.ncbi.nlm.nih.gov/articles/PMC10663385/
COHO:0000581	owl:NamedIndividual		COHO:0000374	The 11 selected cohorts included three multicenter studies—EDAR (n = 204) [14], PharmaCog (n = 147) [15] and DESCRIPA (n = 29) [16]—and eight single centers: Antwerp (n = 149) [17], Amsterdam (n = 172) [18], Barcelona Sant Pau (n = 45) [19], Barcelona IDIBAPS (n = 120) [20], Leuven (n = 180) [21], San Sebastian GAP (n = 40) [22], Gothenburg (n = 95) [23] and Lausanne (n = 40) [24].	https://www.ebi.ac.uk/europepmc/webservices/rest/PMC6035398/fullTextXML
COHO:0000595	owl:NamedIndividual		COHO:0000693	SELECT was coordinated by SWOG, a national consortium of institutions and investigators that conducts multidisciplinary clinical trials to improve the practice of medicine in preventing, detecting, and treating cancer, and to enhance the quality of life for cancer survivors.	https://www.ebi.ac.uk/europepmc/webservices/rest/PMC4983010/fullTextXML
COHO:0000595	owl:NamedIndividual		COHO:0002241	The PCPT was a Phase III double-blinded, placebo-controlled trial, administered through the Southwest Oncology Group, that tested whether finasteride could reduce the period prevalence of prostate cancer during a 7-year intervention.	https://www.ebi.ac.uk/europepmc/webservices/rest/PMC3139891/fullTextXML
COHO:0000608	owl:NamedIndividual		COHO:0000434	The FBPP is comprised of 4 different networks: GenNet, GENOA, HyperGEN, and SAPPHIRe.	https://www.ebi.ac.uk/europepmc/webservices/rest/PMC1201342/fullTextXML
COHO:0000608	owl:NamedIndividual		COHO:0000484	The FBPP is comprised of 4 different networks: GenNet, GENOA, HyperGEN, and SAPPHIRe.	https://www.ebi.ac.uk/europepmc/webservices/rest/PMC1201342/fullTextXML
COHO:0000610	owl:NamedIndividual		COHO:0000024	Cancer Prevention Study II (CPSII)	https://www.fredhutch.org/en/research/divisions/public-health-sciences-division/research/cancer-prevention/genetics-epidemiology-colorectal-cancer-consortium-gecco.html
COHO:0000610	owl:NamedIndividual		COHO:0000042	Colorectal Cancer Study of Austria (CORSA)	https://www.fredhutch.org/en/research/divisions/public-health-sciences-division/research/cancer-prevention/genetics-epidemiology-colorectal-cancer-consortium-gecco.html
COHO:0000610	owl:NamedIndividual		COHO:0000065	European Prospective Investigation into Cancer (EPIC)	https://www.fredhutch.org/en/research/divisions/public-health-sciences-division/research/cancer-prevention/genetics-epidemiology-colorectal-cancer-consortium-gecco.html
COHO:0000610	owl:NamedIndividual		COHO:0000121	Multiethnic Cohort (MEC)	https://www.fredhutch.org/en/research/divisions/public-health-sciences-division/research/cancer-prevention/genetics-epidemiology-colorectal-cancer-consortium-gecco.html
COHO:0000610	owl:NamedIndividual		COHO:0000176	UK Biobank (UKB)	https://www.fredhutch.org/en/research/divisions/public-health-sciences-division/research/cancer-prevention/genetics-epidemiology-colorectal-cancer-consortium-gecco.html
COHO:0000610	owl:NamedIndividual		COHO:0000409	Women's Health Initiative (WHI)	https://www.fredhutch.org/en/research/divisions/public-health-sciences-division/research/cancer-prevention/genetics-epidemiology-colorectal-cancer-consortium-gecco.html
COHO:0000610	owl:NamedIndividual		COHO:0000456	Nurses' Health Study (NHS)	https://www.fredhutch.org/en/research/divisions/public-health-sciences-division/research/cancer-prevention/genetics-epidemiology-colorectal-cancer-consortium-gecco.html
COHO:0000610	owl:NamedIndividual		COHO:0000473	Kaiser Permanente Research Program on Genes, Environment, and Health (RPGEH)	https://www.fredhutch.org/en/research/divisions/public-health-sciences-division/research/cancer-prevention/genetics-epidemiology-colorectal-cancer-consortium-gecco.html
COHO:0000610	owl:NamedIndividual		COHO:0000485	Prostate, Lung, Colorectal, and Ovarian (PLCO)	https://www.fredhutch.org/en/research/divisions/public-health-sciences-division/research/cancer-prevention/genetics-epidemiology-colorectal-cancer-consortium-gecco.html
COHO:0000610	owl:NamedIndividual		COHO:0000523	Melbourne Collaborative Cohort Study (MCCS)	https://www.fredhutch.org/en/research/divisions/public-health-sciences-division/research/cancer-prevention/genetics-epidemiology-colorectal-cancer-consortium-gecco.html
COHO:0000610	owl:NamedIndividual		COHO:0000527	Health Professionals Follow-up Study (HPFS)	https://www.fredhutch.org/en/research/divisions/public-health-sciences-division/research/cancer-prevention/genetics-epidemiology-colorectal-cancer-consortium-gecco.html
COHO:0000610	owl:NamedIndividual		COHO:0000553	Shanghai Women's Health Study (SWHS)	https://www.fredhutch.org/en/research/divisions/public-health-sciences-division/research/cancer-prevention/genetics-epidemiology-colorectal-cancer-consortium-gecco.html
COHO:0000610	owl:NamedIndividual		COHO:0000556	Darmkrebs: Chancen der Verhütung durch Screening (DACHS)	https://www.fredhutch.org/en/research/divisions/public-health-sciences-division/research/cancer-prevention/genetics-epidemiology-colorectal-cancer-consortium-gecco.html
COHO:0000610	owl:NamedIndividual		COHO:0000569	Diet, Activity, and Lifestyle Study (DALS)	https://www.fredhutch.org/en/research/divisions/public-health-sciences-division/research/cancer-prevention/genetics-epidemiology-colorectal-cancer-consortium-gecco.html
COHO:0000610	owl:NamedIndividual		COHO:0000577	Swedish Mammography Cohort (SMC) and COSMs (SMC_COSM)	https://www.fredhutch.org/en/research/divisions/public-health-sciences-division/research/cancer-prevention/genetics-epidemiology-colorectal-cancer-consortium-gecco.html
COHO:0000610	owl:NamedIndividual		COHO:0000578	Shanghai Men's Health Study (SMHS)	https://www.fredhutch.org/en/research/divisions/public-health-sciences-division/research/cancer-prevention/genetics-epidemiology-colorectal-cancer-consortium-gecco.html
COHO:0000610	owl:NamedIndividual		COHO:0000579	CancerScreening Trial; VITamins And Lifestyle (VITAL) cohort	https://www.fredhutch.org/en/research/divisions/public-health-sciences-division/research/cancer-prevention/genetics-epidemiology-colorectal-cancer-consortium-gecco.html
COHO:0000610	owl:NamedIndividual		COHO:0000585	Colorectal Cancer Genetics & Genomics (CRCGEN)	https://www.fredhutch.org/en/research/divisions/public-health-sciences-division/research/cancer-prevention/genetics-epidemiology-colorectal-cancer-consortium-gecco.html
COHO:0000610	owl:NamedIndividual		COHO:0000596	Leeds Colorectal Cancer Study (LCCS)	https://www.fredhutch.org/en/research/divisions/public-health-sciences-division/research/cancer-prevention/genetics-epidemiology-colorectal-cancer-consortium-gecco.html
COHO:0000610	owl:NamedIndividual		COHO:0000597	North Carolina Case-Control Study, I (NCCCSI)	https://www.fredhutch.org/en/research/divisions/public-health-sciences-division/research/cancer-prevention/genetics-epidemiology-colorectal-cancer-consortium-gecco.html
COHO:0000610	owl:NamedIndividual		COHO:0000598	Alpha-Tocopherol, Beta-Carotene Cancer Prevention (ATBC)	https://www.fredhutch.org/en/research/divisions/public-health-sciences-division/research/cancer-prevention/genetics-epidemiology-colorectal-cancer-consortium-gecco.html
COHO:0000610	owl:NamedIndividual		COHO:0000601	Newfoundland Familial Colorectal Cancer Study (NFCCR)	https://www.fredhutch.org/en/research/divisions/public-health-sciences-division/research/cancer-prevention/genetics-epidemiology-colorectal-cancer-consortium-gecco.html
COHO:0000610	owl:NamedIndividual		COHO:0000618	Molecular Epidemiology of Colorectal Cancer (MECC) study	https://www.fredhutch.org/en/research/divisions/public-health-sciences-division/research/cancer-prevention/genetics-epidemiology-colorectal-cancer-consortium-gecco.html
COHO:0000610	owl:NamedIndividual		COHO:0000634	Campaign against Cancer and Heart Disease II (CLUE II)	https://www.fredhutch.org/en/research/divisions/public-health-sciences-division/research/cancer-prevention/genetics-epidemiology-colorectal-cancer-consortium-gecco.html
COHO:0000610	owl:NamedIndividual		COHO:0000665	Epidemiologische Studie zu Chancen der Verhutung, Fruherkennung und optimierten THerapie chronischer ERkrankungen in der alteren Bevolkerung (ESTHER II/VERDI)	https://www.fredhutch.org/en/research/divisions/public-health-sciences-division/research/cancer-prevention/genetics-epidemiology-colorectal-cancer-consortium-gecco.html
COHO:0000610	owl:NamedIndividual		COHO:0000693	Selenium and Vitamin E Prevention Trial (SELECT)	https://www.fredhutch.org/en/research/divisions/public-health-sciences-division/research/cancer-prevention/genetics-epidemiology-colorectal-cancer-consortium-gecco.html
COHO:0000610	owl:NamedIndividual		COHO:0000732	Kentucky Case-Control study (Kentucky)	https://www.fredhutch.org/en/research/divisions/public-health-sciences-division/research/cancer-prevention/genetics-epidemiology-colorectal-cancer-consortium-gecco.html
COHO:0000610	owl:NamedIndividual		COHO:0000755	A case-control study from the University of Hawai’i (Colo 2&3)	https://www.fredhutch.org/en/research/divisions/public-health-sciences-division/research/cancer-prevention/genetics-epidemiology-colorectal-cancer-consortium-gecco.html
COHO:0000610	owl:NamedIndividual		COHO:0000813	French Association Study Evaluating RISK for sporadic colorectal cancer (ASTERISK)	https://www.fredhutch.org/en/research/divisions/public-health-sciences-division/research/cancer-prevention/genetics-epidemiology-colorectal-cancer-consortium-gecco.html
COHO:0000610	owl:NamedIndividual		COHO:0000821	Czech Republic Colorectal Cancer Study (Czech CCS)	https://www.fredhutch.org/en/research/divisions/public-health-sciences-division/research/cancer-prevention/genetics-epidemiology-colorectal-cancer-consortium-gecco.html
COHO:0000610	owl:NamedIndividual		COHO:0000867	Hawaiian Adenoma Case-Control Study (Hawaii CCS)	https://www.fredhutch.org/en/research/divisions/public-health-sciences-division/research/cancer-prevention/genetics-epidemiology-colorectal-cancer-consortium-gecco.html
COHO:0000610	owl:NamedIndividual		COHO:0000881	Studies of Epidemiology and Risk Factors in Cancer Heredity (SEARCH)	https://www.fredhutch.org/en/research/divisions/public-health-sciences-division/research/cancer-prevention/genetics-epidemiology-colorectal-cancer-consortium-gecco.html
COHO:0000610	owl:NamedIndividual		COHO:0001604	ColoCare Study (ColoCare)	https://www.fredhutch.org/en/research/divisions/public-health-sciences-division/research/cancer-prevention/genetics-epidemiology-colorectal-cancer-consortium-gecco.html
COHO:0000610	owl:NamedIndividual		COHO:0001605	Longitudinal, observational study on nutritional and lifestyle factors for colorectal cancer and related outcomes (COLON)	https://www.fredhutch.org/en/research/divisions/public-health-sciences-division/research/cancer-prevention/genetics-epidemiology-colorectal-cancer-consortium-gecco.html
COHO:0000610	owl:NamedIndividual		COHO:0001615	GECCO and CCFR Study Descriptions Ontario Familial Colorectal Cancer Registry (OFCCR): In GECCO, a subset of the Assessment of Risk in Colorectal Tumors in Canada (ARCTIC) from the Ontario Registry for Studies of Familial Colorectal Cancer (OFCCR) was used.	https://media.springernature.com/original/springer-static/esm/art%3A10.1038%2Fng.2505/MediaObjects/41588_2013_BFng2505_MOESM12_ESM.pdf
COHO:0000610	owl:NamedIndividual		COHO:0002144	NHS (Advanced Adenoma) USA Cohort 513 100 578 100 1,091 Illumina OmniExpress	https://media.springernature.com/original/springer-static/esm/art%3A10.1038%2Fncomms8138/MediaObjects/41467_2015_BFncomms8138_MOESM787_ESM.pdf
COHO:0000610	owl:NamedIndividual		COHO:0002266	All four studies participated in the Genetics and Epidemiology of Colorectal Cancer Consortium.	https://www.ebi.ac.uk/europepmc/webservices/rest/search?query=EXT_ID%3A23880798+AND+SRC%3AMED&format=json&resultType=core
COHO:0000611	owl:NamedIndividual		COHO:0000025	Of the studies within the PRACTICAL Consortium at the time of data extraction, we excluded the EPIC-Norfolk, CAPS, and SEARCH studies	https://www.ebi.ac.uk/europepmc/webservices/rest/PMC4596899/fullTextXML
COHO:0000611	owl:NamedIndividual		COHO:0000065	European Prospective Investigation Into Cancer and Nutrition (EPIC)	https://www.ebi.ac.uk/europepmc/webservices/rest/PMC4596899/fullTextXML
COHO:0000611	owl:NamedIndividual		COHO:0000066	Of the studies within the PRACTICAL Consortium at the time of data extraction, we excluded the EPIC-Norfolk, CAPS, and SEARCH studies	https://www.ebi.ac.uk/europepmc/webservices/rest/PMC4596899/fullTextXML
COHO:0000611	owl:NamedIndividual		COHO:0000121	Multiethnic Cohort Study (MEC)	https://www.ebi.ac.uk/europepmc/webservices/rest/PMC4596899/fullTextXML
COHO:0000611	owl:NamedIndividual		COHO:0000523	Melbourne Collaborative Cohort Study (MCCS)	https://www.ebi.ac.uk/europepmc/webservices/rest/PMC4596899/fullTextXML
COHO:0000611	owl:NamedIndividual		COHO:0000527	Both the HPFS/PHS and FH genetic studies are within the framework of the PRACTICAL (Prostate Cancer Association Group to Investigate Cancer-Associated Alterations in the Genome) Consortium.	https://www.ncbi.nlm.nih.gov/research/bionlp/RESTful/pmcoa.cgi/BioC_xml/PMC10592169/unicode
COHO:0000611	owl:NamedIndividual		COHO:0000534	Both the HPFS/PHS and FH genetic studies are within the framework of the PRACTICAL (Prostate Cancer Association Group to Investigate Cancer-Associated Alterations in the Genome) Consortium.	https://www.ncbi.nlm.nih.gov/research/bionlp/RESTful/pmcoa.cgi/BioC_xml/PMC10592169/unicode
COHO:0000611	owl:NamedIndividual		COHO:0001457	Additional funding and acknowledgments from studies in PRACTICAL: Information of the PRACTICAL consortium can be found at http://practical.icr.ac.uk/ Aarhus This study was supported by Innovation Fund Denmark, the Danish Cancer Society and The Velux Foundation (Veluxfonden).	https://www.ebi.ac.uk/europepmc/webservices/rest/PMC7902617/supplementaryFiles
COHO:0000611	owl:NamedIndividual		COHO:0001491	The Australian Prostate Cancer BioResource (APCB) was supported by The National Health and Medical Research Council, Enabling Grant [614296] and the Prostate Cancer Foundation of Australia.	https://media.springernature.com/original/springer-static/esm/art%3A10.1038%2Fs41588-018-0142-8/MediaObjects/41588_2018_142_MOESM1_ESM.pdf
COHO:0000611	owl:NamedIndividual		COHO:0001580	Additional funding and acknowledgments from studies in PRACTICAL: Information of the PRACTICAL consortium can be found at http://practical.ccge.medschl.cam.ac.uk/ Aarhus This study was supported by Innovation Fund Denmark, the Danish Cancer Society, and The Velux Foundation (Veluxfonden). The Danish Cancer Biobank (DCB) is acknowledged for biological material. AHS This work was supported by the Intramural Research Program of the NIH, National Cancer Institute, Division of Cancer Epidemiology and Genetics (Z01CP010119). ATBC The ATBC Study is supported by the Intramural Research Program of the U.S. National Cancer Institute, National Institutes of Health, and by U.S. Public Health Service contract HHSN261201500005C from the National Cancer Institute, Department of Health and Human Services. Canary PASS PASS was supported by Canary Foundation and the National Cancer Institute's Early Detection Research Network )U01 CA086402) CCI This work was awarded by Prostate Cancer Canada and is proudly funded by the Movember Foundation - Grant # D2013-36.	https://media.springernature.com/original/springer-static/esm/art%3A10.1038%2Fs41588-018-0142-8/MediaObjects/41588_2018_142_MOESM1_ESM.pdf
COHO:0000611	owl:NamedIndividual		COHO:0001590	CHIPGECS (n=1070) Chinese Prostate Cancer Genetic and Environmental Correlation Study China Population- based, case- control, observational	https://www.ebi.ac.uk/europepmc/webservices/rest/PMC7902617/supplementaryFiles
COHO:0000611	owl:NamedIndividual		COHO:0001620	Oslo (n=1453) Oslo University Hospital / General Cohort of Adults in Norway (CONOR) Oslo, Norway Population- based, observational	https://www.ebi.ac.uk/europepmc/webservices/rest/PMC7902617/supplementaryFiles
COHO:0000611	owl:NamedIndividual		COHO:0001628	Data were not available for grade in two (MEC/UTAH), or stage in three (CPCS1/CPCS2/QLD), of the PRACTICAL studies, respectively.	https://www.ebi.ac.uk/europepmc/webservices/rest/PMC4924371/fullTextXML
COHO:0000611	owl:NamedIndividual		COHO:0001690	MCCS includes Risk Factors for Prostate Cancer Study (RFPCS) and The Early Onset Prostate Cancer Study (EOPCS). dInformation missing for >10% of individuals. n/a not available.	https://pmc.ncbi.nlm.nih.gov/articles/PMC4957617/
COHO:0000611	owl:NamedIndividual		COHO:0001933	The IPO-Porto study was funded by Fundação para a Ciência e a Tecnologia (FCT; UID/DTP/00776/2013 and PTDC/DTP-PIC/1308/2014) and FEDER (POCI-01-0145-FEDER-028245).	https://media.springernature.com/original/springer-static/esm/art%3A10.1038%2Fs41467-021-21287-0/MediaObjects/41467_2021_21287_MOESM1_ESM.pdf
COHO:0000611	owl:NamedIndividual		COHO:0002077	MOFFITT USA 100 412 64.9 7.3 0.0 22.9 11.2 3.5 0.5	https://pmc.ncbi.nlm.nih.gov/articles/PMC4596899/
COHO:0000611	owl:NamedIndividual		COHO:0002240	The Moffitt Group (MOFFITT); Prostate Cancer study Medical University Sofia (PCMUS); Prostate Project Foundation-Postgraduate Medical School, Surrey (PPF-UNIS); The Poland Group (Poland)	https://www.ebi.ac.uk/europepmc/webservices/rest/PMC4596899/fullTextXML
COHO:0000611	owl:NamedIndividual		COHO:0002274	Prostate Cancer study Medical University Sofia (PCMUS); Prostate Project Foundation-Postgraduate Medical School, Surrey (PPF-UNIS); The Poland Group (Poland)	https://www.ebi.ac.uk/europepmc/webservices/rest/PMC4596899/fullTextXML
COHO:0000611	owl:NamedIndividual		COHO:0002281	PROCAP was supported by the Swedish Cancer Foundation (08-708, 09-0677).	https://media.springernature.com/original/springer-static/esm/art%3A10.1038%2Fs41588-018-0142-8/MediaObjects/41588_2018_142_MOESM1_ESM.pdf
COHO:0000611	owl:NamedIndividual		COHO:0002284	The PROGReSS study is founded by grants from the Spanish Ministry of Health (INT15/00070; INT16/00154; FIS PI10/00164, FIS PI13/02030; FIS PI16/00046); the Spanish Ministry of Economy and Competitiveness (PTA2014-10228-I) and Fondo Europeo de Desarrollo Regional (FEDER 2007-2013).	https://media.springernature.com/original/springer-static/esm/art%3A10.1038%2Fs41588-018-0142-8/MediaObjects/41588_2018_142_MOESM1_ESM.pdf
COHO:0000611	owl:NamedIndividual		COHO:0002289	We would also like to acknowledge the support of the National Cancer Research Prostate Cancer: Mechanisms of Progression and Treatment (PROMPT) collaborative (grant code G0500966/75466) which has funded tissue and urine collections in Cambridge.	https://media.springernature.com/original/springer-static/esm/art%3A10.1038%2Fs41588-018-0142-8/MediaObjects/41588_2018_142_MOESM1_ESM.pdf
COHO:0000611	owl:NamedIndividual		COHO:0002291	from the ProtecT population-based study [15, 28], one of the PRACTICAL studies with the relevant phenotypic data in a well-defined control group.	https://www.ebi.ac.uk/europepmc/webservices/rest/PMC4596899/fullTextXML
COHO:0000611	owl:NamedIndividual		COHO:0002368	SFPCS was funded by California Cancer Research Fund grant 99-00527V-10182	https://media.springernature.com/original/springer-static/esm/art%3A10.1038%2Fs41467-021-21287-0/MediaObjects/41467_2021_21287_MOESM1_ESM.pdf
COHO:0000611	owl:NamedIndividual		COHO:0002395	The data used in this work were obtained from the Prostate Cancer Association Group to Investigate Cancer Associated Alterations in the Genome (PRACTICAL) consortium.	https://www.ncbi.nlm.nih.gov/research/bionlp/RESTful/pmcoa.cgi/BioC_xml/PMC8157993/unicode
COHO:0000611	owl:NamedIndividual		COHO:0002435	Finnish Genetic Predisposition to Prostate Cancer StudyTAMPEREFinland	https://www.ebi.ac.uk/europepmc/webservices/rest/PMC4924371/fullTextXML
COHO:0000611	owl:NamedIndividual		COHO:0002439	For analyses of the polygenic risk score (PRS) we also excluded 5 studies (MAYO, PCFS, TASPRAC, ULM and UTAH) that oversampled cases with family history of PrCa.	https://www.ncbi.nlm.nih.gov/research/bionlp/RESTful/pmcoa.cgi/BioC_xml/PMC4491026/unicode
COHO:0000611	owl:NamedIndividual		COHO:0002506	3031 cancer-free men recruited by the PRACTICAL Consortium—the UK Genetic Prostate Cancer Study (UKGPCS) (age <65 years), a study conducted through the Royal Marsden NHS Foundation Trust	https://www.nature.com/articles/s41467-019-09775-w
COHO:0000611	owl:NamedIndividual		COHO:0002533	UTAH USA 245 440 62.6 – – 51.4 16.1 – 4.7	https://pmc.ncbi.nlm.nih.gov/articles/PMC4596899/
COHO:0000611	owl:NamedIndividual		COHO:0002710	27 STHM1 2,330 2,056 4,386 2,224 2,006 4,230	https://media.springernature.com/original/springer-static/esm/art%3A10.1038%2Fng.2560/MediaObjects/41588_2013_BFng2560_MOESM4_ESM.pdf
COHO:0000617	owl:NamedIndividual		COHO:0001827	GRMIC | Greek Recurrent Myocardial Infarction Cohort  | Greece | EUR | 173 | 0.82658959537572252 | 60.208791208791197 | Fasting | 22 individuals | 34.693641618497097 | 108.456647398844 | Measured | 149.306358381503 | 172.96531791907501 | Illumina Human Core Exome  | Minimac | HRC and 1KGP3 | rvtests	https://media.springernature.com/original/springer-static/esm/art%3A10.1038%2Fs41586-021-04064-3/MediaObjects/41586_2021_4064_MOESM4_ESM.xlsx
COHO:0000617	owl:NamedIndividual		COHO:0002231	PARC | the Pharmacogenomics and Risk of Cardiovascular Disease | USA | EUR | 1798 | 0.69911012235817571 | 61.6 | Fasting | No | 42 | 133 | Measured | 177 | 214 | Illumina 300K and 610K | Minimac | HRC | rvtests | https://pubmed.ncbi.nlm.nih.gov/16516587/; https://pubmed.ncbi.nlm.nih.gov/11434828/	https://media.springernature.com/original/springer-static/esm/art%3A10.1038%2Fs41586-021-04064-3/MediaObjects/41586_2021_4064_MOESM4_ESM.xlsx
COHO:0000617	owl:NamedIndividual		COHO:0002703	STRIP | Special Turku Coronary Risk Factor Intervention Project - Parents | Finland | EUR | 1043	https://media.springernature.com/original/springer-static/esm/art%3A10.1038%2Fs41586-021-04064-3/MediaObjects/41586_2021_4064_MOESM4_ESM.xlsx
COHO:0000641	owl:NamedIndividual		COHO:0001313	We combined case-control data from the Wellcome Trust Case Control Consortium (WTCCC), Diabetes Genetics Initiative (DGI) and Finland-US Investigation of NIDDM genetics (FUSION) scans (the subjects of a previous joint analysis), with those from scans performed by deCODE genetics, the Diabetes Gene Discovery Group, the Cooperative Health Research in the Region of Augsburg group (KORAgen), the Rotterdam study and the European Special Population Research Network (EUROSPAN).	https://www.ncbi.nlm.nih.gov/research/bionlp/RESTful/pmcoa.cgi/BioC_json/PMC3080658/unicode
COHO:0000641	owl:NamedIndividual		COHO:0002553	ARIC deCODE DGDG DGI EUROSPAN FHS FUSION HPFS KORAGen NHS RS1 WTCCC AMC-PAS BHS deCODE-Stage2 DILGOM European (Finland) STR THISEAS ULSAM WARREN2	https://media.springernature.com/original/springer-static/esm/art%3A10.1038%2Fng.2383/MediaObjects/41588_2012_BFng2383_MOESM31_ESM.pdf
COHO:0000643	owl:NamedIndividual		COHO:0000812	We also considered 2661 samples with cognitive impairment from three population-based longitudinal studies: AgeCode [53], SNAC-K [54] (both included in EADB-core) and 3C [55] (included in EADI) (Supplementary Table S3).	https://www.ebi.ac.uk/europepmc/webservices/rest/PMC12092188/fullTextXML
COHO:0000646	owl:NamedIndividual		COHO:0001496	The GERAD1 sample comprised up to 3941 AD cases and 7848 controls. A subset of this sample has been used in this study, comprising 3333 cases and 1225 elderly screened controls genotyped at the Sanger Institute on the Illumina 610-quad chip. These samples were recruited by the Medical Research Council (MRC) Genetic Resource for AD (Cardiff University; Kings College London; Cambridge University; Trinity College Dublin), the Alzheimer's Research Trust (ART) Collaboration (University of Nottingham; University of Manchester; University of Southampton; University of Bristol; Queen's University Belfast; the Oxford Project to Investigate Memory and Ageing (OPTIMA), Oxford University)	https://www.ebi.ac.uk/europepmc/webservices/rest/PMC3750021/fullTextXML
COHO:0000651	owl:NamedIndividual		COHO:0000150	DNA was extracted from whole blood and genotyping was performed with either the HumanOmniExpress Exome BeadChip v1.0 at the Broad Institute (SAHLSIS: n = 756; MDC: n = 2,060) or the HumanOmni 5M Exome v1.0 as part of the Stroke Genetics Network (SiGN) study (SAHLSIS: n = 444; Illumina, San Diego, California, United States) as described.	https://www.ebi.ac.uk/europepmc/webservices/rest/PMC6260132/fullTextXML
COHO:0000651	owl:NamedIndividual		COHO:0000456	A total of 4,253 additional CCS-phenotyped cases from 10 GRCs across Europe and the US have been previously genotyped prior to initiating SiGN (BRAINS, EDIN, GASROS, GEOS, ISGS, NHS, MUNICH, OXVASC, ST GEORGE’S, and SWISS).	https://www.ncbi.nlm.nih.gov/research/bionlp/RESTful/pmcoa.cgi/BioC_xml/PMC4056331/unicode
COHO:0000651	owl:NamedIndividual		COHO:0000786	Of those sites, 7 are European centers (BASICMAR—Spain, BRAINS—United Kingdom, GRAZ—Austria, KRAKOW—Poland, LEUVEN—Belgium, LUND STROKE REGISTER—Sweden, and SAHLSIS—Sweden) and 5 are based in the United States (GASROS, GCNKSS, GEOS, ISGS, and MIAMISR).	https://www.ebi.ac.uk/europepmc/webservices/rest/PMC5570675/fullTextXML
COHO:0000651	owl:NamedIndividual		COHO:0000953	Funding per SiGN cohort ASGC: Australian population control data were derived from the Hunter Community Study.	https://www.ebi.ac.uk/europepmc/webservices/rest/PMC11403718/supplementaryFiles
COHO:0000651	owl:NamedIndividual		COHO:0000955	A total of 4,253 additional CCS-phenotyped cases from 10 GRCs across Europe and the US have been previously genotyped prior to initiating SiGN (BRAINS, EDIN, GASROS, GEOS, ISGS, NHS, MUNICH, OXVASC, ST GEORGE’S, and SWISS).	https://www.ncbi.nlm.nih.gov/research/bionlp/RESTful/pmcoa.cgi/BioC_xml/PMC4056331/unicode
COHO:0000651	owl:NamedIndividual		COHO:0001038	Summary-level imputed data from one additional cohort (VISP) was added to the stage I meta-analysis.	https://pmc.ncbi.nlm.nih.gov/articles/PMC4912948/
COHO:0000651	owl:NamedIndividual		COHO:0001057	Of those sites, 7 are European centers (BASICMAR—Spain, BRAINS—United Kingdom, GRAZ—Austria, KRAKOW—Poland, LEUVEN—Belgium, LUND STROKE REGISTER—Sweden, and SAHLSIS—Sweden) and 5 are based in the United States (GASROS, GCNKSS, GEOS, ISGS, and MIAMISR).	https://www.ebi.ac.uk/europepmc/webservices/rest/PMC5570675/fullTextXML
COHO:0000651	owl:NamedIndividual		COHO:0001063	A total of 4,253 additional CCS-phenotyped cases from 10 GRCs across Europe and the US have been previously genotyped prior to initiating SiGN (BRAINS, EDIN, GASROS, GEOS, ISGS, NHS, MUNICH, OXVASC, ST GEORGE’S, and SWISS).	https://www.ncbi.nlm.nih.gov/research/bionlp/RESTful/pmcoa.cgi/BioC_xml/PMC4056331/unicode
COHO:0000651	owl:NamedIndividual		COHO:0001082	Of those sites, 7 are European centers (BASICMAR—Spain, BRAINS—United Kingdom, GRAZ—Austria, KRAKOW—Poland, LEUVEN—Belgium, LUND STROKE REGISTER—Sweden, and SAHLSIS—Sweden) and 5 are based in the United States (GASROS, GCNKSS, GEOS, ISGS, and MIAMISR).	https://www.ebi.ac.uk/europepmc/webservices/rest/PMC5570675/fullTextXML
COHO:0000651	owl:NamedIndividual		COHO:0001085	These include previously genotyped control groups from Sweden, Spain, the UK, and Austria to be paired with the cases to be genotyped from the two GRCs from Sweden (LUND and SAHLSIS), and from the GRCs from Spain (BASICMAR), the UK (BRAINS), and Austria (GRAZ).	https://www.ncbi.nlm.nih.gov/research/bionlp/RESTful/pmcoa.cgi/BioC_xml/PMC4056331/unicode
COHO:0000651	owl:NamedIndividual		COHO:0001092	A total of 4,253 additional CCS-phenotyped cases from 10 GRCs across Europe and the US have been previously genotyped prior to initiating SiGN (BRAINS, EDIN, GASROS, GEOS, ISGS, NHS, MUNICH, OXVASC, ST GEORGE’S, and SWISS).	https://www.ncbi.nlm.nih.gov/research/bionlp/RESTful/pmcoa.cgi/BioC_xml/PMC4056331/unicode
COHO:0000651	owl:NamedIndividual		COHO:0001095	Because suitable control groups with available GWAS genotyping could not be identified from Poland and Belgium, controls from the KRAKOW and LEUVEN GRCs will also be genotyped as part of SiGN.	https://www.ncbi.nlm.nih.gov/research/bionlp/RESTful/pmcoa.cgi/BioC_xml/PMC4056331/unicode
COHO:0000651	owl:NamedIndividual		COHO:0001096	Because suitable control groups with available GWAS genotyping could not be identified from Poland and Belgium, controls from the KRAKOW and LEUVEN GRCs will also be genotyped as part of SiGN.	https://www.ncbi.nlm.nih.gov/research/bionlp/RESTful/pmcoa.cgi/BioC_xml/PMC4056331/unicode
COHO:0000651	owl:NamedIndividual		COHO:0001100	CASES GENOTYPED THROUGH SiGN (US SITES)GASROSBoston, USAIllumina HumanOmni 5M Exome470GCNKSSGreater Cincinnati region, USAIllumina HumanOmni 5M Exome499ISGSMulti-center, USAIllumina HumanOmni 5M Exome187MCISSNew Jersey, USA	https://www.ebi.ac.uk/europepmc/webservices/rest/PMC4010766/fullTextXML
COHO:0000651	owl:NamedIndividual		COHO:0001102	A total of 4,253 additional CCS-phenotyped cases from 10 GRCs across Europe and the US have been previously genotyped prior to initiating SiGN (BRAINS, EDIN, GASROS, GEOS, ISGS, NHS, MUNICH, OXVASC, ST GEORGE’S, and SWISS).	https://www.ncbi.nlm.nih.gov/research/bionlp/RESTful/pmcoa.cgi/BioC_xml/PMC4056331/unicode
COHO:0000651	owl:NamedIndividual		COHO:0001105	A total of 4,253 additional CCS-phenotyped cases from 10 GRCs across Europe and the US have been previously genotyped prior to initiating SiGN (BRAINS, EDIN, GASROS, GEOS, ISGS, NHS, MUNICH, OXVASC, ST GEORGE’S, and SWISS).	https://www.ncbi.nlm.nih.gov/research/bionlp/RESTful/pmcoa.cgi/BioC_xml/PMC4056331/unicode
COHO:0000651	owl:NamedIndividual		COHO:0001118	A total of 4,253 additional CCS-phenotyped cases from 10 GRCs across Europe and the US have been previously genotyped prior to initiating SiGN (BRAINS, EDIN, GASROS, GEOS, ISGS, NHS, MUNICH, OXVASC, ST GEORGE’S, and SWISS).	https://www.ncbi.nlm.nih.gov/research/bionlp/RESTful/pmcoa.cgi/BioC_xml/PMC4056331/unicode
COHO:0000651	owl:NamedIndividual		COHO:0001123	A total of 4,253 additional CCS-phenotyped cases from 10 GRCs across Europe and the US have been previously genotyped prior to initiating SiGN (BRAINS, EDIN, GASROS, GEOS, ISGS, NHS, MUNICH, OXVASC, ST GEORGE’S, and SWISS).	https://www.ncbi.nlm.nih.gov/research/bionlp/RESTful/pmcoa.cgi/BioC_xml/PMC4056331/unicode
COHO:0000651	owl:NamedIndividual		COHO:0001131	CASES GENOTYPED THROUGH SiGN (US SITES) GASROS Boston, USA Illumina HumanOmni 5M Exome 470 GCNKSS Greater Cincinnati region, USA Illumina HumanOmni 5M Exome 499 ISGS Multi-center, USA Illumina HumanOmni 5M Exome 187 MCISS New Jersey, USA Illumina HumanOmni 5M Exome 630 MIAMISR Miami, USA Illumina HumanOmni 5M Exome 299 NHS National sample, USA Illumina HumanOmni 5M Exome 316 NOMAS(S) Manhattan, USA Illumina HumanOmni 5M Exome 363 REGARDS National sample, USA Illumina HumanOmni 5M Exome 311 SPS3 Multi-center; USA; Latin America, Spain Illumina HumanOmni 5M Exome 962 SWISS Multi-center, USA Illumina HumanOmni 5M Exome 271 WHI National sample, USA Illumina HumanOmni 5M Exome 458 WUSTL St. Louis, USA	https://www.ncbi.nlm.nih.gov/research/bionlp/RESTful/pmcoa.cgi/BioC_xml/PMC4010766/unicode
COHO:0000651	owl:NamedIndividual		COHO:0001337	A total of 4,253 additional CCS-phenotyped cases from 10 GRCs across Europe and the US have been previously genotyped prior to initiating SiGN (BRAINS, EDIN, GASROS, GEOS, ISGS, NHS, MUNICH, OXVASC, ST GEORGE’S, and SWISS).	https://www.ncbi.nlm.nih.gov/research/bionlp/RESTful/pmcoa.cgi/BioC_xml/PMC4056331/unicode
COHO:0000651	owl:NamedIndividual		COHO:0001473	BASICMAR Spain 5M EUR, HIS 890 – ADHD Spain 1M EUR – 411 INMA Spain 1M EUR – 807	https://pmc.ncbi.nlm.nih.gov/articles/PMC4912948/
COHO:0000651	owl:NamedIndividual		COHO:0002524	UTRECHT, Utrecht ImmunoChip Study/PROMISe Study	https://pmc.ncbi.nlm.nih.gov/articles/PMC4912948/
COHO:0000685	owl:NamedIndividual		COHO:0000444	International Genomics of Alzheimer's Project (IGAP) is a large study that used genotyped and imputed data on 7,055,881 single nucleotide polymorphisms (SNPs) to meta‐analyze four previously published GWAS datasets consisting of 17,008 AD cases and 37,154 controls (The Genetic and Environmental Risk in AD consortium‐GERAD, The European Alzheimer's disease Initiative‐EADI, the Alzheimer Disease Genetics Consortium‐ADGC, and The Cohorts for Heart and Aging Research in Genomic Epidemiology consortium‐CHARGE).	https://www.ebi.ac.uk/europepmc/webservices/rest/PMC6001515/fullTextXML
COHO:0000685	owl:NamedIndividual		COHO:0000518	International Genomics of Alzheimer's Project (IGAP) is a large study that used genotyped and imputed data on 7,055,881 single nucleotide polymorphisms (SNPs) to meta‐analyze four previously published GWAS datasets consisting of 17,008 AD cases and 37,154 controls (The Genetic and Environmental Risk in AD consortium‐GERAD, The European Alzheimer's disease Initiative‐EADI, the Alzheimer Disease Genetics Consortium‐ADGC, and The Cohorts for Heart and Aging Research in Genomic Epidemiology consortium‐CHARGE).	https://www.ebi.ac.uk/europepmc/webservices/rest/PMC6001515/fullTextXML
COHO:0000685	owl:NamedIndividual		COHO:0000643	International Genomics of Alzheimer's Project (IGAP) is a large study that used genotyped and imputed data on 7,055,881 single nucleotide polymorphisms (SNPs) to meta‐analyze four previously published GWAS datasets consisting of 17,008 AD cases and 37,154 controls (The Genetic and Environmental Risk in AD consortium‐GERAD, The European Alzheimer's disease Initiative‐EADI, the Alzheimer Disease Genetics Consortium‐ADGC, and The Cohorts for Heart and Aging Research in Genomic Epidemiology consortium‐CHARGE).	https://www.ebi.ac.uk/europepmc/webservices/rest/PMC6001515/fullTextXML
COHO:0000685	owl:NamedIndividual		COHO:0000646	International Genomics of Alzheimer's Project (IGAP) is a large study that used genotyped and imputed data on 7,055,881 single nucleotide polymorphisms (SNPs) to meta‐analyze four previously published GWAS datasets consisting of 17,008 AD cases and 37,154 controls (The Genetic and Environmental Risk in AD consortium‐GERAD, The European Alzheimer's disease Initiative‐EADI, the Alzheimer Disease Genetics Consortium‐ADGC, and The Cohorts for Heart and Aging Research in Genomic Epidemiology consortium‐CHARGE).	https://www.ebi.ac.uk/europepmc/webservices/rest/PMC6001515/fullTextXML
COHO:0000687	owl:NamedIndividual		COHO:0000504	Seven cohorts are included in the GWAS phase of the GUARDIAN study: five family-based studies (IRAS Family, BetaGene, MACAD, HTN-IR, NIDDM-Athero; total 3925 individuals) and two non-family based studies (IRAS, TRIPOD; total 411 individuals).	https://www.ncbi.nlm.nih.gov/research/bionlp/RESTful/pmcoa.cgi/BioC_xml/PMC3968231/unicode
COHO:0000687	owl:NamedIndividual		COHO:0000686	Seven cohorts are included in the GWAS phase of the GUARDIAN study: five family-based studies (IRAS Family, BetaGene, MACAD, HTN-IR, NIDDM-Athero; total 3925 individuals) and two non-family based studies (IRAS, TRIPOD; total 411 individuals).	https://www.ncbi.nlm.nih.gov/research/bionlp/RESTful/pmcoa.cgi/BioC_xml/PMC3968231/unicode
COHO:0000687	owl:NamedIndividual		COHO:0000872	Seven cohorts are included in the GWAS phase of the GUARDIAN study: five family-based studies (IRAS Family, BetaGene, MACAD, HTN-IR, NIDDM-Athero; total 3925 individuals) and two non-family based studies (IRAS, TRIPOD; total 411 individuals).	https://www.ncbi.nlm.nih.gov/research/bionlp/RESTful/pmcoa.cgi/BioC_xml/PMC3968231/unicode
COHO:0000687	owl:NamedIndividual		COHO:0000946	Seven cohorts are included in the GWAS phase of the GUARDIAN study: five family-based studies (IRAS Family, BetaGene, MACAD, HTN-IR, NIDDM-Athero; total 3925 individuals) and two non-family based studies (IRAS, TRIPOD; total 411 individuals).	https://www.ncbi.nlm.nih.gov/research/bionlp/RESTful/pmcoa.cgi/BioC_xml/PMC3968231/unicode
COHO:0000687	owl:NamedIndividual		COHO:0001015	Seven cohorts are included in the GWAS phase of the GUARDIAN study: five family-based studies (IRAS Family, BetaGene, MACAD, HTN-IR, NIDDM-Athero; total 3925 individuals) and two non-family based studies (IRAS, TRIPOD; total 411 individuals).	https://www.ncbi.nlm.nih.gov/research/bionlp/RESTful/pmcoa.cgi/BioC_xml/PMC3968231/unicode
COHO:0000687	owl:NamedIndividual		COHO:0001036	Seven cohorts are included in the GWAS phase of the GUARDIAN study: five family-based studies (IRAS Family, BetaGene, MACAD, HTN-IR, NIDDM-Athero; total 3925 individuals) and two non-family based studies (IRAS, TRIPOD; total 411 individuals).	https://www.ncbi.nlm.nih.gov/research/bionlp/RESTful/pmcoa.cgi/BioC_xml/PMC3968231/unicode
COHO:0000687	owl:NamedIndividual		COHO:0001045	Seven cohorts are included in the GWAS phase of the GUARDIAN study: five family-based studies (IRAS Family, BetaGene, MACAD, HTN-IR, NIDDM-Athero; total 3925 individuals) and two non-family based studies (IRAS, TRIPOD; total 411 individuals).	https://www.ncbi.nlm.nih.gov/research/bionlp/RESTful/pmcoa.cgi/BioC_xml/PMC3968231/unicode
COHO:0000688	owl:NamedIndividual		COHO:0000011	ARIC analyses performed as part of the METASTROKE project were supported by grant HL-093029 to M Fornage.	https://www.ebi.ac.uk/europepmc/webservices/rest/PMC3490334/fullTextXML
COHO:0000688	owl:NamedIndividual		COHO:0000428	deCODE 2391 399 255 240 26 970 European Cross-sectional Illumina 317/370	https://www.ebi.ac.uk/europepmc/webservices/rest/PMC3490334/fullTextXML
COHO:0000688	owl:NamedIndividual		COHO:0001582	MetaStroke is a project of the International Stroke Genetics Consortium and comprises ischemic stroke cases whose DNA has been collected and undergone GWA scan, recruited from centers in Europe (BRAINS [Bio-Repository of DNA in Stroke], United Kingdom; DeCODE, Iceland; Cerebrovascular Diseases Registry (CEDIR), Milan, Italy; Rotterdam, the Netherlands), USA (Atherosclerosis Risk in Communities study; Cardiovascular Health Study; Framingham Heart Study; Genetics of Early Onset Stroke Study; Heart Protection Study; Heart and Vascular Health; Ischemic Stroke Genetics Study; Massachusetts General Hospital Genes Affecting Stroke Risk and Outcome study), and Australia (Australian Stroke Genetics Collaborative).	https://www.ebi.ac.uk/europepmc/webservices/rest/PMC3582024/fullTextXML
COHO:0000695	owl:NamedIndividual		COHO:0000016	The SpiroMeta consortium consists of 14 GWAS studies: ALSPAC, B58C-T1DGC, B58C-WTCCC, EPIC (obese and population-based substudies), the EUROSPAN studies (Korcula, NSPHS, ORCADES and Vis), FTC (incorporating the FinnTwin16 and Finnish Twin Study on Aging), KORA S3, NFBC1966, SHIP and TwinsUK (see Table 1 for definitions of acronyms).	https://pmc.ncbi.nlm.nih.gov/articles/PMC2862965/
COHO:0000698	owl:NamedIndividual		COHO:0000479	This study was performed on samples from three Croatian populations: from the Dalmatian islands of Korcula and Vis and the mainland city of Split, within the large-scale project of “10,001 Dalmatians” (Rudan et al., 2009).	https://www.ebi.ac.uk/europepmc/webservices/rest/PMC6016867/fullTextXML
COHO:0000698	owl:NamedIndividual		COHO:0000663	This study was performed on samples from three Croatian populations: from the Dalmatian islands of Korcula and Vis and the mainland city of Split, within the large-scale project of “10,001 Dalmatians” (Rudan et al., 2009).	https://www.ebi.ac.uk/europepmc/webservices/rest/PMC6016867/fullTextXML
COHO:0000714	owl:NamedIndividual		COHO:0000832	Phase 1, which has been completed, includes participants from 3 studies funded by the National Institutes of Health, which sought to identify genetic determinants of peripheral arterial disease (PAD), venous thromboembolism, and pancreatic cancer, respectively, with a combined total sample size of 6307 unique participants	https://pmc.ncbi.nlm.nih.gov/articles/PMC3127556/
COHO:0000731	owl:NamedIndividual		COHO:0000020	Recently, new risk-associated variants have been identified in a large-scale replication study conducted by the Breast Cancer Association Consortium (BCAC) as part of the Collaborative Oncological Gene-Environment Study (COGS).	https://www.ncbi.nlm.nih.gov/research/bionlp/RESTful/pmcoa.cgi/BioC_xml/PMC4754625/unicode
COHO:0000731	owl:NamedIndividual		COHO:0000134	The Illumina™ “iCOGS” custom genotyping chip (28) was designed as a collaborative project, principally involving four international consortia; the Breast Cancer Association Consortium (BCAC) (29) (http://ccge.medschl.cam.ac.uk/consortia/bcac/), the Ovarian Cancer Association Consortium (OCAC) (30)	https://www.ebi.ac.uk/europepmc/webservices/rest/PMC3836481/fullTextXML
COHO:0000731	owl:NamedIndividual		COHO:0000901	Women diagnosed with EOC and unaffected women from the general population ascertained through the Ovarian Cancer Association Consortium (OCAC)14 and BRCA1 and BRCA2 mutation carriers from the Consortium of Investigators of Modifiers of BRCA1/2 (CIMBA)15 were genotyped as part of the Collaborative Oncological Gene-environment Study (COGS) using the iCOGS custom array.	https://pmc.ncbi.nlm.nih.gov/articles/PMC4445140/
COHO:0000736	owl:NamedIndividual		COHO:0000050	The Sigma Project comprises four databases: DMS (Diabetes in Mexico Study), MCDS (Mexico City Diabetes Study), MEC (Multiethnic Cohort) and UIDS (UNAM/INCMNSZ Diabetes Study).	https://www.ebi.ac.uk/europepmc/webservices/rest/PMC4880969/fullTextXML
COHO:0000736	owl:NamedIndividual		COHO:0000121	The Sigma Project comprises four databases: DMS (Diabetes in Mexico Study), MCDS (Mexico City Diabetes Study), MEC (Multiethnic Cohort) and UIDS (UNAM/INCMNSZ Diabetes Study).	https://www.ebi.ac.uk/europepmc/webservices/rest/PMC4880969/fullTextXML
COHO:0000736	owl:NamedIndividual		COHO:0002491	The GWAS SIGMA project used Mexican and Latin American populations described in Section 2: the Diabetes in Mexico Study (DMS), the Mexico City Diabetes Study (MCDS), the Multiethnic Cohort (MEC), and the UNAM/INCMNSZ Diabetes Study (UIDS).	https://www.ebi.ac.uk/europepmc/webservices/rest/PMC9140925/fullTextXML
COHO:0000745	owl:NamedIndividual		COHO:0001053	CARDIoGRAM combines data from all published and several unpublished GWAS in individuals with European ancestry; includes >22 000 cases with CAD, MI, or both and >60 000 controls; and unifies samples from the Atherosclerotic Disease VAscular functioN and genetiC Epidemiology study, CADomics, Cohorts for Heart and Aging Research in Genomic Epidemiology, deCODE, the German Myocardial Infarction Family Studies I, II, and III, Ludwigshafen Risk and Cardiovascular Heath Study/AtheroRemo, MedStar, Myocardial Infarction Genetics Consortium, Ottawa Heart Genomics Study, PennCath, and the Wellcome Trust Case Control Consortium.	https://pmc.ncbi.nlm.nih.gov/articles/PMC3070269/
COHO:0000745	owl:NamedIndividual		COHO:0001176	CARDIoGRAM combines data from all published and several unpublished GWAS in individuals with European ancestry; includes >22 000 cases with CAD, MI, or both and >60 000 controls; and unifies samples from the Atherosclerotic Disease VAscular functioN and genetiC Epidemiology study, CADomics, Cohorts for Heart and Aging Research in Genomic Epidemiology, deCODE, the German Myocardial Infarction Family Studies I, II, and III, Ludwigshafen Risk and Cardiovascular Heath Study/AtheroRemo, MedStar, Myocardial Infarction Genetics Consortium, Ottawa Heart Genomics Study, PennCath, and the Wellcome Trust Case Control Consortium.	https://pmc.ncbi.nlm.nih.gov/articles/PMC3070269/
COHO:0000745	owl:NamedIndividual		COHO:0001205	The remaining CARDIoGRAM cohorts formed the Stage 2 set and included Atherosclerotic Disease VAscular functioN and genetic Epidemiology Study (ADVANCE), CADomics, Cohorts for Heart and Aging Research in Genomic Epidemiology (CHARGE), deCODE CAD, Ludwigshafen Risk and Cardiovascular Health Study (LURIC/AtheroRemo 1, LURIC/AtheroRemo 2), MedStar, Myocardial Infarction Genetics Consortium (MIGen) and the PennCath Study.	https://www.ebi.ac.uk/europepmc/webservices/rest/PMC4102418/fullTextXML
COHO:0000745	owl:NamedIndividual		COHO:0001220	Notably, PennCATH is one of the core GWA studies nested within the Coronary ARtery DIsease Genome‐wide Replication And Meta‐analysis (CARDIoGRAM) consortium meta‐data	https://www.ebi.ac.uk/europepmc/webservices/rest/PMC5019244/fullTextXML
COHO:0000745	owl:NamedIndividual		COHO:0001554	CARDIoGRAM combines data from all published and several unpublished GWAS in individuals with European ancestry; includes >22 000 cases with CAD, MI, or both and >60 000 controls; and unifies samples from the Atherosclerotic Disease VAscular functioN and genetiC Epidemiology study, CADomics, Cohorts for Heart and Aging Research in Genomic Epidemiology, deCODE, the German Myocardial Infarction Family Studies I, II, and III, Ludwigshafen Risk and Cardiovascular Heath Study/AtheroRemo, MedStar, Myocardial Infarction Genetics Consortium, Ottawa Heart Genomics Study, PennCath, and the Wellcome Trust Case Control Consortium.	https://www.ebi.ac.uk/europepmc/webservices/rest/search?query=EXT_ID%3A20923989+AND+SRC%3AMED&format=json&resultType=core
COHO:0000745	owl:NamedIndividual		COHO:0001654	deCODE CAD 6640/ 27611 54.7 36.3/ 61.9 74.8 (11.8)/ 53.7 (21.5) 27.7 (4.7)/ 27.0 (5.4)† MI: MONICA criteria (<75 yrs) or discharge diagnosis of MI; CAD: PCI or participation in CVD genetics program with self-report of CABG or PCI, or discharge diagnosis of angina pectoris, MI or chronic ischaemic heart disease Population sample	https://media.springernature.com/original/springer-static/esm/art%3A10.1038%2Fng.784/MediaObjects/41588_2011_BFng784_MOESM10_ESM.pdf
COHO:0000745	owl:NamedIndividual		COHO:0002069	CARDIoGRAM combines data from all published and several unpublished GWAS in individuals with European ancestry; includes >22 000 cases with CAD, MI, or both and >60 000 controls; and unifies samples from the Atherosclerotic Disease VAscular functioN and genetiC Epidemiology study, CADomics, Cohorts for Heart and Aging Research in Genomic Epidemiology, deCODE, the German Myocardial Infarction Family Studies I, II, and III, Ludwigshafen Risk and Cardiovascular Heath Study/AtheroRemo, MedStar, Myocardial Infarction Genetics Consortium, Ottawa Heart Genomics Study, PennCath, and the Wellcome Trust Case Control Consortium.	https://www.ebi.ac.uk/europepmc/webservices/rest/search?query=EXT_ID%3A20923989+AND+SRC%3AMED&format=json&resultType=core
COHO:0000752	owl:NamedIndividual		COHO:0001629	Center for Prostate Disease Research CPDR ELLIPSE/OncoArray 145 44 135 41 Retrospective cohort study; Greater Washington DC Metro Area, USA	https://www.ebi.ac.uk/europepmc/webservices/rest/PMC5448553/supplementaryFiles
COHO:0000752	owl:NamedIndividual		COHO:0001987	Set 2 included 1,253 cases and 1,069 controls from four stud- ies: the MEC, the Los Angeles Aggressive Prostate Cancer (LAAPC), MD Anderson (MDA) and San Antonio Biomarkers ofRisk(SABOR).ThesestudiesweregenotypedwiththeIllumina OncoArray (260K GWAS backbone),15 as part of the ELLIPSE GAME-ON Consortium (dbGaP phs001391.v1.p1).16	https://europepmc.org/api/getPdf?pmcid=PMC7028127
COHO:0000752	owl:NamedIndividual		COHO:0002044	Set 2 included 1,253 cases and 1,069 controls from four stud- ies: the MEC, the Los Angeles Aggressive Prostate Cancer (LAAPC), MD Anderson (MDA) and San Antonio Biomarkers ofRisk(SABOR).ThesestudiesweregenotypedwiththeIllumina OncoArray (260K GWAS backbone),15 as part of the ELLIPSE GAME-ON Consortium (dbGaP phs001391.v1.p1).16	https://europepmc.org/api/getPdf?pmcid=PMC7028127
COHO:0000752	owl:NamedIndividual		COHO:0002167	Nashville Men's Health Study | NMHS | ELLIPSE/OncoArray | 188 | 201 | 176 | 188 | Case-control, Nashville, TN | Men seeking a prostate biopsy in all urology clinics in Nashville, TN | Men without PC at biopsy from these urology clinics. | PMID:23079532	https://www.ebi.ac.uk/europepmc/webservices/rest/PMC5448553/supplementaryFiles
COHO:0000752	owl:NamedIndividual		COHO:0002238	The North Carolina-Louisiana Prostate Cancer Project | PCaP | ELLIPSE/OncoArray | 1022 | 0 | 967 | 0 | Population-based Case-only | North Carolina Central Cancer Registry for NC cases and LSUHSC Cancer (SEER) Registry for LA cases | NA | PMID:16676364	https://www.ebi.ac.uk/europepmc/webservices/rest/PMC5448553/supplementaryFiles
COHO:0000752	owl:NamedIndividual		COHO:0002241	Prostate Cancer Prevention Trial | PCPT | ELLIPSE/OncoArray | 44 | 129 | 44 | 121 | Case-control drawn from a randomized clinical trial; US and Canada | PCPT | PCPT | [PMID: 12824459]	https://www.ebi.ac.uk/europepmc/webservices/rest/PMC5448553/supplementaryFiles
COHO:0000752	owl:NamedIndividual		COHO:0002292	The Prostate Cancer and Environment Study | PROtEuS | ELLIPSE/OncoArray | 72 | 58 | 70 | 57 | Case-control, Montreal, Canada | New incident cases across Montreal hospitals | Electoral list, from same residential areas as cases | [PMID:26385727]	https://www.ebi.ac.uk/europepmc/webservices/rest/PMC5448553/supplementaryFiles
COHO:0000752	owl:NamedIndividual		COHO:0002335	San Antonio Biomarkers of Risk | SABOR | ELLIPSE/OncoArray | 106 | 106 | 105 | 106 | Case-control from SA, TX | Incident and Prevalent cases from SABOR | SABOR | [PMID: 20086112]	https://www.ebi.ac.uk/europepmc/webservices/rest/PMC5448553/supplementaryFiles
COHO:0000752	owl:NamedIndividual		COHO:0002355	South Carolina Prostate Cancer Study | SCPCS | ELLIPSE/OncoArray | 64 | 39 | 57 | 32 | Case-control, South Carolina, U.S. | South Carolina Central Cancer Registry | Health Care Financing Administration Medicare Beneficiary File | [PMID: 15280622]	https://www.ebi.ac.uk/europepmc/webservices/rest/PMC5448553/supplementaryFiles
COHO:0000752	owl:NamedIndividual		COHO:0002368	San Francisco Prostate Cancer Study | SFPCS | ELLIPSE/OncoArray | 86 | 37 | 81 | 36 | Case-control in Bay Area, CA | Non-Hispanic  African-American men ages 40-79 years diagnosed with advanced prostate cancer from 1997-2000. Cases were identified through the Greater Bay Area Cancer Registry. | Non-Hispanic African-American men ages 40-79 years without a history of prostate cancer | [PMID: 15958597]	https://www.ebi.ac.uk/europepmc/webservices/rest/PMC5448553/supplementaryFiles
COHO:0000752	owl:NamedIndividual		COHO:0002564	Wake Forest Prostate Cancer Study | WFPCS | ELLIPSE/OncoArray | 59 | 66 | 59 | 49 | Case-control, Winston-Salem, NC | Incident cases from Wake Forest Baptist Health Urology Clinic | Men with normal PSA/DRE from the same clinic | [PMID: 15342424]	https://www.ebi.ac.uk/europepmc/webservices/rest/PMC5448553/supplementaryFiles
COHO:0000765	owl:NamedIndividual		COHO:0000941	The authors thank all investigators, staff, and participants from the studies of PAGE (ARIC, MEC, WHI), HyperGEN, CLHNS, TAICHI (HALST, SAPPHIRe, TCAGEN, TACT, Taiwan DRAGON, TCAD, and TUDR), FUSION, FIN-D2D2007, DPS, DR's EXTRA, METSIM, HUNT 2, and TROMSØ for their contributions.	https://www.ebi.ac.uk/europepmc/webservices/rest/PMC3605054/fullTextXML
COHO:0000765	owl:NamedIndividual		COHO:0002433	The authors thank all investigators, staff, and participants from the studies of PAGE (ARIC, MEC, WHI), HyperGEN, CLHNS, TAICHI (HALST, SAPPHIRe, TCAGEN, TACT, Taiwan DRAGON, TCAD, and TUDR), FUSION, FIN-D2D2007, DPS, DR's EXTRA, METSIM, HUNT 2, and TROMSØ for their contributions.	https://www.ebi.ac.uk/europepmc/webservices/rest/PMC3605054/fullTextXML
COHO:0000765	owl:NamedIndividual		COHO:0002443	The authors thank all investigators, staff, and participants from the studies of PAGE (ARIC, MEC, WHI), HyperGEN, CLHNS, TAICHI (HALST, SAPPHIRe, TCAGEN, TACT, Taiwan DRAGON, TCAD, and TUDR), FUSION, FIN-D2D2007, DPS, DR's EXTRA, METSIM, HUNT 2, and TROMSØ for their contributions.	https://www.ebi.ac.uk/europepmc/webservices/rest/PMC3605054/fullTextXML
COHO:0000768	owl:NamedIndividual		COHO:0000534	King County (Washington) Prostate Cancer Studies | KCPCS | AAPC GWAS | 145 | 81 | 141 | 75 | Case-control, King County, WA, U.S. | Seattle-Puget Sound SEER cancer registry | Random-digit-dialing | [PMID:10548316]	https://www.ebi.ac.uk/europepmc/webservices/rest/PMC5448553/supplementaryFiles
COHO:0000768	owl:NamedIndividual		COHO:0001564	Prostate Cancer Genetics Study CaP Genes AAPC GWAS 75 85 71 85 Case-control, Cleveland, OH, U.S.	https://www.ebi.ac.uk/europepmc/webservices/rest/PMC5448553/supplementaryFiles
COHO:0000768	owl:NamedIndividual		COHO:0001652	These studies included: The Multiethnic Cohort (MEC; 1,094 cases /1,096 controls), The Southern Community Cohort Study (SCCS, 212/419), The Prostate, Lung, Colorectal, and Ovarian Cancer Screening Trial (PLCO, 286/269), The Cancer Prevention Study II Nutrition Cohort (CPS-II, 76/152), Prostate Cancer Case-Control Studies at MD Anderson (MDA, 543/474), Identifying Prostate Cancer Genes (IPCG, 368/172), The Los Angeles Study of Aggressive Prostate Cancer (LAAPC, 296/303), Prostate Cancer Genetics Study (CaP Genes, 75/85), Case-Control Study of Prostate Cancer among African Americans in Washington, DC (DCPC, 292/359), King County (Washington) Prostate Cancer Study (KCPCS, 145/81), and The Gene-Environment Interaction in Prostate Cancer Study (GECAP, 234/92).	https://pmc.ncbi.nlm.nih.gov/articles/PMC3102788/
COHO:0000768	owl:NamedIndividual		COHO:0001765	The Gene-Environment Interaction in Prostate Cancer Study | GECAP | AAPC GWAS | 234 | 92 | 224 | 89 | Case-control, Detroit, MI, U.S. | The Henry Ford Health System (HFHS) | HFHS population base | [PMID:17067754]	https://www.ebi.ac.uk/europepmc/webservices/rest/PMC5448553/supplementaryFiles
COHO:0000768	owl:NamedIndividual		COHO:0001930	Identifying Prostate Cancer Genes | IPCG | AAPC GWAS | 368 | 172 | 354 | 157 | Case-control, Maryland, U.S. | Johns Hopkins Hospital and Sidney Kimmel Cancer Center | Men undergoing screening for prostate cancer at the same institutions | [PMID:17401366]	https://www.ebi.ac.uk/europepmc/webservices/rest/PMC5448553/supplementaryFiles
COHO:0000768	owl:NamedIndividual		COHO:0001987	The Los Angeles Study of Aggressive Prostate Cancer | LAAPC | AAPC GWAS | 296 | 303 | 288 | 287 | Case-control, Los Angeles County, CA, U.S. | Los Angeles County Cancer Surveillance Program | Los Angeles County, neighborhood walk algorithm and the MEC | [PMID:20364112]	https://www.ebi.ac.uk/europepmc/webservices/rest/PMC5448553/supplementaryFiles
COHO:0000768	owl:NamedIndividual		COHO:0002044	Prostate Cancer Case-Control Studies at MD Anderson | MDA | AAPC GWAS | 543 | 474 | 528 | 437 | Case-control, Houston, TX, U.S. | Houston Medical Center | Random-digit-dialing or hospital visitors | [PMID:15264247]	https://www.ebi.ac.uk/europepmc/webservices/rest/PMC5448553/supplementaryFiles
COHO:0000768	owl:NamedIndividual		COHO:0002126	NCPCS is a population-based case-control study in the Western part of North Carolina (NC).	https://media.springernature.com/original/springer-static/esm/art%3A10.1038%2Fng.3094/MediaObjects/41588_2014_BFng3094_MOESM58_ESM.pdf
COHO:0000773	owl:NamedIndividual		COHO:0000024	The CORECT study meta-analysis was conducted using germline DNA the Molecular Epidemiology of Colorectal Cancer study (MECC) (set 1: 484 cases and 498 controls; set 2: 1,120 cases and 820 controls), CCFR (set 1: 1,977 cases and 999 controls; set 2: 1,660 cases and 1,393 controls), Kentucky case-control study (1,038 cases and 1,134 controls), Newfoundland case-control study (548 cases and 538 controls), American Cancer Society CPS II nested case-control study (ACS/CPSII, 539 cases and 469 controls) and the Melbourne nested case-control study (195 cases and 477 controls).	https://www.ebi.ac.uk/europepmc/webservices/rest/PMC4180879/fullTextXML
COHO:0000773	owl:NamedIndividual		COHO:0000523	The CORECT study meta-analysis was conducted using germline DNA the Molecular Epidemiology of Colorectal Cancer study (MECC) (set 1: 484 cases and 498 controls; set 2: 1,120 cases and 820 controls), CCFR (set 1: 1,977 cases and 999 controls; set 2: 1,660 cases and 1,393 controls), Kentucky case-control study (1,038 cases and 1,134 controls), Newfoundland case-control study (548 cases and 538 controls), American Cancer Society CPS II nested case-control study (ACS/CPSII, 539 cases and 469 controls) and the Melbourne nested case-control study (195 cases and 477 controls).	https://www.ebi.ac.uk/europepmc/webservices/rest/PMC4180879/fullTextXML
COHO:0000773	owl:NamedIndividual		COHO:0000547	The CORECT study meta-analysis was conducted using germline DNA the Molecular Epidemiology of Colorectal Cancer study (MECC) (set 1: 484 cases and 498 controls; set 2: 1,120 cases and 820 controls), CCFR (set 1: 1,977 cases and 999 controls; set 2: 1,660 cases and 1,393 controls), Kentucky case-control study (1,038 cases and 1,134 controls), Newfoundland case-control study (548 cases and 538 controls), American Cancer Society CPS II nested case-control study (ACS/CPSII, 539 cases and 469 controls) and the Melbourne nested case-control study (195 cases and 477 controls).	https://www.ebi.ac.uk/europepmc/webservices/rest/PMC4180879/fullTextXML
COHO:0000773	owl:NamedIndividual		COHO:0000601	The CORECT study meta-analysis was conducted using germline DNA the Molecular Epidemiology of Colorectal Cancer study (MECC) (set 1: 484 cases and 498 controls; set 2: 1,120 cases and 820 controls), CCFR (set 1: 1,977 cases and 999 controls; set 2: 1,660 cases and 1,393 controls), Kentucky case-control study (1,038 cases and 1,134 controls), Newfoundland case-control study (548 cases and 538 controls), American Cancer Society CPS II nested case-control study (ACS/CPSII, 539 cases and 469 controls) and the Melbourne nested case-control study (195 cases and 477 controls).	https://www.ebi.ac.uk/europepmc/webservices/rest/PMC4180879/fullTextXML
COHO:0000773	owl:NamedIndividual		COHO:0000618	The CORECT study meta-analysis was conducted using germline DNA the Molecular Epidemiology of Colorectal Cancer study (MECC) (set 1: 484 cases and 498 controls; set 2: 1,120 cases and 820 controls), CCFR (set 1: 1,977 cases and 999 controls; set 2: 1,660 cases and 1,393 controls), Kentucky case-control study (1,038 cases and 1,134 controls), Newfoundland case-control study (548 cases and 538 controls), American Cancer Society CPS II nested case-control study (ACS/CPSII, 539 cases and 469 controls) and the Melbourne nested case-control study (195 cases and 477 controls).	https://www.ebi.ac.uk/europepmc/webservices/rest/PMC4180879/fullTextXML
COHO:0000773	owl:NamedIndividual		COHO:0000732	The CORECT study meta-analysis was conducted using germline DNA the Molecular Epidemiology of Colorectal Cancer study (MECC) (set 1: 484 cases and 498 controls; set 2: 1,120 cases and 820 controls), CCFR (set 1: 1,977 cases and 999 controls; set 2: 1,660 cases and 1,393 controls), Kentucky case-control study (1,038 cases and 1,134 controls), Newfoundland case-control study (548 cases and 538 controls), American Cancer Society CPS II nested case-control study (ACS/CPSII, 539 cases and 469 controls) and the Melbourne nested case-control study (195 cases and 477 controls).	https://www.ebi.ac.uk/europepmc/webservices/rest/PMC4180879/fullTextXML
COHO:0000774	owl:NamedIndividual		COHO:0000752	GAME-ON is network of genetic epidemiology consortia that contains GWAS data from the Colorectal Transdisciplinary Study (CORECT); Discovery, Biology, and Risk of Inherited Variants in Breast Cancer (DRIVE); Elucidating Loci Involved in Prostate Cancer Susceptibility (ELLIPSE); Follow-up of Ovarian Cancer Genetic Association and Interaction Studies (FOCI); and Transdisciplinary Research in Cancer of the Lung (TRICL).	https://www.ebi.ac.uk/europepmc/webservices/rest/PMC5012582/fullTextXML
COHO:0000774	owl:NamedIndividual		COHO:0000773	GAME-ON is network of genetic epidemiology consortia that contains GWAS data from the Colorectal Transdisciplinary Study (CORECT); Discovery, Biology, and Risk of Inherited Variants in Breast Cancer (DRIVE); Elucidating Loci Involved in Prostate Cancer Susceptibility (ELLIPSE); Follow-up of Ovarian Cancer Genetic Association and Interaction Studies (FOCI); and Transdisciplinary Research in Cancer of the Lung (TRICL).	https://www.ebi.ac.uk/europepmc/webservices/rest/PMC5012582/fullTextXML
COHO:0000774	owl:NamedIndividual		COHO:0000800	GAME-ON is network of genetic epidemiology consortia that contains GWAS data from the Colorectal Transdisciplinary Study (CORECT); Discovery, Biology, and Risk of Inherited Variants in Breast Cancer (DRIVE); Elucidating Loci Involved in Prostate Cancer Susceptibility (ELLIPSE); Follow-up of Ovarian Cancer Genetic Association and Interaction Studies (FOCI); and Transdisciplinary Research in Cancer of the Lung (TRICL).	https://www.ebi.ac.uk/europepmc/webservices/rest/PMC5012582/fullTextXML
COHO:0000774	owl:NamedIndividual		COHO:0001003	GAME-ON is network of genetic epidemiology consortia that contains GWAS data from the Colorectal Transdisciplinary Study (CORECT); Discovery, Biology, and Risk of Inherited Variants in Breast Cancer (DRIVE); Elucidating Loci Involved in Prostate Cancer Susceptibility (ELLIPSE); Follow-up of Ovarian Cancer Genetic Association and Interaction Studies (FOCI); and Transdisciplinary Research in Cancer of the Lung (TRICL).	https://www.ebi.ac.uk/europepmc/webservices/rest/PMC5012582/fullTextXML
COHO:0000774	owl:NamedIndividual		COHO:0001329	GAME-ON is network of genetic epidemiology consortia that contains GWAS data from the Colorectal Transdisciplinary Study (CORECT); Discovery, Biology, and Risk of Inherited Variants in Breast Cancer (DRIVE); Elucidating Loci Involved in Prostate Cancer Susceptibility (ELLIPSE); Follow-up of Ovarian Cancer Genetic Association and Interaction Studies (FOCI); and Transdisciplinary Research in Cancer of the Lung (TRICL).	https://www.ebi.ac.uk/europepmc/webservices/rest/PMC5012582/fullTextXML
COHO:0000782	owl:NamedIndividual		COHO:0000781	The J-CGE consists of data analyzed among healthy participants from the Tohoku Medical Megabank Community-Based Cohort (TMM) Study, the Japan Public Health Centre-based Prospective (JPHC) Study, the Japan Multi-Institutional Collaborative Cohort (J-MICC) Study, and the Hospital-based Epidemiologic Research Program at Aichi Cancer Center (HERPACC) Study (Table 1).	https://www.ebi.ac.uk/europepmc/webservices/rest/PMC8761561/fullTextXML
COHO:0000782	owl:NamedIndividual		COHO:0000783	The J-CGE consists of data analyzed among healthy participants from the Tohoku Medical Megabank Community-Based Cohort (TMM) Study, the Japan Public Health Centre-based Prospective (JPHC) Study, the Japan Multi-Institutional Collaborative Cohort (J-MICC) Study, and the Hospital-based Epidemiologic Research Program at Aichi Cancer Center (HERPACC) Study (Table 1).	https://www.ebi.ac.uk/europepmc/webservices/rest/PMC8761561/fullTextXML
COHO:0000784	owl:NamedIndividual		COHO:0000377	BioBank Japan Project was started in 2003 and collected DNA and clinical information from a total of 200,000 patients suffering from at least one of 47 common diseases.	https://static-content.springer.com/esm/art%3A10.1038%2Fs41588-018-0058-3/MediaObjects/41588_2018_58_MOESM1_ESM.pdf
COHO:0000784	owl:NamedIndividual		COHO:0000444	Consortia providing stroke data: COMPASS Consortium, EPIC-CVD Consortium, EPIC-InterAct Consortium, ISGC, METASTROKE Consortium, Neurology Working Group of the CHARGE Consortium, NINDS-SiGN, UK Young Lacunar DNA Study, and MEGASTROKE Consortium.	https://www.ncbi.nlm.nih.gov/research/bionlp/RESTful/pmcoa.cgi/BioC_xml/PMC5968830/unicode
COHO:0000784	owl:NamedIndividual		COHO:0000651	Consortia providing stroke data: COMPASS Consortium, EPIC-CVD Consortium, EPIC-InterAct Consortium, ISGC, METASTROKE Consortium, Neurology Working Group of the CHARGE Consortium, NINDS-SiGN, UK Young Lacunar DNA Study, and MEGASTROKE Consortium.	https://www.ncbi.nlm.nih.gov/research/bionlp/RESTful/pmcoa.cgi/BioC_xml/PMC5968830/unicode
COHO:0000784	owl:NamedIndividual		COHO:0000688	Consortia providing stroke data: COMPASS Consortium, EPIC-CVD Consortium, EPIC-InterAct Consortium, ISGC, METASTROKE Consortium, Neurology Working Group of the CHARGE Consortium, NINDS-SiGN, UK Young Lacunar DNA Study, and MEGASTROKE Consortium.	https://www.ncbi.nlm.nih.gov/research/bionlp/RESTful/pmcoa.cgi/BioC_xml/PMC5968830/unicode
COHO:0000784	owl:NamedIndividual		COHO:0001017	Case and control subjects included in the discovery phase were subjects of European ancestry aged >55 years in the Genetics of Cerebral Hemorrhage with Anticoagulation13 (GOCHA) study (multicenter study in the US) and aged >18 years in the Genetic and Environmental Risk Factors for Hemorrhagic Stroke (GERFHS) studies I and II in Cincinnati, OH; Hospital del Mar Intracerebral Hemorrhage study and Vall d’Hebron Hospita lCH study in Barcelona, Spain; Jagiellonian University Hemorrhagic Stroke Study in Krakow, Poland; and the Lund Stroke Register study in Lund, Sweden.	https://media.springernature.com/original/springer-static/esm/art%3A10.1038%2Fs41588-018-0058-3/MediaObjects/41588_2018_58_MOESM1_ESM.pdf
COHO:0000793	owl:NamedIndividual		COHO:0000727	The SAGE aggregated data containing common measures from three large scale studies in the substance abuse field: the Collaborative Study on the Genetics of Alcoholism (COGA), the Family Study of Cocaine Dependence (FSCD), and the Collaborative Genetic Study of Nicotine Dependence (COGEND).	https://www.ebi.ac.uk/europepmc/webservices/rest/PMC8744290/fullTextXML
COHO:0000793	owl:NamedIndividual		COHO:0000772	The SAGE aggregated data containing common measures from three large scale studies in the substance abuse field: the Collaborative Study on the Genetics of Alcoholism (COGA), the Family Study of Cocaine Dependence (FSCD), and the Collaborative Genetic Study of Nicotine Dependence (COGEND).	https://www.ebi.ac.uk/europepmc/webservices/rest/PMC8744290/fullTextXML
COHO:0000829	owl:NamedIndividual		COHO:0001079	Because 865 MARTHA/EOVT participants examined in the current study also took part in the INVENT study, we were able to calculate the Spearman correlation between the true rs121918472 genotype as provided by Illumina Exome array results, and the imputed dose-derived from GWAS arrays.	https://www.ebi.ac.uk/europepmc/webservices/rest/PMC5379621/fullTextXML
COHO:0000854	owl:NamedIndividual		COHO:0000795	Studies conducted among Asian women include (Principal Investigator, grant support): the Shanghai Breast Cancer Study (W.Z. and X.-O.S., R01CA064277)	https://www.ebi.ac.uk/europepmc/webservices/rest/PMC7057957/fullTextXML
COHO:0000854	owl:NamedIndividual		COHO:0000966	The SeBCS has been described above, which also contributed samples to ABCC.	https://www.ebi.ac.uk/europepmc/webservices/rest/PMC7057957/supplementaryFiles
COHO:0000854	owl:NamedIndividual		COHO:0001185	For studies participating in the ABCC, the BBJ1 was supported by the Ministry of Education, Culture, Sports, Sciences and Technology from the Japanese Government. The SeBCS was supported by the BRL (Basic Research Laboratory) program through the National Research Foundation of Korea, funded by the Ministry of Education, Science and Technology (2011-0001564). The biospecimens and data of the Hwasun Cancer Epidemiology Study-Breast were provided by the Biobank of Chonnam National University Hwasun Hospital, a member of the Korea Biobank Network (07SA2014020).	https://www.ebi.ac.uk/europepmc/webservices/rest/PMC6838373/fullTextXML
COHO:0000854	owl:NamedIndividual		COHO:0001229	The SBCGS has been described above, which also contributed samples to ABCC	https://www.ebi.ac.uk/europepmc/webservices/rest/PMC7057957/supplementaryFiles
COHO:0000854	owl:NamedIndividual		COHO:0002369	SGBCC contributed to BCAC and the Asian Breast Cancer Consortium, S3 Table presents three of the recent works where SGBCC had notable contributions [26, 30, 31].	https://www.ebi.ac.uk/europepmc/webservices/rest/PMC8075208/fullTextXML
COHO:0000855	owl:NamedIndividual		COHO:0001476	The meta-analyses described in this manuscript included the following studies described elsewhere: The Age, Gene/Environment Susceptibility Study (AGES) Reykjavik study169 , the Atrial Fibrillation Biobank LMU (AFLMU) in the context of the Arrhythmia-Biobank-LMU (formerly known as AFNET) and the Cooperative Health Research in the Region of Augsburg (KORA)169	https://media.springernature.com/original/springer-static/esm/art%3A10.1038%2Fng.3843/MediaObjects/41588_2017_BFng3843_MOESM307_ESM.pdf
COHO:0000860	owl:NamedIndividual		COHO:0000031	Cohort Overview BC Generations Project Alberta’s Tomorrow Project Healthy Future Sask Manitoba Tomorrow Project Ontario Health Study CARTaGENE Atlantic PATH	https://canpath.ca/cohorts/
COHO:0000864	owl:NamedIndividual		COHO:0001562	These studies include the Chinese Academy of Medical Sciences Cancer Hospital Study (CAMSCH)	https://media.springernature.com/original/springer-static/esm/art%3A10.1038%2Fng.2456/MediaObjects/41588_2012_BFng2456_MOESM34_ESM.pdf
COHO:0000864	owl:NamedIndividual		COHO:0001600	Additional studies included in this GWAS are the Guangdong Study (GDS), the Hong Kong Study (HKS), the Japanese Female Lung Cancer Collaborative Study (JLCS)14 , the Chonnam National University Lung Cancer Study (CNULCS) Study15 , and the Yunnan Lung Cancer Study (YLCS).	https://media.springernature.com/original/springer-static/esm/art%3A10.1038%2Fng.2456/MediaObjects/41588_2012_BFng2456_MOESM34_ESM.pdf
COHO:0000864	owl:NamedIndividual		COHO:0001733	These studies include the Chinese Academy of Medical Sciences Cancer Hospital Study (CAMSCH)3 , the Fudan Lung Cancer Study (FLCS), the Genetic Epidemiological Study of Lung Adenocarcinoma (GELAC)4 , the Genes and Environment in Lung Cancer, Singapore Study (GEL-S)5 , the South Korea Multi-Center Lung Cancer Study (SKLCS)6-8 , the Shenyang Lung Cancer Study (SLCS)9 , the Shanghai Women’s Health Cohort Study (SWHS)10, 11 , the Tianjin Lung Cancer Study (TLCS)12 , and the Wuhan lung cancer study (WLCS)13 .	https://media.springernature.com/original/springer-static/esm/art%3A10.1038%2Fng.2456/MediaObjects/41588_2012_BFng2456_MOESM34_ESM.pdf
COHO:0000864	owl:NamedIndividual		COHO:0001764	Additional studies included in this GWAS are the Guangdong Study (GDS), the Hong Kong Study (HKS), the Japanese Female Lung Cancer Collaborative Study (JLCS)14 , the Chonnam National University Lung Cancer Study (CNULCS) Study15 , and the Yunnan Lung Cancer Study (YLCS).	https://media.springernature.com/original/springer-static/esm/art%3A10.1038%2Fng.2456/MediaObjects/41588_2012_BFng2456_MOESM34_ESM.pdf
COHO:0000864	owl:NamedIndividual		COHO:0001767	These studies include the Chinese Academy of Medical Sciences Cancer Hospital Study (CAMSCH)3 , the Fudan Lung Cancer Study (FLCS), the Genetic Epidemiological Study of Lung Adenocarcinoma (GELAC)4 , the Genes and Environment in Lung Cancer, Singapore Study (GEL-S)5 , the South Korea Multi-Center Lung Cancer Study (SKLCS)6-8 , the Shenyang Lung Cancer Study (SLCS)9 , the Shanghai Women’s Health Cohort Study (SWHS)10, 11 , the Tianjin Lung Cancer Study (TLCS)12 , and the Wuhan lung cancer study (WLCS)13 .	https://media.springernature.com/original/springer-static/esm/art%3A10.1038%2Fng.2456/MediaObjects/41588_2012_BFng2456_MOESM34_ESM.pdf
COHO:0000864	owl:NamedIndividual		COHO:0001769	These studies include the Chinese Academy of Medical Sciences Cancer Hospital Study (CAMSCH)3 , the Fudan Lung Cancer Study (FLCS), the Genetic Epidemiological Study of Lung Adenocarcinoma (GELAC)4 , the Genes and Environment in Lung Cancer, Singapore Study (GEL-S)5 , the South Korea Multi-Center Lung Cancer Study (SKLCS)6-8 , the Shenyang Lung Cancer Study (SLCS)9 , the Shanghai Women’s Health Cohort Study (SWHS)10, 11 , the Tianjin Lung Cancer Study (TLCS)12 , and the Wuhan lung cancer study (WLCS)13 .	https://media.springernature.com/original/springer-static/esm/art%3A10.1038%2Fng.2456/MediaObjects/41588_2012_BFng2456_MOESM34_ESM.pdf
COHO:0000864	owl:NamedIndividual		COHO:0001864	Additional studies included in this GWAS are the Guangdong Study (GDS), the Hong Kong Study (HKS), the Japanese Female Lung Cancer Collaborative Study (JLCS)14 , the Chonnam National University Lung Cancer Study (CNULCS) Study15 , and the Yunnan Lung Cancer Study (YLCS).	https://media.springernature.com/original/springer-static/esm/art%3A10.1038%2Fng.2456/MediaObjects/41588_2012_BFng2456_MOESM34_ESM.pdf
COHO:0000864	owl:NamedIndividual		COHO:0001949	Additional studies included in this GWAS are the Guangdong Study (GDS), the Hong Kong Study (HKS), the Japanese Female Lung Cancer Collaborative Study (JLCS)14 , the Chonnam National University Lung Cancer Study (CNULCS) Study15 , and the Yunnan Lung Cancer Study (YLCS).	https://media.springernature.com/original/springer-static/esm/art%3A10.1038%2Fng.2456/MediaObjects/41588_2012_BFng2456_MOESM34_ESM.pdf
COHO:0000864	owl:NamedIndividual		COHO:0002389	These studies include the Chinese Academy of Medical Sciences Cancer Hospital Study (CAMSCH)3 , the Fudan Lung Cancer Study (FLCS), the Genetic Epidemiological Study of Lung Adenocarcinoma (GELAC)4 , the Genes and Environment in Lung Cancer, Singapore Study (GEL-S)5 , the South Korea Multi-Center Lung Cancer Study (SKLCS)6-8 , the Shenyang Lung Cancer Study (SLCS)9 , the Shanghai Women’s Health Cohort Study (SWHS)10, 11 , the Tianjin Lung Cancer Study (TLCS)12 , and the Wuhan lung cancer study (WLCS)13 .	https://media.springernature.com/original/springer-static/esm/art%3A10.1038%2Fng.2456/MediaObjects/41588_2012_BFng2456_MOESM34_ESM.pdf
COHO:0000864	owl:NamedIndividual		COHO:0002459	These studies include the Chinese Academy of Medical Sciences Cancer Hospital Study (CAMSCH)3 , the Fudan Lung Cancer Study (FLCS), the Genetic Epidemiological Study of Lung Adenocarcinoma (GELAC)4 , the Genes and Environment in Lung Cancer, Singapore Study (GEL-S)5 , the South Korea Multi-Center Lung Cancer Study (SKLCS)6-8 , the Shenyang Lung Cancer Study (SLCS)9 , the Shanghai Women’s Health Cohort Study (SWHS)10, 11 , the Tianjin Lung Cancer Study (TLCS)12 , and the Wuhan lung cancer study (WLCS)13 .	https://media.springernature.com/original/springer-static/esm/art%3A10.1038%2Fng.2456/MediaObjects/41588_2012_BFng2456_MOESM34_ESM.pdf
COHO:0000864	owl:NamedIndividual		COHO:0002576	These studies include the Chinese Academy of Medical Sciences Cancer Hospital Study (CAMSCH)3 , the Fudan Lung Cancer Study (FLCS), the Genetic Epidemiological Study of Lung Adenocarcinoma (GELAC)4 , the Genes and Environment in Lung Cancer, Singapore Study (GEL-S)5 , the South Korea Multi-Center Lung Cancer Study (SKLCS)6-8 , the Shenyang Lung Cancer Study (SLCS)9 , the Shanghai Women’s Health Cohort Study (SWHS)10, 11 , the Tianjin Lung Cancer Study (TLCS)12 , and the Wuhan lung cancer study (WLCS)13 .	https://media.springernature.com/original/springer-static/esm/art%3A10.1038%2Fng.2456/MediaObjects/41588_2012_BFng2456_MOESM34_ESM.pdf
COHO:0000864	owl:NamedIndividual		COHO:0002590	Additional studies included in this GWAS are the Guangdong Study (GDS), the Hong Kong Study (HKS), the Japanese Female Lung Cancer Collaborative Study (JLCS)14 , the Chonnam National University Lung Cancer Study (CNULCS) Study15 , and the Yunnan Lung Cancer Study (YLCS).	https://media.springernature.com/original/springer-static/esm/art%3A10.1038%2Fng.2456/MediaObjects/41588_2012_BFng2456_MOESM34_ESM.pdf
COHO:0000880	owl:NamedIndividual		COHO:0000775	This study was done using cohorts involved in the Radiogenomics Consortium.	https://www.ebi.ac.uk/europepmc/webservices/rest/PMC10653584/fullTextXML
COHO:0000880	owl:NamedIndividual		COHO:0000791	This study was done using cohorts involved in the Radiogenomics Consortium.	https://www.ebi.ac.uk/europepmc/webservices/rest/PMC10653584/fullTextXML
COHO:0000880	owl:NamedIndividual		COHO:0000802	This study was done using cohorts involved in the Radiogenomics Consortium.	https://www.ebi.ac.uk/europepmc/webservices/rest/PMC10653584/fullTextXML
COHO:0000880	owl:NamedIndividual		COHO:0001779	The four cohorts (RAPPER, RADIOGEN, Gene-PARE, and CCI) comprised individuals with adenocarcinoma of the prostate treated with radiotherapy with curative intent.	https://www.ebi.ac.uk/europepmc/webservices/rest/PMC5036513/fullTextXML
COHO:0000893	owl:NamedIndividual		COHO:0000424	Mount Sinai BioMe BioBank: The Institute for Personalized Medicine (IPM) BioMe Biobank Project is a consented, EMR-linked medical care setting biorepository of the Mount Sinai Medical Center (MSMC) drawing from a population of over 70,000 inpatients and 800,000 outpatient visits annually.	https://www.ebi.ac.uk/europepmc/webservices/rest/PMC5419579/supplementaryFiles
COHO:0000893	owl:NamedIndividual		COHO:0000425	Coronary Artery Risk Development in young Adults (CARDIA): The CARDIA study is a prospective, multi-center investigation of the natural history and etiology of cardiovascular disease in African Americans and whites 18-30 years of age at the time of initial examination.	https://www.ebi.ac.uk/europepmc/webservices/rest/PMC5419579/supplementaryFiles
COHO:0000893	owl:NamedIndividual		COHO:0000427	The Cleveland Family Study (CFS) is a family-based, longitudinal study designed to characterize the genetic and non-genetic risk factors for sleep apnea	https://www.ebi.ac.uk/europepmc/webservices/rest/PMC5419579/supplementaryFiles
COHO:0000893	owl:NamedIndividual		COHO:0001098	The Maywood cohort consisted of African Americans from Maywood, IL, who were enrolled in studies of blood pressure at the Loyola University Chicago Stritch School of Medicine, Maywood, IL, USA	https://www.ebi.ac.uk/europepmc/webservices/rest/PMC5419579/supplementaryFiles
COHO:0000894	owl:NamedIndividual		COHO:0000842	A large component of these data comes in the form of WGS that has been or will be generated across the Parkinson's Progression Markers Initiative (PPMI), the Parkinson's Disease Biomarkers Project (PDBP), the Harvard Biomarkers Study (HBS), BioFIND, the Study of Urate Elevation in Parkinson's Disease trial (SURE‐PD), and the Safety, Tolerability and Efficacy Assessment of Dynacirc CR in Parkinson Disease (STEADY‐PD) trial.	https://www.ebi.ac.uk/europepmc/webservices/rest/PMC8453903/fullTextXML
COHO:0000897	owl:NamedIndividual		COHO:0000440	The Netherlands Study of Depression and Anxiety (NESDA) is a longitudinal cohort study that aims to investigate the etiology, course, and consequences of depressive and anxiety disorders.	https://www.ebi.ac.uk/europepmc/webservices/rest/PMC13569458/supplementaryFiles
COHO:0000901	owl:NamedIndividual		COHO:0001094	A number of large studies and consortia have been established that aim to identify genetic modifiers of cancer risk in BRCA1 and BRCA2 mutation carriers, including Modifiers and Genetics in Cancer (MAGIC), Epidemiological study of BRCA1 and BRCA2 mutation carriers (EMBRACE), Genetic Modifiers of cancer risk in BRCA1/2 mutation carriers (GEMO), the Kathleen Cuningham Consortium for Research into Familial Breast Cancer (kConFab), the German Consortium for Hereditary Breast and Ovarian Cancer (GCHBOC) and the Breast Cooperative Family Registry (Breast-CFR). However, with current sample sizes of less than 1,500 carriers, none of these groups have adequate power to identify genetic modifiers with confidence. To address this problem, a 'consortium of consortia', the Consortium of Investigators of Modifiers of BRCA1 and BRCA2 (CIMBA), was established in 2005 (see Additional file 1 for a list of current contributors).	https://www.ebi.ac.uk/europepmc/webservices/rest/PMC1868919/fullTextXML
COHO:0000901	owl:NamedIndividual		COHO:0001526	Male BRCA1 and BRCA2 pathogenic variant carriers were recruited through 40 studies from 19 countries participating in the Consortium of Investigators of Modifiers of BRCA1 and BRCA2 (CIMBA) (24).	https://www.ebi.ac.uk/europepmc/webservices/rest/PMC8755508/fullTextXML
COHO:0000901	owl:NamedIndividual		COHO:0001539	CIMBA phenotype data used in this study from BCFR-AU, BCFR-NC, BCFR-NY, BCFR-PA, BCFR-UT, BFBOCC, BIDMC, BMBSA, CBCS, CNIO, COH, DEMOKRITOS, DFCI, FCCC, GEORGETOWN, HCSC, HRBCP, HUNBOCS, HVH, ICO, KCONFAB, KUMC, MAYO, MSKCC, MUV, NCI, NNPIO, NORTHSHORE, OSUCCG, PBCS, SMC, SWE-BRCA, UCHICAGO, UCSF, UPENN, UPITT, UTMDACC, VFCTG, and WCP studies are available in the dbGaP database under accession code phs001321.v1.p1.	https://www.ebi.ac.uk/europepmc/webservices/rest/PMC9537519/fullTextXML
COHO:0000901	owl:NamedIndividual		COHO:0001621	CIMBA DACC approval is required to access data from studies BCFR-ON, BRICOH, CONSIT TEAM, DKFZ, EMBRACE, FPGMX, G-FAST, GC-HBOC, GEMO, HEBCS, HEBON, IHCC, INHERIT, IOVHBOCS, MCGILL, NRG_ONCOLOGY, OUH and UKGRFOCR (see Supplementary Table 1—for a list of all CIMBA studies).	https://www.ebi.ac.uk/europepmc/webservices/rest/PMC7890067/fullTextXML
COHO:0000901	owl:NamedIndividual		COHO:0001623	CIMBA phenotype data used in this study from BCFR-AU, BCFR-NC, BCFR-NY, BCFR-PA, BCFR-UT, BFBOCC, BIDMC, BMBSA, CBCS, CNIO, COH, DEMOKRITOS, DFCI, FCCC, GEORGETOWN, HCSC, HRBCP, HUNBOCS, HVH, ICO, KCONFAB, KUMC, MAYO, MSKCC, MUV, NCI, NNPIO, NORTHSHORE, OSUCCG, PBCS, SMC, SWE-BRCA, UCHICAGO, UCSF, UPENN, UPITT, UTMDACC, VFCTG, and WCP studies are available in the dbGaP database under accession code phs001321.v1.p1.	https://www.ebi.ac.uk/europepmc/webservices/rest/PMC9537519/fullTextXML
COHO:0000901	owl:NamedIndividual		COHO:0001688	CIMBA DACC approval is required to access data from studies BCFR-ON, BRICOH, CONSIT TEAM, DKFZ, EMBRACE, FPGMX, G-FAST, GC-HBOC, GEMO, HEBCS, HEBON, IHCC, INHERIT, IOVHBOCS, MCGILL, NRG_ONCOLOGY, OUH and UKGRFOCR (see Supplementary Table 1—for a list of all CIMBA studies).	https://www.ebi.ac.uk/europepmc/webservices/rest/PMC7890067/fullTextXML
COHO:0000901	owl:NamedIndividual		COHO:0001741	CIMBA DACC approval is required to access data from the BCFR-ON, CONSIT TEAM, DKFZ, EMBRACE, FPGMX, GC-HBOC, GEMO, G-FAST, HEBCS, HEBON, IHCC, INHERIT, IOVHBOCS, IPOBCS, MCGILL, MODSQUAD, NAROD, OCGN, OUH and UKGRFOCR studies (Supplementary Table 2).	https://pmc.ncbi.nlm.nih.gov/articles/PMC5808456/
COHO:0000901	owl:NamedIndividual		COHO:0001762	GC-HBOC | German Familial Breast Group | GERMANY | 673 | 1145 |  | 54 | 111	https://media.springernature.com/original/springer-static/esm/art%3A10.1038%2Fng.3785/MediaObjects/41588_2017_BFng3785_MOESM3_ESM.xlsx
COHO:0000901	owl:NamedIndividual		COHO:0001771	CIMBA DACC approval is required to access data from studies BCFR-ON, BRICOH, CONSIT TEAM, DKFZ, EMBRACE, FPGMX, G-FAST, GC-HBOC, GEMO, HEBCS, HEBON, IHCC, INHERIT, IOVHBOCS, MCGILL, NRG_ONCOLOGY, OUH and UKGRFOCR (see Supplementary Table 1—for a list of all CIMBA studies).	https://www.ebi.ac.uk/europepmc/webservices/rest/PMC7890067/fullTextXML
COHO:0000901	owl:NamedIndividual		COHO:0001799	CIMBA DACC approval is required to access data from the BCFR-ON, CONSIT TEAM, DKFZ, EMBRACE, FPGMX, GC-HBOC, GEMO, G-FAST, HEBCS, HEBON, IHCC, INHERIT, IOVHBOCS, IPOBCS, MCGILL, MODSQUAD, NAROD, OCGN, OUH and UKGRFOCR studies (Supplementary Table 3).	https://www.ebi.ac.uk/europepmc/webservices/rest/PMC7808397/fullTextXML
COHO:0000901	owl:NamedIndividual		COHO:0001849	CIMBA DACC approval is required to access data from the BCFR-ON, CONSIT TEAM, DKFZ, EMBRACE, FPGMX, GC-HBOC, GEMO, G-FAST, HEBCS, HEBON, IHCC, INHERIT, IOVHBOCS, IPOBCS, MCGILL, MODSQUAD, NAROD, OCGN, OUH and UKGRFOCR studies (Supplementary Table 3).	https://www.ebi.ac.uk/europepmc/webservices/rest/PMC7808397/fullTextXML
COHO:0000901	owl:NamedIndividual		COHO:0001850	CIMBA DACC approval is required to access data from the BCFR-ON, CONSIT TEAM, DKFZ, EMBRACE, FPGMX, GC-HBOC, GEMO, G-FAST, HEBCS, HEBON, IHCC, INHERIT, IOVHBOCS, IPOBCS, MCGILL, MODSQUAD, NAROD, OCGN, OUH and UKGRFOCR studies (Supplementary Table 3).	https://www.ebi.ac.uk/europepmc/webservices/rest/PMC7808397/fullTextXML
COHO:0000901	owl:NamedIndividual		COHO:0001879	CIMBA phenotype data used in this study from BCFR-AU, BCFR-NC, BCFR-NY, BCFR-PA, BCFR-UT, BFBOCC, BIDMC, BMBSA, CBCS, CNIO, COH, DEMOKRITOS, DFCI, FCCC, GEORGETOWN, HCSC, HRBCP, HUNBOCS, HVH, ICO, KCONFAB, KUMC, MAYO, MSKCC, MUV, NCI, NNPIO, NORTHSHORE, OSUCCG, PBCS, SMC, SWE-BRCA, UCHICAGO, UCSF, UPENN, UPITT, UTMDACC, VFCTG, and WCP studies are available in the dbGaP database under accession code phs001321.v1.p1.	https://www.ebi.ac.uk/europepmc/webservices/rest/PMC9537519/fullTextXML
COHO:0000901	owl:NamedIndividual		COHO:0001923	CIMBA DACC approval is required to access data from the BCFR-ON, CONSIT TEAM, DKFZ, EMBRACE, FPGMX, GC-HBOC, GEMO, G-FAST, HEBCS, HEBON, IHCC, INHERIT, IOVHBOCS, IPOBCS, MCGILL, MODSQUAD, NAROD, OCGN, OUH and UKGRFOCR studies (Supplementary Table 2).	https://pmc.ncbi.nlm.nih.gov/articles/PMC5808456/
COHO:0000901	owl:NamedIndividual		COHO:0001928	CIMBA DACC approval is required to access data from studies BCFR-ON, BRICOH, CONSIT TEAM, DKFZ, EMBRACE, FPGMX, G-FAST, GC-HBOC, GEMO, HEBCS, HEBON, IHCC, INHERIT, IOVHBOCS, MCGILL, NRG_ONCOLOGY, OUH and UKGRFOCR (see Supplementary Table 1—for a list of all CIMBA studies).	https://www.ebi.ac.uk/europepmc/webservices/rest/PMC7890067/fullTextXML
COHO:0000901	owl:NamedIndividual		COHO:0001932	CIMBA DACC approval is required to access data from the BCFR-ON, CONSIT TEAM, DKFZ, EMBRACE, FPGMX, GC-HBOC, GEMO, G-FAST, HEBCS, HEBON, IHCC, INHERIT, IOVHBOCS, IPOBCS, MCGILL, MODSQUAD, NAROD, OCGN, OUH and UKGRFOCR studies (Supplementary Table 3).	https://www.ebi.ac.uk/europepmc/webservices/rest/PMC7808397/fullTextXML
COHO:0000901	owl:NamedIndividual		COHO:0002075	CIMBA DACC approval is required to access data from the BCFR-ON, CONSIT TEAM, DKFZ, EMBRACE, FPGMX, GC-HBOC, GEMO, G-FAST, HEBCS, HEBON, IHCC, INHERIT, IOVHBOCS, IPOBCS, MCGILL, MODSQUAD, NAROD, OCGN, OUH and UKGRFOCR studies (Supplementary Table 2).	https://www.ncbi.nlm.nih.gov/research/bionlp/RESTful/pmcoa.cgi/BioC_xml/PMC5808456/unicode
COHO:0000901	owl:NamedIndividual		COHO:0002111	CIMBA DACC approval is required to access data from the BCFR-ON, CONSIT TEAM, DKFZ, EMBRACE, FPGMX, GC-HBOC, GEMO, G-FAST, HEBCS, HEBON, IHCC, INHERIT, IOVHBOCS, IPOBCS, MCGILL, MODSQUAD, NAROD, OCGN, OUH and UKGRFOCR studies (Supplementary Table 2).	https://pmc.ncbi.nlm.nih.gov/articles/PMC5808456/
COHO:0000901	owl:NamedIndividual		COHO:0002197	CIMBA DACC approval is required to access data from the BCFR-ON, CONSIT TEAM, DKFZ, EMBRACE, FPGMX, GC-HBOC, GEMO, G-FAST, HEBCS, HEBON, IHCC, INHERIT, IOVHBOCS, IPOBCS, MCGILL, MODSQUAD, NAROD, OCGN, OUH and UKGRFOCR studies (Supplementary Table 2).	https://www.ncbi.nlm.nih.gov/research/bionlp/RESTful/pmcoa.cgi/BioC_xml/PMC5808456/unicode
COHO:0000901	owl:NamedIndividual		COHO:0002256	Supplementary table 1- Participating studies from CIMBA Study Acronym Study Name Country BCFR-AU Australian site of the Breast Cancer Family Registry Australia KCONFAB Kathleen Cuningham Consortium for Research into Familial Breast Cancer Australia VFCTG Victorian Familial Cancer Trials Group Australia G-FAST Ghent University Hospital Belgium BCFR-ON/OCGN Ontario site of the Breast Cancer Family Registry/Ontario Cancer Genetics Network Canada INHERIT INterdisciplinary HEalth Research Internal Team BReast CAncer susceptibility Canada (Quebec) MCGILL McGill University Canada (Quebec) CBCS Copenhagen Breast Cancer Study Denmark OUH Odense University Hospital Denmark HEBCS Helsinki Breast Cancer Study Finland GEMO Genetic Modifiers of cancer risk in BRCA1/2 mutation carriers France/USA GC-HBOC German Familial Breast Group Germany DKFZ German Cancer Research Center Germany/Pakistan/Colombia DEMOKRITOS National Centre for Scientific Research Demokritos Greece SMC Sheba Medical Centre Israel CONSIT TEAM CONsorzio Studi ITaliani sui Tumori Ereditari Alla Mammella Italy IOVHBOCS Istituto Oncologico Veneto Italy PBCS Università di Pisa Italy	https://media.springernature.com/original/springer-static/esm/art%3A10.1038%2Fs41467-020-20496-3/MediaObjects/41467_2020_20496_MOESM1_ESM.pdf
COHO:0000901	owl:NamedIndividual		COHO:0002424	Sweden Swedish Breast Cancer Study SWE-BRCA Sweden Cancer clinic-based study Regionala Etikprövningsnämnden Stockholm	https://www.ncbi.nlm.nih.gov/research/bionlp/RESTful/pmcoa.cgi/BioC_xml/PMC10182045/unicode
COHO:0000901	owl:NamedIndividual		COHO:0002507	CIMBA DACC approval is required to access data from studies BCFR-ON, BRICOH, CONSIT TEAM, DKFZ, EMBRACE, FPGMX, G-FAST, GC-HBOC, GEMO, HEBCS, HEBON, IHCC, INHERIT, IOVHBOCS, MCGILL, NRG_ONCOLOGY, OUH and UKGRFOCR (see Supplementary Table 1—for a list of all CIMBA studies).	https://www.ebi.ac.uk/europepmc/webservices/rest/PMC7890067/fullTextXML
COHO:0000901	owl:NamedIndividual		COHO:0002545	Victorian Familial Cancer Trials Group VFCTG Australia Cancer clinic-based study Peter MacCallum Cancer Centre Ethics Committee	https://pmc.ncbi.nlm.nih.gov/articles/PMC10182045/
COHO:0000905	owl:NamedIndividual		COHO:0001142	Fourteen population-based CREAM cohorts that had exome chip genotypes on individuals with refractive error measurements were used in this study. These 14 cohorts were: Singapore Chinese Eye Study (SCES), Singapore Malay Eye Study (SiMES), Singapore Indian Eye Study (SINDI), Age Related Eye Study (AREDS)	https://www.ebi.ac.uk/europepmc/webservices/rest/PMC9810640/fullTextXML
COHO:0000905	owl:NamedIndividual		COHO:0001289	Fourteen population-based CREAM cohorts that had exome chip genotypes on individuals with refractive error measurements were used in this study. These 14 cohorts were: Singapore Chinese Eye Study (SCES), Singapore Malay Eye Study (SiMES), Singapore Indian Eye Study (SINDI), Age Related Eye Study (AREDS), Rotterdam Study I (RSI), Erasmus Rucphen Family (ERF), Raine Eye Health Study (REHS) of the Raine Study, Beaver Dam Eye Study (BDES), Estonian Genome Center for the University of Tartu (EGCUT), Finnish Twin Study on Aging (FITSA), Ogliastra, Croatia-Korcula, TwinsUK, and EPIC-Norfolk.	https://www.ebi.ac.uk/europepmc/webservices/rest/PMC9810640/fullTextXML
COHO:0000905	owl:NamedIndividual		COHO:0001489	The CREAM meta-analysis included data from 32 studies: 1958 British Birth Cohort, ALSPAC (mothers), ANZRAG, AREDS1a1b, AREDS1c, Beijing Eye Study, BMES, CROATIA-Korcula, CROATIA-Split, CROATIA-Vis, DCCT, EGCUT, ERF, FECD, FITSA, Framingham, GHS 1, GHS 2, KORA, OGP Talana, ORCADES, RS1, RS2, RS3, SCES, SIMES, SINDI, SP2, TEST/BATS, TwinsUK, WESDR, and YFS.	https://www.ebi.ac.uk/europepmc/webservices/rest/PMC4551475/fullTextXML
COHO:0000915	owl:NamedIndividual		COHO:0000176	Twenty-two cohorts participating in the Heart Failure Molecular Epidemiology for Therapeutic Targets (HERMES) Consortium, comprising 50,636 individuals with established HF of European ancestry, were included in the genetic study (Supplemental Table 2).27 Twelve were HF cohorts (trials or prospective research cohorts), 9 were nested HF cohorts within non-HF cardiovascular trials or cohorts, and 1 cohort was derived from individuals in the UK Biobank with genetic data.	https://www.ebi.ac.uk/europepmc/webservices/rest/PMC13211948/fullTextXML
COHO:0000915	owl:NamedIndividual		COHO:0000384	The Cardiovascular Health Study (CHS) is a population-based cohort study of risk factors for heart disease and stroke in adults ≥65 years conducted across four field centers.	https://www.ebi.ac.uk/europepmc/webservices/rest/PMC11985341/supplementaryFiles
COHO:0000915	owl:NamedIndividual		COHO:0000385	The Framingham Heart Study (FHS) is a community-based cohort that enrolled three generations of participants.	https://www.ebi.ac.uk/europepmc/webservices/rest/PMC11985341/supplementaryFiles
COHO:0000915	owl:NamedIndividual		COHO:0000417	The BioVU cohort consisted of patients at Vanderbilt University Medical Center who have consented to be a part of the program.	https://www.ebi.ac.uk/europepmc/webservices/rest/PMC11985341/supplementaryFiles
COHO:0000915	owl:NamedIndividual		COHO:0000428	The deCODE Icelandic heart failure (HF) sample set included patients diagnosed with HF at Landspitali – The National University Hospital (LUH) in Reykjavik and the Primary Health Care Clinics of the Reykjavik capital region, following ICD-9 and ICD-10 codes for heart failure, as described in this manuscript.	https://www.ebi.ac.uk/europepmc/webservices/rest/PMC11985341/supplementaryFiles
COHO:0000915	owl:NamedIndividual		COHO:0000868	The Henry Ford Heart Failure Pharmacogenomic Registry (HFPGR) was approved by the Institutional Review Board at the Henry Ford Health System, and all patients gave written informed consent prior to participation.	https://www.ebi.ac.uk/europepmc/webservices/rest/PMC11985341/supplementaryFiles
COHO:0000915	owl:NamedIndividual		COHO:0000952	TRIUMPH (TRanslational Initiative on Unique and novel strategies for Management of Patients with Heart failure, NTR1893), is an observational prospective study of patients admitted with acute HF in 14 hospitals in the Netherlands between September 2009 and December 2013.	https://www.ebi.ac.uk/europepmc/webservices/rest/PMC11985341/supplementaryFiles
COHO:0000915	owl:NamedIndividual		COHO:0001602	Of the nine case collections, seven were primarily focused on HF while two identified HF cases from an at‐risk population (COGEN and LURIC).	https://www.ebi.ac.uk/europepmc/webservices/rest/PMC8712846/fullTextXML
COHO:0000926	owl:NamedIndividual		COHO:0000411	In addition, within the Korean Genome and Epidemiology Study (KoGES) database, housed in the NBK, the control group comprised 3,693 urban residents from KoGES_health examinee (KoGES_HEXA) and 1,816 rural residents from KoGES_cardiovascular disease association study (KoGES_CAVAS).	https://www.ebi.ac.uk/europepmc/webservices/rest/PMC11842433/fullTextXML
COHO:0000926	owl:NamedIndividual		COHO:0001530	For access and sharing, biological resources of the BICWALZS were stored in the BICWALZS consortium biobank (www.bicwalzs.com/) as well as the National Biobank of Korea (www.nih.go.kr/biobank) which is a central biobank supporting for the Korea Biobank Project.	https://www.ebi.ac.uk/europepmc/webservices/rest/PMC8898610/fullTextXML
COHO:0000944	owl:NamedIndividual		COHO:0000639	The Copenhagen Prospective Studies on Asthma in Childhood is a clinical study. COPSAC2000 is a mother child cohort where all the mothers had a history of a doctor’s diagnosis of asthma after 7 years of age and thus this is a high risk asthma cohort comprising 411 children.	https://www.ebi.ac.uk/europepmc/webservices/rest/PMC10319806/supplementaryFiles
COHO:0000944	owl:NamedIndividual		COHO:0000819	The Copenhagen Prospective Studies on Asthma in Childhood is a clinical study. COPSAC2000 is a mother child cohort where all the mothers had a history of a doctor’s diagnosis of asthma after 7 years of age and thus this is a high risk asthma cohort comprising 411 children. Newborns were enrolled in the first month of life, as previously described in detail8 . COPSAC2010 is a mother child cohort comprising 700 children born to unselected mothers from Denmark as described previously in detail9,10 .	https://www.ebi.ac.uk/europepmc/webservices/rest/PMC10319806/supplementaryFiles
COHO:0000945	owl:NamedIndividual		COHO:0000431	Controls were all men in GERA without PCa diagnosis; who could have had other cancers.	https://www.ncbi.nlm.nih.gov/research/bionlp/RESTful/pmcoa.cgi/BioC_xml/PMC4527942/unicode
COHO:0000945	owl:NamedIndividual		COHO:0000473	Our primary analyses used cases and controls from three KP studies: RPGEH, ProHealth, and CMHS.	https://www.ncbi.nlm.nih.gov/research/bionlp/RESTful/pmcoa.cgi/BioC_xml/PMC4527942/unicode
COHO:0000945	owl:NamedIndividual		COHO:0000879	Our primary analyses used cases and controls from three KP studies: RPGEH, ProHealth, and CMHS.	https://www.ncbi.nlm.nih.gov/research/bionlp/RESTful/pmcoa.cgi/BioC_xml/PMC4527942/unicode
COHO:0000945	owl:NamedIndividual		COHO:0001597	Our primary analyses used cases and controls from three KP studies: RPGEH, ProHealth, and CMHS.	https://www.ncbi.nlm.nih.gov/research/bionlp/RESTful/pmcoa.cgi/BioC_xml/PMC4527942/unicode
COHO:0000947	owl:NamedIndividual		COHO:0000193	Overview of study design and participants in GLIDE The contributing studies were (1) Atherosclerosis Risk in Communities (ARIC); (2) The Center for Oral Health in Appalachia cohort 1 (COHRA1), which is part of the GENEVA caries consortium; (3) the Dental Registry and DNA Repository of the University of Pittsburgh School of Dental Medicine, (DRDR), also part of the GENEVA caries consortium; (4) the Hispanic Community Health Study/Study of Latinos (HCHS/SOL); (5) the Malmö Diet and Cancer Study (MDC); 6) the Northern Finland Birth Cohort 1966 (NFBC 1966); (7) the Study of Health in Pomerania (SHIP), (8) the Study of Health in Pomerania Trend (SHIP Trend); (9) TWINGENE, which is a genotyped epidemiological study recruited from the Swedish Twin Registry (TWINGENE); (10) the Women’s Genome Health Study (WGHS); (11) Biobank Japan (BBJ) and (12) Tokyo Medical and Dental University Aggressive Periodontitis Study (TMDUAGP).	https://pmc.ncbi.nlm.nih.gov/articles/PMC6591304/
COHO:0000947	owl:NamedIndividual		COHO:0000296	Overview of study design and participants in GLIDE The contributing studies were (1) Atherosclerosis Risk in Communities (ARIC); (2) The Center for Oral Health in Appalachia cohort 1 (COHRA1), which is part of the GENEVA caries consortium; (3) the Dental Registry and DNA Repository of the University of Pittsburgh School of Dental Medicine, (DRDR), also part of the GENEVA caries consortium; (4) the Hispanic Community Health Study/Study of Latinos (HCHS/SOL); (5) the Malmö Diet and Cancer Study (MDC); 6) the Northern Finland Birth Cohort 1966 (NFBC 1966); (7) the Study of Health in Pomerania (SHIP), (8) the Study of Health in Pomerania Trend (SHIP Trend); (9) TWINGENE, which is a genotyped epidemiological study recruited from the Swedish Twin Registry (TWINGENE); (10) the Women’s Genome Health Study (WGHS); (11) Biobank Japan (BBJ) and (12) Tokyo Medical and Dental University Aggressive Periodontitis Study (TMDUAGP).	https://pmc.ncbi.nlm.nih.gov/articles/PMC6591304/
COHO:0000954	owl:NamedIndividual		COHO:0001451	Amsterdam Born Children and their Development https://abcd-studie.nl/ 20813863	https://www.ebi.ac.uk/europepmc/webservices/rest/PMC6447695/fullTextXML
COHO:0000985	owl:NamedIndividual		COHO:0000078	WGS data for GACRS and CAMP were generated as part of the National Heart, Lung, and Blood Institute Trans-Omics for Precision Medicine (TOPMed) WGS Program.	https://www.ncbi.nlm.nih.gov/research/bionlp/RESTful/pmcoa.cgi/BioC_xml/PMC8531156/unicode
COHO:0000985	owl:NamedIndividual		COHO:0000416	NHLBI TOPMed: Genetics of Cardiometabolic Health in the Amish (Amish) The TOPMed component of the Amish Research Program was supported by NIH grants R01 HL121007, U01 HL072515, and R01 AG18728.	https://media.springernature.com/original/springer-static/esm/art%3A10.1038%2Fs41467-025-58420-2/MediaObjects/41467_2025_58420_MOESM1_ESM.pdf
COHO:0000985	owl:NamedIndividual		COHO:0000455	In this example, we leverage eQTL information from platelets (PLTs) and megakaryocytes (MKs) to identify novel loci associated with platelet aggregation phenotypes using Whole Genome Sequencing (WGS) data from EAs and AAs from the GeneSTAR family‐based study, generated as part of the NHLBI's Trans‐Omics for Precision Medicine (TOPMed) program.	https://www.ncbi.nlm.nih.gov/research/bionlp/RESTful/pmcoa.cgi/BioC_xml/PMC9086181/unicode
COHO:0000985	owl:NamedIndividual		COHO:0000484	NHLBI TOPMed: Hypertension Genetic Epidemiology Network (HyperGEN) The HyperGEN Study is part of the National Heart, Lung, and Blood Institute (NHLBI) Family Blood Pressure Program; collection of the data represented here was supported by grants U01 HL054472 (MN Lab), U01 HL054473 (DCC), U01 HL054495 (AL FC), and U01 HL054509 (NC FC).	https://media.springernature.com/original/springer-static/esm/art%3A10.1038%2Fs41467-025-58420-2/MediaObjects/41467_2025_58420_MOESM1_ESM.pdf
COHO:0000985	owl:NamedIndividual		COHO:0000959	This study is part of the NHLBI Trans-Omics for Precision Medicine (TOPMed) Whole Genome Sequencing Program.	https://www.ncbi.nlm.nih.gov/projects/gap/cgi-bin/study.cgi?study_id=phs001143.v4.p1
COHO:0000985	owl:NamedIndividual		COHO:0000984	NHLBI TOPMed: Taiwan Study of Hypertension using Rare Variants (THRV) The Rare Variants for Hypertension in Taiwan Chinese (THRV) is supported by the National Heart, Lung, and Blood Institute (NHLBI) grant (R01HL111249) and its participation in TOPMed is supported by an NHLBI supplement (R01HL111249-04S1).	https://www.ebi.ac.uk/europepmc/webservices/rest/PMC11992084/supplementaryFiles
COHO:0000985	owl:NamedIndividual		COHO:0000998	This study is part of the NHLBI Trans-Omics for Precision Medicine (TOPMed) Whole Genome Sequencing Program.	https://www.ncbi.nlm.nih.gov/projects/gap/cgi-bin/study.cgi?study_id=phs001726
COHO:0000985	owl:NamedIndividual		COHO:0001023	This study is part of the NHLBI Trans-Omics for Precision Medicine (TOPMed) Whole Genome Sequencing Program.	https://www.ncbi.nlm.nih.gov/projects/gap/cgi-bin/study.cgi?study_id=phs001062.v6.p2
COHO:0000985	owl:NamedIndividual		COHO:0001066	This study is part of the NHLBI Trans-Omics for Precision Medicine (TOPMed) Whole Genome Sequencing Program.	https://www.ncbi.nlm.nih.gov/projects/gap/cgi-bin/study.cgi?study_id=phs001189.v5.p1
COHO:0000985	owl:NamedIndividual		COHO:0001114	Genome Sequencing for “NHLBI TOPMed: Severe Asthma Research Program (SARP)” (phs001446.v1.p1) was performed at NYGC Genomics (HHSN268201500016C).	https://pmc.ncbi.nlm.nih.gov/articles/PMC8665111/
COHO:0000985	owl:NamedIndividual		COHO:0001202	four COPD-enriched studies (the Genetic Epidemiology of COPD [COPDGene] [52], Evaluation of COPD Longitudinally to Identify Predictive Surrogate Endpoints [ECLIPSE] [53], Boston Early-Onset COPD Study [EOCOPD] [54] and Lung Tissue Research Consortium [LTRC] [55]) participating in the NHLBI Trans-Omics for Precision Medicine (TOPMed) program.	https://www.ebi.ac.uk/europepmc/webservices/rest/PMC12888468/fullTextXML
COHO:0000985	owl:NamedIndividual		COHO:0001245	This study is part of the NHLBI Trans-Omics for Precision Medicine (TOPMed) Whole Genome Sequencing Program.	https://www.ncbi.nlm.nih.gov/projects/gap/cgi-bin/study.cgi?study_id=phs000997.v1.p1
COHO:0000985	owl:NamedIndividual		COHO:0001249	This study is part of the NHLBI Trans-Omics for Precision Medicine (TOPMed) Whole Genome Sequencing Program.	https://www.ncbi.nlm.nih.gov/projects/gap/cgi-bin/study.cgi?study_id=phs001032.v7.p2
COHO:0000985	owl:NamedIndividual		COHO:0001400	samples from the Samoan Adiposity Study have been included in the Trans-Omics for Precision Medicine program (TOPMed)	https://www.ebi.ac.uk/europepmc/webservices/rest/PMC11442686/fullTextXML
COHO:0000985	owl:NamedIndividual		COHO:0001523	This study is part of the NHLBI Trans-Omics for Precision Medicine (TOPMed) Whole Genome Sequencing Program.	https://www.ncbi.nlm.nih.gov/projects/gap/cgi-bin/study.cgi?study_id=phs000946.v1.p1
COHO:0000985	owl:NamedIndividual		COHO:0002483	dbGaP Study NHLBI TOPMed - NHGRI CCDG: UCSF Atrial Fibrillation Study dbGaP Study Accession: phs001933.v2.p1 Subject Sample Telemetry Report (SSTR) Study version history Study phs001933.v1.p1 phs001933.v2.p1 Study Phenotype Datasets Variables Molecular Datasets Analyses Documents Jump to: Authorized Access | Attribution | Authorized Requests Study Description Important Links and Information Request access via Authorized Access Instructions for requestors Data Use Certification (DUC) Agreement Talking Glossary of Genetic Terms This study is part of the NHLBI Trans-Omics for Precision Medicine (TOPMed) Whole Genome Sequencing Program.	https://www.ncbi.nlm.nih.gov/projects/gap/cgi-bin/study.cgi?study_id=phs001933.v2.p1
COHO:0000989	owl:NamedIndividual		COHO:0002563	AABC includes cases and controls from the following epidemiologic studies: The Multiethnic Cohort study, 734/1003; The Los Angeles component of The Women’s Contraceptive and Reproductive Experiences (CARE) Study, 380/224; The San Francisco Bay Area Breast Cancer Study, 172/23; The Northern California site of the Breast Cancer Family Registry, 440/53; The Nashville Breast Health Study, 310/186; and The Wake Forest University Breast Cancer Study, 125/153).	https://www.ebi.ac.uk/europepmc/webservices/rest/PMC5445618/fullTextXML
COHO:0001000	owl:NamedIndividual		COHO:0001440	For the current study, data from COHRA1 (a cohort of the Center for Oral Health Research in Appalachia) was analyzed.	https://www.ebi.ac.uk/europepmc/webservices/rest/PMC8297786/fullTextXML
COHO:0001000	owl:NamedIndividual		COHO:0001444	The Center for Oral Health Research in Appalachia (COHRA) has been enrolling pregnant women and their babies since 2011 in the COHRA2 study of genetic, microbial, and environmental factors involved in oral health in Northern Appalachia.	https://www.ebi.ac.uk/europepmc/webservices/rest/PMC4451284/fullTextXML
COHO:0001002	owl:NamedIndividual		COHO:0000064	The multi-ancestry meta-regression includes an additional 6,030 T2D cases and 29,810 controls from EGCUT, NEO and MGB, which were not part of the European ancestry-specific DIAMANTE study.	https://static-content.springer.com/esm/art%3A10.1038%2Fs41588-022-01058-3/MediaObjects/41588_2022_1058_MOESM1_ESM.pdf
COHO:0001002	owl:NamedIndividual		COHO:0000377	The multi-ancestry meta-regression does not include 21,151 T2D cases and 128,967 controls from BBJ that were part of the East Asian ancestry-specific DIAMANTE study.	https://static-content.springer.com/esm/art%3A10.1038%2Fs41588-022-01058-3/MediaObjects/41588_2022_1058_MOESM1_ESM.pdf
COHO:0001002	owl:NamedIndividual		COHO:0000383	The multi-ancestry meta-regression includes an additional 6,030 T2D cases and 29,810 controls from EGCUT, NEO and MGB, which were not part of the European ancestry-specific DIAMANTE study.	https://static-content.springer.com/esm/art%3A10.1038%2Fs41588-022-01058-3/MediaObjects/41588_2022_1058_MOESM1_ESM.pdf
COHO:0001003	owl:NamedIndividual		COHO:0001039	OncoArray genotyping and phenotype data harmonization for the Discovery, Biology, and Risk of Inherited Variants in Breast Cancer (DRIVE) breast-cancer case control samples was supported by X01 HG007491 and U19 CA148065 and by Cancer Research UK (C1287/A16563). Genotyping was conducted by the Center for Inherited Disease Research (CIDR), Centre for Cancer Genetic Epidemiology, University of Cambridge, and the National Cancer Institute. The following studies contributed germline DNA from breast cancer cases and controls: the Two Sister Study (2SISTER), Breast Oncology Galicia Network (BREOGAN), Copenhagen General Population Study (CGPS), Cancer Prevention Study 2 (CPSII), The European Prospective Investigation into Cancer and Nutrition (EPIC), Melbourne Collaborative Cohort Study (MCCS), Multiethnic Cohort (MEC), Nashville Breast Health Study (NBHS), Nurses Health Study (NHS), Nurses Health Study 2 (NHS2), Polish Breast Cancer Study (PBCS), Prostate Lung Colorectal and Ovarian Cancer Screening Trial (PLCO), Studies of Epidemiology and Risk Factors in Cancer Heredity (SEARCH), The Sister Study (SISTER), Swedish Mammographic Cohort (SMC), Women of African Ancestry Breast Cancer Study (WAABCS), Women’s Health Initiative (WHI).	https://www.ebi.ac.uk/europepmc/webservices/rest/PMC11322043/fullTextXML
COHO:0001003	owl:NamedIndividual		COHO:0001048	Members of DRIVE DRIVE acknowledges the following GWASs and investigators that shared genome-wide summary data as part of the breast-cancer GWAS meta-analysis: the Australian Breast Cancer Family Study (ABCFS)	https://journals.plos.org/plosmedicine/article?id=10.1371/journal.pmed.1002118
COHO:0001016	owl:NamedIndividual		COHO:0000679	The EUGENDA samples were genotyped as part of the IAMDGC exome chip project supported by CIDR	https://media.springernature.com/original/springer-static/esm/art%3A10.1038%2Fs41591-025-03827-z/MediaObjects/41591_2025_3827_MOESM1_ESM.pdf
COHO:0001016	owl:NamedIndividual		COHO:0001319	The Edinburgh group using the Scottish AMD study was funded by the Chief scientists Office (Scotland) CSO reference number: CZB/4/79	https://media.springernature.com/original/springer-static/esm/art%3A10.1038%2Fng.3448/MediaObjects/41588_2016_BFng3448_MOESM1_ESM.pdf
COHO:0001016	owl:NamedIndividual		COHO:0001641	The CWRU group was supported by VA Merit Review (NSP), Foundation Fighting Blindness (SAH), Research to Prevent Blindness (SAH); International Retinal Research Foundation (SKI).	https://media.springernature.com/original/springer-static/esm/art%3A10.1038%2Fng.3448/MediaObjects/41588_2016_BFng3448_MOESM1_ESM.pdf
COHO:0001031	owl:NamedIndividual		COHO:0002302	Historic ascertainment of index cases for the four original samples, Queensland study of Melanoma: Environmental and Genetics Associations (Q-MEGA), Queensland, Australia, 1987–2005* *Adolescent: The Study of Melanoma in Adolescents; Childhood: The Queensland Study of Childhood Melanoma; Men over 50: The Study of Men Over 50; QFMP: Queensland Familial Melanoma Project	https://pmc.ncbi.nlm.nih.gov/articles/PMC3677021/
COHO:0001033	owl:NamedIndividual		COHO:0001288	The Root consortium is comprised of six epidemiologic studies of breast cancer in women of African ancestry: the Nigerian Breast Cancer Study (Ibadan, Nigeria); the Barbados National Cancer Study (Barbados); the Southern Community Cohort (southern United States); the Baltimore Breast Cancer Study (Baltimore, United States); the Racial Variability in Genotypic Determinants of Breast Cancer Risk Study (Detroit and Pennsylvania, United States); and the Chicago Cancer Prone Study (Chicago, United States).	https://www.ncbi.nlm.nih.gov/research/bionlp/RESTful/pmcoa.cgi/BioC_xml/PMC9011920/unicode
COHO:0001033	owl:NamedIndividual		COHO:0001291	The Root consortium is comprised of six epidemiologic studies of breast cancer in women of African ancestry: the Nigerian Breast Cancer Study (Ibadan, Nigeria); the Barbados National Cancer Study (Barbados); the Southern Community Cohort (southern United States); the Baltimore Breast Cancer Study (Baltimore, United States); the Racial Variability in Genotypic Determinants of Breast Cancer Risk Study (Detroit and Pennsylvania, United States); and the Chicago Cancer Prone Study (Chicago, United States).	https://www.ncbi.nlm.nih.gov/research/bionlp/RESTful/pmcoa.cgi/BioC_xml/PMC9011920/unicode
COHO:0001033	owl:NamedIndividual		COHO:0001297	The Root consortium is comprised of six epidemiologic studies of breast cancer in women of African ancestry: the Nigerian Breast Cancer Study (Ibadan, Nigeria); the Barbados National Cancer Study (Barbados); the Southern Community Cohort (southern United States); the Baltimore Breast Cancer Study (Baltimore, United States); the Racial Variability in Genotypic Determinants of Breast Cancer Risk Study (Detroit and Pennsylvania, United States); and the Chicago Cancer Prone Study (Chicago, United States).	https://www.ncbi.nlm.nih.gov/research/bionlp/RESTful/pmcoa.cgi/BioC_xml/PMC9011920/unicode
COHO:0001033	owl:NamedIndividual		COHO:0001381	The Root consortium is comprised of six epidemiologic studies of breast cancer in women of African ancestry: the Nigerian Breast Cancer Study (Ibadan, Nigeria); the Barbados National Cancer Study (Barbados); the Southern Community Cohort (southern United States); the Baltimore Breast Cancer Study (Baltimore, United States); the Racial Variability in Genotypic Determinants of Breast Cancer Risk Study (Detroit and Pennsylvania, United States); and the Chicago Cancer Prone Study (Chicago, United States).	https://www.ncbi.nlm.nih.gov/research/bionlp/RESTful/pmcoa.cgi/BioC_xml/PMC9011920/unicode
COHO:0001033	owl:NamedIndividual		COHO:0001399	The Root consortium is comprised of six epidemiologic studies of breast cancer in women of African ancestry: the Nigerian Breast Cancer Study (Ibadan, Nigeria); the Barbados National Cancer Study (Barbados); the Southern Community Cohort (southern United States); the Baltimore Breast Cancer Study (Baltimore, United States); the Racial Variability in Genotypic Determinants of Breast Cancer Risk Study (Detroit and Pennsylvania, United States); and the Chicago Cancer Prone Study (Chicago, United States).	https://www.ncbi.nlm.nih.gov/research/bionlp/RESTful/pmcoa.cgi/BioC_xml/PMC9011920/unicode
COHO:0001049	owl:NamedIndividual		COHO:0001349	Studies (listed with grant support) participating in the Asia Colorectal Cancer Consortium include the Shanghai Women's Health Study (US NIH, R37CA070867, UM1CA182910), the Shanghai Men's Health Study (US NIH, R01CA082729, UM1CA173640), the Shanghai Breast and Endometrial Cancer Studies (US NIH, R01CA064277 and R01CA092585; contributing only controls), the Shanghai Colorectal Cancer Study 3 (US NIH, R37CA070867, R01CA188214 and Anne Potter Wilson Chair funds), the Guangzhou Colorectal Cancer Study	https://media.springernature.com/original/springer-static/esm/art%3A10.1038%2Fs41588-022-01222-9/MediaObjects/41588_2022_1222_MOESM1_ESM.pdf
COHO:0001049	owl:NamedIndividual		COHO:0001364	Studies (grant support) participating in the Asia Colorectal Cancer Consortium include the Shanghai Women’s Health Study (US NIH, R37CA070867, UM1CA182910), the Shanghai Men’s Health Study (US NIH, R01CA082729, UM1CA173640), the Shanghai Breast and Endometrial Cancer Studies (US NIH, R01CA064277 and R01CA092585; contributing only controls), the Shanghai Colorectal Cancer Study 3 (US NIH, R37CA070867, R01CA188214 and Anne Potter Wilson Chair funds), the Guangzhou Colorectal Cancer Study (National Key Scientific and Technological Project, 2011ZX09307001–04; the National Basic Research Program, 2011CB504303, contributing only controls, the Natural Science Foundation of China, 81072383, contributing only controls), the Hwasun Cancer Epidemiology Study–Colon and Rectum Cancer (HCES-CRC; grants from Chonnam National University Hwasun Hospital Biomedical Research Institute (HCRI18007), the Japan BioBank Colorectal Cancer Study (grant from the Ministry of Education, Culture, Sports, Science and Technology of the Japanese government), the Aichi Colorectal Cancer Study (Grant-in-Aid for Cancer Research, grant for the Third Term Comprehensive Control Research for Cancer and Grants-in-Aid for Scientific Research from the Japanese Ministry of Education, Culture, Sports, Science and Technology, 17015018 and 221S0001), the Korea-NCC (National Cancer Center) Colorectal Cancer Study	https://pmc.ncbi.nlm.nih.gov/articles/PMC6441622/
COHO:0001049	owl:NamedIndividual		COHO:0001845	Studies (listed with grant support) participating in the Asia Colorectal Cancer Consortium include the Shanghai Women's Health Study (US NIH, R37CA070867, UM1CA182910), the Shanghai Men's Health Study (US NIH, R01CA082729, UM1CA173640), the Shanghai Breast and Endometrial Cancer Studies (US NIH, R01CA064277 and R01CA092585; contributing only controls), the Shanghai Colorectal Cancer Study 3 (US NIH, R37CA070867, R01CA188214 and Anne Potter Wilson Chair funds), the Guangzhou Colorectal Cancer Study (National Key Scientific and Technological Project, 2011ZX09307-001-04; the National Basic Research Program, 2011CB504303, contributing only controls, the Natural Science Foundation of China, 81072383, contributing only controls), the Hwasun Cancer Epidemiology Study–Colon and Rectum Cancer (HCES-CRC; grants from Chonnam National University Hwasun Hospital Biomedical Research Institute, HCRI18007)	https://pmc.ncbi.nlm.nih.gov/articles/PMC9509464/
COHO:0001049	owl:NamedIndividual		COHO:0001979	Studies (grant support) participating in the Asia Colorectal Cancer Consortium include the Shanghai Women's Health Study (US NIH, R37CA070867), the Shanghai Men's Health Study (US NIH, R01CA082729), the Shanghai Breast and Endometrial Cancer Studies (US NIH, R01CA064277 and R01CA092585; contributing only controls), Shanghai Colorectal Cancer Study 3 (US NIH, R37CA070867 and Ingram Professorship funds), the Guangzhou Colorectal Cancer Study (National Key Scientific and Technological Project, 2011ZX09307-001-04; the National Basic Research Program, 2011CB504303, contributing only controls; the Natural Science Foundation of China, 81072383, contributing only controls), the Japan BioBank Colorectal Cancer Study (grant from the Ministry of Education, Culture, Sports, Science and Technology of the Japanese government), the Hwasun Cancer Epidemiology Study–Colon and Rectum Cancer (HCES-CRC; grants from the Korea Center for Disease Control and Prevention and the Jeonnam Regional Cancer Center), the Aichi Colorectal Cancer Study (Grant-in-Aid for Cancer Research, grant for the Third Term Comprehensive Control Research for Cancer and Grants-in-Aid for Scientific Research from the Japanese Ministry of Education, Culture, Sports, Science and Technology, 17015018 and 221S0001), the Korea-NCC (National Cancer Center) Colorectal Cancer Study (Basic Science Research Program through the National Research Foundation of Korea, 2010-0010276; National Cancer Center Korea, 0910220), the Korea-Seoul Colorectal Cancer Study (none reported)	https://www.nature.com/articles/ng.2985
COHO:0001049	owl:NamedIndividual		COHO:0002708	Shanghai Studies (Shanghai-1,2,3) Chinese 3,303 4,612 50.2 85.0 61.3 ± 8.52 54.7 ± 9.60	https://pmc.ncbi.nlm.nih.gov/articles/PMC9509464/
COHO:0001077	owl:NamedIndividual		COHO:0001581	We conducted a GWAS within the E2C2 to identify genetic loci that predispose to EC. Details on the 15 participating studies are provided in Supplementary Table 1. The discovery phase of the GWAS (Stage 1) was conducted among women of European ancestry and was restricted to Type 1 EC, the most common subtype accounting for 80–90 % of all cases in women of European descent. Seven participating studies, including four cohort [California Teacher’s Study (CTS), Nurses’ Health Study (NHS), Multiethnic Cohort (MEC), Prostate, Lung, Colorectal, and Ovarian Cancer Screening Trial (PLCO)] and three case–control studies [Connecticut Endometrial Cancer (CONN), Fred Hutchinson Cancer Research Center (FHCRC), Polish Endometrial Cancer Study (PECS)], were genotyped in Stage 1 (2,695 cases, 2,777 controls).	https://www.ebi.ac.uk/europepmc/webservices/rest/PMC3898362/fullTextXML
COHO:0001077	owl:NamedIndividual		COHO:0001851	Twenty-four studies (10 cohort and 14 case-control) in the E2C2 with available type II cases were included in the pooled analysis (Table 1). Cohort studies were analyzed as nested case-control studies, with up to four controls randomly selected from the risk set (women with intact uteri and without endometrial cancer before the index case diagnosis) for each case based on exact year of birth, date of cohort entry (± 6 months), and other criteria as appropriate for each individual study (eg, race/ethnicity, study area). The majority of participants were non-Hispanic white, and the populations were from the United States, Canada, Europe, and Australia. Three studies (Multiethnic Cohort [MEC], Hawaii Endometrial Cancer Study [HAW], and Shanghai Endometrial Cancer Study [SECS]) included mainly or exclusively nonwhite populations from the United States or China.	https://pmc.ncbi.nlm.nih.gov/articles/PMC3699726/
COHO:0001077	owl:NamedIndividual		COHO:0002245	We conducted a GWAS within the E2C2 to identify genetic loci that predispose to EC. Details on the 15 participating studies are provided in Supplementary Table 1. The discovery phase of the GWAS (Stage 1) was conducted among women of European ancestry and was restricted to Type 1 EC, the most common subtype accounting for 80–90 % of all cases in women of European descent. Seven participating studies, including four cohort [California Teacher’s Study (CTS), Nurses’ Health Study (NHS), Multiethnic Cohort (MEC), Prostate, Lung, Colorectal, and Ovarian Cancer Screening Trial (PLCO)] and three case–control studies [Connecticut Endometrial Cancer (CONN), Fred Hutchinson Cancer Research Center (FHCRC), Polish Endometrial Cancer Study (PECS)], were genotyped in Stage 1 (2,695 cases, 2,777 controls).	https://www.ebi.ac.uk/europepmc/webservices/rest/PMC3898362/fullTextXML
COHO:0001089	owl:NamedIndividual		COHO:0001050	The AIDS clinical Trial Group (ACTG) in the USA	https://www.ebi.ac.uk/europepmc/webservices/rest/PMC3723635/fullTextXML
COHO:0001089	owl:NamedIndividual		COHO:0001276	The AIDS Linked to the IntraVenous Experience (ALIVE) study is a natural history study following the incidence and progression of HIV infection among intravenous drug users (IDUs) in Baltimore, MD.	https://www.ebi.ac.uk/europepmc/webservices/rest/PMC10848312/supplementaryFiles
COHO:0001089	owl:NamedIndividual		COHO:0001302	The Center for HIV/AIDS Vaccine Immunology (CHAVI) in the USA	https://www.ebi.ac.uk/europepmc/webservices/rest/PMC3723635/fullTextXML
COHO:0001089	owl:NamedIndividual		COHO:0001346	The GRIV cohort, which includes Long-Term Non-Progressors (LTNP) and Elite Controllers (ECs), is part of the ICGH consortium (9).	https://www.ebi.ac.uk/europepmc/webservices/rest/PMC10749428/fullTextXML
COHO:0001089	owl:NamedIndividual		COHO:0001350	The Hemophilia Growth and Development Study (HGDS) in the USA	https://www.ebi.ac.uk/europepmc/webservices/rest/PMC3723635/fullTextXML
COHO:0001089	owl:NamedIndividual		COHO:0001368	The Multicenter AIDS Cohort Study (MACS) DESCRIPTION: The Multicenter AIDS Cohort Study (MACS) is an ongoing prospective study of the natural and treated histories of HIV-1 infection in homosexual and bisexual men conducted by sites located in Baltimore, Chicago, Pittsburgh and Los Angeles.	https://www.ebi.ac.uk/europepmc/webservices/rest/PMC10848312/supplementaryFiles
COHO:0001089	owl:NamedIndividual		COHO:0001373	The first Multicenter Hemophilia Cohort Study (MHCS-I) evaluated and prospectively followed patients with hemophilia or a related coagulation disorder.	https://www.ebi.ac.uk/europepmc/webservices/rest/PMC10848312/supplementaryFiles
COHO:0001089	owl:NamedIndividual		COHO:0001665	The list of the ICGH cohorts/participants is as follows : 1. The AIDS clinical Trial Group (ACTG) in the USA 2. The AIDS Linked to the IntraVenous Experience (ALIVE) Cohort in Baltimore, USA 3. The Amsterdam Cohort Studies on HIV infection and AIDS (ACS) in the Netherlands 4. The ANRS CO18 in France 5. The ANRS PRIMO Cohort in France 6. The Center for HIV/AIDS Vaccine Immunology (CHAVI) in the USA 7. The Danish HIV Cohort Study in Denmark	https://www.ebi.ac.uk/europepmc/webservices/rest/PMC10749428/fullTextXML
COHO:0001089	owl:NamedIndividual		COHO:0001895	The IrsiCaixa Foundation Acute/Recent HIV-1 Infection cohort in Barcelona, Spain	https://www.ebi.ac.uk/europepmc/webservices/rest/PMC3723635/fullTextXML
COHO:0001089	owl:NamedIndividual		COHO:0001903	The Hospital Clinic-IDIBAPS Acute/Recent HIV-1 Infection cohort in Barcelona, Spain	https://www.ebi.ac.uk/europepmc/webservices/rest/PMC3723635/fullTextXML
COHO:0001089	owl:NamedIndividual		COHO:0001906	The Icona Foundation Study in Italy	https://www.ebi.ac.uk/europepmc/webservices/rest/PMC3723635/fullTextXML
COHO:0001148	owl:NamedIndividual		COHO:0000523	In addition, the Melbourne Collaborative Cohort Study (MCCS) established in 1990–1994 [42] recently joined the consortium.	https://europepmc.org/api/getPdf?pmcid=PMC3044744
COHO:0001170	owl:NamedIndividual		COHO:0000403	We combined the European-specific IGGC meta-analysis data (GCST90011767), the GLADD meta-analysis (GCST009245), and the GBMI data in which we excluded FinnGen (a subset present in IGGC of European ancestry), BioME from African ancestry (a subset present in GGLAD), and UKBB-Africa (a subset present in GGLAD) cohorts.	https://www.ncbi.nlm.nih.gov/research/bionlp/RESTful/pmcoa.cgi/BioC_xml/PMC10897632/unicode
COHO:0001170	owl:NamedIndividual		COHO:0000457	PMBB and CCPM are part of the GBMI that joined the consortium after initial analysis of the data and have been previously described and use same phenotyping and GWAS protocols as other GBMI biobanks.	https://www.ncbi.nlm.nih.gov/research/bionlp/RESTful/pmcoa.cgi/BioC_xml/PMC10897632/unicode
COHO:0001170	owl:NamedIndividual		COHO:0000482	PMBB and CCPM are part of the GBMI that joined the consortium after initial analysis of the data and have been previously described and use same phenotyping and GWAS protocols as other GBMI biobanks.	https://www.ncbi.nlm.nih.gov/research/bionlp/RESTful/pmcoa.cgi/BioC_xml/PMC10897632/unicode
COHO:0001189	owl:NamedIndividual		COHO:0000730	For the leave-one-out study subsets we chose the BQC19 and GenOMICC studies to be sequentially excluded, because BQC19 is the largest study within HostSeq and accounts for more than half of the cases in HostSeq, and GenOMICC is the most restricted study in terms of recruitment and predominantly consists of hospitalized cases.	https://www.ncbi.nlm.nih.gov/research/bionlp/RESTful/pmcoa.cgi/BioC_xml/PMC10990181/unicode
COHO:0001189	owl:NamedIndividual		COHO:0000997	For the leave-one-out study subsets we chose the BQC19 and GenOMICC studies to be sequentially excluded, because BQC19 is the largest study within HostSeq and accounts for more than half of the cases in HostSeq, and GenOMICC is the most restricted study in terms of recruitment and predominantly consists of hospitalized cases.	https://www.ncbi.nlm.nih.gov/research/bionlp/RESTful/pmcoa.cgi/BioC_xml/PMC10990181/unicode
COHO:0001218	owl:NamedIndividual		COHO:0000527	Controls of ≥80% European ancestry were drawn from ten of the studies included in PanScan III (Alpha-Tocopherol, Beta-Carotene Lung Cancer Prevention Study (ATBC), American Cancer Society Cancer Prevention Study-II Cohort (CPS-II), European Prospective Investigation into Cancer and Nutrition (EPIC), Health Professionals Follow-Up Study (HPFS)	https://pmc.ncbi.nlm.nih.gov/articles/PMC4191666/
COHO:0001218	owl:NamedIndividual		COHO:0001663	The 3 PanScan GWAS included participants from 16 cohorts from the National Cancer Institute (NCI) Cohort Consortium, 9 case–control studies, and 1 case series (Gastrointestinal Cancer Clinic of Dana–Farber Cancer Institute)	https://pmc.ncbi.nlm.nih.gov/articles/PMC8488877/
COHO:0001275	owl:NamedIndividual		COHO:0002356	VU/SCI SDGS Chinese 1019 1710 2729 Population-based	https://media.springernature.com/original/springer-static/esm/art%3A10.1038%2Fng.1019/MediaObjects/41588_2012_BFng1019_MOESM23_ESM.pdf
COHO:0001275	owl:NamedIndividual		COHO:0002358	SJTU SDIID/SDS Chinese 3410 3412 6822 SDIID: case-control, SDS: community-based	https://media.springernature.com/original/springer-static/esm/art%3A10.1038%2Fng.1019/MediaObjects/41588_2012_BFng1019_MOESM23_ESM.pdf
COHO:0001300	owl:NamedIndividual		COHO:0000456	We initially genotyped 1183 cases of postmenopausal invasive breast cancer and 1185 individually-matched controls from the Nurses’ Health Study (NHS) cohort, using the Illumina HumanHap500 array, as part of the National Cancer Institute CGEMS (Cancer Genetic Markers of Susceptibility) Project.	https://pmc.ncbi.nlm.nih.gov/articles/PMC3493132/
COHO:0001316	owl:NamedIndividual		COHO:0001486	606 ANECS samples all of endometrioid-only histology were used for the original endometrial cancer case-control GWAS and a further 538 were genotyped using iCOGS for the first additional genotyping phase.	https://www.ebi.ac.uk/europepmc/webservices/rest/PMC4907351/supplementaryFiles
COHO:0001316	owl:NamedIndividual		COHO:0001520	We conducted replication analysis of the 15 loci detected in the discovery GWAS in two separate cohorts (Belgian and German), previously used within the collaboration of ECAC [5]. Replication in the Belgian population included 528 cases from the Leuven Endometrial Cancer Study (LES) and 1,266 controls from blood donors of the Leuven Multidisciplinary Breast Centre Study (LMBC). Replication analysis in the German population included 221 cases from the Bavarian Endometrial Cancer Study (BECS) and 251 healthy controls aged 55 years and older from the Bavarian Breast Cancer Cases and Controls (BBCC).	https://www.ebi.ac.uk/europepmc/webservices/rest/PMC13537468/fullTextXML
COHO:0001316	owl:NamedIndividual		COHO:0001861	| 9 | BECS/HJECS | Bavarian Endometrial Cancer Study/Hannover-Jena Endometrial Cancer Study | Germany; hospital-based cases, population-based cases |  | Illumina Infinium iSelect | 137 | 112	https://media.springernature.com/original/springer-static/esm/art%3A10.1038%2Fng.3562/MediaObjects/41588_2016_BFng3562_MOESM302_ESM.xlsx
COHO:0001316	owl:NamedIndividual		COHO:0001997	| 8 | LES | Leuven Endometrial Cancer Study | Belgium; hospital based cases |  | Illumina Infinium iSelect | 321 | 219	https://media.springernature.com/original/springer-static/esm/art%3A10.1038%2Fng.3562/MediaObjects/41588_2016_BFng3562_MOESM302_ESM.xlsx
COHO:0001316	owl:NamedIndividual		COHO:0002050	The sampling frame for the US studies WHI and E2C2 is not expected to overlap with the Mayo study, which provided a relatively small number of cases to ECAC.	https://media.springernature.com/original/springer-static/esm/art%3A10.1038%2Fs41467-018-05427-7/MediaObjects/41467_2018_5427_MOESM2_ESM.pdf
COHO:0001316	owl:NamedIndividual		COHO:0002080	| 10 | MoMaTEC | Molecular Markers in Treatment of Endometrial Cancer | Norway; population based cases | Norway; female blood donors | Illumina Infinium iSelect | 599 | 505	https://media.springernature.com/original/springer-static/esm/art%3A10.1038%2Fng.3562/MediaObjects/41588_2016_BFng3562_MOESM302_ESM.xlsx
COHO:0001316	owl:NamedIndividual		COHO:0002130	|  | NECS | Newcastle Endometrial Cancer Study | Australia;  hospital-based cases |  | Illumina Infinium iSelect | 165 | 116	https://media.springernature.com/original/springer-static/esm/art%3A10.1038%2Fng.3562/MediaObjects/41588_2016_BFng3562_MOESM302_ESM.xlsx
COHO:0001316	owl:NamedIndividual		COHO:0002183	| 6 | NSECG | National Study of Endometrial Cancer Genetics | England; population based cases |  | Illumina Infinium iSelect | 965 | 839	https://media.springernature.com/original/springer-static/esm/art%3A10.1038%2Fng.3562/MediaObjects/41588_2016_BFng3562_MOESM302_ESM.xlsx
COHO:0001316	owl:NamedIndividual		COHO:0002312	|  | RENDOCAS | Registry of Endometrial Cancer in Sweden | Sweden; hospital based cases |  | Illumina Infinium iSelect | 233 | 205	https://media.springernature.com/original/springer-static/esm/art%3A10.1038%2Fng.3562/MediaObjects/41588_2016_BFng3562_MOESM302_ESM.xlsx
COHO:0001335	owl:NamedIndividual		COHO:0001372	Additional clinically confirmed cutaneous melanoma cases and controls were available from two French cohorts contributing to GenoMEL Phase 1 and 2; MELARISK (535 cases)	https://media.springernature.com/original/springer-static/esm/art%3A10.1038%2Fs41588-020-0611-8/MediaObjects/41588_2020_611_MOESM1_ESM.pdf
COHO:0001379	owl:NamedIndividual		COHO:0001437	The GWAS discovery stage included 3135–5156 subjects with T1D, depending on phenotypic comparison (Supplemental Figure 1), from four studies: FinnDiane,23 the EURODIAB Family Study,24 the Scania Diabetes Registry (SDR),25 and the UK Nephropathy Family Study and Oxford Regional Prospective Study (NFS-ORPS/Cambridge)26,27 (Supplemental Tables 2 and 3, Table 1).	https://pmc.ncbi.nlm.nih.gov/articles/PMC5280020/
COHO:0001419	owl:NamedIndividual		COHO:0001344	Genomic Research on Asthma in the African Diaspora GRAAD	https://static-content.springer.com/esm/art%3A10.1038%2Fs41588-017-0014-7/MediaObjects/41588_2017_14_MOESM3_ESM.xlsx
COHO:0001419	owl:NamedIndividual		COHO:0001456	Australian Asthma Genetics Consortium (AAGC) Australian Asthma Genetics Consortium AAGC European Australia Population-based and case-control studies	https://static-content.springer.com/esm/art%3A10.1038%2Fs41588-017-0014-7/MediaObjects/41588_2017_14_MOESM3_ESM.xlsx
COHO:0001419	owl:NamedIndividual		COHO:0001592	Children'Health Study (CHS) Hispanic White CHS-LAT	https://media.springernature.com/original/springer-static/esm/art%3A10.1038%2Fs41588-017-0014-7/MediaObjects/41588_2017_14_MOESM3_ESM.xlsx
COHO:0001419	owl:NamedIndividual		COHO:0001643	Dutch Asthma Genetics Consortium (DAGC) Dutch Asthma GWAS 1 Family-Based DAG1 Dutch Asthma GWAS 2 Case-Control DAG2	https://media.springernature.com/original/springer-static/esm/art%3A10.1038%2Fs41588-017-0014-7/MediaObjects/41588_2017_14_MOESM3_ESM.xlsx
COHO:0001455	owl:NamedIndividual		COHO:0001333	After quality control, we included 660 cases and 1,496 controls of African ancestry from GBHS genotyping data.	https://media.springernature.com/original/springer-static/esm/art%3A10.1038%2Fs41588-024-01736-4/MediaObjects/41588_2024_1736_MOESM1_ESM.pdf
COHO:0001455	owl:NamedIndividual		COHO:0001483	The AMBER is a collaboration of four studies: the Women’s Circle of Health Study (WCHS), the Black Women’s Health Study (BWHS), the Carolina Breast Cancer Study (CBCS), and the Multiethnic Cohort Study (MEC) funded by the National Cancer Institute.	https://media.springernature.com/original/springer-static/esm/art%3A10.1038%2Fs41588-024-01736-4/MediaObjects/41588_2024_1736_MOESM1_ESM.pdf
COHO:0001479	owl:NamedIndividual		COHO:0001480	As one of many contributors to the AGP, AGRE continues to sit on the cutting edge of research.	https://www.ncbi.nlm.nih.gov/research/bionlp/RESTful/pmcoa.cgi/BioC_xml/PMC3004528/unicode
COHO:0001483	owl:NamedIndividual		COHO:0001150	The analysis included 91,627 SNPs genotyped or imputed in 3,663 breast cancer cases, (1,983 ER-positive and 1,098 ER-negative) and 4,687 controls from the African American Breast Cancer Epidemiology and Risk consortium, a collaborative project of four large studies of breast cancer in African-American women (Carolina Breast Cancer Study, Black Women's Health Study, Women's Circle of Health Study, and Multiethnic Cohort).	https://www.ebi.ac.uk/europepmc/webservices/rest/PMC5142758/fullTextXML
COHO:0001499	owl:NamedIndividual		COHO:0000744	BATS The Brisbane Adolescent Twins Study (BATS) is a part of the Australian Twin Eye Study, which was described elsewhere 3 .	https://media.springernature.com/original/springer-static/esm/art%3A10.1038%2Fs42003-020-0802-y/MediaObjects/42003_2020_802_MOESM1_ESM.pdf
COHO:0001519	owl:NamedIndividual		COHO:0000385	Platelet Function Exomechip Two BCX cohorts, GeneSTAR and the Framingham Heart Study (FHS), measured platelet aggregation in a subset of genotyped participants.	https://pmc.ncbi.nlm.nih.gov/articles/PMC5005441/
COHO:0001586	owl:NamedIndividual		COHO:0000119	In addition, a genome wide association study using a 1,000K SNP Chip was conducted on approximately 8,900 African American participants drawn from five CARe cohorts: ARIC, CARDIA, CFS, JHS, and MESA.	https://www.ncbi.nlm.nih.gov/projects/gap/cgi-bin/study.cgi?study_id=phs000283.v6.p3
COHO:0001586	owl:NamedIndividual		COHO:0002376	DNA samples and phenotypic information from the nine NHLBI cohorts—ARIC, CARDIA, CFS, CHS, CSSCD, FHS, JHS, MESA, and SHHS—were sent to the Broad Institute of MIT and Harvard and deposited in the CARe Phenotype Database.	https://pmc.ncbi.nlm.nih.gov/articles/PMC3048024/
COHO:0001620	owl:NamedIndividual		COHO:0001351	The Hordaland Health Studies are part of the national research collaboration CONOR (COhort of NORway)	https://husk-en.w.uib.no/
COHO:0001678	owl:NamedIndividual		COHO:0002129	The European Collaborative Study, presented elsewhere, included 1,241 HL cases aged 13–80 (median age = 33 years) from five European-based HL studies and 5,726 generic controls aged 17–94 (mean age = 62) used in the initial GWAS scan. In addition to the classical HL cases described in the initial GWAS, 41 non-cHL cases were also included in the total. The distribution of cases among the five European-based HL studies is: the EPILYMPH Study (N = 196), the Scotland and Newcastle Lymphoma Group and the Young Adult Hodgkin’s Disease Case–Control Study (N = 397), the Scandinavian Lymphoma Etiology Study (SCALE) (N = 344), and the Northern Dutch Hodgkin Lymphoma Study (N = 304).	https://www.ncbi.nlm.nih.gov/research/bionlp/RESTful/pmcoa.cgi/BioC_xml/PMC4055950/unicode
COHO:0001678	owl:NamedIndividual		COHO:0002394	the Scotland and Newcastle Lymphoma Group and the Young Adult Hodgkin’s Disease Case–Control Study (N = 397)	https://www.ncbi.nlm.nih.gov/research/bionlp/RESTful/pmcoa.cgi/BioC_xml/PMC4055950/unicode
COHO:0001678	owl:NamedIndividual		COHO:0002588	The European Collaborative Study, presented elsewhere, included 1,241 HL cases aged 13–80 (median age = 33 years) from five European-based HL studies and 5,726 generic controls aged 17–94 (mean age = 62) used in the initial GWAS scan. In addition to the classical HL cases described in the initial GWAS, 41 non-cHL cases were also included in the total. The distribution of cases among the five European-based HL studies is: the EPILYMPH Study (N = 196), the Scotland and Newcastle Lymphoma Group and the Young Adult Hodgkin’s Disease Case–Control Study (N = 397), the Scandinavian Lymphoma Etiology Study (SCALE) (N = 344), and the Northern Dutch Hodgkin Lymphoma Study (N = 304).	https://www.ncbi.nlm.nih.gov/research/bionlp/RESTful/pmcoa.cgi/BioC_xml/PMC4055950/unicode
COHO:0001800	owl:NamedIndividual		COHO:0000550	Three hospital-based, prospective, AF registries (AF-RISK study, Biomarker-AF study and Young-AF study) recruited in the University Medical Center Groningen and two age- and sex-matched reference cohorts (Prevention of Renal and Vascular End-stage Disease (PREVEND) study and the Glycometabolic Intervention as adjunct to primary Percutaneous coronary intervention in ST elevation myocardial infarction (GIPS) III) are enclosed in the GGAF cohort (n = 2207).	https://www.ebi.ac.uk/europepmc/webservices/rest/PMC7891778/fullTextXML
COHO:0001800	owl:NamedIndividual		COHO:0002704	Three hospital-based, prospective, AF registries (AF-RISK study, Biomarker-AF study and Young-AF study) recruited in the University Medical Center Groningen and two age- and sex-matched reference cohorts (Prevention of Renal and Vascular End-stage Disease (PREVEND) study and the Glycometabolic Intervention as adjunct to primary Percutaneous coronary intervention in ST elevation myocardial infarction (GIPS) III) are enclosed in the GGAF cohort (n = 2207).	https://www.ebi.ac.uk/europepmc/webservices/rest/PMC7891778/fullTextXML
COHO:0001800	owl:NamedIndividual		COHO:0002705	Three hospital-based, prospective, AF registries (AF-RISK study, Biomarker-AF study and Young-AF study) recruited in the University Medical Center Groningen and two age- and sex-matched reference cohorts (Prevention of Renal and Vascular End-stage Disease (PREVEND) study and the Glycometabolic Intervention as adjunct to primary Percutaneous coronary intervention in ST elevation myocardial infarction (GIPS) III) are enclosed in the GGAF cohort (n = 2207).	https://www.ebi.ac.uk/europepmc/webservices/rest/PMC7891778/fullTextXML
COHO:0001800	owl:NamedIndividual		COHO:0002706	Three hospital-based, prospective, AF registries (AF-RISK study, Biomarker-AF study and Young-AF study) recruited in the University Medical Center Groningen and two age- and sex-matched reference cohorts (Prevention of Renal and Vascular End-stage Disease (PREVEND) study and the Glycometabolic Intervention as adjunct to primary Percutaneous coronary intervention in ST elevation myocardial infarction (GIPS) III) are enclosed in the GGAF cohort (n = 2207).	https://www.ebi.ac.uk/europepmc/webservices/rest/PMC7891778/fullTextXML
COHO:0001800	owl:NamedIndividual		COHO:0002707	Three hospital-based, prospective, AF registries (AF-RISK study, Biomarker-AF study and Young-AF study) recruited in the University Medical Center Groningen and two age- and sex-matched reference cohorts (Prevention of Renal and Vascular End-stage Disease (PREVEND) study and the Glycometabolic Intervention as adjunct to primary Percutaneous coronary intervention in ST elevation myocardial infarction (GIPS) III) are enclosed in the GGAF cohort (n = 2207).	https://www.ebi.ac.uk/europepmc/webservices/rest/PMC7891778/fullTextXML
COHO:0001802	owl:NamedIndividual		COHO:0002714	From 1998 to 2002, the German Hodgkin Study Group (GHSG) conducted the 4th generation of clinical trials for the treatment of HL (HD10–12) involving a total of 4610 patients.	https://pmc.ncbi.nlm.nih.gov/articles/PMC3553532/
COHO:0001802	owl:NamedIndividual		COHO:0002715	From 1998 to 2002, the German Hodgkin Study Group (GHSG) conducted the 4th generation of clinical trials for the treatment of HL (HD10–12) involving a total of 4610 patients.	https://pmc.ncbi.nlm.nih.gov/articles/PMC3553532/
COHO:0001802	owl:NamedIndividual		COHO:0002716	From 1998 to 2002, the German Hodgkin Study Group (GHSG) conducted the 4th generation of clinical trials for the treatment of HL (HD10–12) involving a total of 4610 patients.	https://pmc.ncbi.nlm.nih.gov/articles/PMC3553532/
COHO:0001813	owl:NamedIndividual		COHO:0000121	Multiethnic Cohort MEC Cohort Matched on age,sex, race Illumina 550K 2 6 1993 USA 73.50 75.00	https://pmc.ncbi.nlm.nih.gov/articles/PMC3761216/
COHO:0001813	owl:NamedIndividual		COHO:0000456	Nurses’ Health Study I and II NHS Cohort Glioma-freecontrols withprevious GWASdata Illumina 550K 38 83 1976/1989 USA(11/14States) 66.95 0	https://pmc.ncbi.nlm.nih.gov/articles/PMC3761216/
COHO:0001813	owl:NamedIndividual		COHO:0000485	Prostate, Lung, Colorectal andOvarian Screening Trial PLCO Cohort Glioma-freecontrols withprevious GWASdata Illumina 550K 132 855 1992-2001 USA(severalstates) 71.19 58.67	https://pmc.ncbi.nlm.nih.gov/articles/PMC3761216/
COHO:0001813	owl:NamedIndividual		COHO:0000523	Melbourne Collaborative CohortStudy MCCS Cohort Matched on year ofbirth, sex, studyregion Illumina 550K 40 75 1990-1994 Australia 67.95 51.30	https://pmc.ncbi.nlm.nih.gov/articles/PMC3761216/
COHO:0001813	owl:NamedIndividual		COHO:0000527	Health Professionals Follow-upStudy HPFS Cohort Glioma-freecontrols withprevious GWASdata Illumina 550K 26 52 1986 US (moststates) 68.08 100	https://pmc.ncbi.nlm.nih.gov/articles/PMC3761216/
COHO:0001813	owl:NamedIndividual		COHO:0000579	Vitamins and Lifestyle VITAL Cohort Matched on age,sex, race, time todiagnosis Illumina 660W 33 71 2000-2002 USA (WA) 68.48 60.58	https://pmc.ncbi.nlm.nih.gov/articles/PMC3761216/
COHO:0001813	owl:NamedIndividual		COHO:0000598	Alpha-Tocopherol Beta-CaroteneCancer Prevention Study ATBC Cohort Glioma-freecontrols withprevious GWASdata Illumina 610Q 37 1270 1985-1993 Finland 69.27 100	https://pmc.ncbi.nlm.nih.gov/articles/PMC3761216/
COHO:0001813	owl:NamedIndividual		COHO:0000609	Women’s Health Study WHS Cohort Glioma-freecontrols withprevious GWASdata Illumina 550K 8 31 1991-2009 USA(severalstates) 58.25 0	https://pmc.ncbi.nlm.nih.gov/articles/PMC3761216/
COHO:0001813	owl:NamedIndividual		COHO:0000619	Nurses’ Health Study I and II NHS Cohort Glioma-freecontrols withprevious GWASdata Illumina 550K 38 83 1976/1989 USA(11/14States) 66.95 0	https://pmc.ncbi.nlm.nih.gov/articles/PMC3761216/
COHO:0001813	owl:NamedIndividual		COHO:0000626	Physician’s Health Study I and II PHS Cohort Glioma-freecontrols withprevious GWASdata Illumina 550K 16 54 1982 – 1984,1997 – 2001 USA(severalstates) 71.13 100	https://pmc.ncbi.nlm.nih.gov/articles/PMC3761216/
COHO:0001813	owl:NamedIndividual		COHO:0000634	CLUE I–Campaign AgainstCancer and Stroke;CLUE II–Cancer and HeartDisease CLUE Cohort Glioma-freecontrols withprevious GWASdata Illumina 550K 36 71 1974-1989 USA (MD) 65.00 46.73	https://pmc.ncbi.nlm.nih.gov/articles/PMC3761216/
COHO:0001813	owl:NamedIndividual		COHO:0000740	Agricultural Health Study AHS Cohort Frequency-matched2:1 by year ofbirth, sex, race Illumina 660W 18 35 1993-1997 USA (IA,NC) 57.22 60.38	https://pmc.ncbi.nlm.nih.gov/articles/PMC3761216/
COHO:0001813	owl:NamedIndividual		COHO:0000927	Northern Sweden Health andDisease Study NSHDS Cohort Matched on age,sex, race Illumina 660W 111 934 1985 -ongoing NorthernSweden 52.14 53.98	https://pmc.ncbi.nlm.nih.gov/articles/PMC3761216/
COHO:0001813	owl:NamedIndividual		COHO:0001812	Gliogene (Sweden) GLIOGENE Case only Swedish glioma-free controls fromNSHDS matchedon age, sex, race Illumina 660W 401 0 2004-2011 USA, UK,Sweden,Denmark,Israel. 54.10 60.01	https://pmc.ncbi.nlm.nih.gov/articles/PMC3761216/
COHO:0001813	owl:NamedIndividual		COHO:0001927	Interphone Study (Sweden,Denmark) INT-SD Case-control Matched on year ofbirth, sex, studyregion Illumina 660W 277 381 2000-2004 Sweden,Denmark 49.52 56.53	https://pmc.ncbi.nlm.nih.gov/articles/PMC3761216/
COHO:0001813	owl:NamedIndividual		COHO:0002158	Upper Midwest Health Study –National Institute forOccupational Safety and Health NIOSH-UMHS Case-control Population-basedcontrols frequencymatched 1.5:1 byage, sex, state Illumina 660W 300 542 1995-1997 USA (IA,MI, MN,WI)	https://pmc.ncbi.nlm.nih.gov/articles/PMC3761216/
COHO:0001813	owl:NamedIndividual		COHO:0002192	New York University – Women’sHealth Study NYUWHS Cohort Glioma-freecontrols withprevious GWASdata Illumina 550K 5 12 1985 - 1991 USA (NY) 65.4 0	https://pmc.ncbi.nlm.nih.gov/articles/PMC3761216/
COHO:0001813	owl:NamedIndividual		COHO:0002690	Cancer Prevention Study IINutrition Cohort CPS-II Cohort Glioma-freecontrols withprevious GWASdata Illumina 550K 54 98 1992 USA (21states) 72.96 57.24	https://pmc.ncbi.nlm.nih.gov/articles/PMC3761216/
COHO:0001813	owl:NamedIndividual		COHO:0002721	National Cancer Institute AdultBrain Study NCI-BTS Case-control Frequency-matched2:1 by hospital,age, sex, race,residential distancefrom hospital Illumina 660W 322 385 1994-1998 USA (AZ,MA, PA)	https://pmc.ncbi.nlm.nih.gov/articles/PMC3761216/
COHO:0001889	owl:NamedIndividual		COHO:0001688	Oral contraceptives and breast cancer risk in the international BRCA1/2 carrier cohort study: a report from EMBRACE, GENEPSO, GEO-HEBON, and the IBCCS Collaborating Group.	https://eutils.ncbi.nlm.nih.gov/entrez/eutils/efetch.fcgi?db=pubmed&id=17635951&retmode=xml
COHO:0001889	owl:NamedIndividual		COHO:0001762	Other studies: MUV-Austria, INHERIT, OUH, GC-HBOC, NIO-Hungary, CNIO, HCSC, LUND-BRCA, STOCKHOLM-BRCA, IHCC, and MODSQUAD (see Additional file 1: Table S1 for details)Table 2Characteristics of the cohort of BRCA1 and BRCA2 mutation carriersBRCA1 mutation carriersBRCA2 mutation carriersUnaffected women (N = 2003)Women with breast cancer (N = 269)Unaffected women (N = 1448)Women with breast cancer (N = 157)Total person-years of follow-up11,20711347286600Person-years of follow-up (mean (sd))5.60 (3.67)4.21 (3.27)5.03 (3.44)3.82 (3.08)Age at start of follow-up (mean (sd))37.51 (11.80)40.68 (10.25)40.00 (12.53)45.14 (10.11)Age at diagnosis/censoring (mean (sd))43.10 (12.28)44.90 (10.33)45.00 (13.00)48.97 (10.30)Reason for censoring Breast cancer02690157 Ovarian cancer493a91a Other cancer455a282a RRM299–181– Death5–8– Unaffected at last follow-up time1605–1222–Year of birth ≤ 1960604 (83.54)119 (16.46)500 (84.75)90 (15.25) > 19601399 (90.32)150 (9.68)948 (93.40)67 (6.60)Menopausal status Premenopausal at censoringb Last informationc after censoring5126934435 Last information before censoringd5855847335 Postmenopausal Natural menopause age known1942718231 Natural menopause age unknown5071 Post-hysterectomy70126411 Unknown menopausal status6213338RRSO status at censoring No RRSO Last information after censoring66411046779 Last information before censoring6184453527 RRSO72111544651 As reason for menopausee5749034536 After natural menopause101187610 After hysterectomy467255RRSO risk-reducing salpingo-oophorectomy, RRM risk-reducing mastectomyaDiagnosed at the same time as breast cancerbFifteen women did not report age at menopause but were older than 60 years at the end of follow-upcInformation from questionnaire and record linkagedAge last known to be premenopausal mean 32.3 years, median 31 years for BRCA1 mutation carriers: mean 33.9, median 34 years for BRCA2 mutation carriers.	https://www.ebi.ac.uk/europepmc/webservices/rest/PMC6966793/fullTextXML
COHO:0001889	owl:NamedIndividual		COHO:0001923	Other studies: MUV-Austria, INHERIT, OUH, GC-HBOC, NIO-Hungary, CNIO, HCSC, LUND-BRCA, STOCKHOLM-BRCA, IHCC, and MODSQUAD (see Additional file 1: Table S1 for details)Table 2Characteristics of the cohort of BRCA1 and BRCA2 mutation carriersBRCA1 mutation carriersBRCA2 mutation carriersUnaffected women (N = 2003)Women with breast cancer (N = 269)Unaffected women (N = 1448)Women with breast cancer (N = 157)Total person-years of follow-up11,20711347286600Person-years of follow-up (mean (sd))5.60 (3.67)4.21 (3.27)5.03 (3.44)3.82 (3.08)Age at start of follow-up (mean (sd))37.51 (11.80)40.68 (10.25)40.00 (12.53)45.14 (10.11)Age at diagnosis/censoring (mean (sd))43.10 (12.28)44.90 (10.33)45.00 (13.00)48.97 (10.30)Reason for censoring Breast cancer02690157 Ovarian cancer493a91a Other cancer455a282a RRM299–181– Death5–8– Unaffected at last follow-up time1605–1222–Year of birth ≤ 1960604 (83.54)119 (16.46)500 (84.75)90 (15.25) > 19601399 (90.32)150 (9.68)948 (93.40)67 (6.60)Menopausal status Premenopausal at censoringb Last informationc after censoring5126934435 Last information before censoringd5855847335 Postmenopausal Natural menopause age known1942718231 Natural menopause age unknown5071 Post-hysterectomy70126411 Unknown menopausal status6213338RRSO status at censoring No RRSO Last information after censoring66411046779 Last information before censoring6184453527 RRSO72111544651 As reason for menopausee5749034536 After natural menopause101187610 After hysterectomy467255RRSO risk-reducing salpingo-oophorectomy, RRM risk-reducing mastectomyaDiagnosed at the same time as breast cancerbFifteen women did not report age at menopause but were older than 60 years at the end of follow-upcInformation from questionnaire and record linkagedAge last known to be premenopausal mean 32.3 years, median 31 years for BRCA1 mutation carriers: mean 33.9, median 34 years for BRCA2 mutation carriers.	https://www.ebi.ac.uk/europepmc/webservices/rest/PMC6966793/fullTextXML
COHO:0001889	owl:NamedIndividual		COHO:0002075	Other studies: MUV-Austria, INHERIT, OUH, GC-HBOC, NIO-Hungary, CNIO, HCSC, LUND-BRCA, STOCKHOLM-BRCA, IHCC, and MODSQUAD (see Additional file 1: Table S1 for details)Table 2Characteristics of the cohort of BRCA1 and BRCA2 mutation carriersBRCA1 mutation carriersBRCA2 mutation carriersUnaffected women (N = 2003)Women with breast cancer (N = 269)Unaffected women (N = 1448)Women with breast cancer (N = 157)Total person-years of follow-up11,20711347286600Person-years of follow-up (mean (sd))5.60 (3.67)4.21 (3.27)5.03 (3.44)3.82 (3.08)Age at start of follow-up (mean (sd))37.51 (11.80)40.68 (10.25)40.00 (12.53)45.14 (10.11)Age at diagnosis/censoring (mean (sd))43.10 (12.28)44.90 (10.33)45.00 (13.00)48.97 (10.30)Reason for censoring Breast cancer02690157 Ovarian cancer493a91a Other cancer455a282a RRM299–181– Death5–8– Unaffected at last follow-up time1605–1222–Year of birth ≤ 1960604 (83.54)119 (16.46)500 (84.75)90 (15.25) > 19601399 (90.32)150 (9.68)948 (93.40)67 (6.60)Menopausal status Premenopausal at censoringb Last informationc after censoring5126934435 Last information before censoringd5855847335 Postmenopausal Natural menopause age known1942718231 Natural menopause age unknown5071 Post-hysterectomy70126411 Unknown menopausal status6213338RRSO status at censoring No RRSO Last information after censoring66411046779 Last information before censoring6184453527 RRSO72111544651 As reason for menopausee5749034536 After natural menopause101187610 After hysterectomy467255RRSO risk-reducing salpingo-oophorectomy, RRM risk-reducing mastectomyaDiagnosed at the same time as breast cancerbFifteen women did not report age at menopause but were older than 60 years at the end of follow-upcInformation from questionnaire and record linkagedAge last known to be premenopausal mean 32.3 years, median 31 years for BRCA1 mutation carriers: mean 33.9, median 34 years for BRCA2 mutation carriers.	https://www.ebi.ac.uk/europepmc/webservices/rest/PMC6966793/fullTextXML
COHO:0001889	owl:NamedIndividual		COHO:0002723	Oral contraceptives and breast cancer risk in the international BRCA1/2 carrier cohort study: a report from EMBRACE, GENEPSO, GEO-HEBON, and the IBCCS Collaborating Group.	https://eutils.ncbi.nlm.nih.gov/entrez/eutils/efetch.fcgi?db=pubmed&id=17635951&retmode=xml
COHO:0001922	owl:NamedIndividual		COHO:0000030	University of North Carolina (CHANCE study) North Carolina - US University of North Carolina University of North Carolina Olshan HN Population-based 940 1,087	https://pmc.ncbi.nlm.nih.gov/articles/PMC3060072/
COHO:0001922	owl:NamedIndividual		COHO:0001056	ARCAGE b Europe - Multicentre IARC CNG Boffetta/Brennan UADT Hospital-based 1,422 1,503 1,368 1,313	https://pmc.ncbi.nlm.nih.gov/articles/PMC3060072/
COHO:0001922	owl:NamedIndividual		COHO:0001087	Central Europe c Europe - Multicentre IARC CNG Boffetta/Brennan UADT Hospital-based 808 2,587 723 2,200	https://pmc.ncbi.nlm.nih.gov/articles/PMC3060072/
COHO:0001922	owl:NamedIndividual		COHO:0002212	IARC - oral cancer (ORC) Europe - Multicentre IARC IARC Franceschi Oral Hospital-based 611 643	https://pmc.ncbi.nlm.nih.gov/articles/PMC3060072/
COHO:0001960	owl:NamedIndividual		COHO:0000014	G.C.-T. led the contribution of kConFab cases and AOCS controls to BCAC, J.Beesley and X.C. performed iPLEX genotyping for several of the BCAC sites.	https://www.ebi.ac.uk/europepmc/webservices/rest/PMC3653403/fullTextXML
COHO:0001960	owl:NamedIndividual		COHO:0001094	G.C.-T. led the contribution of kConFab cases and AOCS controls to BCAC, J.Beesley and X.C. performed iPLEX genotyping for several of the BCAC sites.	https://www.ebi.ac.uk/europepmc/webservices/rest/PMC3653403/fullTextXML
COHO:0002006	owl:NamedIndividual		COHO:0000011	The LITE study is a prospective study of VTE occurrence in 2 pooled, multi-center, longitudinal population-based cohort studies: the ARIC Study [17] and the Cardiovascular Health Study (CHS) [18].	https://pmc.ncbi.nlm.nih.gov/articles/PMC4769380/
COHO:0002006	owl:NamedIndividual		COHO:0000384	The LITE study is a prospective study of VTE occurrence in 2 pooled, multi-center, longitudinal population-based cohort studies: the ARIC Study [17] and the Cardiovascular Health Study (CHS) [18].	https://pmc.ncbi.nlm.nih.gov/articles/PMC4769380/
COHO:0002069	owl:NamedIndividual		COHO:0000071	The six studies were: i) Italian Atherosclerosis Thrombosis and Vascular Biology (IATVB); ii) Heart Attack Risk in Puget Sound (HARPS); iii) Registre Gironi del COR (Gerona Heart Registry or REGICOR); iv) Massachusetts General Hospital Premature Coronary Artery Disease (MGH PCAD); v) FINRISK; and vi) Malmo Diet and Cancer Study (MDC).	https://media.springernature.com/original/springer-static/esm/art%3A10.1038%2Fng.327/MediaObjects/41588_2009_BFng327_MOESM15_ESM.pdf
COHO:0002069	owl:NamedIndividual		COHO:0000142	Studies included the Italian Atherosclerosis Thrombosis and Vascular Biology (ATVB) study,6 the Exome Sequencing Project Early-Onset Myocardial Infarction (ESP-EOMI) study,7 a nested case-control of the Jackson Heart Study (JHS),8 the South German Myocardial Infarction study,9 the Ottawa Heart Study (OHS),10 the Precocious Coronary Artery Disease Study (PROCARDIS),11 the Pakistan Risk of Myocardial Infarction Study (PROMIS),12 the Registre Gironi del COR (Gerona Heart Registry or REGICOR) study,13 the Leicester Myocardial Infarction study,14 and the North German Myocardial Infarction study.15 Clinical data was assessed in each study.	https://pmc.ncbi.nlm.nih.gov/articles/PMC5664181/
COHO:0002069	owl:NamedIndividual		COHO:0000169	Studies included the Italian Atherosclerosis Thrombosis and Vascular Biology (ATVB) study,6 the Exome Sequencing Project Early-Onset Myocardial Infarction (ESP-EOMI) study,7 a nested case-control of the Jackson Heart Study (JHS),8 the South German Myocardial Infarction study,9 the Ottawa Heart Study (OHS),10 the Precocious Coronary Artery Disease Study (PROCARDIS),11 the Pakistan Risk of Myocardial Infarction Study (PROMIS),12 the Registre Gironi del COR (Gerona Heart Registry or REGICOR) study,13 the Leicester Myocardial Infarction study,14 and the North German Myocardial Infarction study.15 Clinical data was assessed in each study.	https://pmc.ncbi.nlm.nih.gov/articles/PMC5664181/
COHO:0002069	owl:NamedIndividual		COHO:0000296	The six studies were: i) Italian Atherosclerosis Thrombosis and Vascular Biology (IATVB); ii) Heart Attack Risk in Puget Sound (HARPS); iii) Registre Gironi del COR (Gerona Heart Registry or REGICOR); iv) Massachusetts General Hospital Premature Coronary Artery Disease (MGH PCAD); v) FINRISK; and vi) Malmo Diet and Cancer Study (MDC).	https://media.springernature.com/original/springer-static/esm/art%3A10.1038%2Fng.327/MediaObjects/41588_2009_BFng327_MOESM15_ESM.pdf
COHO:0002069	owl:NamedIndividual		COHO:0000381	Studies included the Italian Atherosclerosis Thrombosis and Vascular Biology (ATVB) study,6 the Exome Sequencing Project Early-Onset Myocardial Infarction (ESP-EOMI) study,7 a nested case-control of the Jackson Heart Study (JHS),8 the South German Myocardial Infarction study,9 the Ottawa Heart Study (OHS),10 the Precocious Coronary Artery Disease Study (PROCARDIS),11 the Pakistan Risk of Myocardial Infarction Study (PROMIS),12 the Registre Gironi del COR (Gerona Heart Registry or REGICOR) study,13 the Leicester Myocardial Infarction study,14 and the North German Myocardial Infarction study.15 Clinical data was assessed in each study.	https://pmc.ncbi.nlm.nih.gov/articles/PMC5664181/
COHO:0002069	owl:NamedIndividual		COHO:0001840	The six studies were: i) Italian Atherosclerosis Thrombosis and Vascular Biology (IATVB); ii) Heart Attack Risk in Puget Sound (HARPS); iii) Registre Gironi del COR (Gerona Heart Registry or REGICOR); iv) Massachusetts General Hospital Premature Coronary Artery Disease (MGH PCAD); v) FINRISK; and vi) Malmo Diet and Cancer Study (MDC).	https://media.springernature.com/original/springer-static/esm/art%3A10.1038%2Fng.327/MediaObjects/41588_2009_BFng327_MOESM15_ESM.pdf
COHO:0002069	owl:NamedIndividual		COHO:0001888	The six studies were: i) Italian Atherosclerosis Thrombosis and Vascular Biology (IATVB); ii) Heart Attack Risk in Puget Sound (HARPS); iii) Registre Gironi del COR (Gerona Heart Registry or REGICOR); iv) Massachusetts General Hospital Premature Coronary Artery Disease (MGH PCAD); v) FINRISK; and vi) Malmo Diet and Cancer Study (MDC).	https://media.springernature.com/original/springer-static/esm/art%3A10.1038%2Fng.327/MediaObjects/41588_2009_BFng327_MOESM15_ESM.pdf
COHO:0002069	owl:NamedIndividual		COHO:0002099	The German South cohort includes samples from GerMIFS3 and Munich-MI with MI or CAD.	https://www.ebi.ac.uk/europepmc/webservices/rest/PMC5314135/supplementaryFiles
COHO:0002069	owl:NamedIndividual		COHO:0002202	Studies included the Italian Atherosclerosis Thrombosis and Vascular Biology (ATVB) study,6 the Exome Sequencing Project Early-Onset Myocardial Infarction (ESP-EOMI) study,7 a nested case-control of the Jackson Heart Study (JHS),8 the South German Myocardial Infarction study,9 the Ottawa Heart Study (OHS),10 the Precocious Coronary Artery Disease Study (PROCARDIS),11 the Pakistan Risk of Myocardial Infarction Study (PROMIS),12 the Registre Gironi del COR (Gerona Heart Registry or REGICOR) study,13 the Leicester Myocardial Infarction study,14 and the North German Myocardial Infarction study.15 Clinical data was assessed in each study.	https://pmc.ncbi.nlm.nih.gov/articles/PMC5664181/
COHO:0002069	owl:NamedIndividual		COHO:0002311	The six studies were: i) Italian Atherosclerosis Thrombosis and Vascular Biology (IATVB); ii) Heart Attack Risk in Puget Sound (HARPS); iii) Registre Gironi del COR (Gerona Heart Registry or REGICOR); iv) Massachusetts General Hospital Premature Coronary Artery Disease (MGH PCAD); v) FINRISK; and vi) Malmo Diet and Cancer Study (MDC).	https://media.springernature.com/original/springer-static/esm/art%3A10.1038%2Fng.327/MediaObjects/41588_2009_BFng327_MOESM15_ESM.pdf
COHO:0002069	owl:NamedIndividual		COHO:0002702	The six studies were: i) Italian Atherosclerosis Thrombosis and Vascular Biology (IATVB); ii) Heart Attack Risk in Puget Sound (HARPS); iii) Registre Gironi del COR (Gerona Heart Registry or REGICOR); iv) Massachusetts General Hospital Premature Coronary Artery Disease (MGH PCAD); v) FINRISK; and vi) Malmo Diet and Cancer Study (MDC).	https://media.springernature.com/original/springer-static/esm/art%3A10.1038%2Fng.327/MediaObjects/41588_2009_BFng327_MOESM15_ESM.pdf
COHO:0002123	owl:NamedIndividual		COHO:0000065	We genotyped cases and used existing control data for four cohort studies already subjected to rigorous quality control metrics: the European Prospective Investigation Into Cancer and Nutrition Study (EPIC), Women's Health Initiative (WHI), Health Professionals Follow-up Study (HPFS) and Nurses' Health Study I and II (NHS I and II), which have been a part of Cancer Genetic Markers of Susceptibility (CGEMS) (Supplementary Material, Table S1).	https://pmc.ncbi.nlm.nih.gov/articles/PMC3919005/
COHO:0002123	owl:NamedIndividual		COHO:0000121	For LABCS, CeRePP, FBCS and BBCS studies where we genotyped cases only, we created in silico study groups based on comparable geographic/demographic parameters, which resulted in three new ‘study groups’, specifically, Europe (which comprises data from EPIC, CeRePP, and FBCS), Multiethnic Cohort (MEC)/LA (which comprises cases from LABCS and controls from the MEC) and Italy (which comprises cases from BBCS and controls from the EAGLE).	https://pmc.ncbi.nlm.nih.gov/articles/PMC3919005/
COHO:0002123	owl:NamedIndividual		COHO:0000409	We genotyped cases and used existing control data for four cohort studies already subjected to rigorous quality control metrics: the European Prospective Investigation Into Cancer and Nutrition Study (EPIC), Women's Health Initiative (WHI), Health Professionals Follow-up Study (HPFS) and Nurses' Health Study I and II (NHS I and II), which have been a part of Cancer Genetic Markers of Susceptibility (CGEMS) (Supplementary Material, Table S1).	https://pmc.ncbi.nlm.nih.gov/articles/PMC3919005/
COHO:0002123	owl:NamedIndividual		COHO:0000456	We genotyped cases and used existing control data for four cohort studies already subjected to rigorous quality control metrics: the European Prospective Investigation Into Cancer and Nutrition Study (EPIC), Women's Health Initiative (WHI), Health Professionals Follow-up Study (HPFS) and Nurses' Health Study I and II (NHS I and II), which have been a part of Cancer Genetic Markers of Susceptibility (CGEMS) (Supplementary Material, Table S1).	https://pmc.ncbi.nlm.nih.gov/articles/PMC3919005/
COHO:0002123	owl:NamedIndividual		COHO:0000485	We applied our analyses to primary scan data of 591,637 SNPs from NCI's bladder cancer GWAS containing 3,532 cases and 5,120 controls of European ancestry from five studies (Spanish Bladder Cancer Study [SBCS], New England, Maine and Vermont Bladder Cancer Study [NEBCS-ME/VT], Alpha-Tocopherol, Beta-Carotene Cancer Prevention Study [ATBC], the American Cancer Society Cancer Prevention Study II Nutrition Cohort [CPS-II], and the Prostate, Lung, Colorectal and Ovarian Cancer Screening Trial [PLCO]) [22].	https://www.ebi.ac.uk/europepmc/webservices/rest/PMC3251580/fullTextXML
COHO:0002123	owl:NamedIndividual		COHO:0000527	We genotyped cases and used existing control data for four cohort studies already subjected to rigorous quality control metrics: the European Prospective Investigation Into Cancer and Nutrition Study (EPIC), Women's Health Initiative (WHI), Health Professionals Follow-up Study (HPFS) and Nurses' Health Study I and II (NHS I and II), which have been a part of Cancer Genetic Markers of Susceptibility (CGEMS) (Supplementary Material, Table S1).	https://pmc.ncbi.nlm.nih.gov/articles/PMC3919005/
COHO:0002123	owl:NamedIndividual		COHO:0000598	We applied our analyses to primary scan data of 591,637 SNPs from NCI's bladder cancer GWAS containing 3,532 cases and 5,120 controls of European ancestry from five studies (Spanish Bladder Cancer Study [SBCS], New England, Maine and Vermont Bladder Cancer Study [NEBCS-ME/VT], Alpha-Tocopherol, Beta-Carotene Cancer Prevention Study [ATBC], the American Cancer Society Cancer Prevention Study II Nutrition Cohort [CPS-II], and the Prostate, Lung, Colorectal and Ovarian Cancer Screening Trial [PLCO]) [22].	https://www.ebi.ac.uk/europepmc/webservices/rest/PMC3251580/fullTextXML
COHO:0002123	owl:NamedIndividual		COHO:0000619	We genotyped cases and used existing control data for four cohort studies already subjected to rigorous quality control metrics: the European Prospective Investigation Into Cancer and Nutrition Study (EPIC), Women's Health Initiative (WHI), Health Professionals Follow-up Study (HPFS) and Nurses' Health Study I and II (NHS I and II), which have been a part of Cancer Genetic Markers of Susceptibility (CGEMS) (Supplementary Material, Table S1).	https://pmc.ncbi.nlm.nih.gov/articles/PMC3919005/
COHO:0002123	owl:NamedIndividual		COHO:0000797	We applied our analyses to primary scan data of 591,637 SNPs from NCI's bladder cancer GWAS containing 3,532 cases and 5,120 controls of European ancestry from five studies (Spanish Bladder Cancer Study [SBCS], New England, Maine and Vermont Bladder Cancer Study [NEBCS-ME/VT], Alpha-Tocopherol, Beta-Carotene Cancer Prevention Study [ATBC], the American Cancer Society Cancer Prevention Study II Nutrition Cohort [CPS-II], and the Prostate, Lung, Colorectal and Ovarian Cancer Screening Trial [PLCO]) [22].	https://www.ebi.ac.uk/europepmc/webservices/rest/PMC3251580/fullTextXML
COHO:0002123	owl:NamedIndividual		COHO:0000815	We genotyped cases for four case–control studies, the Los Angeles Bladder Cancer Study (LABCS), the French Center for Research on Prostate Diseases (CeRePP), the French Bladder Study (FBCS) and the Brescia Bladder Cancer Study (BBCS).	https://pmc.ncbi.nlm.nih.gov/articles/PMC3919005/
COHO:0002123	owl:NamedIndividual		COHO:0000824	We genotyped cases for four case–control studies, the Los Angeles Bladder Cancer Study (LABCS), the French Center for Research on Prostate Diseases (CeRePP), the French Bladder Study (FBCS) and the Brescia Bladder Cancer Study (BBCS).	https://pmc.ncbi.nlm.nih.gov/articles/PMC3919005/
COHO:0002123	owl:NamedIndividual		COHO:0000830	We genotyped cases for four case–control studies, the Los Angeles Bladder Cancer Study (LABCS), the French Center for Research on Prostate Diseases (CeRePP), the French Bladder Study (FBCS) and the Brescia Bladder Cancer Study (BBCS).	https://pmc.ncbi.nlm.nih.gov/articles/PMC3919005/
COHO:0002123	owl:NamedIndividual		COHO:0000836	We applied our analyses to primary scan data of 591,637 SNPs from NCI's bladder cancer GWAS containing 3,532 cases and 5,120 controls of European ancestry from five studies (Spanish Bladder Cancer Study [SBCS], New England, Maine and Vermont Bladder Cancer Study [NEBCS-ME/VT], Alpha-Tocopherol, Beta-Carotene Cancer Prevention Study [ATBC], the American Cancer Society Cancer Prevention Study II Nutrition Cohort [CPS-II], and the Prostate, Lung, Colorectal and Ovarian Cancer Screening Trial [PLCO]) [22].	https://www.ebi.ac.uk/europepmc/webservices/rest/PMC3251580/fullTextXML
COHO:0002123	owl:NamedIndividual		COHO:0000864	For LABCS, CeRePP, FBCS and BBCS studies where we genotyped cases only, we created in silico study groups based on comparable geographic/demographic parameters, which resulted in three new ‘study groups’, specifically, Europe (which comprises data from EPIC, CeRePP, and FBCS), Multiethnic Cohort (MEC)/LA (which comprises cases from LABCS and controls from the MEC) and Italy (which comprises cases from BBCS and controls from the EAGLE).	https://pmc.ncbi.nlm.nih.gov/articles/PMC3919005/
COHO:0002123	owl:NamedIndividual		COHO:0002690	We applied our analyses to primary scan data of 591,637 SNPs from NCI's bladder cancer GWAS containing 3,532 cases and 5,120 controls of European ancestry from five studies (Spanish Bladder Cancer Study [SBCS], New England, Maine and Vermont Bladder Cancer Study [NEBCS-ME/VT], Alpha-Tocopherol, Beta-Carotene Cancer Prevention Study [ATBC], the American Cancer Society Cancer Prevention Study II Nutrition Cohort [CPS-II], and the Prostate, Lung, Colorectal and Ovarian Cancer Screening Trial [PLCO]) [22].	https://www.ebi.ac.uk/europepmc/webservices/rest/PMC3251580/fullTextXML
COHO:0002132	owl:NamedIndividual		COHO:0000456	For the overall NEIGHBORHOOD (NBH), the summary value for the population cohorts (POP; NHS/HPFS/WGHS) are presented separately from the case/control cohorts (CC; Iowa, OHTS (Ocular Hypertension Treatment Study), Marshfield, MEEI, NEIGHBOR).	https://www.ncbi.nlm.nih.gov/research/bionlp/RESTful/pmcoa.cgi/BioC_xml/PMC4731307/unicode
COHO:0002132	owl:NamedIndividual		COHO:0000516	For the overall NEIGHBORHOOD (NBH), the summary value for the population cohorts (POP; NHS/HPFS/WGHS) are presented separately from the case/control cohorts (CC; Iowa, OHTS (Ocular Hypertension Treatment Study), Marshfield, MEEI, NEIGHBOR).	https://www.ncbi.nlm.nih.gov/research/bionlp/RESTful/pmcoa.cgi/BioC_xml/PMC4731307/unicode
COHO:0002132	owl:NamedIndividual		COHO:0000527	For the overall NEIGHBORHOOD (NBH), the summary value for the population cohorts (POP; NHS/HPFS/WGHS) are presented separately from the case/control cohorts (CC; Iowa, OHTS (Ocular Hypertension Treatment Study), Marshfield, MEEI, NEIGHBOR).	https://www.ncbi.nlm.nih.gov/research/bionlp/RESTful/pmcoa.cgi/BioC_xml/PMC4731307/unicode
COHO:0002132	owl:NamedIndividual		COHO:0002131	For the overall NEIGHBORHOOD (NBH), the summary value for the population cohorts (POP; NHS/HPFS/WGHS) are presented separately from the case/control cohorts (CC; Iowa, OHTS (Ocular Hypertension Treatment Study), Marshfield, MEEI, NEIGHBOR).	https://www.ncbi.nlm.nih.gov/research/bionlp/RESTful/pmcoa.cgi/BioC_xml/PMC4731307/unicode
COHO:0002164	owl:NamedIndividual		COHO:0000128	the 1,832 population controls (46% males) were recruited within a project entitled “Nijmegen Biomedical Study” (NBS).	https://media.springernature.com/original/springer-static/esm/art%3A10.1038%2Fng.573/MediaObjects/41588_2010_BFng573_MOESM34_ESM.pdf
COHO:0002164	owl:NamedIndividual		COHO:0000572	Briefly, patients were recruited for the Nijmegen Bladder Cancer Study (NBCS) (see http://dceg.cancer.gov/icbc/membership.html).	https://media.springernature.com/original/springer-static/esm/art%3A10.1038%2Fng.573/MediaObjects/41588_2010_BFng573_MOESM34_ESM.pdf
COHO:0002164	owl:NamedIndividual		COHO:0002165	Patients who were diagnosed in one of three hospitals (Radboud University Nijmegen Medical Center and Canisius Wilhelmina Hospital in Nijmegen and Rijnstate Hospital in Arnhem) and who were alive at April 15th, 2008 were recruited for a study on gene-environment interactions in lung cancer.	https://media.springernature.com/original/springer-static/esm/art%3A10.1038%2Fng.573/MediaObjects/41588_2010_BFng573_MOESM34_ESM.pdf
COHO:0002231	owl:NamedIndividual		COHO:0000038	The first was derived from the Cholesterol Atherosclerosis Pharmacogenetics (CAP) Study.	https://media.springernature.com/original/springer-static/esm/art%3A10.1038%2Fnature09270/MediaObjects/41586_2010_BFnature09270_MOESM283_ESM.pdf
COHO:0002231	owl:NamedIndividual		COHO:0002279	derived from the Pravastatin Inflammation CRP Evaluation (PRINCE).	https://media.springernature.com/original/springer-static/esm/art%3A10.1038%2Fnature09270/MediaObjects/41586_2010_BFnature09270_MOESM283_ESM.pdf
COHO:0002499	owl:NamedIndividual		COHO:0000207	For the UK controls, we used publicly accessible data generated by the Wellcome Trust Case Control Consortium (WTCCC), the 1958 Birth Cohort (also known as the National Child Development Study) and UK Blood Service76.	https://www.ebi.ac.uk/europepmc/webservices/rest/PMC5253627/fullTextXML
COHO:0002499	owl:NamedIndividual		COHO:0000347	For the UK controls, we used publicly accessible data generated by the Wellcome Trust Case Control Consortium (WTCCC), the 1958 Birth Cohort (also known as the National Child Development Study) and UK Blood Service76.	https://www.ebi.ac.uk/europepmc/webservices/rest/PMC5253627/fullTextXML
COHO:0002499	owl:NamedIndividual		COHO:0002017	The CLL-UK1 GWAS comprised 517 cases: (i) 155 cases (95 male; mean age at diagnosis: 59 years) from ICLLLC; and (ii) 362 cases (269 male; mean age at diagnosis: 63 years) from the Leukaemia Research CLL-4 trial.	https://www.ebi.ac.uk/europepmc/webservices/rest/PMC5253627/fullTextXML
COHO:0002507	owl:NamedIndividual		COHO:0001825	UKGRFOCR UK and Gilda Radner Familial Ovarian Cancer Registries UK/USA	https://media.springernature.com/original/springer-static/esm/art%3A10.1038%2Fs41467-020-20496-3/MediaObjects/41467_2020_20496_MOESM1_ESM.pdf
COHO:0002507	owl:NamedIndividual		COHO:0002504	UKGRFOCR UK and Gilda Radner Familial Ovarian Cancer Registries UK/USA	https://media.springernature.com/original/springer-static/esm/art%3A10.1038%2Fs41467-020-20496-3/MediaObjects/41467_2020_20496_MOESM1_ESM.pdf
COHO:0002594	owl:NamedIndividual		COHO:0000456	The Nurses' Health Study (NHS) and the Nurses' Health Study II (NHS II) are among the largest prospective investigations into the risk factors for major chronic diseases in women.	https://nurseshealthstudy.org/about-nhs/history
COHO:0002594	owl:NamedIndividual		COHO:0000619	The Nurses' Health Study (NHS) and the Nurses' Health Study II (NHS II) are among the largest prospective investigations into the risk factors for major chronic diseases in women.	https://nurseshealthstudy.org/about-nhs/history
COHO:0002595	owl:NamedIndividual		COHO:0000841	This collaboration of Australian and American investigators aims to identify genes associated with liability for heroin dependence. The project uses a case-control design in which cases met lifetime DSM-IV criteria for heroin dependence. Controls included assessed individuals who did not meet DSM-IV heroin dependence criteria and unassessed general population controls. Cases and controls were obtained from the several large investigations including: The Comorbidity and Trauma Study, Heroin Dependence in Western Australia, the OZ-ALC Study, a Twin Study of Mole Development in Adolescence, and ongoing genetic studies of substance dependence conducted by investigators at Yale and collaborating institutions.	https://www.ncbi.nlm.nih.gov/projects/gap/cgi-bin/study.cgi?study_id=phs000277.v2.p1
COHO:0002595	owl:NamedIndividual		COHO:0001573	This collaboration of Australian and American investigators aims to identify genes associated with liability for heroin dependence. The project uses a case-control design in which cases met lifetime DSM-IV criteria for heroin dependence. Controls included assessed individuals who did not meet DSM-IV heroin dependence criteria and unassessed general population controls. Cases and controls were obtained from the several large investigations including: The Comorbidity and Trauma Study, Heroin Dependence in Western Australia, the OZ-ALC Study, a Twin Study of Mole Development in Adolescence, and ongoing genetic studies of substance dependence conducted by investigators at Yale and collaborating institutions.	https://www.ncbi.nlm.nih.gov/projects/gap/cgi-bin/study.cgi?study_id=phs000277.v2.p1
COHO:0002658	owl:NamedIndividual		COHO:0000623	The aforementioned 7 cohorts that have not been pooled because cardiovascular outcomes are not yet available include: CRONICAS Cohort Study (Peru), 27 Mexican Health & Aging Study (Mexico), 28 Puerto Rican Elderly Health Conditions (Puerto Rico), 29 Costa Rican Longevity and Healthy Aging Study (CRELES) 1945–1955 Retirement Cohort (Costa Rica), 30 Influence of Biopsychosocial Factors on the Survival of the Elderly in Northeast Brazil—A Prospective Study (Brazil), 31 Baependi Heart Study (Brazil) 32 and MONICA-VITÓRIA study (Brazil).	https://europepmc.org/article/PMC/PMC7746413
COHO:0002679	owl:NamedIndividual		COHO:0000016	ALSPAC Children [38]	https://www.ebi.ac.uk/europepmc/webservices/rest/PMC7320955/fullTextXML
COHO:0002679	owl:NamedIndividual		COHO:0000066	EPIC Norfolk [44]	https://www.ebi.ac.uk/europepmc/webservices/rest/PMC7320955/fullTextXML
COHO:0002679	owl:NamedIndividual		COHO:0000129	NICOLA [48]	https://www.ebi.ac.uk/europepmc/webservices/rest/PMC7320955/fullTextXML
COHO:0002679	owl:NamedIndividual		COHO:0000163	ELSA [24]	https://www.ebi.ac.uk/europepmc/webservices/rest/PMC7320955/fullTextXML
COHO:0002679	owl:NamedIndividual		COHO:0000176	UK Biobank [54]	https://www.ebi.ac.uk/europepmc/webservices/rest/PMC7320955/fullTextXML
COHO:0002679	owl:NamedIndividual		COHO:0000368	DIAN [43]	https://www.ebi.ac.uk/europepmc/webservices/rest/PMC7320955/fullTextXML
COHO:0002679	owl:NamedIndividual		COHO:0000418	SABRE [53]	https://www.ebi.ac.uk/europepmc/webservices/rest/PMC7320955/fullTextXML
COHO:0002679	owl:NamedIndividual		COHO:0000433	Generation Scotland [27]	https://www.ebi.ac.uk/europepmc/webservices/rest/PMC7320955/fullTextXML
COHO:0002679	owl:NamedIndividual		COHO:0000521	Airwave [15]	https://www.ebi.ac.uk/europepmc/webservices/rest/PMC7320955/fullTextXML
COHO:0002679	owl:NamedIndividual		COHO:0000699	LBC1936 [46]	https://www.ebi.ac.uk/europepmc/webservices/rest/PMC7320955/fullTextXML
COHO:0002679	owl:NamedIndividual		COHO:0000785	Memento [30]	https://www.ebi.ac.uk/europepmc/webservices/rest/PMC7320955/fullTextXML
COHO:0002679	owl:NamedIndividual		COHO:0000840	OPDC Discovery [32]	https://www.ebi.ac.uk/europepmc/webservices/rest/PMC7320955/fullTextXML
COHO:0002679	owl:NamedIndividual		COHO:0001026	NSHD [49]	https://www.ebi.ac.uk/europepmc/webservices/rest/PMC7320955/fullTextXML
COHO:0002679	owl:NamedIndividual		COHO:0001294	CamPaIGN [18]	https://www.ebi.ac.uk/europepmc/webservices/rest/PMC7320955/fullTextXML
COHO:0002679	owl:NamedIndividual		COHO:0001527	BDR [40]	https://www.ebi.ac.uk/europepmc/webservices/rest/PMC7320955/fullTextXML
COHO:0002679	owl:NamedIndividual		COHO:0001555	CaPS [19]	https://www.ebi.ac.uk/europepmc/webservices/rest/PMC7320955/fullTextXML
COHO:0002679	owl:NamedIndividual		COHO:0001715	EXTEND [26]	https://www.ebi.ac.uk/europepmc/webservices/rest/PMC7320955/fullTextXML
COHO:0002679	owl:NamedIndividual		COHO:0002258	PICNICS [33]	https://www.ebi.ac.uk/europepmc/webservices/rest/PMC7320955/fullTextXML
COHO:0002679	owl:NamedIndividual		COHO:0002674	Million Women [47]	https://www.ebi.ac.uk/europepmc/webservices/rest/PMC7320955/fullTextXML
COHO:0002691	owl:NamedIndividual		COHO:0000068	Extremely Low Gestational Age Newborn (ELGAN)50 Perinatal Clinic/hospital- based Preterm Extremely preterm children without anencephaly	https://www.ebi.ac.uk/europepmc/webservices/rest/PMC10403303/supplementaryFiles
COHO:0002691	owl:NamedIndividual		COHO:0001254	Project Viva49 Prenatal Clinic/hospital- based General population Pregnant women with singletons	https://www.ebi.ac.uk/europepmc/webservices/rest/PMC10403303/supplementaryFiles
COHO:0002691	owl:NamedIndividual		COHO:0001592	Children’s Health Study (CHS)26 Early childhood; Middle childhood School-based General population Children	https://www.ebi.ac.uk/europepmc/webservices/rest/PMC10403303/supplementaryFiles
COHO:0002691	owl:NamedIndividual		COHO:0002642	New Hampshire Birth Cohort Study (NHBCS)30-33 Prenatal Prenatal clinic- based General population Rural pregnant women with singletons	https://www.ebi.ac.uk/europepmc/webservices/rest/PMC10403303/supplementaryFiles
COHO:0002696	owl:NamedIndividual		COHO:0000426	Health for Life in Singapore (HELIOS), NTU	https://www.npm.sg/our-data-users/data-access/data-access-to-precise-sg100k/
COHO:0002696	owl:NamedIndividual		COHO:0000763	Singapore Epidemiology of Eye Diseases (SEED), SERI	https://www.npm.sg/our-data-users/data-access/data-access-to-precise-sg100k/
COHO:0002697	owl:NamedIndividual		COHO:0000912	The MRC/Wits Rural Public Health and Health Transitions Research Unit and Agincourt Health and Socio-Demographic Surveillance System, a node of the South African Population Research Infrastructure Network (SAPRIN), is supported by the Department of Science and Innovation	https://www.ebi.ac.uk/europepmc/webservices/rest/PMC10030929/fullTextXML
COHO:0002697	owl:NamedIndividual		COHO:0002694	What has been done?Since SAPRIN’s inception in 2016, three existing health and demographic surveillance system (HDSS) nodes in South Africa have been brought together to form a harmonized national network, namely: MRC/Wits University Agincourt HDSS in Bushbuckridge District, Mpumalanga, established in 1992 with a 2019 population of 115 000 individuals2; University of Limpopo DIMAMO HDSS in the Capricorn District of Limpopo, established in 1995, with population of 8000 individuals, then expanded to 42 000 individuals in 2010, and expanded again in 2019 to 100 0003; and the Africa Health Research Institute (AHRI) HDSS in uMkhanyakude District, KwaZulu-Natal, linked to the University of KwaZulu-Natal,4 established in 2000 with a 2019 population of 140 000 individuals.	https://www.ebi.ac.uk/europepmc/webservices/rest/PMC9365637/fullTextXML
COHO:0002698	owl:NamedIndividual		COHO:0000522	two Swiss cohorts (CoLaus/PsycoLaus [ 56 ], random sample of Lausanne inhabitants; Skipogh [ 57 ], Swiss volunteer families)	https://www.ebi.ac.uk/europepmc/webservices/rest/PMC5448763/fullTextXML
COHO:0002698	owl:NamedIndividual		COHO:0000523	one Australian cohort (MCCS [ 60 ], random sample of Melbourne dwellers)	https://www.ebi.ac.uk/europepmc/webservices/rest/PMC5448763/fullTextXML
COHO:0002698	owl:NamedIndividual		COHO:0001405	two Swiss cohorts (CoLaus/PsycoLaus [ 56 ], random sample of Lausanne inhabitants; Skipogh [ 57 ], Swiss volunteer families)	https://www.ebi.ac.uk/europepmc/webservices/rest/PMC5448763/fullTextXML
COHO:0002698	owl:NamedIndividual		COHO:0002624	three French cohorts (Constances [ 51 ], adult subjects randomly selected from French adults;	https://www.ebi.ac.uk/europepmc/webservices/rest/PMC5448763/fullTextXML
COHO:0002701	owl:NamedIndividual		COHO:0000006	AWI-Gen, University of the Witwatersrand, Johannesburg	https://atlas.ihccglobal.org/
COHO:0002701	owl:NamedIndividual		COHO:0000064	Estonian Biobank	https://atlas.ihccglobal.org/
COHO:0002701	owl:NamedIndividual		COHO:0000065	European Investigation of Cancer and Nutrition (EPIC)	https://atlas.ihccglobal.org/
COHO:0002701	owl:NamedIndividual		COHO:0000121	Multiethnic Cohort Study	https://atlas.ihccglobal.org/
COHO:0002701	owl:NamedIndividual		COHO:0000125	Netherlands Twin Registry	https://atlas.ihccglobal.org/
COHO:0002701	owl:NamedIndividual		COHO:0000131	Norwegian Mother and Child Cohort Study (MoBa)	https://atlas.ihccglobal.org/
COHO:0002701	owl:NamedIndividual		COHO:0000176	UK Biobank	https://atlas.ihccglobal.org/
COHO:0002701	owl:NamedIndividual		COHO:0000206	Genomics England / 100,000 Genomes Project	https://atlas.ihccglobal.org/
COHO:0002701	owl:NamedIndividual		COHO:0000244	Genes & Health	https://atlas.ihccglobal.org/
COHO:0002701	owl:NamedIndividual		COHO:0000345	Uganda General Population Cohort/Uganda Genome Resource/ MRC Uganda	https://atlas.ihccglobal.org/
COHO:0002701	owl:NamedIndividual		COHO:0000371	Million Veteran Program	https://atlas.ihccglobal.org/
COHO:0002701	owl:NamedIndividual		COHO:0000377	Biobank Japan	https://atlas.ihccglobal.org/
COHO:0002701	owl:NamedIndividual		COHO:0000390	SIMPLER	https://atlas.ihccglobal.org/
COHO:0002701	owl:NamedIndividual		COHO:0000394	Qatar Genome Project	https://atlas.ihccglobal.org/
COHO:0002701	owl:NamedIndividual		COHO:0000409	WHI (Women's Health Initiative)	https://atlas.ihccglobal.org/
COHO:0002701	owl:NamedIndividual		COHO:0000411	Korean Genome and Epidemiology Study (KoGES)	https://atlas.ihccglobal.org/
COHO:0002701	owl:NamedIndividual		COHO:0000417	BioVU Vanderbilt	https://atlas.ihccglobal.org/
COHO:0002701	owl:NamedIndividual		COHO:0000422	China Kadoorie Biobank	https://atlas.ihccglobal.org/
COHO:0002701	owl:NamedIndividual		COHO:0000423	All of Us / NIH	https://atlas.ihccglobal.org/
COHO:0002701	owl:NamedIndividual		COHO:0000436	Taiwan Biobank	https://atlas.ihccglobal.org/
COHO:0002701	owl:NamedIndividual		COHO:0000448	Geisinger Cohort - MyCode Community Health Initiative	https://atlas.ihccglobal.org/
COHO:0002701	owl:NamedIndividual		COHO:0000449	23andMe	https://atlas.ihccglobal.org/
COHO:0002701	owl:NamedIndividual		COHO:0000456	Nurses' Health Study	https://atlas.ihccglobal.org/
COHO:0002701	owl:NamedIndividual		COHO:0000469	Qatar Biobank Cohort	https://atlas.ihccglobal.org/
COHO:0002701	owl:NamedIndividual		COHO:0000485	Prostate, Lung, Colorectal and Ovarian Cancer Screening Trial	https://atlas.ihccglobal.org/
COHO:0002701	owl:NamedIndividual		COHO:0000486	Korean Cancer Prevention Study (KCPS-II Biobank)	https://atlas.ihccglobal.org/
COHO:0002701	owl:NamedIndividual		COHO:0000488	Bandim Health Project	https://atlas.ihccglobal.org/
COHO:0002701	owl:NamedIndividual		COHO:0000489	Center for Applied Genomics, Children's Hospital of Philadelphia	https://atlas.ihccglobal.org/
COHO:0002701	owl:NamedIndividual		COHO:0000520	National Autonomous University of Mexico	https://atlas.ihccglobal.org/
COHO:0002701	owl:NamedIndividual		COHO:0000533	Tohoku University, Tohoku Medical Megabank Organization	https://atlas.ihccglobal.org/
COHO:0002701	owl:NamedIndividual		COHO:0000541	Kaiser Permanente Research Bank (KPRB)	https://atlas.ihccglobal.org/
COHO:0002701	owl:NamedIndividual		COHO:0000619	NHSII (Nurses' Health Study II, NCI)	https://atlas.ihccglobal.org/
COHO:0002701	owl:NamedIndividual		COHO:0000748	Danish National Birth Cohort/Statens Serum Institut	https://atlas.ihccglobal.org/
COHO:0002701	owl:NamedIndividual		COHO:0000783	JPHC (Japan Public Health Center-based Prospective) Study and JPHC-NEXT Study	https://atlas.ihccglobal.org/
COHO:0002701	owl:NamedIndividual		COHO:0000843	Pakistan Genomic Resource (PGR)	https://atlas.ihccglobal.org/
COHO:0002701	owl:NamedIndividual		COHO:0000860	Canadian Partnership for Tomorrow's Health	https://atlas.ihccglobal.org/
COHO:0002701	owl:NamedIndividual		COHO:0000926	National Biobank of Korea	https://atlas.ihccglobal.org/
COHO:0002701	owl:NamedIndividual		COHO:0000927	Northern Sweden Health and Disease	https://atlas.ihccglobal.org/
COHO:0002701	owl:NamedIndividual		COHO:0000942	Generations Study	https://atlas.ihccglobal.org/
COHO:0002701	owl:NamedIndividual		COHO:0001320	ELSA-Brasil	https://atlas.ihccglobal.org/
COHO:0002701	owl:NamedIndividual		COHO:0001408	Shanghai Men and Women's Health Studies	https://atlas.ihccglobal.org/
COHO:0002701	owl:NamedIndividual		COHO:0001636	California Teachers Study (CTS)	https://atlas.ihccglobal.org/
COHO:0002701	owl:NamedIndividual		COHO:0001697	EpiHealth	https://atlas.ihccglobal.org/
COHO:0002701	owl:NamedIndividual		COHO:0001869	Healthy Nevada	https://atlas.ihccglobal.org/
COHO:0002701	owl:NamedIndividual		COHO:0002610	Finnish Maternity Cohort Serum Bank	https://atlas.ihccglobal.org/
COHO:0002701	owl:NamedIndividual		COHO:0002624	CONSTANCES	https://atlas.ihccglobal.org/
COHO:0002701	owl:NamedIndividual		COHO:0002655	MAUCO	https://atlas.ihccglobal.org/
COHO:0002701	owl:NamedIndividual		COHO:0002671	Golestan Cohort Study	https://atlas.ihccglobal.org/
COHO:0002701	owl:NamedIndividual		COHO:0002672	Norwegian Family Based Life Course Study	https://atlas.ihccglobal.org/
COHO:0002701	owl:NamedIndividual		COHO:0002673	C19-GenoNet	https://atlas.ihccglobal.org/
COHO:0002701	owl:NamedIndividual		COHO:0002674	Million Women Study	https://atlas.ihccglobal.org/
COHO:0002701	owl:NamedIndividual		COHO:0002675	Saudi National Biobank	https://atlas.ihccglobal.org/
COHO:0002701	owl:NamedIndividual		COHO:0002676	PERSIAN Cohort Study	https://atlas.ihccglobal.org/
COHO:0002701	owl:NamedIndividual		COHO:0002677	Generation Victoria (GenV)	https://atlas.ihccglobal.org/
COHO:0002701	owl:NamedIndividual		COHO:0002678	South Asia Biobank	https://atlas.ihccglobal.org/
COHO:0002701	owl:NamedIndividual		COHO:0002679	Dementias Platform UK	https://atlas.ihccglobal.org/
COHO:0002701	owl:NamedIndividual		COHO:0002680	Iganga Mayuge HDSS, Makerere University Centre for Health and Population Research (MUCHAP)	https://atlas.ihccglobal.org/
COHO:0002701	owl:NamedIndividual		COHO:0002681	HUNT 70+, The HUNT Study	https://atlas.ihccglobal.org/
COHO:0002701	owl:NamedIndividual		COHO:0002682	Coronagenes/University of Edinburgh	https://atlas.ihccglobal.org/
COHO:0002701	owl:NamedIndividual		COHO:0002683	German National Cohort (NAKO)	https://atlas.ihccglobal.org/
COHO:0002701	owl:NamedIndividual		COHO:0002684	The Malaysian Cohort	https://atlas.ihccglobal.org/
COHO:0002701	owl:NamedIndividual		COHO:0002685	American Cancer Society Cancer Prevention Study-3	https://atlas.ihccglobal.org/
COHO:0002701	owl:NamedIndividual		COHO:0002686	Personalized Genes and Environment Study/NIEHS	https://atlas.ihccglobal.org/
COHO:0002701	owl:NamedIndividual		COHO:0002687	Sequence Bio	https://atlas.ihccglobal.org/
COHO:0002701	owl:NamedIndividual		COHO:0002688	UKCTOCS Longitudinal Women's Cohort (UKLWC)	https://atlas.ihccglobal.org/
COHO:0002701	owl:NamedIndividual		COHO:0002689	KEMRI-Wellcome	https://atlas.ihccglobal.org/
COHO:0002701	owl:NamedIndividual		COHO:0002690	Cancer Prevention Study II Nutrition Cohort	https://atlas.ihccglobal.org/
COHO:0002701	owl:NamedIndividual		COHO:0002691	Environmental influences on Child Health Outcomes (ECHO) Cohort	https://atlas.ihccglobal.org/
COHO:0002701	owl:NamedIndividual		COHO:0002692	JPHC (Japan Public Health Center-based Prospective) Study and JPHC-NEXT Study	https://atlas.ihccglobal.org/
COHO:0002701	owl:NamedIndividual		COHO:0002693	China PEACE (Patient-centered Evaluative Assessment of Cardiac Events) Million Persons Project	https://atlas.ihccglobal.org/
COHO:0002701	owl:NamedIndividual		COHO:0002694	Africa Health Research Institute (AHRI) Population Cohort	https://atlas.ihccglobal.org/
COHO:0002701	owl:NamedIndividual		COHO:0002695	LifeGene	https://atlas.ihccglobal.org/
COHO:0002701	owl:NamedIndividual		COHO:0002696	SG100K	https://atlas.ihccglobal.org/
COHO:0002701	owl:NamedIndividual		COHO:0002697	SAPRIN (South African Population Research Infrastructure Network)	https://atlas.ihccglobal.org/
COHO:0002701	owl:NamedIndividual		COHO:0002698	LIFEPATH (Lifecourse biological pathways underlying social differences in healthy aging)	https://atlas.ihccglobal.org/
COHO:0002701	owl:NamedIndividual		COHO:0002699	VHM&PP	https://atlas.ihccglobal.org/
COHO:0002701	owl:NamedIndividual		COHO:0002700	45 and Up Study	https://atlas.ihccglobal.org/
COHO:0002711	owl:NamedIndividual		COHO:0000178	UK, United Kingdom Childhood Cancer Study (UKCCS) [88-90]c Department of Health Science, Epidemiology and genetics Unit, University of York (Roman E.; Lightfoot T.) 1991–1998 Case–control study; Individual matching; Case-parental trios GP registries (nationwide) Age 0–14 yrs; Incident CL diagnosed from 1991–98; GP consent; Born and resident in England, Wales, Scotland; Not under local authority care; No previous cancer GP registry (nationwide) Age 0–14 yrs; GP consent; Born and resident in England, Wales, Scotland; Not under local authority care; No previous cancer Questionnaire; Registry; Medical report; Environmental Measurement E, GxE	https://pmc.ncbi.nlm.nih.gov/articles/PMC3652629/
COHO:0002711	owl:NamedIndividual		COHO:0001707	As the French and Aus–ALL data sets are both part of the Childhood Leukemia International Consortium47, we merged them to create the combined ‘Aus–French' data set, from which 11 cases and 59 controls were removed following QC before imputation (described below).	https://www.ebi.ac.uk/europepmc/webservices/rest/PMC4754340/fullTextXML
COHO:0002711	owl:NamedIndividual		COHO:0002712	As the French and Aus–ALL data sets are both part of the Childhood Leukemia International Consortium47, we merged them to create the combined ‘Aus–French' data set, from which 11 cases and 59 controls were removed following QC before imputation (described below).	https://www.ebi.ac.uk/europepmc/webservices/rest/PMC4754340/fullTextXML
COHO:0002713	owl:NamedIndividual		COHO:0000967	UCSF2|| San Francisco, California (US) 2001–2006 Population-based 70 68 487 457	https://pmc.ncbi.nlm.nih.gov/articles/PMC4155460/
COHO:0002713	owl:NamedIndividual		COHO:0001230	SCALE (61)‡ Denmark; Sweden 1999–2002 Population-based 81 71 3055 3187	https://pmc.ncbi.nlm.nih.gov/articles/PMC4155460/
COHO:0002713	owl:NamedIndividual		COHO:0001512	British Columbia (43) Vancouver, Victoria, British Columbia (Canada) 2000–2004 Population-based 79 46 833 845	https://pmc.ncbi.nlm.nih.gov/articles/PMC4155460/
COHO:0002713	owl:NamedIndividual		COHO:0001685	United Kingdom (62)‡,§ Lancashire/South Lakeland, South England, Yorkshire (United Kingdom) 1998–2001 Population-based 75 71 828 1139	https://pmc.ncbi.nlm.nih.gov/articles/PMC4155460/
COHO:0002713	owl:NamedIndividual		COHO:0001689	Engela (55)‡,§ Bordeaux, Brest, Caen, Lille, Nantes, Toulouse (France) 2000–2004 Hospital-based 97 93 567 722	https://pmc.ncbi.nlm.nih.gov/articles/PMC4155460/
COHO:0002713	owl:NamedIndividual		COHO:0001698	EpiLymph (56)‡,§ Spain; France; Germany; Italy; Ireland; Czech Republic 1998–2004 Population-based (Italy, Germany), otherwise hospital-based 82–93 44–96 1735 2460	https://pmc.ncbi.nlm.nih.gov/articles/PMC4155460/
COHO:0002713	owl:NamedIndividual		COHO:0002124	NCI-SEER (49) Detroit, Michigan; Iowa; Los Angeles, California; Seattle, Washington (US) 1998–2000 Population-based 76 52 1316 1055	https://pmc.ncbi.nlm.nih.gov/articles/PMC4155460/
COHO:0002713	owl:NamedIndividual		COHO:0002187	New South Wales (63) New South Wales, Australian Capital Territory (Australia) 2000–2001 Population-based 85 61 694 694	https://pmc.ncbi.nlm.nih.gov/articles/PMC4155460/
COHO:0002717	owl:NamedIndividual		COHO:0000797	SBCS Spanish Bladder Cancer Study 1149 1170 87 Spain: hospital-based (10)	https://pmc.ncbi.nlm.nih.gov/articles/PMC2782435/
COHO:0002717	owl:NamedIndividual		COHO:0000815	BBCS Brescia Bladder Cancer Study 214 200 100 Italy: hospital-based (32, 33)	https://pmc.ncbi.nlm.nih.gov/articles/PMC2782435/
COHO:0002717	owl:NamedIndividual		COHO:0000824	FBCS French Bladder Cancer Study 316 190 84 France: hospital-based NA	https://pmc.ncbi.nlm.nih.gov/articles/PMC2782435/
COHO:0002717	owl:NamedIndividual		COHO:0000830	LABCS Los Angeles Bladder Cancer Study 676 581 78 USA: population-based (37)	https://pmc.ncbi.nlm.nih.gov/articles/PMC2782435/
COHO:0002717	owl:NamedIndividual		COHO:0000853	HBCS Houston Bladder Cancer Study 849 901 79 USA: hospital-based (35, 36)	https://pmc.ncbi.nlm.nih.gov/articles/PMC2782435/
COHO:0002717	owl:NamedIndividual		COHO:0001211	NCBCS North Carolina Bladder Cancer Study 215 245 77 USA: hospital-based (41–44)	https://pmc.ncbi.nlm.nih.gov/articles/PMC2782435/
COHO:0002717	owl:NamedIndividual		COHO:0001681	EEBCS Eastern European Bladder Cancer Study3 540 214 83 Hungary, Romania, Slovakia: hospital-based (34)	https://pmc.ncbi.nlm.nih.gov/articles/PMC2782435/
COHO:0002717	owl:NamedIndividual		COHO:0001990	LBCS Leeds Bladder Cancer Study 800 771 71 UK: hospital-based (20, 38–40)	https://pmc.ncbi.nlm.nih.gov/articles/PMC2782435/
COHO:0002717	owl:NamedIndividual		COHO:0002440	TBCS Torino Bladder Cancer Study 401 379 100 Italy: hospital-based (48)	https://pmc.ncbi.nlm.nih.gov/articles/PMC2782435/
COHO:0002719	owl:NamedIndividual		COHO:0000015	ATR, Australian twin registry Illumina 318K Australia	https://pmc.ncbi.nlm.nih.gov/articles/PMC2687074/
COHO:0002719	owl:NamedIndividual		COHO:0000063	ERF, Erasmus Ruchpen Family study Illumina 318K The Netherlands	https://pmc.ncbi.nlm.nih.gov/articles/PMC2687074/
COHO:0002719	owl:NamedIndividual		COHO:0000064	rs215605 7 32303490 ENGAGE EGPUT 531 0.341 0.03±0.41 0.95 1	https://media.springernature.com/original/springer-static/esm/art%3A10.1038%2Fng.573/MediaObjects/41588_2010_BFng573_MOESM34_ESM.pdf
COHO:0002719	owl:NamedIndividual		COHO:0000070	FTC, Finnish twin cohort Illumina 318K Finland	https://pmc.ncbi.nlm.nih.gov/articles/PMC2687074/
COHO:0002719	owl:NamedIndividual		COHO:0000125	NTR, The Netherlands twin register Illumina 318K The Netherlands	https://pmc.ncbi.nlm.nih.gov/articles/PMC2687074/
COHO:0002719	owl:NamedIndividual		COHO:0000130	NSPHS, The Northern Swedish Population Health Study Illumina 318K Sweden	https://pmc.ncbi.nlm.nih.gov/articles/PMC2687074/
COHO:0002719	owl:NamedIndividual		COHO:0000132	ORCADES, The Orkney Complex Disease Study Illumina 318K Scotland	https://pmc.ncbi.nlm.nih.gov/articles/PMC2687074/
COHO:0002719	owl:NamedIndividual		COHO:0000148	Rotterdam Study Illumina 550K The Netherlands	https://pmc.ncbi.nlm.nih.gov/articles/PMC2687074/
COHO:0002719	owl:NamedIndividual		COHO:0000160	STR, Swedish twin registry Illumina 318K Sweden	https://pmc.ncbi.nlm.nih.gov/articles/PMC2687074/
COHO:0002719	owl:NamedIndividual		COHO:0000175	rs215605 7 32303490 ENGAGE TwinUK 673 0.367 0.01±0.25 0.97 1	https://media.springernature.com/original/springer-static/esm/art%3A10.1038%2Fng.573/MediaObjects/41588_2010_BFng573_MOESM34_ESM.pdf
COHO:0002719	owl:NamedIndividual		COHO:0000358	rs215605 7 32303490 ENGAGE WTCCC-CAD 1,235 0.392 -0.49±0.39 0.21 0.98	https://media.springernature.com/original/springer-static/esm/art%3A10.1038%2Fng.573/MediaObjects/41588_2010_BFng573_MOESM34_ESM.pdf
COHO:0002719	owl:NamedIndividual		COHO:0000428	rs215605 7 32303490 ENGAGE deCODE 15,310 0.357 0.42±0.10 2.8·10-5 1	https://media.springernature.com/original/springer-static/esm/art%3A10.1038%2Fng.573/MediaObjects/41588_2010_BFng573_MOESM34_ESM.pdf
COHO:0002719	owl:NamedIndividual		COHO:0000440	NTRNESDA, The Netherlands Twin Register and The Netherlands Study of Depression and Anxiety Affymetrix 600K The Netherlands	https://pmc.ncbi.nlm.nih.gov/articles/PMC2687074/
COHO:0002719	owl:NamedIndividual		COHO:0000453	One of the ENGAGE studies (GenMetS) had information on immune-reactive serum cotinine levels for a set of samples (N=485)20, that reflects the catalytic activity of the CYP2A and CYP2B gene products18.	https://pmc.ncbi.nlm.nih.gov/articles/PMC3080600/
COHO:0002719	owl:NamedIndividual		COHO:0000479	Vis study Illumina 318K Croatia	https://pmc.ncbi.nlm.nih.gov/articles/PMC2687074/
COHO:0002719	owl:NamedIndividual		COHO:0000490	DK-TWIN, Danish twin registry Illumina 318K Denmark	https://pmc.ncbi.nlm.nih.gov/articles/PMC2687074/
COHO:0002719	owl:NamedIndividual		COHO:0000492	rs215605 7 32303490 ENGAGE Sorbs 321 0.406 0.08±0.51 0.88 0.99	https://media.springernature.com/original/springer-static/esm/art%3A10.1038%2Fng.573/MediaObjects/41588_2010_BFng573_MOESM34_ESM.pdf
COHO:0002719	owl:NamedIndividual		COHO:0000834	MICROS, The genetic study of three population microisolates in South Tyrol Illumina 318K Italy	https://pmc.ncbi.nlm.nih.gov/articles/PMC2687074/
COHO:0002719	owl:NamedIndividual		COHO:0001213	NFBC1966, Northern Finnish Birth Cohort of 1966 Illumina 370K Finland	https://pmc.ncbi.nlm.nih.gov/articles/PMC2687074/
COHO:0002719	owl:NamedIndividual		COHO:0002164	rs215605 7 32303490 ENGAGE NL-BLC 2,971 0.376 0.90±0.25 0.00041 1	https://media.springernature.com/original/springer-static/esm/art%3A10.1038%2Fng.573/MediaObjects/41588_2010_BFng573_MOESM34_ESM.pdf
COHO:0002720	owl:NamedIndividual		COHO:0001803	Here, we briefly describe the Glioma International Case-Control (GICC) Study (recruitment, 2010–2013), a study being conducted by the Genetic Epidemiology of Glioma International Consortium that integrates data from multiple data collection sites, uses a common protocol and questionnaire, and includes biospecimen collection.	https://pmc.ncbi.nlm.nih.gov/articles/PMC4706682/
COHO:0002720	owl:NamedIndividual		COHO:0001812	This study describes the demographic and clinical characteristics of the largest series of non-syndromic glioma families ascertained from 14 centres in the United States (US), Europe and Israel as part of the Gliogene Consortium.	https://pmc.ncbi.nlm.nih.gov/articles/PMC3615132/
COHO:0002722	owl:NamedIndividual		COHO:0000668	The BBCC included data from the International BRCA1/2 Carrier Cohort Study (IBCCS), Breast Cancer Family Registry (BCFR), and the Kathleen Cunningham Foundation Consortium for Research into Familial Breast Cancer (kConFab) (details in Supplementary material).	https://www.ebi.ac.uk/europepmc/webservices/rest/PMC7521995/fullTextXML
COHO:0002722	owl:NamedIndividual		COHO:0001094	The BBCC included data from the International BRCA1/2 Carrier Cohort Study (IBCCS), Breast Cancer Family Registry (BCFR), and the Kathleen Cunningham Foundation Consortium for Research into Familial Breast Cancer (kConFab) (details in Supplementary material).	https://www.ebi.ac.uk/europepmc/webservices/rest/PMC7521995/fullTextXML
COHO:0002722	owl:NamedIndividual		COHO:0001889	The BBCC included data from the International BRCA1/2 Carrier Cohort Study (IBCCS), Breast Cancer Family Registry (BCFR), and the Kathleen Cunningham Foundation Consortium for Research into Familial Breast Cancer (kConFab) (details in Supplementary material).	https://www.ebi.ac.uk/europepmc/webservices/rest/PMC7521995/fullTextXML
