ID	TYPE	label	example study	PMID	title	evidence	evidence source	source
ID	TYPE		A IAO:0000112	>A oboInOwl:hasDbXref	>A dcterms:title	>A rdfs:comment	>A oboInOwl:hasDbXref	
COHO:0000002	owl:NamedIndividual	1000 Genomes	EGAS00001000642	PMID:25236618	DNA copy number analysis of fresh and formalin-fixed specimens by shallow whole-genome sequencing with identification and exclusion of problematic regions in the genome assembly.	sequence data from the 1000 Genomes Project	https://ega-archive.org/studies/EGAS00001000642	curated
COHO:0000002	owl:NamedIndividual	1000 Genomes	GCST90624364	PMID:38548946	Exome sequencing and genome-wide association analyses unveils the genetic predisposition in hydroxychloroquine retinopathy.	The Chinese Han Southern database from 1000 genomes was used as control group to compare the affected percentage.	https://www.ebi.ac.uk/europepmc/webservices/rest/search?query=EXT_ID:38548946%20AND%20SRC:MED&resultType=core&format=json	curated
COHO:0000003	owl:NamedIndividual	AddNeuroMed Cohort	GCST000897	PMID:21116278	Genome-wide association with MRI atrophy measures as a quantitative trait locus for Alzheimer's disease.	the AddNeuroMed study	https://www.ncbi.nlm.nih.gov/research/bionlp/RESTful/pmcoa.cgi/BioC_xml/PMC5980656/unicode	curated
COHO:0000004	owl:NamedIndividual	Adenoma Prevention with Celecoxib trial	PMID:19336730	PMID:19336730	Five-year efficacy and safety analysis of the Adenoma Prevention with Celecoxib Trial.	The Adenoma Prevention with Celecoxib (APC) Trial examined the efficacy and safety	https://www.ncbi.nlm.nih.gov/research/bionlp/RESTful/pmcoa.cgi/BioC_xml/PMC2976587/unicode	curated
COHO:0000004	owl:NamedIndividual	Adenoma Prevention with Celecoxib trial	GCST002212	PMID:24084763	Germline variants and advanced colorectal adenomas: adenoma prevention with celecoxib trial genome-wide association study.	1,406 Caucasian patients (139 advanced adenoma cases and 1,267 controls) from the Adenoma Prevention with Celecoxib (APC) trial were included in a genome-wide association study (GWAS) to identify variants associated with postpolypectomy disease recurrence.	https://www.ebi.ac.uk/europepmc/webservices/rest/search?query=EXT_ID:24084763%20AND%20SRC:MED&resultType=core&format=json	curated
COHO:0000005	owl:NamedIndividual	Advanced Study of Aortic Pathology	GCST003877	PMID:27899403	Meta-Analysis of Genome-Wide Association Studies for Abdominal Aortic Aneurysm Identifies Four New Disease-Specific Risk Loci.	eQTL data were also obtained from the ASAP (Advanced Study of Aortic Pathology) data set	https://europepmc.org/articles/PMC5253231	curated
COHO:0000005	owl:NamedIndividual	Advanced Study of Aortic Pathology	EGAS00001002123	PMID:28053049	Genome-wide association study with additional genetic and post-transcriptional analyses reveals novel regulators of plasma factor XI levels.	tested for association with expression levels of nearby genes (defined as located within 500 Mbp in both directions) in a total of 211 human liver samples obtained from the Advanced Study of Aortic Pathology (ASAP) study	https://pmc.ncbi.nlm.nih.gov/articles/PMC5703348/	curated
COHO:0000006	owl:NamedIndividual	Africa Wits-INDEPTH partnership for Genomics studies	GCST90092502	PMID:35165267	Genetic associations with carotid intima-media thickness link to atherosclerosis with sex-specific effects in sub-Saharan Africans.	Africa Wits-INDEPTH Partnership for Genomic Studies cohort	https://www.ebi.ac.uk/europepmc/webservices/rest/PMC8844072/fullTextXML	curated
COHO:0000006	owl:NamedIndividual	Africa Wits-INDEPTH partnership for Genomics studies	EGAS00001002482		H3Africa - Genomic and Environmental Risk Factors for Cardiometabolic Disease in Africans	The phenotypic data for ~12500 samples of the AWI-Gen Phase 1 Population cross-sectional study of older adults (mostly between 40 and 60 years), men and women. Six study sites in four sub-Saharan African counties including Ghana, Burkina Faso, Kenya and South Africa.	https://ega-archive.org/studies/EGAS00001002482	curated
COHO:0000007	owl:NamedIndividual	Arthritis Research UK Osteoarthritis Genetics	GCST90034524	PMID:34450027	Deciphering osteoarthritis genetics across 826,690 individuals from 9 populations.	Arthritis Research UK Osteoarthritis Genetics	https://www.ebi.ac.uk/europepmc/webservices/rest/PMC8459317/fullTextXML	curated
COHO:0000007	owl:NamedIndividual	Arthritis Research UK Osteoarthritis Genetics	EGAS00001001017	PMID:22763110	Identification of new susceptibility loci for osteoarthritis (arcOGEN): a genome-wide association study.	The arcOGEN UK nationwide consortium has been funded by the arc to undertake a genome-wide association scan in osteoarthritis. GWA genotyping has been carried out at the Sanger on the illumina 610k array.	https://ega-archive.org/studies/EGAS00001001017	curated
COHO:0000008	owl:NamedIndividual	Asian Cancer Project	PMID:24943594	PMID:24943594	Common non-synonymous SNPs associated with breast cancer susceptibility: findings from the Breast Cancer Association Consortium.	Asian Cancer Project (ACP)	https://www.ncbi.nlm.nih.gov/research/bionlp/RESTful/pmcoa.cgi/BioC_xml/PMC4204770/unicode	curated
COHO:0000009	owl:NamedIndividual	Aspirin for Asymptomatic Atherosclerosis Study	PMID:18762476	PMID:18762476	Low dose aspirin and cognitive function in middle aged to elderly adults: randomised controlled trial.	aspirin for asymptomatic atherosclerosis (AAA) trial	https://europepmc.org/articles/PMC2527654	curated
COHO:0000009	owl:NamedIndividual	Aspirin for Asymptomatic Atherosclerosis Study	GCST002850	PMID:25869804	GWAS for executive function and processing speed suggests involvement of the CADM2 gene.	AAA: We thank the cohort participants and team members who contributed to this study. Phenotype collection and DNA extraction were supported by the Wellcome Trust, the British Heart Foundation and the Chief Scientist Office of the Scottish Executive. The AAA Trial was performed and the database is maintained by members of the University of Edinburgh Molecular Epidemiology Research Group in the Centre for Population Health Sciences.	https://pmc.ncbi.nlm.nih.gov/articles/PMC4722802/	curated
COHO:0000010	owl:NamedIndividual	AtheroExpress	PMID:33784435	PMID:33784435	Sclerostin Downregulation Globally by Naturally Occurring Genetic Variants, or Locally in Atherosclerotic Plaques, Does Not Associate With Cardiovascular Events in Humans.	AtheroExpress biobank for the current study	https://www.ncbi.nlm.nih.gov/research/bionlp/RESTful/pmcoa.cgi/BioC_xml/PMC8360163/unicode	curated
COHO:0000010	owl:NamedIndividual	AtheroExpress	EGAS00001003107		Genome-wide association study of carotid endarterectomy patients: AEGS1	The results of these GWAS need to be validated in independent cohorts and tested for association with subphenotypes. This was the motivation to undertake GWAS experiments in the Athero-Express.	https://ega-archive.org/studies/EGAS00001003107	curated
COHO:0000010	owl:NamedIndividual	AtheroExpress	GCST002647	PMID:25282103	Defining the role of common variation in the genomic and biological architecture of adult human height.	New GWAS studies (ASCOT) P.B.M.; (ATCG) P.I.W.d.B., D.W.H., P.J.M.; (Athero-Express Biobank Study) S.W.v.d.L.;	https://www.ebi.ac.uk/europepmc/webservices/rest/PMC4250049/fullTextXML	curated
COHO:0000011	owl:NamedIndividual	Atherosclerosis Risk in Communities Study	GCST90134328	PMID:35769078	A Genome-Wide Association Study of Prediabetes Status Change.	among prediabetes participants of the Atherosclerosis Risk in Communities Study	https://www.ebi.ac.uk/europepmc/webservices/rest/PMC9234217/fullTextXML	curated
COHO:0000011	owl:NamedIndividual	Atherosclerosis Risk in Communities Study	EGAS00001008068	PMID:40402478	Detection of Cancers Three Years prior to Diagnosis Using Plasma Cell-Free DNA.	We here describe such an evaluation, performed on prospectively collected plasma samples from the Atherosclerosis Risk in Communities (ARIC) study, including 26 participants diagnosed with cancer and 26 matched controls.	https://ega-archive.org/studies/EGAS00001008068	curated
COHO:0000012	owl:NamedIndividual	Atopic Dermatitis Research Network	GCST90091054	PMID:34536413	Multiethnic genome-wide and HLA association study of total serum IgE level.	Atopic Dermatitis Research Network (ADRN)	https://www.ncbi.nlm.nih.gov/research/bionlp/RESTful/pmcoa.cgi/BioC_xml/PMC8665111/unicode	curated
COHO:0000013	owl:NamedIndividual	Australia Cancer Study	GCST000802	PMID:20852632	A genome-wide association study identifies susceptibility loci for ovarian cancer at 2q31 and 8q24.	the Australian Cancer Study (ACS) Management Group	https://eutils.ncbi.nlm.nih.gov/entrez/eutils/efetch.fcgi?db=pmc&id=3020231	curated
COHO:0000014	owl:NamedIndividual	Australian Ovarian Cancer Study	EGAS00001004248		Whole-exome sequencing of ovarian clear cell carcinoma in clinical outliers	Whole-exome sequencing dataset for the Australian Ovarian Cancer Study	https://ega-archive.org/studies/EGAS00001004248	curated
COHO:0000014	owl:NamedIndividual	Australian Ovarian Cancer Study	GCST003328	PMID:26840454	Germline polymorphisms in an enhancer of PSIP1 are associated with progression-free survival in epithelial ovarian cancer.	In Phase 1, we conducted a genome-wide scan on germline DNA from 385 patients from the Australian Ovarian Cancer Study (AOCS, n = 183), the Mayo Clinic (MAYO, n = 68) and The Cancer Genome Atlas (TCGA, n = 134) and performed a meta-analysis summarizing results from these cohorts (refer to Methods for details of genotyping and imputation).	https://www.ebi.ac.uk/europepmc/webservices/rest/PMC4872719/fullTextXML	curated
COHO:0000015	owl:NamedIndividual	Australian Twin Registry	GCST000289	PMID:19060911	Loci influencing lipid levels and coronary heart disease risk in 16 European population cohorts.	Australian twin registry	https://www.ncbi.nlm.nih.gov/research/bionlp/RESTful/pmcoa.cgi/BioC_xml/PMC2687074/unicode	curated
COHO:0000016	owl:NamedIndividual	Avon Longitudinal Study of Parents and Children	EGAS00001005273		Exome_sequencing_of_UK_Birth_Cohorts___Avon_Longitudinal_Study_of_Parents_and_Children	Avon Longitudinal Study of Parents and Children	https://ega-archive.org/studies/EGAS00001005273	curated
COHO:0000016	owl:NamedIndividual	Avon Longitudinal Study of Parents and Children	GCST90095158	PMID:34804013	Genetic Analyses of Common Infections in the Avon Longitudinal Study of Parents and Children Cohort.	Children from the longitudinal birth cohort, the Avon Longitudinal Study of Parents and Children, had 14 antibodies measured in plasma at age 7: Alpha-casein protein, beta-casein protein, cytomegalovirus, Epstein-Barr virus, feline herpes virus, Helicobacter pylori, herpes simplex virus 1, influenza virus subtype H1N1, influenza virus subtype H3N2, measles virus, Saccharomyces cerevisiae, Theiler's virus, Toxoplasma gondii, and SAG1 protein domain, a surface antigen of Toxoplasma gondii measured for greater precision.	https://www.ebi.ac.uk/europepmc/webservices/rest/search?query=EXT_ID:34804013%20AND%20SRC:MED&resultType=core&format=json	curated
COHO:0000016	owl:NamedIndividual	Avon Longitudinal Study of Parents and Children	PXD037682	PMID:36462503	Functional proteomic profiling links deficient DNA clearance with increased mortality in individuals with severe COVID-19 pneumonia.	Plasmas of healthy donors with and without inflammation signatures were selected from participants in the Avon Longitudinal Study of Parents and Children (ALSPAC)	https://www.ebi.ac.uk/europepmc/webservices/rest/PMC9671605/fullTextXML	curated
COHO:0000017	owl:NamedIndividual	Berlin-Frankfurt-Münster trials	GCST003798	PMID:27694927	A genome-wide association study identifies risk loci for childhood acute lymphoblastic leukemia at 10q26.13 and 12q23.1.	ascertained through the Berlin–Frankfurt–Münster (BFM) trials (1993–2004)	https://eutils.ncbi.nlm.nih.gov/entrez/eutils/efetch.fcgi?db=pmc&id=5336191	curated
COHO:0000017	owl:NamedIndividual	Berlin-Frankfurt-Münster trials	EGAS00001007383	PMID:37845283	Recurrent DNMT3B rearrangements are associated with unfavorable outcome in dicentric (9;20)-positive pediatric BCP-ALL.	Survival analyses were restricted to patients enrolled in the AIEOP-BFM ALL 2000 and 2009 studies, because these patients had sufficient follow-up time	https://www.ebi.ac.uk/europepmc/webservices/rest/PMC10681884/fullTextXML	curated
COHO:0000018	owl:NamedIndividual	Bladder Cancer Prognosis Programme	EGAS00001004358	PMID:35655252	Combined exome and transcriptome sequencing of non-muscle-invasive bladder cancer: associations between genomic changes, expression subtypes, and clinical outcomes.	as part of the Bladder Cancer Prognosis Programme (BCPP)	https://europepmc.org/articles/PMC9164468	curated
COHO:0000018	owl:NamedIndividual	Bladder Cancer Prognosis Programme	GCST008217	PMID:31277774	Genome-wide Association Study for Tumour Stage, Grade, Size, and Age at Diagnosis of Non-muscle-invasive Bladder Cancer.	A sample of 653 NMIBC cases comes from the Bladder Cancer Prognosis Programme.	https://www.ebi.ac.uk/europepmc/webservices/rest/search?query=EXT_ID:31277774%20AND%20SRC:MED&resultType=core&format=json	curated
COHO:0000019	owl:NamedIndividual	Brazilian Cohort	EGAS00001004112		Reference Exome Data for a Northern Brazilian population	identified in at least one individual in this Brazilian Cohort	https://ega-archive.org/studies/EGAS00001004112	curated
COHO:0000020	owl:NamedIndividual	Breast Cancer Association Consortium	EGAS50000001477		BCAC TIIC Data	17,265 breast cancer patients of European descent, from studies participating in the Breast Cancer Association Consortium	https://ega-archive.org/studies/EGAS50000001477	curated
COHO:0000020	owl:NamedIndividual	Breast Cancer Association Consortium	GCST90029042	PMID:34407845	Association of germline genetic variants with breast cancer-specific survival in patient subgroups defined by clinic-pathological variables related to tumor biology and type of systemic treatment.	Analyses were based on 91,686 female patients of European ancestry from the Breast Cancer Association Consortium, including 7531 breast cancer-specific deaths over a median follow-up of 8.1 years.	https://www.ebi.ac.uk/europepmc/webservices/rest/search?query=EXT_ID:34407845%20AND%20SRC:MED&resultType=core&format=json	curated
COHO:0000021	owl:NamedIndividual	Bruneck study	EGAS00001004453		Elderly microbiome from the Bruneck study	Elderly microbiome from the Bruneck study	https://ega-archive.org/studies/EGAS00001004453	curated
COHO:0000021	owl:NamedIndividual	Bruneck study	GCST001361	PMID:22199011	Association between chromosome 9p21 variants and the ankle-brachial index identified by a meta-analysis of 21 genome-wide association studies.	The replication studies included 5 population-based studies and 3 clinically-based studies including a total of over 16,000 participants: the Bruneck Study (n=786)	https://pmc.ncbi.nlm.nih.gov/articles/PMC3303225/	curated
COHO:0000022	owl:NamedIndividual	Cancer and Leukemia Group B	GCST90020034	PMID:34528705	Genome-wide association studies of survival in 1520 cancer patients treated with bevacizumab-containing regimens.	The phase III clinical trials included in this study are from the Cancer and Leukemia Group B	https://www.ncbi.nlm.nih.gov/research/bionlp/RESTful/pmcoa.cgi/BioC_xml/PMC8627468/unicode	curated
COHO:0000022	owl:NamedIndividual	Cancer and Leukemia Group B	EGAS00001007563	PMID:37923752	Immunological and clinicopathological features predict HER2-positive breast cancer prognosis in the neoadjuvant NeoALTTO and CALGB 40601 randomized trials.	we investigated the complexity of B and T cell receptor (BCR and TCR) repertoires, reflecting antigen-specific immune response, in the context of two phase III trials, namely NeoALTTO and CALGB 40601	https://ega-archive.org/studies/EGAS00001007563	curated
COHO:0000023	owl:NamedIndividual	Cancer Genome Atlas	EGAS00001004001	PMID:32585557	Expression of let-7i and miR-192 is associated with resistance to cisplatin-based chemoradiotherapy in patients with larynx and hypopharynx cancer.	normal mucosa miRNA expression data from The Cancer Genome Atlas database	https://ega-archive.org/studies/EGAS00001004001	curated
COHO:0000023	owl:NamedIndividual	Cancer Genome Atlas	GCST90435239	PMID:38836758	Association of ESR1 Germline Variants with TP53 Somatic Variants in Breast Tumors in a Genome-wide Study.	Existing datasets of women with breast cancer from The Cancer Genome Atlas (TCGA; ref. 1), Molecular Taxonomy of Breast Cancer International Consortium (METABRIC; ref. 23), and the Welcome Trust Sanger Institute (24) were used for the discovery GxM GWAS.	https://www.ebi.ac.uk/europepmc/webservices/rest/PMC11210444/fullTextXML	curated
COHO:0000023	owl:NamedIndividual	Cancer Genome Atlas	MTBLS2806	PMID:34490096	SNAP25 Inhibits Glioma Progression by Regulating Synapse Plasticity via GLS-Mediated Glutaminolysis.	Using RNA sequencing data from The Cancer Genome Atlas (TCGA) database, the differential synaptosis-related genes between LGG and GBM were identified as highly correlated.	https://www.ebi.ac.uk/metabolights/ws/studies/public/study/MTBLS2806	curated
COHO:0000023	owl:NamedIndividual	Cancer Genome Atlas	PXD010437	PMID:32534439	Orthogonal Proteomic Platforms and Their Implications for the Stable Classification of High-Grade Serous Ovarian Cancer Subtypes.	The tumor specimens were obtained through The Cancer Genome Atlas (TCGA) Biospecimen Core Resource, and they were previously genomically characterized (Cancer Genome Atlas Research Network, Nature 2011).	https://www.ebi.ac.uk/pride/ws/archive/v2/projects/PXD010437	curated
COHO:0000024	owl:NamedIndividual	Cancer Prevention Study	PMID:37783704	PMID:37783704	Combining Asian and European genome-wide association studies of colorectal cancer improves risk prediction across racial and ethnic populations.	Cancer Prevention Study II (CPSII)	https://europepmc.org/articles/PMC10545678	curated
COHO:0000024	owl:NamedIndividual	Cancer Prevention Study	GCST90102456	PMID:34996992	Genome-wide association study identifies tumor anatomical site-specific risk variants for colorectal cancer survival.	The following 15 ISACC studies were included: the Cancer Prevention Study-II (CPS-II)	https://www.ebi.ac.uk/europepmc/webservices/rest/PMC8741984/fullTextXML	curated
COHO:0000025	owl:NamedIndividual	Cancer Prostate in Sweden	GCST001942	PMID:23535732	Identification of 23 new prostate cancer susceptibility loci using the iCOGS custom genotyping array.	Cancer of the Prostate in Sweden (CAPS)	https://eutils.ncbi.nlm.nih.gov/entrez/eutils/efetch.fcgi?db=pmc&id=3832790	curated
COHO:0000026	owl:NamedIndividual	Candesartan in Heart failure Assessment of Reduction in Mortality and morbidity	GCST90134326	PMID:35736394	Pharmacogenomic study of heart failure and candesartan response from the CHARM programme.	Candesartan in Heart failure Assessment of Reduction in Mortality and morbidity (CHARM)	https://europepmc.org/articles/PMC9715825	curated
COHO:0000027	owl:NamedIndividual	Cardio-metabolic Genome Epidemiology Study	GCST90002243	PMID:34059833	The trans-ancestral genomic architecture of glycemic traits.	Cardiometabolic Genome Epidemiology 1	https://www.ebi.ac.uk/europepmc/webservices/rest/PMC7610958/supplementaryFiles#EMS120610-supplement-Supplementary_Tables.xlsx	GWAS Catalog
COHO:0000028	owl:NamedIndividual	Cardiogenics Study	EGAS00001000411	PMID:21965548	Four genetic loci influencing electrocardiographic indices of left ventricular hypertrophy.	As part of the Cardiogenics project, RNA from monocytes and macrophages of 363 patients with coronary artery disease	https://ega-archive.org/studies/EGAS00001000411	curated
COHO:0000028	owl:NamedIndividual	Cardiogenics Study	GCST006259	PMID:27618452	The genetics of blood pressure regulation and its target organs from association studies in 342,415 individuals.	CARDIOGENICS: Genotyping or analysis: S.Kanoni, A.H.G. Study PI: P.D., A.H.G., J.E., N.J.S., H.Schunkert	https://www.ebi.ac.uk/europepmc/webservices/rest/PMC5042863/fullTextXML	curated
COHO:0000029	owl:NamedIndividual	CARDIoGRAMplusC4D	PMID:23202125	PMID:23202125	Large-scale association analysis identifies new risk loci for coronary artery disease.			curated
COHO:0000029	owl:NamedIndividual	CARDIoGRAMplusC4D	GCST90225531	PMID:36187959	Identifying shared genetic loci between coronavirus disease 2019 and cardiovascular diseases based on cross-trait meta-analysis.	The summary statistic for CAD was from the Coronary ARtery DIsease Genome Wide Replication and Meta-analysis plus The Coronary Artery Disease Genetics (CARDIoGRAMplusC4D) Consortium (60,801 cases and 123,504 controls) (Nikpay et al., 2015).	https://www.ebi.ac.uk/europepmc/webservices/rest/PMC9520490/fullTextXML	curated
COHO:0000030	owl:NamedIndividual	Carolina Head and Neck Cancer Epidemiology	GCST90085699	PMID:34642315	Germline determinants of humoral immune response to HPV-16 protect against oropharyngeal cancer.	Carolina Head and Neck Cancer Epidemiology	https://www.ebi.ac.uk/europepmc/webservices/rest/PMC8511029/supplementaryFiles#41467_2021_26151_MOESM1_ESM.pdf	GWAS Catalog
COHO:0000031	owl:NamedIndividual	CARTaGENE cohort (CHU Sainte-Justine, Quebec, Canada)	GCST90711137	PMID:38970920	Polygenic inheritance and its interplay with smoking history in predicting lung cancer diagnosis: a French-Canadian case-control cohort.	20,010 ethnically matched controls from CARTaGENE	https://www.ebi.ac.uk/europepmc/webservices/rest/search?query=ext_id%3A38970920+AND+src%3Amed&format=json&resultType=core	curated
COHO:0000031	owl:NamedIndividual	CARTaGENE cohort (CHU Sainte-Justine, Quebec, Canada)	EGAS00001001957	PMID:29187508	Relaxed Selection During a Recent Human Expansion.	we screened the ascending genealogies of 3916 individuals from the CARTaGENE cohort (Awadalla et al. 2013) that were linked to the BALSAC genealogical database	https://ega-archive.org/studies/EGAS00001001957	curated
COHO:0000032	owl:NamedIndividual	Center for Autism Research and Treatment	PMID:22318914	PMID:22318914	An fMRI investigation of responses to peer rejection in adolescents with autism spectrum disorders.	Participants were recruited through UCLA’s Center for Autism Research and Treatment	https://www.ncbi.nlm.nih.gov/research/bionlp/RESTful/pmcoa.cgi/BioC_xml/PMC3272329/unicode	curated
COHO:0000033	owl:NamedIndividual	Center on Antisocial Drug Dependence	GCST90133114	PMID:35534559	Within-sibship genome-wide association analyses decrease bias in estimates of direct genetic effects.	The Center on Antisocial Drug Dependence	https://www.ebi.ac.uk/europepmc/webservices/rest/PMC9110300/supplementaryFiles#41588_2022_1062_MOESM1_ESM.pdf	GWAS Catalog
COHO:0000034	owl:NamedIndividual	Centre dEtude du Polymorphisme Humain	PMID:26432245	PMID:26432245	A global reference for human genetic variation.	Utah residents (CEPH) with northern and western European ancestry	https://europepmc.org/articles/PMC4750478	curated
COHO:0000034	owl:NamedIndividual	Centre dEtude du Polymorphisme Humain	GCST004735	PMID:28654678	Genetic factors affecting EBV copy number in lymphoblastoid cell lines derived from the 1000 Genome Project samples.	Utah Residents (CEPH) with Northern and Western European ancestry CEU EUR 96	https://www.ebi.ac.uk/europepmc/webservices/rest/PMC5487016/fullTextXML	curated
COHO:0000036	owl:NamedIndividual	Chicago Asthma Genetics	GCST001739	PMID:23146381	A meta-analysis of genome-wide association studies for serum total IgE in diverse study populations.	the Chicago Asthma Genetics Study (CAG)	https://www.ncbi.nlm.nih.gov/research/bionlp/RESTful/pmcoa.cgi/BioC_xml/PMC3596497/unicode	curated
COHO:0000037	owl:NamedIndividual	Children, Allergy, Milieu, Stockholm, Epidemiology	EGAS00001002746	PMID:29496485	DNA methylation in childhood asthma: an epigenome-wide meta-analysis.	Children, Allergy, Milieu, Stockholm, Epidemiology	https://ega-archive.org/studies/EGAS00001002746	curated
COHO:0000037	owl:NamedIndividual	Children, Allergy, Milieu, Stockholm, Epidemiology	GCST002646	PMID:25281659	A novel common variant in DCST2 is associated with length in early life and height in adulthood.	one sub-sample from the Avon Longitudinal Study of Parents and Children (ALSPAC, GWA, n = 4816); Children, Allergy, Milieu, Stockholm, Epidemiology [Swedish] (BAMSE, GWA, n = 423);	https://www.ebi.ac.uk/europepmc/webservices/rest/PMC4447786/fullTextXML	curated
COHO:0000038	owl:NamedIndividual	Cholesterol and Atherosclerosis Pharmacogenetics	GCST000635	PMID:20339536	Genome-wide association of lipid-lowering response to statins in combined study populations.	The Cholesterol and Pharmacogenetics (CAP) trial involved 944 healthy volunteers	https://europepmc.org/articles/PMC2842298	curated
COHO:0000039	owl:NamedIndividual	Cilento study	GCST90029072	PMID:34413389	Genetics of PlGF plasma levels highlights a role of its receptors and supports the link between angiogenesis and immunity.	A GWAS meta-analysis of PlGF circulating levels was performed in 2068 individuals from three isolated populations of Cilento, South Italy	https://www.ebi.ac.uk/europepmc/webservices/rest/PMC8376970/fullTextXML	curated
COHO:0000039	owl:NamedIndividual	Cilento study	EGAS00001000620	PMID:30858532	Whole-Exome Sequencing in the Isolated Populations of Cilento from South Italy.	The aim of this project is to identify rare genetic variants of large effect implicated in complex diseases by focusing on the study of cardiovascular diseases and related quantitative traits in a well characterized isolated population in Cilento area, Italy.	https://ega-archive.org/studies/EGAS00001000620	curated
COHO:0000040	owl:NamedIndividual	COIN	EGAS00001005421		COIN CRC GWAS data	Genotype data from the COIN and COIN-B trials	https://ega-archive.org/studies/EGAS00001005421	curated
COHO:0000040	owl:NamedIndividual	COIN	GCST90095054	PMID:35467766	Genetic variation in ST6GAL1 is a determinant of capecitabine and oxaliplatin induced hand-foot syndrome.	We analysed genome-wide association data for 10 toxicities in advanced colorectal cancer (CRC) patients from the COIN and COIN-B trials.	https://www.ebi.ac.uk/europepmc/webservices/rest/search?query=EXT_ID:35467766%20AND%20SRC:MED&resultType=core&format=json	curated
COHO:0000041	owl:NamedIndividual	COIN-B	EGAS00001005421		COIN CRC GWAS data	Genotype data from the COIN and COIN-B trials	https://ega-archive.org/studies/EGAS00001005421	curated
COHO:0000041	owl:NamedIndividual	COIN-B	GCST90101725	PMID:34794066	A genome-wide search for determinants of survival in 1926 patients with advanced colorectal cancer with follow-up in over 22,000 patients.	We performed a GWAS for overall survival (OS) in 1926 patients with advanced CRC from the COIN and COIN-B clinical trials.	https://www.ebi.ac.uk/europepmc/webservices/rest/search?query=EXT_ID:34794066%20AND%20SRC:MED&resultType=core&format=json	curated
COHO:0000042	owl:NamedIndividual	Colorectal Cancer Study of Austria	GCST012878	PMID:30510241	Discovery of common and rare genetic risk variants for colorectal cancer.	Colorectal Cancer Study of Austria	https://media.springernature.com/original/springer-static/esm/art%3A10.1038%2Fs41588-018-0286-6/MediaObjects/41588_2018_286_MOESM3_ESM.xlsx#text	GWAS Catalog
COHO:0000043	owl:NamedIndividual	Consortium for the Longitudinal Evaluation of African Americans with Early Rheumatoid Arthritis	GCST90258645	PMID:35925860	A genome-wide association study for rheumatoid arthritis replicates previous HLA and non-HLA associations in a cohort from South Africa.	Meta-analysis with summary statistics from an African-American cohort (CLEAR study)	https://www.ebi.ac.uk/europepmc/webservices/rest/search?query=ext_id%3A35925860+AND+src%3Amed&format=json&resultType=core	GWAS Catalog
COHO:0000044	owl:NamedIndividual	Consortium of Minority Population Genome-Wide Association Studies of Stroke	GCST90482715	PMID:38317187	Novel functional insights into ischemic stroke biology provided by the first genome-wide association study of stroke in indigenous Africans.	Consortium of Minority Population GWAS of Stroke	https://www.ebi.ac.uk/europepmc/webservices/rest/PMC10840175/fullTextXML	curated
COHO:0000044	owl:NamedIndividual	Consortium of Minority Population Genome-Wide Association Studies of Stroke	EGAS00001007331	PMID:38317187	Novel functional insights into ischemic stroke biology provided by the first genome-wide association study of stroke in indigenous Africans.	The report also includes an African ancestry meta-analysis combining summary statistics from the COMPASS Consortium	https://www.ebi.ac.uk/europepmc/webservices/rest/PMC10840175/fullTextXML	curated
COHO:0000045	owl:NamedIndividual	Cooperative Health Research in the Region of Augsburg	GCST004365	PMID:28240269	Connecting genetic risk to disease end points through the human blood plasma proteome.	1,000 individuals of the population-based KORA (Cooperative Health Research in the Region of Augsburg) study	https://www.ebi.ac.uk/europepmc/webservices/rest/PMC5333359/fullTextXML	curated
COHO:0000045	owl:NamedIndividual	Cooperative Health Research in the Region of Augsburg	EGAS00000000097	PMID:22210626	Genome-wide association study in multiple human prion diseases suggests genetic risk factors additional to PRNP.	After quality control we analysed 2000 samples and 6015 control individuals (provided by the Wellcome Trust Case Control Consortium and KORA-gen), for 491032-511862 SNPs in the European study.	https://ega-archive.org/studies/EGAS00000000097	curated
COHO:0000045	owl:NamedIndividual	Cooperative Health Research in the Region of Augsburg	PXD020261	PMID:33253581	Multiplatform Approach for Plasma Proteomics: Complementarity of Olink Proximity Extension Assay Technology to Mass Spectrometry-Based Protein Profiling.	Kora: cooperative health research in the region of augsburg	https://www.ebi.ac.uk/pride/ws/archive/v2/projects/PXD020261	curated
COHO:0000046	owl:NamedIndividual	Copenhagen Hospital Biobank	GCST90132618	PMID:35751511	Polygenic risk score for ACE-inhibitor-associated cough based on the discovery of new genetic loci.	the Copenhagen Hospital Biobank	https://pmc.ncbi.nlm.nih.gov/articles/PMC10148738/	GWAS Catalog
COHO:0000047	owl:NamedIndividual	CROATIA-Korcula Study	EGAS00001008043		CROATIA-Korcula Study	CROATIA-Korcula Study	https://ega-archive.org/studies/EGAS00001008043	curated
COHO:0000047	owl:NamedIndividual	CROATIA-Korcula Study	GCST90129345	PMID:35332118	Genetic regulation of post-translational modification of two distinct proteins.	We performed GWAS of 35 ultra-high-performance liquid chromatography (UHPLC)-measured transferrin N-glycan traits and Haplotype Reference Consortium (HRC) r1.135—imputed genetic data in two cohorts of European descent, CROATIA-Korcula (N = 948) and VIKING (N = 952).	https://www.ebi.ac.uk/europepmc/webservices/rest/PMC8948205/fullTextXML	curated
COHO:0000048	owl:NamedIndividual	Danish Glostrup Cohort	PMID:12871360	PMID:12871360	Inflammation, thrombosis and atherosclerosis: results of the Glostrup study.	participating in the Danish Glostrup study	https://europepmc.org/article/MED/12871360	curated
COHO:0000048	owl:NamedIndividual	Danish Glostrup Cohort	GCST011569	PMID:32944759	Genome-Wide Association Analysis of Pancreatic Beta-Cell Glucose Sensitivity.	The 1936-cohort is a population-based prospective age-specific cohort that consists of 1198 Danish subjects born in 1936, who were resident in municipalities nearby Glostrup Hospital (Denmark) in 1976.	https://www.ebi.ac.uk/europepmc/webservices/rest/PMC7765651/fullTextXML	curated
COHO:0000049	owl:NamedIndividual	Diabetes Genetics in Pakistan	PMID:21949744	PMID:21949744	Effects of 16 genetic variants on fasting glucose and type 2 diabetes in South Asians: ADCY5 and GLIS3 variants may predispose to type 2 diabetes.	Diabetes Genetics in Pakistan study (DGP; 821 participants with type 2 diabetes, 1167 without)	https://www.ncbi.nlm.nih.gov/research/bionlp/RESTful/pmcoa.cgi/BioC_xml/PMC3176767/unicode	curated
COHO:0000049	owl:NamedIndividual	Diabetes Genetics in Pakistan	GCST001213	PMID:21874001	Genome-wide association study in individuals of South Asian ancestry identifies six new type 2 diabetes susceptibility loci.	Replication testing amongst South Asians was carried out amongst 13,170 T2D cases and 25,398 controls participants from the following studies: the Chennai Urban Rural Epidemiology Study (CURES)36 the COBRA study37 the Diabetes Genetics in Pakistan (DGP) and UK Asian Diabetes Study (UKADS),38, 39	https://pmc.ncbi.nlm.nih.gov/articles/PMC3773920/	curated
COHO:0000050	owl:NamedIndividual	Diabetes in Mexico Study	GCST002317	PMID:24390345	Sequence variants in SLC16A11 are a common risk factor for type 2 diabetes in Mexico.	Diabetes in Mexico Study (DMS)	https://www.ncbi.nlm.nih.gov/research/bionlp/RESTful/pmcoa.cgi/BioC_xml/PMC4127086/unicode	curated
COHO:0000051	owl:NamedIndividual	Diabetes Prevention Program	GCST90132306	PMID:35621206	Genetic Architecture of Plasma Alpha-Aminoadipic Acid Reveals a Relationship With High-Density Lipoprotein Cholesterol.	The DPP (Diabetes Prevention Program) was a randomized clinical trial	https://www.ebi.ac.uk/europepmc/webservices/rest/PMC9238724/fullTextXML	curated
COHO:0000051	owl:NamedIndividual	Diabetes Prevention Program	EGAS00001001875	PMID:27500523	Variation in the glucose transporter gene SLC2A2 is associated with glycemic response to metformin.	In the DPP cohort of pre-diabetes participants, Cox proportional hazards regression was used to evaluate the genetic impact on the time to diabetes incidence	https://www.ebi.ac.uk/europepmc/webservices/rest/PMC5007158/fullTextXML	curated
COHO:0000052	owl:NamedIndividual	Diabetes Reduction Assessment with Ramipril and Rosiglitazone Medication	PMID:20628086	PMID:20628086	Variation at the NFATC2 locus increases the risk of thiazolidinedione-induced edema in the Diabetes REduction Assessment with ramipril and rosiglitazone Medication (DREAM) study.	We genotyped 4,197 participants of the multiethnic DREAM (Diabetes REduction Assessment with ramipril and rosiglitazone Medication) trial	https://europepmc.org/articles/PMC2945168	curated
COHO:0000053	owl:NamedIndividual	Diabetes Research on Patient Stratification	GCST90255674	PMID:36528349	Pharmacogenomics of GLP-1 receptor agonists: a genome-wide analysis of observational data and large randomised controlled trials.	four prospective observational cohorts (DIRECT, PRIBA, PROMASTER, and GoDARTS)	https://www.ebi.ac.uk/europepmc/webservices/rest/search?query=ext_id%3A36528349+AND+src%3Amed&format=json&resultType=core	GWAS Catalog
COHO:0000054	owl:NamedIndividual	Dortmund Health Study	GCST000340	PMID:19198609	Genome-wide association of early-onset myocardial infarction with single nucleotide polymorphisms and copy number variants.	Acute MI Gene Study/Dortmund Health Study	https://eutils.ncbi.nlm.nih.gov/entrez/eutils/efetch.fcgi?db=pmc&id=2681011	curated
COHO:0000055	owl:NamedIndividual	Duke Cognition Cohort	GCST004077	PMID:28093568	GWAS meta-analysis reveals novel loci and genetic correlates for general cognitive function: a report from the COGENT consortium.	DCC Duke Cognition Cohort USA	https://europepmc.org/articles/PMC5322272	curated
COHO:0000056	owl:NamedIndividual	DUNDEE	EGAS00001004410		Scottish High Grade Serous Ovarian Cancer			curated
COHO:0000057	owl:NamedIndividual	Durban Diabetes Study	GCST90101745	PMID:35546142	Meta-analysis of sub-Saharan African studies provides insights into genetic architecture of lipid traits.	Durban Diabetes Study	https://www.ebi.ac.uk/europepmc/webservices/rest/PMC9095599/fullTextXML	curated
COHO:0000057	owl:NamedIndividual	Durban Diabetes Study	EGAS00001002583		APCDR Durban Diabetes Study (DDS)	APCDR Durban Diabetes Study (DDS) Population-based cross-sectional survey using multistage cluster sampling of adults aged ≥18 years in Durban (eThekwini municipality), KwaZulu-Natal	https://ega-archive.org/studies/EGAS00001002583	curated
COHO:0000058	owl:NamedIndividual	Dutch and Belgian Lung Cancer Screening Trial	GCST90278455	PMID:37770635	Multi-ancestry genome-wide study identifies effector genes and druggable pathways for coronary artery calcification.	NELSON; European Ancestry; Dutch Minister of Health	https://media.springernature.com/original/springer-static/esm/art%3A10.1038%2Fs41588-023-01518-4/MediaObjects/41588_2023_1518_MOESM4_ESM.xlsx#text	curated
COHO:0000058	owl:NamedIndividual	Dutch and Belgian Lung Cancer Screening Trial	EGAS00001000681		Genome-wide SNP-SNP interactions in COPD	We used the NELSON cohort as a discovery set, comprising 1,030 cases and 1,808 controls, and the LifeLines cohort as a replication set, with 711 cases and 3,013 controls.	https://ega-archive.org/studies/EGAS00001000681	curated
COHO:0000059	owl:NamedIndividual	Dutch Microbiome Project	EGAS00001005027		The Dutch Microbiome Project: Defining the (un)healthy gut microbiome	The Dutch Microbiome Project (DMP) data includes raw data generated by shotgun metagenomic sequencing of faecal samples of 8,208 Dutch individuals	https://ega-archive.org/studies/EGAS00001005027	curated
COHO:0000059	owl:NamedIndividual	Dutch Microbiome Project	GCST90027688	PMID:35115690	Effect of host genetics on the gut microbiome in 7,738 participants of the Dutch Microbiome Project.	To robustly characterize these effects, we performed a genome-wide association study of 207 taxa and 205 pathways representing microbial composition and function in 7,738 participants of the Dutch Microbiome Project.	https://www.ebi.ac.uk/europepmc/webservices/rest/search?query=EXT_ID:35115690%20AND%20SRC:MED&resultType=core&format=json	curated
COHO:0000060	owl:NamedIndividual	Edinburgh Stroke Study	GCST90301368	PMID:39286457	Evidence of survival bias in the association between APOE-Є4 and age at ischemic stroke onset.			curated
COHO:0000060	owl:NamedIndividual	Edinburgh Stroke Study	EGAS00000000103	PMID:22306652	Genome-wide association study identifies a variant in HDAC9 associated with large vessel ischemic stroke.	We thank the following who contributed to collection, phenotyping, sample processing and data management for the different cohorts. [...] Edinburgh Stroke Study:	https://www.ebi.ac.uk/europepmc/webservices/rest/PMC3303115/fullTextXML	curated
COHO:0000061	owl:NamedIndividual	ENGAGE AF-TIMI 48	GCST90559230	PMID:40050429	Meta-analysis of genome-wide associations and polygenic risk prediction for atrial fibrillation in more than 180,000 cases.	ENGAGE AF-TIMI 48 (TIMI 48)	https://media.springernature.com/original/springer-static/esm/art%3A10.1038%2Fs41588-024-02072-3/MediaObjects/41588_2024_2072_MOESM1_ESM.pdf#text	GWAS Catalog
COHO:0000062	owl:NamedIndividual	EPIGEN	PMID:26124090	PMID:26124090	Origin and dynamics of admixture in Brazilians and its effect on the pattern of deleterious mutations.	We present the results of the EPIGEN Brazil Initiative	https://europepmc.org/article/MED/26124090	curated
COHO:0000062	owl:NamedIndividual	EPIGEN	EGAS00001001245	PMID:26124090	Origin and dynamics of admixture in Brazilians and its effect on the pattern of deleterious mutations.	The EPIGEN-Brasil Initiative is so far the largest Latin American initiative in population genomics and genetic epidemiology.	https://ega-archive.org/studies/EGAS00001001245	curated
COHO:0000062	owl:NamedIndividual	EPIGEN	GCST011890	PMID:33603002	Trans-ethnic meta-analysis identifies new loci associated with longitudinal blood pressure traits.	We used the genotype data (Illumina Infinium Omni2.5) from 1442 participants from the Bambui Study in the context of the EPIGEN project39.	https://www.ebi.ac.uk/europepmc/webservices/rest/PMC7893038/fullTextXML	curated
COHO:0000063	owl:NamedIndividual	Erasmus Rucphen Family Study	GCST90239992	PMID:26068415	Genome-wide association study identifies novel genetic variants contributing to variation in blood metabolite levels.			curated
COHO:0000063	owl:NamedIndividual	Erasmus Rucphen Family Study	EGAS00001001134	PMID:25758996	Genome-wide association analysis on five isolated populations identifies variants of the HLA-DOA gene associated with white wine liking.	Genome-wide association analysis on five isolated populations - Erasmus Rucphen Family (ERF) Study	https://ega-archive.org/studies/EGAS00001001134	curated
COHO:0000064	owl:NamedIndividual	Estonian Biobank	EGAS00001005900		Gut metagenome associations with extensive digital health data in a volunteer-based EstMB cohort	As part of the Estonian Biobank, we established the Estonian Microbiome Cohort	https://ega-archive.org/studies/EGAS00001005900	curated
COHO:0000064	owl:NamedIndividual	Estonian Biobank	GCST90245818	PMID:36922633	Genome-wide meta-analysis identifies novel loci conferring risk of acne vulgaris.	We carried out a GWAS with the Estonian Biobank (EstBB) cohort data (30,194 cases, 94,694 controls), followed by a meta-analysis of data from three independent cohorts (34,422 affected individuals and 364,991 population controls) of European ancestry.	https://www.ebi.ac.uk/europepmc/webservices/rest/PMC11368920/fullTextXML	curated
COHO:0000065	owl:NamedIndividual	European Prospective Investigation into Cancer	EGAS00001006432		Malignant mesothelioma EWAS on European prospective study	European Prospective Investigation into Cancer and Nutrition	https://www.ebi.ac.uk/europepmc/webservices/rest/PMC13047241/fullTextXML	curated
COHO:0000065	owl:NamedIndividual	European Prospective Investigation into Cancer	GCST002466	PMID:24880342	Rare variants of large effect in BRCA2 and CHEK2 affect risk of lung cancer.	IARC-replication comprised three studies: (i) EPIC Lung2,57, a nested case control study performed within the EPIC (European Prospective Investigation into Cancer and Nutrition) prospective cohort totalling 1,119 lung cancer cases and 2,546 controls (matched 1-2 to cases for age, sex, centre, and time of recruitment), selected from eight of the 10 countries participating in EPIC (Sweden, Netherlands, UK, France, Germany, Spain, Italy and Norway);	https://www.ebi.ac.uk/europepmc/webservices/rest/PMC4074058/fullTextXML	curated
COHO:0000066	owl:NamedIndividual	European Prospective Investigation of Cancer-Norfolk	GCST90097055	PMID:34836419	Salicylic Acid and Risk of Colorectal Cancer: A Two-Sample Mendelian Randomization Study.	5841 participants from the EPIC-Norfolk study	https://www.ebi.ac.uk/europepmc/webservices/rest/PMC8620763/fullTextXML	curated
COHO:0000066	owl:NamedIndividual	European Prospective Investigation of Cancer-Norfolk	EGAS00001002570	PMID:29988082	Prediction of acute myeloid leukaemia risk in healthy individuals.	Samples were ascertained from individuals enrolled in the EPIC-Norfolk longitudinal cohort study between 1994 and 2010.	https://www.ebi.ac.uk/europepmc/webservices/rest/PMC6485381/fullTextXML	curated
COHO:0000066	owl:NamedIndividual	European Prospective Investigation of Cancer-Norfolk	MTBLS833	PMID:36357675	Rare and common genetic determinants of metabolic individuality and their effects on human health.	Rare and common genetic determinants of metabolic individuality and their effects on human health (EPIC-Norfolk study assays)	https://www.ebi.ac.uk/metabolights/ws/studies/public/study/MTBLS833	curated
COHO:0000067	owl:NamedIndividual	EuroTARGET project	GCST90133314	PMID:35740506	Genome-Wide Meta-Analysis Identifies Variants in DSCAM and PDLIM3 That Correlate with Efficacy Outcomes in Metastatic Renal Cell Carcinoma Patients Treated with Sunitinib.	a cohort of mRCC patients as recruited by the EuroTARGET consortium	https://www.ebi.ac.uk/europepmc/webservices/rest/PMC9220885/fullTextXML	curated
COHO:0000067	owl:NamedIndividual	EuroTARGET project	EGAS50000000798	PMID:28385611	Description of the EuroTARGET cohort: A European collaborative project on TArgeted therapy in renal cell cancer-GEnetic- and tumor-related biomarkers for response and toxicity.	EuroTARGET is a European study on mRCC, collecting clinical data, germline DNA, and tumor samples.	https://ega-archive.org/studies/EGAS50000000798	curated
COHO:0000068	owl:NamedIndividual	Extremely Low Gestational Age Newborns	PMID:32721520	PMID:32721520	Placental genomic and epigenomic signatures associated with infant birth weight highlight mechanisms involved in collagen and growth factor signaling.	data were leveraged from the previously established Extremely Low Gestational Age Newborns (ELGAN) cohort	https://www.ncbi.nlm.nih.gov/research/bionlp/RESTful/pmcoa.cgi/BioC_xml/PMC7855285/unicode	curated
COHO:0000068	owl:NamedIndividual	Extremely Low Gestational Age Newborns	EGAS00001003635	PMID:33006196	Genome-wide postnatal changes in immunity following fetal inflammatory response.	raw microarray gene expression data files from paired frozen and unfrozen DBS samples from nine neonates of the US ELGAN cohort, where two were affected by FIR and seven were not.	https://www.ebi.ac.uk/europepmc/webservices/rest/PMC8049052/fullTextXML	curated
COHO:0000068	owl:NamedIndividual	Extremely Low Gestational Age Newborns	GCST90104362	PMID:35240980	Innovative computational approaches shed light on genetic mechanisms underlying cognitive impairment among children born extremely preterm.	we utilized samples from the extremely low gestational age newborns (ELGAN) cohort [37], the largest US-based study of children born extremely preterm, to identify genetic factors associated with cognitive impairment at age 10 years.	https://www.ebi.ac.uk/europepmc/webservices/rest/PMC8903548/fullTextXML	curated
COHO:0000069	owl:NamedIndividual	Fatty Acid Sensor Study	PMID:30624603	PMID:30624603	Fine mapping of genome-wide association study signals to identify genetic markers of the plasma triglyceride response to an omega-3 fatty acid supplementation.	A total of 208 participants of the Fatty Acid Sensor (FAS) Study	https://europepmc.org/article/MED/30624603	curated
COHO:0000069	owl:NamedIndividual	Fatty Acid Sensor Study	GCST004639	PMID:28644415	Genome-Wide Association Study of Dietary Pattern Scores.	One hundred and forty-one individuals were selected among the 210 participants who completed the Fatty Acid Sensor (FAS) study, primarily aiming to understand how genes and environment act together to define CVD risk profile [26].	https://www.ebi.ac.uk/europepmc/webservices/rest/PMC5537769/fullTextXML	curated
COHO:0000070	owl:NamedIndividual	Finnish Twin Cohort Study	GCST90032674	PMID:34668383	Genetic Profile of Endotoxemia Reveals an Association With Thromboembolism and Stroke.	the Finnish Twin Cohort study consists of Finnish adult twins	https://www.ebi.ac.uk/europepmc/webservices/rest/PMC8751832/fullTextXML	GWAS Catalog
COHO:0000071	owl:NamedIndividual	FINRISK	EGAS00001000020		Genetic_variation_in_Kuusamo	individuals from the FINRISK study both of whose parents are born in Kuusamo, Posio or Taivalkoski	https://ega-archive.org/studies/EGAS00001000020	curated
COHO:0000071	owl:NamedIndividual	FINRISK	GCST90134247	PMID:35748965	Identification of healthspan-promoting genes in Caenorhabditis elegans based on a human GWAS study.	We performed two genome-wide association studies using Finnish FINRISK population surveys from the years 1992, 1997, 2002 and 2007.	https://www.ebi.ac.uk/europepmc/webservices/rest/PMC9388463/fullTextXML	curated
COHO:0000072	owl:NamedIndividual	Flemish Gut Flora Project	EGAS00001001689		Flemish_Gut_Flora_Project	individuals from the Flemish Gut Flora Project	https://ega-archive.org/studies/EGAS00001001689	curated
COHO:0000072	owl:NamedIndividual	Flemish Gut Flora Project	GCST90002250	PMID:34957435	GWAS of stool frequency provides insights into gastrointestinal motility and irritable bowel syndrome.	These include UK Biobank (UKBB; n = 163,616), LifeLines-DEEP (LLD; n = 942), the Genes for Good study (GFG; n = 1,069), the Flemish Gut Flora Project (FGFP; n = 2,001), and the Population-based Colonoscopy study (PopCol; n = 247) (Table S1; STAR Methods).	https://www.ebi.ac.uk/europepmc/webservices/rest/PMC8654685/fullTextXML	curated
COHO:0000073	owl:NamedIndividual	Gabriel Advanced Survey	PMID:21345099	PMID:21345099	Exposure to environmental microorganisms and childhood asthma.	GABRIELA (Multidisciplinary Study to Identify the Genetic and Environmental Causes of Asthma in the European Community [GABRIEL] Advanced Study)	https://europepmc.org/article/MED/21345099	curated
COHO:0000073	owl:NamedIndividual	Gabriel Advanced Survey	EGAS00000000077	PMID:20860503	A large-scale, consortium-based genomewide association study of asthma.	Gabriel samples from the German Gabriel Advanced Survey	https://ega-archive.org/studies/EGAS00000000077	curated
COHO:0000073	owl:NamedIndividual	Gabriel Advanced Survey	GCST003682	PMID:27387956	Genome-wide search identifies a gene-gene interaction between 20p13 and 2q14 in asthma.	The largest sub-study available, GABRIEL-AS (GABRIEL Advanced Surveys), was used as a screening dataset.	https://www.ebi.ac.uk/europepmc/webservices/rest/PMC4936310/fullTextXML	curated
COHO:0000074	owl:NamedIndividual	GCAT Genomes for Life	EGAS00001003018	PMID:29593016	GCAT|Genomes for life: a prospective cohort study of the genomes of Catalonia.	GCAT | Genomes for life: cohort study of the genomes of Catalonia	https://ega-archive.org/studies/EGAS00001003018	curated
COHO:0000074	owl:NamedIndividual	GCAT Genomes for Life	GCST90255688	PMID:36672889	Skin Phototype and Disease: A Comprehensive Genetic Approach to Pigmentary Traits Pleiotropy Using PRS in the GCAT Cohort.	Genetic analysis was conducted in a subsample of the GCAT cohort (GCATcore) that is fully genotyped by SNP-array and imputation.	https://www.ebi.ac.uk/europepmc/webservices/rest/PMC9859115/fullTextXML	curated
COHO:0000075	owl:NamedIndividual	GENESIS	PMID:26406445	PMID:26406445	Targeted Sequencing of the Mitochondrial Genome of Women at High Risk of Breast Cancer without Detectable Mutations in BRCA1/2.	GENESIS (GENE SISters) is a French national study	https://europepmc.org/articles/PMC4583250	curated
COHO:0000076	owl:NamedIndividual	Genetic Analysis of Multiple Sclerosis	EGAS00000000101		The Genetic Analysis of multiple sclerosis	The Genetic Analysis of multiple sclerosis	https://ega-archive.org/studies/EGAS00000000101	curated
COHO:0000076	owl:NamedIndividual	Genetic Analysis of Multiple Sclerosis	GCST009597	PMID:31604244	Multiple sclerosis genomic map implicates peripheral immune cells and microglia in susceptibility.	The genome wide associations studies used in the discovery phase are available in the following repositories: i) dbGAP: phs000275.v1.p1, phs000139.v1.p1, phs000294.v1.p1, and phs000171.v1.p1, and ii) European Genome-phenome Archive database: EGAD00000000120, EGAD00000000022, and EGAD00000000021.	https://pmc.ncbi.nlm.nih.gov/articles/PMC7241648/	curated
COHO:0000077	owl:NamedIndividual	Genetic Consortium for Anorexia Nervosa	EGAS00001000913		WTCCC3_Anorexia_Nervosa	As part of the Genetic Consortium for Anorexia Nervosa	https://ega-archive.org/studies/EGAS00001000913	curated
COHO:0000077	owl:NamedIndividual	Genetic Consortium for Anorexia Nervosa	GCST002354	PMID:24514567	A genome-wide association study of anorexia nervosa.	We performed a GWAS in 2907 cases with AN from 14 countries (15 sites) and 14 860 ancestrally matched controls as part of the Genetic Consortium for AN (GCAN) and the Wellcome Trust Case Control Consortium 3 (WTCCC3).	https://www.ebi.ac.uk/europepmc/webservices/rest/search?query=EXT_ID:24514567%20AND%20SRC:MED&resultType=core&format=json	curated
COHO:0000078	owl:NamedIndividual	Genetic Epidemiology of Asthma in Costa Rica	GCST90502911	PMID:40216759	Whole genome sequencing analysis of body mass index identifies novel African ancestry-specific risk allele.			GWAS Catalog
COHO:0000079	owl:NamedIndividual	Genetic Overlap between Metabolic and Psychiatric traits	GCST90132184	PMID:35551307	Multi-ancestry genetic study of type 2 diabetes highlights the power of diverse populations for discovery and translation.	Genetic Overlap between Metabolic and Psychiatric traits	https://media.springernature.com/original/springer-static/esm/art%3A10.1038%2Fs41588-022-01058-3/MediaObjects/41588_2022_1058_MOESM3_ESM.xlsx	curated
COHO:0000079	owl:NamedIndividual	Genetic Overlap between Metabolic and Psychiatric traits	EGAS00001002723	PMID:30470734	Evidence for genetic contribution to the increased risk of type 2 diabetes in schizophrenia.	The Genetic Overlap between Metabolic and Psychiatric Diseases (GOMAP) study comprises samples from four patient groups: 964 schizophrenia samples, 921 type 2 diabetes patients, 582 patients with comorbid schizophrenia and type 2 diabetes and 280 samples with another psychiatric diagnosis.	https://ega-archive.org/studies/EGAS00001002723	curated
COHO:0000080	owl:NamedIndividual	Genetic Prostate cancer risk stratification for targeted screening	PMID:27151655	PMID:27151655	The PROFILE Feasibility Study: Targeted Screening of Men With a Family History of Prostate Cancer.	The PROFILE Feasibility Study: Targeted Screening of Men With a Family History of Prostate Cancer	https://europepmc.org/articles/PMC4912360	curated
COHO:0000080	owl:NamedIndividual	Genetic Prostate cancer risk stratification for targeted screening	GCST006085	PMID:29892016	Association analyses of more than 140,000 men identify 63 new prostate cancer susceptibility loci.	Provision of DNA samples and/or phenotypic data: V.L.S., S.M.G., B.D.C., C.M.T., P.J.G., I.M.T., J.B., S.C., L. Moya, J.C., L.H., W.T., G.P.R., H.G., M. Aly, T.N., P. Pharoah, N.P., J.S., T.L.J.T., C. Slavov, A.A., D.A., S.W., A.W., N.H., C.M.L.W., A.M.D., N.B., L.A.M., E.G., G.L.A., O.C.,G.C.T., S.K., L.E.B.F., K.D.S., T.F.O., M.B., L. Maehle, E.M.G., D.E.N., J.L.D., F.C.H., R.M.M., R.C.T., T.J.K., R.J.H., N.E.F., A.F., S.A.I., M.C. Stern, B.S.R., S.L.K., H.O., Y.-J.L., H.-W.Z., N.F., X.M., X.G., G.W., Z.S., G.G.G., M.C. Southey, R.J.M., L.M.F., A.S.K., B.M.K., J. Lubinski, G.C.-V., K.L.P., M.S., J.Y.P., T.A.S., H.-Y.L., J.L.S., C.C., D.W., J. Lim, E.A.O., M.S.G., B.G.N., S.F.N., M.W., R.B., M.A.R., P.I., H.B., K.C., B.H.,C.M., M.L., T.S., J.K., C.J.L., E.M.J., M.R.T., P. Paulo, M.C., S.L.N., L.S., Y.C.D., K.D.R., G.D.M., P.O., A.R., J. Llorca, S.-H.T., D.W.L., L.F.N., D. Lessel, M.G., T.K., R.K., N.U., S.S., C. Sipeky, V.M., M.P., F Canzian, S.J., T.V.d.B., S. Larkin, P.A.T., C.A.H., M.G.D., J.E.C., M.E.M., M.J.R., G.J., R.H.N.v.S., F.M., T.T., Y.A.K., J.X., K.-T.K., L.C.-A., H.P., A.M., S.N.T., S.K.M., D.J.S., S. Lindstrom, C.T., J.M., D.J.H., E.R., A.S., F Claessens, L.N.K., L.L.M., R.N.H., M.J.M., Z.C., P.K., F.W., S.J.C., B.E.H., C.A.-H., R.A.E., A.V., A.G.-C., B.F.D., G.C.-T., APCB investigators, IMPACT Study, Canary PASS investigators, BPC3, PRACTICAL, CAPS, PEGASUS, GAME-ON/ELLIPSE, and Profile Study Steering Committee.	https://pmc.ncbi.nlm.nih.gov/articles/PMC6568012/	curated
COHO:0000081	owl:NamedIndividual	Genetic Research in Isolated	EGAS00001001134		Genome-wide association analysis on five isolated populations - Erasmus Rucphen Family (ERF) Study	ERF is embedded in the Genetic Research in Isolated Population (GRIP) program	https://ega-archive.org/studies/EGAS00001001134	curated
COHO:0000081	owl:NamedIndividual	Genetic Research in Isolated	GCST001506	PMID:22570627	Common genetic determinants of intraocular pressure and primary open-angle glaucoma.	For rs11656696 A we found a decreased glaucoma risk in the Amsterdam Glaucoma Study (AGS; OR = 0.71, 95%CI = 0.51–0.99) and the Erlangen and Tübingen study (OR = 0.82, 95%CI = 0.69–0.97), but not in RS-I and the Genetic Research in Isolated Populations (GRIP) program.	https://www.ebi.ac.uk/europepmc/webservices/rest/PMC3342933/fullTextXML	curated
COHO:0000082	owl:NamedIndividual	Genetics of diabetes Audit and Research	GCST90860840	PMID:40136285	Genome-Wide Association Study to Identify Genetic Variants Associated With Diabetic Maculopathy.	Genetics of Diabetes Audit and Research in Tayside Scotland study	https://www.ebi.ac.uk/europepmc/webservices/rest/search?query=ext_id%3A40136285+AND+src%3Amed&format=json&resultType=core	curated
COHO:0000082	owl:NamedIndividual	Genetics of diabetes Audit and Research	EGAS00001002937		GoDARTS T2D-GENES Exome Sequencing Study is a subset of the ~52,000 Type 2 diabetes exome sequencing project.	This data generated from the Genetics of Diabetes and Audit Research Tayside Study (GoDARTS) cohort was part of the T2D-GENES (Type 2 Diabetes Genetic Exploration by Next-generation sequencing in multi-Ethnic Samples) consortium	https://ega-archive.org/studies/EGAS00001002937	curated
COHO:0000083	owl:NamedIndividual	Genetics of Healthy Aging	GCST90726611	PMID:42176242	Genetic associations with longevity in a Calabrian cohort: an exploratory genome-wide study.			GWAS Catalog
COHO:0000084	owl:NamedIndividual	GenomeAsia 100K project	EGAS00001002921	PMID:31802016	The GenomeAsia 100K Project enables genetic discoveries across Asia.	Here we describe the pilot phase of the GenomeAsia 100K Project	https://ega-archive.org/studies/EGAS00001002921	curated
COHO:0000084	owl:NamedIndividual	GenomeAsia 100K project	GCST90320240	PMID:38014556	The Genetic Drivers of Juvenile, Young, and Early-Onset Parkinson's Disease in India.	1376 control subjects were selected from the reference population GenomeAsia, Phase 2.	https://www.ebi.ac.uk/europepmc/webservices/rest/search?query=EXT_ID:38014556%20AND%20SRC:MED&resultType=core&format=json	curated
COHO:0000085	owl:NamedIndividual	German Multiple Myeloma Study Group	GCST90451657	PMID:39103364	Deciphering the genetics and mechanisms of predisposition to multiple myeloma.	658 German GMMG patients	https://www.ebi.ac.uk/europepmc/webservices/rest/PMC11300596/fullTextXML	curated
COHO:0000085	owl:NamedIndividual	German Multiple Myeloma Study Group	EGAS00001005973		ENCORAFENIB COMBINED WITH BINIMETINIB FOR BRAFV600E-MUTATED RELAPSED/REFRACTORY MULTIPLE MYELOMA: THE PHASE II GMMG-BIRMA TRIAL (Hipo_K08K)	THE PHASE II GMMG-BIRMA TRIAL (Hipo_K08K) Activating BRAF mutations are rare events in multiple myeloma but have been shown to be promising therapeutic targets in small case studies. This multicenter phase II trial assessed the efficacy and safety of the BRAF/MEK inhibitors	https://ega-archive.org/studies/EGAS00001005973	curated
COHO:0000086	owl:NamedIndividual	Ghana Prostate Study	GCST90274715	PMID:37945903	Characterizing prostate cancer risk through multi-ancestry genome-wide discovery of 187 novel risk variants.	Ghana Prostate Study	https://media.springernature.com/original/springer-static/esm/art%3A10.1038%2Fs41588-023-01534-4/MediaObjects/41588_2023_1534_MOESM4_ESM.xlsx	GWAS Catalog
COHO:0000087	owl:NamedIndividual	Glaucoma Inheritance Study in Tasmania	PMID:30267046	PMID:30267046	Myocilin Gene Gln368Ter Variant Penetrance and Association With Glaucoma in Population-Based and Registry-Based Studies.	the Glaucoma Inheritance Study in Tasmania, ascertained glaucoma cases	https://europepmc.org/article/MED/30267046	curated
COHO:0000087	owl:NamedIndividual	Glaucoma Inheritance Study in Tasmania	GCST000793	PMID:20835238	Common variants near CAV1 and CAV2 are associated with primary open-angle glaucoma.	The Australian sample consisted of three studies—a study from Tasmania (GIST), a study from South Australia (ANZRAG) and the Blue Mountains Eye Study (BMES)—that individually have estimated OR = 1.17 (P = 0.29), OR = 1.25 (P = 0.038) and OR = 1.26 (P = 0.13), respectively.	https://pmc.ncbi.nlm.nih.gov/articles/PMC3222888/	curated
COHO:0000088	owl:NamedIndividual	Greece Hellenic Isolated Cohorts	GCST90059895	PMID:34857772	Mapping the serum proteome to neurological diseases using whole genome sequencing.	MANOLIS and Pomak, are part of the Hellenic Isolated Cohorts	https://www.ebi.ac.uk/europepmc/webservices/rest/PMC8640022/fullTextXML	curated
COHO:0000088	owl:NamedIndividual	Greece Hellenic Isolated Cohorts	EGAS00001000630	PMID:24343240	A rare functional cardioprotective APOC3 variant has risen in frequency in distinct population isolates.	The HELIC (Hellenic Isolated Cohorts) MANOLIS (Minoan Isolates) collection focuses on Anogia and surrounding Mylopotamos villages.	https://ega-archive.org/studies/EGAS00001000630	curated
COHO:0000089	owl:NamedIndividual	Health and Retirement Study	GCST006900	PMID:30124842	Meta-analysis of genome-wide association studies for height and body mass index in ∼700000 individuals of European ancestry.	an independent sample from the Health and Retirement Study (HRS)	https://eutils.ncbi.nlm.nih.gov/entrez/eutils/efetch.fcgi?db=pmc&id=6488973	curated
COHO:0000090	owl:NamedIndividual	Health2000 Study	GCST90093140	PMID:34847907	Genome-wide association study of periodontal pocketing in Finnish adults.	data of the national Health 2000 Survey (BRIF8901) in Finland	https://www.ebi.ac.uk/europepmc/webservices/rest/search?query=ext_id%3A34847907+AND+src%3Amed&format=json&resultType=core	curated
COHO:0000090	owl:NamedIndividual	Health2000 Study	EGAS00001000162		Genetic_background_for_the_major_psychiatric_disorders_in_the_general_Finnish_population	Low coverage (4-6x) sequencing on samples from population cohorts (Finrisk, Health2000) will be done at Wellcome Trust Sanger Institute (WTSI) using Illumina HiSeq sequencing technology.	https://ega-archive.org/studies/EGAS00001000162	curated
COHO:0000091	owl:NamedIndividual	Heart Protection Study	GCST90061371	PMID:34601942	Genome-Wide Association Study of Peripheral Artery Disease.	Heart Protection Study	https://www.ebi.ac.uk/europepmc/webservices/rest/PMC8542067/fullTextXML	curated
COHO:0000091	owl:NamedIndividual	Heart Protection Study	EGAS00001001427	PMID:26390057	Trans-ancestry genome-wide association study identifies 12 genetic loci influencing blood pressure and implicates a role for DNA methylation.	Participant recruitment, characterization and data generation. [...] Heart Protection Study:	https://www.ncbi.nlm.nih.gov/research/bionlp/RESTful/pmcoa.cgi/BioC_xml/PMC4719169/unicode	curated
COHO:0000092	owl:NamedIndividual	Hoorn Diabetes Care System	EGAS00001002776	PMID:28588112	The Hoorn Diabetes Care System (DCS) cohort. A prospective cohort of persons with type 2 diabetes treated in primary care in the Netherlands.	Hoorn Diabetes Care System (DCS) Cohort	https://ega-archive.org/studies/EGAS00001002776	curated
COHO:0000092	owl:NamedIndividual	Hoorn Diabetes Care System	GCST90061380	PMID:34607834	Genome-Wide Meta-analysis Identifies Genetic Variants Associated With Glycemic Response to Sulfonylureas.	Genotyping and quality control procedures for the Genetics of Diabetes Audit and Research in Tayside Scotland (GoDARTS), Hoorn Diabetes Care System (DCS), and Pharmacogenomics of Metformin (PMET) cohorts have previously been described (13,15,16).	https://www.ebi.ac.uk/europepmc/webservices/rest/PMC8669535/fullTextXML	curated
COHO:0000093	owl:NamedIndividual	Hospital Discharge Register Sweden	PMID:32117730	PMID:32117730	The Association Between Cancer and Dementia: A National Cohort Study in Sweden.	By using the Swedish Cancer Register and the Swedish Hospital Discharge Register	https://europepmc.org/articles/PMC7010720	curated
COHO:0000093	owl:NamedIndividual	Hospital Discharge Register Sweden	EGAS00001006772		S3 Swedish schizophrenia case-control study	Population-based sampling was used to recruit cases with schizophrenia, based on data from the Swedish national patient register, as well as controls who had never been hospitalized for schizophrenia or bipolar disorder.	https://www.ebi.ac.uk/ebisearch/ws/rest/ega/entry/EGAS00001006772?fields=name,description,EGA,PUBMED,submitter_keywords&format=json	curated
COHO:0000093	owl:NamedIndividual	Hospital Discharge Register Sweden	GCST002149	PMID:23974872	Genome-wide association analysis identifies 13 new risk loci for schizophrenia.	Cases with schizophrenia were identified via the Swedish Hospital Discharge Register 76,77 which captures all public and private inpatient hospitalizations.	https://www.ebi.ac.uk/europepmc/webservices/rest/PMC3827979/fullTextXML	curated
COHO:0000094	owl:NamedIndividual	Human Genetics Initiative	GCST000387	PMID:19416921	Genome-wide association and meta-analysis of bipolar disorder in individuals of European ancestry.	National Institute of Mental Health Human Genetics Initiative Repository	https://eutils.ncbi.nlm.nih.gov/entrez/eutils/efetch.fcgi?db=pmc&id=2678639	curated
COHO:0000095	owl:NamedIndividual	Hunter Community Study	PMID:27030319	PMID:27030319	Genome-wide significant results identified for plasma apolipoprotein H levels in middle-aged and older adults.	The results were replicated in an independent cohort, the Hunter Community Study	https://europepmc.org/articles/PMC4814826	curated
COHO:0000095	owl:NamedIndividual	Hunter Community Study	GCST002770	PMID:25637336	Genetics of hand grip strength in mid to late life.	GS was measured using handheld dynamometry in community-dwelling men and women aged 55-85 from the Hunter Community Study (HCS, N = 2088) and the Sydney Memory and Ageing Study (Sydney MAS, N = 541).	https://www.ebi.ac.uk/europepmc/webservices/rest/search?query=EXT_ID:25637336%20AND%20SRC:MED&resultType=core&format=json	curated
COHO:0000096	owl:NamedIndividual	Icelandic Cancer Registry	PMID:39886913	PMID:39886913	Lynch syndrome screening in colorectal and endometrial cancers in Iceland.	All patients diagnosed with CRC and EC according to the Icelandic Cancer Registry in 2020–2022 were included.	https://www.ncbi.nlm.nih.gov/research/bionlp/RESTful/pmcoa.cgi/BioC_xml/PMC11811529/unicode	curated
COHO:0000096	owl:NamedIndividual	Icelandic Cancer Registry	GCST004144	PMID:28195142	A genome-wide association study yields five novel thyroid cancer risk loci.	Icelanders diagnosed with thyroid cancer were identified based on a nationwide list from the Icelandic Cancer Registry (ICR) (http://www.krabbameinsskra.is/indexen.jsp?icd=C73) that contains all Icelandic thyroid cancer patients diagnosed from 1 January 1955, to 31 December 2015.	https://www.ebi.ac.uk/europepmc/webservices/rest/PMC5316879/fullTextXML	curated
COHO:0000097	owl:NamedIndividual	Identification of Men with a genetic predisposition to ProstAte Cancer	PMID:24484606	PMID:24484606	Targeted prostate cancer screening in BRCA1 and BRCA2 mutation carriers: results from the initial screening round of the IMPACT study.	IMPACT (Identification of Men with a genetic predisposition to ProstAte Cancer: Targeted screening in BRCA1/2 mutation carriers and controls)	https://www.ncbi.nlm.nih.gov/research/bionlp/RESTful/pmcoa.cgi/BioC_xml/PMC4105321/unicode	curated
COHO:0000097	owl:NamedIndividual	Identification of Men with a genetic predisposition to ProstAte Cancer	GCST006085	PMID:29892016	Association analyses of more than 140,000 men identify 63 new prostate cancer susceptibility loci.	Provision of DNA samples and/or phenotypic data: V.L.S., S.M.G., B.D.C., C.M.T., P.J.G., I.M.T., J.B., S.C., L. Moya, J.C., L.H., W.T., G.P.R., H.G., M. Aly, T.N., P. Pharoah, N.P., J.S., T.L.J.T., C. Slavov, A.A., D.A., S.W., A.W., N.H., C.M.L.W., A.M.D., N.B., L.A.M., E.G., G.L.A., O.C.,G.C.T., S.K., L.E.B.F., K.D.S., T.F.O., M.B., L. Maehle, E.M.G., D.E.N., J.L.D., F.C.H., R.M.M., R.C.T., T.J.K., R.J.H., N.E.F., A.F., S.A.I., M.C. Stern, B.S.R., S.L.K., H.O., Y.-J.L., H.-W.Z., N.F., X.M., X.G., G.W., Z.S., G.G.G., M.C. Southey, R.J.M., L.M.F., A.S.K., B.M.K., J. Lubinski, G.C.-V., K.L.P., M.S., J.Y.P., T.A.S., H.-Y.L., J.L.S., C.C., D.W., J. Lim, E.A.O., M.S.G., B.G.N., S.F.N., M.W., R.B., M.A.R., P.I., H.B., K.C., B.H.,C.M., M.L., T.S., J.K., C.J.L., E.M.J., M.R.T., P. Paulo, M.C., S.L.N., L.S., Y.C.D., K.D.R., G.D.M., P.O., A.R., J. Llorca, S.-H.T., D.W.L., L.F.N., D. Lessel, M.G., T.K., R.K., N.U., S.S., C. Sipeky, V.M., M.P., F Canzian, S.J., T.V.d.B., S. Larkin, P.A.T., C.A.H., M.G.D., J.E.C., M.E.M., M.J.R., G.J., R.H.N.v.S., F.M., T.T., Y.A.K., J.X., K.-T.K., L.C.-A., H.P., A.M., S.N.T., S.K.M., D.J.S., S. Lindstrom, C.T., J.M., D.J.H., E.R., A.S., F Claessens, L.N.K., L.L.M., R.N.H., M.J.M., Z.C., P.K., F.W., S.J.C., B.E.H., C.A.-H., R.A.E., A.V., A.G.-C., B.F.D., G.C.-T., APCB investigators, IMPACT Study, Canary PASS investigators, BPC3, PRACTICAL, CAPS, PEGASUS, GAME-ON/ELLIPSE, and Profile Study Steering Committee.	https://pmc.ncbi.nlm.nih.gov/articles/PMC6568012/	curated
COHO:0000098	owl:NamedIndividual	IIBDGC genotyped CD study	GCST90137949	PMID:28506689	Genetic Factors Interact With Tobacco Smoke to Modify Risk for Inflammatory Bowel Disease in Humans and Mice.	All DNA samples used in the present study were collected through the IIBDGC	https://www.ncbi.nlm.nih.gov/research/bionlp/RESTful/pmcoa.cgi/BioC_xml/PMC5526723/unicode	GWAS Catalog
COHO:0000099	owl:NamedIndividual	Indiana Sisters Study	PMID:23074152	PMID:23074152	Meta-analysis of genome-wide studies identifies WNT16 and ESR1 SNPs associated with bone mineral density in premenopausal women.	Indiana Sisters Study	https://www.ncbi.nlm.nih.gov/research/bionlp/RESTful/pmcoa.cgi/BioC_xml/PMC3691010/unicode	curated
COHO:0000099	owl:NamedIndividual	Indiana Sisters Study	GCST000598	PMID:20164292	Genome-wide association study of bone mineral density in premenopausal European-American women and replication in African-American women.	To identify genes contributing to BMD, a study of healthy siblings from Indiana was initiated (4,5). Recruitment focused on families with two or more healthy sisters.	https://pmc.ncbi.nlm.nih.gov/articles/PMC2853986/	curated
COHO:0000100	owl:NamedIndividual	INfancia y Medio Ambiente Project	GCST007713	PMID:30850646	Genome-wide association study in frontal fibrosing alopecia identifies four susceptibility loci including HLA-B*07:02.	1061 individuals from the INfancia y Medio Ambiente (INMA) project	https://europepmc.org/articles/PMC6408457	curated
COHO:0000100	owl:NamedIndividual	INfancia y Medio Ambiente Project	EGAS00001002169	PMID:28056824	The emerging landscape of dynamic DNA methylation in early childhood.	MeDALL epigenetics study includes illumina 450k methylation measurements from 4 cohorts: Infancia y Medio Ambiente (INMA), Etudes des Déterminants pré et postnatals précoces du développement et de la santé de l’ENfant (EDEN), Children’s Allergy Environment Stockholm Epidemiology study(BAMSE), and Prevention and Incidence of Asthma and Mite Allergy (PIAMA)	https://ega-archive.org/studies/EGAS00001002169	curated
COHO:0000101	owl:NamedIndividual	International Cancer Genome Consortium-Chronic Lymphocytic Leukemia	EGAS00000000092	PMID:21642962	Whole-genome sequencing identifies recurrent mutations in chronic lymphocytic leukaemia.	The CLL Genome Project, as a contributing member of the International Cancer Genome Consortium (ICGC)	https://ega-archive.org/studies/EGAS00000000092	curated
COHO:0000101	owl:NamedIndividual	International Cancer Genome Consortium-Chronic Lymphocytic Leukemia	GCST004146	PMID:28165464	Genome-wide association analysis implicates dysregulation of immunity genes in chronic lymphocytic leukaemia.	In silico replication was performed in 444 cases and 609 controls from International Cancer Genome Consortium (ICGC), and 226 cases and 228 controls from the WHI study38,39.	https://www.ebi.ac.uk/europepmc/webservices/rest/PMC5303820/fullTextXML	curated
COHO:0000102	owl:NamedIndividual	International Headache Genetics Consortium	GCST003720	PMID:27322543	Meta-analysis of 375,000 individuals identifies 38 susceptibility loci for migraine.	International Headache Genetics Consortium (IHGC)	https://eutils.ncbi.nlm.nih.gov/entrez/eutils/efetch.fcgi?db=pmc&id=5331903	curated
COHO:0000102	owl:NamedIndividual	International Headache Genetics Consortium	EGAS00001000048		Paroxysmal neurological disorders	We are sequencing the exomes of patients with paroxysmal neurological disorders mainly focusing on migraine and epilepsy. Cases are collected from performance sites of members of the International Headache Genetics consortium and EuroEPINOMICS.	https://ega-archive.org/studies/EGAS00001000048	curated
COHO:0000103	owl:NamedIndividual	International Multiple Sclerosis Genetics Consortium	EGAS00001003216		Multiple Sclerosis Replication Chip data (MS Chip)	UK Multiple Sclerosis (MS) cases that were recruited through the University of Cambridge and included in the IMSGC Replicationchip experiment	https://ega-archive.org/studies/EGAS00001003216	curated
COHO:0000103	owl:NamedIndividual	International Multiple Sclerosis Genetics Consortium	GCST001505	PMID:22570697	Genome-wide association study of multiple sclerosis confirms a novel locus at 5p13.1.	We also analyzed a dataset (named hereafter IMSGC/WT) based on 931 MS cases from the International Multiple Sclerosis Genetic Consortium (IMSGC) [8] and 2938 controls from the Wellcome Trust Case Control Consortium (WTCCC), who had been genotyped using Affymetrix 500K array [9].	https://www.ebi.ac.uk/europepmc/webservices/rest/PMC3343041/fullTextXML	curated
COHO:0000104	owl:NamedIndividual	International Schizophrenia Consortium	GCST000434	PMID:19571811	Common polygenic variation contributes to risk of schizophrenia and bipolar disorder.	We genotyped the International Schizophrenia Consortium (ISC) case-control sample	https://www.ncbi.nlm.nih.gov/research/bionlp/RESTful/pmcoa.cgi/BioC_xml/PMC3912837/unicode	curated
COHO:0000104	owl:NamedIndividual	International Schizophrenia Consortium	EGAS00001001077	PMID:30218040	Autosomal genetic variation is associated with DNA methylation in regions variably escaping X-chromosome inactivation.	Samples were contributed by LifeLines, the Leiden Longevity Study, the Netherlands Twin Registry (NTR), the Rotterdam Study, the Genetic Research in Isolated Populations program, the Cohort on Diabetes and Atherosclerosis Maastricht (CODAM) study, the Prospective ALS study Netherlands (PAN), Avon Longitudinal Study of Parents and Children (ALSPAC), International Schizophrenia Consortium, Cooperative Health Research in the Ausburg Region (KORA), TwinsUK.	https://www.ebi.ac.uk/europepmc/webservices/rest/PMC6138682/fullTextXML	curated
COHO:0000105	owl:NamedIndividual	Italian Network on Genetic Isolates Studies	PMID:31784700	PMID:31784700	A bird's-eye view of Italian genomic variation through whole-genome sequencing.	These populations belong to the INGI (Italian Network of Genetic Isolates) network.	https://europepmc.org/articles/PMC7080768	curated
COHO:0000105	owl:NamedIndividual	Italian Network on Genetic Isolates Studies	EGAS00001000458	PMID:34440402	Hearing Function: Identification of New Candidate Genes Further Explaining the Complexity of This Sensory Ability.	This study includes Phase 2 whole-genome sequencing data (at 4x depth)of 100 individuals from an Italian genetic isolate population (Val Borbera, abbreviated VBI) of the Italian Network of Genetic Isolates (INGI).	https://ega-archive.org/studies/EGAS00001000458	curated
COHO:0000105	owl:NamedIndividual	Italian Network on Genetic Isolates Studies	GCST90277987	PMID:37174278	Regulator of G-Protein Signalling 9: A New Candidate Gene for Sweet Food Liking?	All three populations belong to the Italian Network of Genetic Isolates (INGI), a project aimed at studying the genetic basis of complex diseases and phenotypes (including eating habits) [41].	https://www.ebi.ac.uk/europepmc/webservices/rest/PMC10178705/fullTextXML	curated
COHO:0000106	owl:NamedIndividual	Leeds Melanoma Cohort	EGAS00001001158		Leeds_Melanoma_Cohort	Leeds Melanoma Cohort	https://ega-archive.org/studies/EGAS00001001158	curated
COHO:0000106	owl:NamedIndividual	Leeds Melanoma Cohort	GCST90137504	PMID:36064556	Higher polygenic risk for melanoma is associated with improved survival in a high ultraviolet radiation setting.	Significant (P < 5 × 10-8) results were investigated in the Leeds Melanoma Cohort (LMC; 1,947 patients with melanoma; 370 melanoma deaths).	https://www.ebi.ac.uk/europepmc/webservices/rest/search?query=EXT_ID:36064556%20AND%20SRC:MED&resultType=core&format=json	curated
COHO:0000107	owl:NamedIndividual	Leiden Longevity Study	GCST90239997	PMID:26068415	Genome-wide association study identifies novel genetic variants contributing to variation in blood metabolite levels.			curated
COHO:0000107	owl:NamedIndividual	Leiden Longevity Study	EGAS00001000644	PMID:24974849	Whole-genome sequence variation, population structure and demographic history of the Dutch population.	Samples where contributed by LifeLines (http://lifelines.nl/lifelines-research/general), The Leiden Longevity Study (http://www.healthy-ageing.nl; http://www.langleven.net), The Netherlands Twin Registry	https://ega-archive.org/studies/EGAS00001000644	curated
COHO:0000107	owl:NamedIndividual	Leiden Longevity Study	MTBLS974	PMID:31431621	A metabolic profile of all-cause mortality risk identified in an observational study of 44,168 individuals.	The current dataset Leiden Longevity Study Sibs consists of 965 nonagenarian siblings	https://www.ebi.ac.uk/metabolights/ws/studies/public/study/MTBLS974	curated
COHO:0000107	owl:NamedIndividual	Leiden Longevity Study	PXD057946	PMID:40926231	Extreme MetaboHealth scores in three cohort studies associate with plasma protein markers for inflammation and cholesterol transport.	test for association with plasma proteins by comparing extreme scoring individuals selected from two large population cohorts -the Leiden Longevity Study (LLS) and the Rotterdam Study (RS) and discordant monozygotic twin pairs from the Netherlands Twin Register (NTR).	https://www.ebi.ac.uk/pride/ws/archive/v2/projects/PXD057946	curated
COHO:0000108	owl:NamedIndividual	LifeLines	EGAS00001003944	PMID:32679392	Description and determinants of the faecal resistome and microbiome of farmers and slaughterhouse workers: A metagenome-wide cross-sectional study.	Lifelines population living in the Northern parts of the Netherlands	https://ega-archive.org/studies/EGAS00001003944	curated
COHO:0000108	owl:NamedIndividual	LifeLines	GCST90243958	PMID:38643935	Rome III Criteria Capture Higher Irritable Bowel Syndrome SNP-Heritability and Highlight a Novel Genetic Link With Cardiovascular Traits.	We conducted GWAS meta-analyses of Rome III IBS and its subtypes in 24,735 IBS cases and 77,149 asymptomatic control subjects from 2 independent European cohorts (UK Biobank and Lifelines).	https://www.ebi.ac.uk/europepmc/webservices/rest/search?query=EXT_ID:38643935%20AND%20SRC:MED&resultType=core&format=json	curated
COHO:0000109	owl:NamedIndividual	Living Biobank	GCST90011772	PMID:32936915	Genome-Wide Association for HbA1c in Malay Identified Deletion on SLC4A1 that Influences HbA1c Independent of Glycemia.	Living Biobank study (N = 983 on GWAS array and whole-exome sequenced)	https://www.ebi.ac.uk/europepmc/webservices/rest/search?query=ext_id%3A32936915+AND+src%3Amed&format=json&resultType=core	curated
COHO:0000109	owl:NamedIndividual	Living Biobank	EGAS00001002619	PMID:28961250	Estimation of kinship coefficient in structured and admixed populations using sparse sequencing data.	We generated whole-exome sequencing data and Illumina OmniExpress array genotyping data for 1,299 Chinese and 1,229 Malays from the Singapore Living Biobank.	https://ega-archive.org/studies/EGAS00001002619	curated
COHO:0000110	owl:NamedIndividual	Los Angeles component of The Womens Contraceptive and Reproductive Experiences Study	PMID:42098873	PMID:42098873	African ancestry and risk variants associated with triple-negative breast cancer susceptibility in African American women.	the Los Angeles component of the Women’s Contraceptive and Reproductive Experiences Study	https://www.ncbi.nlm.nih.gov/research/bionlp/RESTful/pmcoa.cgi/BioC_xml/PMC13321428/unicode	curated
COHO:0000110	owl:NamedIndividual	Los Angeles component of The Womens Contraceptive and Reproductive Experiences Study	GCST001648	PMID:22923054	A genome-wide association study of breast cancer in women of African ancestry.	Stage 1 of the GWAS included African American participants from 9 epidemiological studies of breast cancer, comprising a total of 3,153 cases and 2,831 controls (cases/controls: The Multiethnic Cohort study (MEC), 734/1,003; The Los Angeles component of The Women’s Contraceptive and Reproductive Experiences (CARE) Study, 380/224;	https://pmc.ncbi.nlm.nih.gov/articles/PMC3749077/	curated
COHO:0000111	owl:NamedIndividual	Lothian Birth Cohort	EGAS00001000910		DNA methylation repeatability in the Lothian Birth Cohorts of 1921 and 1936.	The Lothian Birth Cohort of 1921 and the Lothian Birth Cohort of 1936.	https://ega-archive.org/studies/EGAS00001000910	curated
COHO:0000111	owl:NamedIndividual	Lothian Birth Cohort	GCST001195	PMID:21826061	Genome-wide association studies establish that human intelligence is highly heritable and polygenic.	We present here the results of a genome-wide association study (GWAS) which examines cognitive ability phenotype-genotype associations in the five cohorts which constitute the CAGES (Cognitive Ageing Genetics in England and Scotland) project: the Lothian Birth Cohorts of 1921 and 1936 (LBC1921, LBC1936), the Aberdeen Birth Cohort 1936 (ABC1936), and the Manchester and Newcastle Longitudinal Studies of Cognitive Aging (Supplementary Table 1).	https://www.ebi.ac.uk/europepmc/webservices/rest/PMC3182557/fullTextXML	curated
COHO:0000112	owl:NamedIndividual	Lund Stroke Register	EGAS00001000936		Ischemic stroke in a Swedish case-control study.	Lund Stroke Register	https://ega-archive.org/studies/EGAS00001000936	curated
COHO:0000112	owl:NamedIndividual	Lund Stroke Register	GCST007673	PMID:30796134	Genome-wide association meta-analysis of functional outcome after ischemic stroke.	In 3 studies (Lund Stroke Register, Malmö Diet and Cancer Study, and parts of the Sahlgrenska Academy Study on Ischemic Stroke), data from the Swedish quality register for stroke (Riksstroke) were used to assess mRS by a validated translation algorithm.8,9	https://www.ebi.ac.uk/europepmc/webservices/rest/PMC6511098/fullTextXML	curated
COHO:0000113	owl:NamedIndividual	Marseille Thrombosis Association Study	GCST90446466	PMID:39424413	Genome-Wide Search for Nonadditive Allele Effects Identifies <i>PSKH2</i> as Involved in the Variability of Factor V Activity.	MARTHA [Marseille Thrombosis Association]	https://www.ebi.ac.uk/europepmc/webservices/rest/search?query=ext_id%3A39424413+AND+src%3Amed&format=json&resultType=core	curated
COHO:0000113	owl:NamedIndividual	Marseille Thrombosis Association Study	EGAS00001002123	PMID:28053049	Genome-wide association study with additional genetic and post-transcriptional analyses reveals novel regulators of plasma factor XI levels.	Individual GWAS analyses, including a total of 16,169 European individuals from the ARIC, GHS, MARTHA and PROCARDIS studies, were meta-analyzed, and results are presented here.	https://ega-archive.org/studies/EGAS00001002123	curated
COHO:0000114	owl:NamedIndividual	Mexican Biobank	EGAS00001005797		Mexican Biobank Project	we present the data from the Mexican Biobank Project	https://ega-archive.org/studies/EGAS00001005797	curated
COHO:0000114	owl:NamedIndividual	Mexican Biobank	GCST90296592	PMID:37821706	Mexican Biobank advances population and medical genomics of diverse ancestries.	To fill this gap, the Mexican Biobank project genotyped 6,057 individuals from 898 rural and urban localities across all 32 states in Mexico at a resolution of 1.8 million genome-wide markers with linked complex trait and disease information creating a valuable nationwide genotype-phenotype database.	https://www.ebi.ac.uk/europepmc/webservices/rest/search?query=EXT_ID:37821706%20AND%20SRC:MED&resultType=core&format=json	curated
COHO:0000115	owl:NamedIndividual	MIRAGE	GCST001342	PMID:22159054	A comprehensive genetic association study of Alzheimer disease in African Americans.	Multi-Institutional Research on Alzheimer Genetic Epidemiology (MIRAGE) Study	https://eutils.ncbi.nlm.nih.gov/entrez/eutils/efetch.fcgi?db=pmc&id=3356921	curated
COHO:0000116	owl:NamedIndividual	Molecular Genetics of Schizophrenia Collaboration	GCST000434	PMID:19571811	Common polygenic variation contributes to risk of schizophrenia and bipolar disorder.	We exchanged GWAS summary results with the Molecular Genetics of Schizophrenia (MGS)	https://www.ncbi.nlm.nih.gov/research/bionlp/RESTful/pmcoa.cgi/BioC_xml/PMC3912837/unicode	curated
COHO:0000117	owl:NamedIndividual	MOnica Risk, Genetics, Archiving and Monograph	PMID:22848412	PMID:22848412	Genetic markers enhance coronary risk prediction in men: the MORGAM prospective cohorts.	MORGAM (MOnica Risk, Genetics, Archiving, Monograph) cohorts	https://europepmc.org/articles/PMC3405046	curated
COHO:0000117	owl:NamedIndividual	MOnica Risk, Genetics, Archiving and Monograph	GCST003431	PMID:26950853	Genome-Wide Association Study for Incident Myocardial Infarction and Coronary Heart Disease in Prospective Cohort Studies: The CHARGE Consortium.	Stage II comprised individuals from: The Health, Aging, and Body Composition (Health ABC) Study; The Health Professionals Follow-Up Study (HPFS); The Nurses’ Health Study (NHS); PROSPER/PHASE Study; the Study of Health in Pomerania (SHIP); The Women’s Genome Health Study (WGHS); the MOnica Risk, Genetics, Archiving and Monograph (MORGAM) Study comprising the Alpha-Tocopherol, Beta-Carotene (ATBC) Study; The FINRISK Study; The PRIME Study (including the PRIME cohorts of Belfast, Lille, Strasbourg and Toulouse); The Northern Sweden Study.	https://www.ebi.ac.uk/europepmc/webservices/rest/PMC4780701/fullTextXML	curated
COHO:0000118	owl:NamedIndividual	Monitoring of Trends and Determinants in Cardiovascular Disease	PMID:22162987	PMID:22162987	RANTES/CCL5 and risk for coronary events: results from the MONICA/KORA Augsburg case-cohort, Athero-Express and CARDIoGRAM studies.	We conducted a case-cohort study within the population-based MONICA/KORA Augsburg studies.	https://europepmc.org/articles/PMC3232218	curated
COHO:0000118	owl:NamedIndividual	Monitoring of Trends and Determinants in Cardiovascular Disease	GCST000366	PMID:20031576	Association of novel genetic Loci with circulating fibrinogen levels: a genome-wide association study in 6 population-based cohorts.	We conducted a genome-wide association analysis on 6 population-based studies, the Rotterdam Study, the Framingham Heart Study, the Cardiovascular Health Study, the Atherosclerosis Risk in Communities Study, the Monitoring of Trends and Determinants in Cardiovascular Disease/KORA Augsburg Study, and the British 1958 Birth Cohort Study, including 22 096 participants of European ancestry.	https://www.ebi.ac.uk/europepmc/webservices/rest/search?query=EXT_ID:20031576%20AND%20SRC:MED&resultType=core&format=json	curated
COHO:0000119	owl:NamedIndividual	Multi-Ethnic Study of Atherosclerosis	GCST90095178	PMID:34732054	Identification of Functional Genetic Determinants of Cardiac Troponin T and I in a Multiethnic Population and Causal Associations With Atrial Fibrillation.	Multi-Ethnic Study of Atherosclerosis	https://www.ncbi.nlm.nih.gov/research/bionlp/RESTful/pmcoa.cgi/BioC_xml/PMC8692416/unicode	GWAS Catalog
COHO:0000120	owl:NamedIndividual	Multicenter Family Study	GCST002149	PMID:23974872	Genome-wide association analysis identifies 13 new risk loci for schizophrenia.	the Multicenter Family Study	https://europepmc.org/articles/PMC3827979	curated
COHO:0000121	owl:NamedIndividual	Multiethnic Cohort Study of Diet and Health	GCST90027067	PMID:34329319	Genome-wide association study of pancreatic fat: The Multiethnic Cohort Adiposity Phenotype Study.	Multiethnic Cohort-Adiposity Phenotype Study	https://www.ebi.ac.uk/europepmc/webservices/rest/search?query=ext_id%3A34329319+AND+src%3Amed&format=json&resultType=core	GWAS Catalog
COHO:0000122	owl:NamedIndividual	Multiple Environmental and Genetic Assessment of Risk Factors for Venous Thrombosis	GCST90446466	PMID:39424413	Genome-Wide Search for Nonadditive Allele Effects Identifies <i>PSKH2</i> as Involved in the Variability of Factor V Activity.	MEGA [Multiple Environmental and Genetic Assessment]	https://www.ebi.ac.uk/europepmc/webservices/rest/search?query=ext_id%3A39424413+AND+src%3Amed&format=json&resultType=core	GWAS Catalog
COHO:0000123	owl:NamedIndividual	National Health Service Blood and Transplant	GCST90243401	PMID:29875488	Genomic atlas of the human plasma proteome.	National Health Service Blood and Transplant (NHSBT)	https://eutils.ncbi.nlm.nih.gov/entrez/eutils/efetch.fcgi?db=pmc&id=6697541	curated
COHO:0000123	owl:NamedIndividual	National Health Service Blood and Transplant	EGAS00001000825	PMID:32150548	The influence of rare variants in circulating metabolic biomarkers.	Participants in the INTERVAL randomised controlled trial were recruited with the active collaboration of NHS Blood and Transplant England	https://www.ebi.ac.uk/europepmc/webservices/rest/PMC7108731/fullTextXML	curated
COHO:0000124	owl:NamedIndividual	National Study of Colorectal Cancer Genetics	GCST000270	PMID:19011631	Meta-analysis of genome-wide association data identifies four new susceptibility loci for colorectal cancer.	National Study of Colorectal Cancer Genetics (NSCCG)	https://eutils.ncbi.nlm.nih.gov/entrez/eutils/efetch.fcgi?db=pmc&id=2836775	curated
COHO:0000124	owl:NamedIndividual	National Study of Colorectal Cancer Genetics	EGAS00001005412	PMID:36539618	Deciphering colorectal cancer genetics through multi-omic analysis of 100,204 cases and 154,587 controls of European and east Asian ancestries.	Genotype data of 7,281 individuals with colorectal cancer from the National Study of Colorectal Cancer Genetics (NSCCG) study.	https://ega-archive.org/studies/EGAS00001005412	curated
COHO:0000125	owl:NamedIndividual	Netherlands Twin Registry	GCST90240004	PMID:26068415	Genome-wide association study identifies novel genetic variants contributing to variation in blood metabolite levels.			curated
COHO:0000125	owl:NamedIndividual	Netherlands Twin Registry	EGAS00001000644	PMID:24974849	Whole-genome sequence variation, population structure and demographic history of the Dutch population.	Samples where contributed by LifeLines (http://lifelines.nl/lifelines-research/general), The Leiden Longevity Study (http://www.healthy-ageing.nl; http://www.langleven.net), The Netherlands Twin Registry (NTR: http://www.tweelingenregister. org)	https://ega-archive.org/studies/EGAS00001000644	curated
COHO:0000126	owl:NamedIndividual	New England-based Case-Control Study of Ovarian Cancer	PMID:33634849	PMID:33634849	Intrauterine device use and risk of ovarian cancer: Results from the New England Case-Control study and Nurses' Health Studies.	Data from the New England Case-Control Study (NEC)	https://www.ncbi.nlm.nih.gov/research/bionlp/RESTful/pmcoa.cgi/BioC_xml/PMC8720374/unicode	curated
COHO:0000126	owl:NamedIndividual	New England-based Case-Control Study of Ovarian Cancer	GCST009008	PMID:31469419	Identification of novel epithelial ovarian cancer loci in women of African ancestry.	We also thank other OCAC members who provided less than 10 EOC samples for the current analysis: Diether Lambrechts (BEL), Digna Velez Edwards (BVU), James Brenton (CAM), Mary Anne Rossing (DOV), Marc Goodman (HAW), Ellen Goode (MAY), Douglas Levine (MSK), Daniel Cramer (NEC)	https://pmc.ncbi.nlm.nih.gov/articles/PMC7523187/	curated
COHO:0000127	owl:NamedIndividual	NIDDK	GCST90295922	PMID:37688361	A pilot genome-wide association study meta-analysis of gastroparesis.	The Gastroparesis Clinical Research Consortium (GpCRC) is a network of GI tertiary centers in the United States sponsored by the National Institute of Diabetes and Digestive and Kidney Diseases (NIDDK) that aims to advance knowledge and treatments for GP.	https://www.ebi.ac.uk/europepmc/webservices/rest/PMC10576603/fullTextXML	curated
COHO:0000128	owl:NamedIndividual	Nijmegen Biomedical Study	GCST90244792	PMID:36551779	A Genome-Wide Association Study into the Aetiology of Congenital Solitary Functioning Kidney.	6468 participants who donated blood samples for the Nijmegen Biomedical Study	https://www.ebi.ac.uk/europepmc/webservices/rest/PMC9775328/fullTextXML	GWAS Catalog
COHO:0000129	owl:NamedIndividual	Northern Ireland Cohort for Longitudinal Study of Ageing	GCST010723	PMID:32843070	Genome-wide association meta-analysis for early age-related macular degeneration highlights novel loci and insights for advanced disease.	Northern Ireland Cohort for Longitudinal Study of Ageing	https://www.ebi.ac.uk/europepmc/webservices/rest/PMC7449002/fullTextXML	curated
COHO:0000129	owl:NamedIndividual	Northern Ireland Cohort for Longitudinal Study of Ageing	EGAS00001007915	PMID:41857591	Baseline epigenetic clock measures in the Northern Ireland Cohort for the Longitudinal Study of Ageing (NICOLA).	In NICOLA we have 551,839 directly genotyped and 18,148,478 imputed Single Nucleotide Polymorphisms (SNPs) currently available for 2969 participants.	https://ega-archive.org/studies/EGAS00001007915	curated
COHO:0000130	owl:NamedIndividual	Northern Sweden Population Health Study	EGAS50000000906	PMID:28832569	SweGen: a whole-genome data resource of genetic variability in a cross-section of the Swedish population.	whole-genome sequencing data in CRAM-format for 58 individuals from the Northern Sweden Population Health Study	https://ega-archive.org/studies/EGAS50000000906	curated
COHO:0000130	owl:NamedIndividual	Northern Sweden Population Health Study	GCST009696	PMID:28915241	The relative contribution of DNA methylation and genetic variants on protein biomarkers for human diseases.	Northern Sweden Population Health Study (NSPHS), the study cohort used in this project, was a health survey of the population in the parishes of Karesuando (year 2006) and Soppero (year 2009), county of Norrbotten.	https://www.ebi.ac.uk/europepmc/webservices/rest/PMC5617224/fullTextXML	curated
COHO:0000131	owl:NamedIndividual	Norwegian Mother and Child Cohort study	GCST90104629	PMID:35315439	Characterization of the genetic architecture of infant and early childhood body mass index.	Norwegian Mother, Father and Child Cohort Study	https://www.ebi.ac.uk/europepmc/webservices/rest/search?query=ext_id%3A35315439+AND+src%3Amed&format=json&resultType=core	curated
COHO:0000131	owl:NamedIndividual	Norwegian Mother and Child Cohort study	EGAS00001001266	PMID:33239696	Genetic predisposition to hypertension is associated with preeclampsia in European and Central Asian women.	The Norwegian MoBa (Mother, Father and Child Cohort Study) is a longitudinal study of over 110,000 pregnant women, their children and partners, recruited between 1999 and 2008 from maternity units throughout Norway	https://www.ebi.ac.uk/europepmc/webservices/rest/PMC7688949/fullTextXML	curated
COHO:0000132	owl:NamedIndividual	Orkney Complex Disease Study	EGAS00001000068		ORCADES_WGA	400 subjects from the Orkney Complex Disease Study	https://ega-archive.org/studies/EGAS00001000068	curated
COHO:0000132	owl:NamedIndividual	Orkney Complex Disease Study	GCST004927	PMID:28878392	Multivariate discovery and replication of five novel loci associated with Immunoglobulin G N-glycosylation.	The Orkney Complex Disease Study (ORCADES) is a family-based study of 2078 individuals aged 16–100 years recruited between 2005 and 2011 in the isolated Scottish archipelago of Orkney26.	https://www.ebi.ac.uk/europepmc/webservices/rest/PMC5587582/fullTextXML	curated
COHO:0000133	owl:NamedIndividual	Outcome Reduction With Initial Glargine Intervention Trial	GCST90129631	PMID:35446786	Genome-wide studies reveal factors associated with circulating uromodulin and its relationships to complex diseases.	Outcome Reduction with an Initial Glargine Intervention	https://www.ebi.ac.uk/europepmc/webservices/rest/PMC9220927/fullTextXML	GWAS Catalog
COHO:0000134	owl:NamedIndividual	Ovarian Cancer Association Consortium	EGAS00001002305	PMID:27697780	The OncoArray Consortium: A Network for Understanding the Genetic Architecture of Common Cancers.	genotype ovarian cancer cases and controls from multiple studies participating in the Ovarian Cancer Association Consortium	https://ega-archive.org/studies/EGAS00001002305	curated
COHO:0000134	owl:NamedIndividual	Ovarian Cancer Association Consortium	GCST90292521	PMID:38443389	Genome-wide association analyses of ovarian cancer patients undergoing primary debulking surgery identify candidate genes for residual disease.	First, we undertook a GWAS of resection status in a large dataset from the Ovarian Cancer Association Consortium using complete resection vs any residual disease.	https://www.ebi.ac.uk/europepmc/webservices/rest/PMC10915171/fullTextXML	curated
COHO:0000136	owl:NamedIndividual	Oxford Biobank	EGAS00001002906		Exome genotype data and phenotype data for the Oxford BioBank dataset.	Exome genotype data and phenotype data for the Oxford BioBank dataset	https://ega-archive.org/studies/EGAS00001002906	curated
COHO:0000136	owl:NamedIndividual	Oxford Biobank	GCST001220	PMID:21931564	A genome-wide metabolic QTL analysis in Europeans implicates two loci shaped by recent positive selection.	The MolOBB cohort comprised 69 participants in the Oxford Biobank (OBB) [20].	https://www.ebi.ac.uk/europepmc/webservices/rest/PMC3169529/fullTextXML	curated
COHO:0000137	owl:NamedIndividual	PanCareLIFE	GCST90838701	PMID:38729340	Interindividual variation in ovarian reserve after gonadotoxic treatment in female childhood cancer survivors - a genome-wide association study: results from PanCareLIFE.	A discovery cohort of adult female childhood cancer survivors from the pan-European PanCareLIFE cohort	https://www.ebi.ac.uk/europepmc/webservices/rest/search?query=ext_id%3A38729340+AND+src%3Amed&format=json&resultType=core	GWAS Catalog
COHO:0000138	owl:NamedIndividual	Parkinson Environment and Gene	PMID:40094665	PMID:40094665	Interaction Between Traffic-Related Air Pollution and Parkinson Disease Polygenic Risk Score.	The Parkinson Environment and Genes (PEG) study in California	https://eutils.ncbi.nlm.nih.gov/entrez/eutils/efetch.fcgi?db=pmc&id=11915066	curated
COHO:0000138	owl:NamedIndividual	Parkinson Environment and Gene	GCST001205	PMID:21876681	Genome-wide gene-environment study identifies glutamate receptor gene GRIN2A as a Parkinson's disease modifier gene via interaction with coffee.	For the present GWAIS, Replication samples were provided by PEG [20] (Parkinson, Environment, and Gene), PAGE [21] (Parkinson's, Genes, and Environment from the prospective NIH-AARP Diet and Health Study cohort), and HIHG [9] (Hussman Institute for Human Genomics).	https://www.ebi.ac.uk/europepmc/webservices/rest/PMC3158052/fullTextXML	curated
COHO:0000139	owl:NamedIndividual	People of the British Isles	EGAS00001000672		WTCCC2 People of the British Isles (POBI) genotypes	approximately 2,900 individuals from the People of the British Isles	https://ega-archive.org/studies/EGAS00001000672	curated
COHO:0000139	owl:NamedIndividual	People of the British Isles	GCST001675	PMID:22961001	Common variants at the MHC locus and at chromosome 16q24.1 predispose to Barrett's esophagus.	This comprised 1,105 cases from ChOPIN and EAGLE and 4,421 controls from the 58C control dataset, all genotyped on the Illumina Immunochip23 (WTCCC2 contributed SNPs to the Immunochip design to allow for its replication studies, and the set of 100 SNPs followed up in our Stage 1 replication were all on the Immunochip), and a further set of 2,578 UK controls (the People of the British Isles (PoBI) collection 24) genotyped on the Illumina custom Human 1.2M-Duo array.	https://www.ebi.ac.uk/europepmc/webservices/rest/PMC3459818/fullTextXML	curated
COHO:0000140	owl:NamedIndividual	Physical Activity and Nutrition in Children Study	GCST90275189	PMID:37798380	Genome-wide association study of placental weight identifies distinct and shared genetic influences between placental and fetal growth.	Physical Activity and Nutrition in Children study	https://www.ebi.ac.uk/europepmc/webservices/rest/PMC10632150/supplementaryFiles#41588_2023_1520_MOESM1_ESM.pdf	curated
COHO:0000140	owl:NamedIndividual	Physical Activity and Nutrition in Children Study	EGAS50000000708		Saliva Microbiota of Finnish children from the PANIC study	Saliva Microbiota of Finnish children aged between 6-8 yrs in the PANIC study. Baseline data. Studied for various lifestyle conditions and oral diseases (without caries/with caries).	https://ega-archive.org/studies/EGAS50000000708	curated
COHO:0000141	owl:NamedIndividual	Population-based Colonoscopy study	GCST90002250	PMID:34957435	GWAS of stool frequency provides insights into gastrointestinal motility and irritable bowel syndrome.	The Population-based Colonoscopy (PopCol) study is a cohort of Swedish-born individuals from Stockholm, Sweden	https://www.ebi.ac.uk/europepmc/webservices/rest/PMC8654685/fullTextXML	curated
COHO:0000141	owl:NamedIndividual	Population-based Colonoscopy study	EGAS00001004869	PMID:33462485	Large-scale association analyses identify host factors influencing human gut microbiome composition.	PopCol is a cohort study in Stockholm, Sweden that includes a data-rich set of individuals with data available from bowel symptoms questionnaires, gastroenterology visits and biospecimens (genotype and 16S sequencing from blood and stool samples, respectively).	https://ega-archive.org/studies/EGAS00001004869	curated
COHO:0000142	owl:NamedIndividual	Precocious Coronary Artery Disease Study	GCST90271557	PMID:37679419	GWAS of random glucose in 476,326 individuals provide insights into diabetes pathophysiology, complications and treatment stratification.	PROCARDIS	https://www.ebi.ac.uk/europepmc/webservices/rest/PMC10484788/supplementaryFiles#41588_2023_1462_MOESM6_ESM.xlsx	curated
COHO:0000142	owl:NamedIndividual	Precocious Coronary Artery Disease Study	EGAS00000000055	PMID:20032323	Genetic variants associated with Lp(a) lipoprotein level and coronary disease.	Procardis study on novel susceptibility genes for coronary artery disease (CAD)	https://ega-archive.org/studies/EGAS00000000055	curated
COHO:0000143	owl:NamedIndividual	Pressioni Arteriose Monitorate E Loro Associazionie	PMID:15809377	PMID:15809377	Prognostic value of ambulatory and home blood pressures compared with office blood pressure in the general population: follow-up results from the Pressioni Arteriose Monitorate e Loro Associazioni (PAMELA) study.	Pressioni Arteriose Monitorate e Loro Associazioni (PAMELA) study	https://europepmc.org/article/MED/15809377	curated
COHO:0000143	owl:NamedIndividual	Pressioni Arteriose Monitorate E Loro Associazionie	GCST000849	PMID:21082022	Genome-wide association study of blood pressure extremes identifies variant near UMOD associated with hypertension.	The validation cohorts were the MONItoring trends and determinants of CArdiovascular diseases (MONICA)/Pressioni Arteriose Monitorate E Loro Associazioni (PAMELA) studies (894 cases/746 controls) from Northern Italy [6], [28],	https://www.ebi.ac.uk/europepmc/webservices/rest/PMC2965757/fullTextXML	curated
COHO:0000144	owl:NamedIndividual	Prospective Investigation of the Vasculature in Uppsala Seniors	GCST90096810	PMID:34523676	Blood copper and risk of cardiometabolic diseases: a Mendelian randomization study.	Prospective investigation of the Vasculature in Uppsala Seniors study	https://www.ebi.ac.uk/europepmc/webservices/rest/search?query=ext_id%3A34523676+AND+src%3Amed&format=json&resultType=core	curated
COHO:0000144	owl:NamedIndividual	Prospective Investigation of the Vasculature in Uppsala Seniors	EGAS00001003583	PMID:31684996	Genetic regulation of gene expression and splicing during a 10-year period of human aging.	We performed RNA sequencing in whole-blood from the same individuals from the PIVUS study at ages 70 and 80 to quantify how gene expression, alternative splicing, and their genetic regulation are altered during this 10-year period of advanced aging.	https://ega-archive.org/studies/EGAS00001003583	curated
COHO:0000144	owl:NamedIndividual	Prospective Investigation of the Vasculature in Uppsala Seniors	MTBLS90	PMID:25502724	Large-scale metabolomic profiling identifies novel biomarkers for incident coronary heart disease.	Large-scale non-targeted serum metabolomics in the Prospective Investigation of the Vasculature in Uppsala Seniors	https://www.ebi.ac.uk/metabolights/ws/studies/public/study/MTBLS90	curated
COHO:0000145	owl:NamedIndividual	Psoriasis Association Genetics Extension	GCST005527	PMID:23143594	Identification of 15 new psoriasis susceptibility loci highlights the role of innate immunity.	Psoriasis Association Genetics Extension (PAGE: 3,580 cases and 5,902 controls)	https://europepmc.org/articles/PMC3510312	curated
COHO:0000146	owl:NamedIndividual	Psychiatric GWAS Consortium	GCST001241	PMID:21926972	Large-scale genome-wide association analysis of bipolar disorder identifies a new susceptibility locus near ODZ4.	Psychiatric Genome-wide Association Study Consortium (PGC)	https://eutils.ncbi.nlm.nih.gov/entrez/eutils/efetch.fcgi?db=pmc&id=3637176	curated
COHO:0000146	owl:NamedIndividual	Psychiatric GWAS Consortium	EGAS00001001960	PMID:27869829	Contribution of copy number variants to schizophrenia from a genome-wide study of 41,321 subjects.	Here, we report the largest genome-wide analysis of CNVs for any psychiatric disorder to date, using datasets assembled by the Schizophrenia Working Group of the PGC.	https://www.ncbi.nlm.nih.gov/research/bionlp/RESTful/pmcoa.cgi/BioC_json/PMC5737772/unicode	curated
COHO:0000147	owl:NamedIndividual	Research on Adolescent Development and Relationships	PMID:26997371	PMID:26997371	Genome-wide DNA methylation levels and altered cortisol stress reactivity following childhood trauma in humans.	Research on Adolescent Development and Relationships Young cohort	https://europepmc.org/articles/PMC4802173	curated
COHO:0000147	owl:NamedIndividual	Research on Adolescent Development and Relationships	GCST003382	PMID:27023175	Genome-wide association study of lifetime cannabis use based on a large meta-analytic sample of 32 330 subjects from the International Cannabis Consortium.	Data of the RADAR study were used.	https://www.ebi.ac.uk/europepmc/webservices/rest/PMC4872459/fullTextXML	curated
COHO:0000148	owl:NamedIndividual	Rotterdam Study	EGAS00001008117		Plasma MicroRNA Signatures of Aging	2,684 participants from the population-based Rotterdam Study cohort	https://ega-archive.org/studies/EGAS00001008117	curated
COHO:0000148	owl:NamedIndividual	Rotterdam Study	GCST90013658	PMID:33717105	Common and Rare Variants Genetic Association Analysis of Circulating Neutrophil Extracellular Traps.	We performed a genome-wide association study (GWAS) and exome-sequencing analysis to identify common and rare genetic variants associated with plasma myeloperoxidase (MPO)-DNA complex levels, a biomarker for NETs, in the population-based Rotterdam Study cohort.	https://www.ebi.ac.uk/europepmc/webservices/rest/search?query=EXT_ID:33717105%20AND%20SRC:MED&resultType=core&format=json	curated
COHO:0000148	owl:NamedIndividual	Rotterdam Study	PXD057946	PMID:40926231	Extreme MetaboHealth scores in three cohort studies associate with plasma protein markers for inflammation and cholesterol transport.	Using a Luminex cytokine assay and liquid chromatography-mass spectrometry-based proteomics we explored the plasma proteins associating with the difference in 100 extreme scoring individuals selected from two large population cohorts, the Leiden Longevity Study (LLS) and the Rotterdam Study (RS), and discordant monozygotic twin pairs from the Netherlands Twin Register (NTR).	https://www.ebi.ac.uk/europepmc/webservices/rest/PMC12418662/fullTextXML	curated
COHO:0000149	owl:NamedIndividual	Saguenay-Lac-Saint-Jean asthma study	PMID:23066387	PMID:23066387	Association study of genes associated to asthma in a specific environment, in an asthma familial collection located in a rural area influenced by different industries.	a familial collection from a founder and remote population (Saguenay–Lac-Saint-Jean; SLSJ)	https://europepmc.org/articles/PMC3447577	curated
COHO:0000149	owl:NamedIndividual	Saguenay-Lac-Saint-Jean asthma study	EGAS00001003103	PMID:30206357	Exploring rare and low-frequency variants in the Saguenay-Lac-Saint-Jean population identified genes associated with asthma and allergy traits.	Samples from 149 trios from the Saguenay-Lac-Saint-Jean asthma familial cohort were all sequenced using a custom capture panel developed by our group, followed by next-generation sequencing.	https://ega-archive.org/studies/EGAS00001003103	curated
COHO:0000149	owl:NamedIndividual	Saguenay-Lac-Saint-Jean asthma study	GCST003521	PMID:27445529	Identification of Susceptibility Genes of Adult Asthma in French Canadian Women.	Asthma-associated SNPs were tested for replication in women participants of the Saguenay-Lac-Saint-Jean (SLSJ) asthma family collection (n = 353).	https://www.ebi.ac.uk/europepmc/webservices/rest/PMC4904514/fullTextXML	curated
COHO:0000150	owl:NamedIndividual	Sahlgrenska Academy Study on Ischemic Stroke	EGAS00001000936		Ischemic stroke in a Swedish case-control study.	Sahlgrenska Academy Study on Ischemic Stroke	https://ega-archive.org/studies/EGAS00001000936	curated
COHO:0000150	owl:NamedIndividual	Sahlgrenska Academy Study on Ischemic Stroke	GCST005412	PMID:29378355	A Genome-wide Study of Common and Rare Genetic Variants Associated with Circulating Thrombin Activatable Fibrinolysis Inhibitor.	These participants included 600 cases with ischaemic stroke at ages 18 to 69 years and 600 controls matched for age and sex from the Sahlgrenska Academy Study on Ischemic Stroke (SAHLSIS 28 ) and 2,060 population-based participants from the prospective Malmö Diet and Cancer Study (MDC 29 ) of whom 1,812 have not had a cardiovascular event and 248 had an ischaemic stroke during follow-up.	https://www.ebi.ac.uk/europepmc/webservices/rest/PMC6260132/fullTextXML	curated
COHO:0000151	owl:NamedIndividual	SardiNIA Study of Aging	GCST90001391	PMID:32929287	Complex genetic signatures in immune cells underlie autoimmunity and inform therapy.	The SardiNIA project is a longitudinal study comprising 6,602 general population individuals	https://www.ncbi.nlm.nih.gov/research/bionlp/RESTful/pmcoa.cgi/BioC_xml/PMC8517961/unicode	curated
COHO:0000151	owl:NamedIndividual	SardiNIA Study of Aging	EGAS00001002212	PMID:26366554	Genome sequencing elucidates Sardinian genetic architecture and augments association analyses for lipid and blood inflammatory markers.	The dataset includes the VCF files with the list of variants, and their frequency, found in 3,514 Sardinian individuals recruited from the SardiNIA longitudinal study (N=2090) and from a case-control study of autoimmune diseases in Sardinia (N=1424).	https://ega-archive.org/studies/EGAS00001002212	curated
COHO:0000152	owl:NamedIndividual	Scania Diabetes Registry	GCST90061374	PMID:34601942	Genome-Wide Association Study of Peripheral Artery Disease.			curated
COHO:0000152	owl:NamedIndividual	Scania Diabetes Registry	EGAS00001001459	PMID:31118516	Exome sequencing of 20,791 cases of type 2 diabetes and 24,440 controls.	individuals drawn from three prospective cohorts: the Malmö Preventive Project, the Scania Diabetes Registry, and the Botnia Study	https://www.ebi.ac.uk/europepmc/webservices/rest/PMC6699738/supplementaryFiles	curated
COHO:0000153	owl:NamedIndividual	Shanghai Study	EGAS00001000853		Whole exome sequencing for gallbladder cancer in Xinhua Hospital Affiliated to Shanghai Jiao Tong University, School of Medicine			curated
COHO:0000154	owl:NamedIndividual	Short Course Oncology Treatment trial	PMID:29611518	PMID:29611518	3 versus 6 months of adjuvant oxaliplatin-fluoropyrimidine combination therapy for colorectal cancer (SCOT): an international, randomised, phase 3, non-inferiority trial.	The SCOT study was an international, randomised, phase 3, non-inferiority trial	https://europepmc.org/articles/PMC5883334	curated
COHO:0000154	owl:NamedIndividual	Short Course Oncology Treatment trial	GCST007992	PMID:31089142	Association analyses identify 31 new risk loci for colorectal cancer susceptibility.	The SCOT GWAS comprised 3076 cases from the Short Course Oncology Treatment (SCOT) trial—a study of adjuvant chemotherapy in colorectal cancer by the CACTUS and OCTO groups44.	https://www.ebi.ac.uk/europepmc/webservices/rest/PMC6517433/fullTextXML	curated
COHO:0000155	owl:NamedIndividual	Simons Simplex Collection	EGAS00001005753		Genome-wide Rare Variant Score Associates With Morphological Subtypes of Autism Spectrum Disorder	442 ASD probands that had accompanying morphology data in the Simons Simplex Collection	https://ega-archive.org/studies/EGAS00001005753	curated
COHO:0000155	owl:NamedIndividual	Simons Simplex Collection	GCST002639	PMID:25534755	A genome-wide association study of autism using the Simons Simplex Collection: Does reducing phenotypic heterogeneity in autism increase genetic homogeneity?	Genome-wide genotypic data of 2576 families from the Simons Simplex Collection were analyzed in the overall sample and phenotypic subgroups defined on the basis of diagnosis, IQ, and symptom profiles.	https://www.ebi.ac.uk/europepmc/webservices/rest/search?query=EXT_ID:25534755%20AND%20SRC:MED&resultType=core&format=json	curated
COHO:0000156	owl:NamedIndividual	Singapore Chinese Study	GCST002340	PMID:24448986	Genome-wide association study identifies a new SMAD7 risk variant associated with colorectal cancer risk in East Asians.	Singapore Chinese Study (SCH, n = 2,000)	https://www.ncbi.nlm.nih.gov/research/bionlp/RESTful/pmcoa.cgi/BioC_xml/PMC4051826/unicode	curated
COHO:0000157	owl:NamedIndividual	SORCE	EGAS00001002336	PMID:23184150	Common variation at 2q22.3 (ZEB2) influences the risk of renal cancer.	856 cases from SORCE, a MRC collection of surgically treated RCC cases	https://ega-archive.org/studies/EGAS00001002336	curated
COHO:0000157	owl:NamedIndividual	SORCE	GCST001750	PMID:23184150	Common variation at 2q22.3 (ZEB2) influences the risk of renal cancer.	The newly scanned cases comprised 856 cases ascertained through the TRANSORCE study of an ongoing collection of RCC cases ascertained as part of the Medical Research Council (MRC) SORCE trial through UK clinical oncology centres and 189 RCC cases collected through the Institute of Cancer Research and Royal Marsden NHS Hospitals Trust.	https://pmc.ncbi.nlm.nih.gov/articles/PMC3554205/	curated
COHO:0000158	owl:NamedIndividual	Spit for Science	GCST009886	PMID:30482948	Transancestral GWAS of alcohol dependence reveals common genetic underpinnings with psychiatric disorders.	Funding support for Spit for Science (dbGAP in progress) has been provided by Virginia Commonwealth University	https://europepmc.org/articles/PMC6430207	curated
COHO:0000159	owl:NamedIndividual	Sweden Bipolar Disorder Cohort	GCST90274758	PMID:37563310	Genetics of circulating inflammatory proteins identifies drivers of immune-mediated disease risk and therapeutic targets.			curated
COHO:0000159	owl:NamedIndividual	Sweden Bipolar Disorder Cohort	EGAS00001005860	PMID:35410376	Exome sequencing in bipolar disorder identifies AKAP11 as a risk gene shared with schizophrenia.	In this project we sequenced and analyzed the whole exomes of 5340 SWEBIC Bipolar case samples from collaborators in Sweden.	https://ega-archive.org/studies/EGAS00001005860	curated
COHO:0000160	owl:NamedIndividual	Swedish Twin Registry	GCST90102256	PMID:34982741	Risk of Revision After Arthroplasty Associated with Specific Gene Loci: A Genomewide Association Study of Single-Nucleotide Polymorphisms in 1,130 Twins Treated with Arthroplasty.	a cohort of 1,130 twins from the Swedish Twin Registry	https://www.ebi.ac.uk/europepmc/webservices/rest/search?query=ext_id%3A34982741+AND+src%3Amed&format=json&resultType=core	curated
COHO:0000160	owl:NamedIndividual	Swedish Twin Registry	EGAS50000000906	PMID:28832569	SweGen: a whole-genome data resource of genetic variability in a cross-section of the Swedish population.	This Study contains four datasets where the first one contains whole-genome sequencing data in CRAM-format for 942 individuals from the Swedish Twin Registry	https://ega-archive.org/studies/EGAS50000000906	curated
COHO:0000160	owl:NamedIndividual	Swedish Twin Registry	MTBLS93	PMID:25502724	Large-scale metabolomic profiling identifies novel biomarkers for incident coronary heart disease.	Large-scale non-targeted serum metabolomics in the Swedish Twin Registry	https://www.ebi.ac.uk/metabolights/ws/studies/public/study/MTBLS93	curated
COHO:0000161	owl:NamedIndividual	Taiwan Type 2 Diabetes Study	GCST002167	PMID:24001895	Genome-wide association study meta-analysis reveals transethnic replication of mean arterial and pulse pressure loci.	Taiwan Type 2 Diabetes Study	https://www.ncbi.nlm.nih.gov/research/bionlp/RESTful/pmcoa.cgi/BioC_xml/PMC3972802/unicode	curated
COHO:0000162	owl:NamedIndividual	TEENs of Attica: Genes and Environment	EGAS00001000996	PMID:23347264	Replication of established common genetic variants for adult BMI and childhood obesity in Greek adolescents: the TEENAGE study.	TEENAGE (TEENs of Attica: Genes and Environment) study	https://ega-archive.org/studies/EGAS00001000996	curated
COHO:0000162	owl:NamedIndividual	TEENs of Attica: Genes and Environment	GCST002427	PMID:24770850	Genome-wide association study of sexual maturation in males and females highlights a role for body mass and menarche loci in male puberty.	Cohorts contributing to the female discovery analysis were the ALSPAC, 1958 British Birth Cohort (BC58-T1DGC and BC58-WTCCC), Cardiovascular Risk in YFS, Netherlands Twin Registry (NTR) and TEENAGE study.	https://pmc.ncbi.nlm.nih.gov/articles/PMC4168307/	curated
COHO:0000163	owl:NamedIndividual	The English Longitudinal Study of Ageing	EGAS00001001036		English Longitudinal Study of Ageing Genome-wide genotyping using the Illumina HumanOmni2.5-8	Genome Wide Association Study (GWAS) in the English Longitudinal Study of Ageing	https://ega-archive.org/studies/EGAS00001001036	curated
COHO:0000163	owl:NamedIndividual	The English Longitudinal Study of Ageing	GCST008513	PMID:31250787	Genetic Contributions to Health Literacy.	Using 5783 English Longitudinal Study of Ageing (ELSA) participants (mean age = 65.49, SD = 9.55) who had genotyping data and had completed a health literacy test at wave 2 (2004-2005), we carried out a genome-wide association study (GWAS) of health literacy.	https://www.ebi.ac.uk/europepmc/webservices/rest/search?query=EXT_ID:31250787%20AND%20SRC:MED&resultType=core&format=json	curated
COHO:0000164	owl:NamedIndividual	The Fenland Study	GCST90129632	PMID:35446786	Genome-wide studies reveal factors associated with circulating uromodulin and its relationships to complex diseases.	the Fenland study	https://www.ebi.ac.uk/europepmc/webservices/rest/PMC9220927/fullTextXML	curated
COHO:0000164	owl:NamedIndividual	The Fenland Study	EGAS00001000124	PMID:32492392	Exome Sequencing Identifies Genes and Gene Sets Contributing to Severe Childhood Obesity, Linking PHIP Variants to Repressed POMC Transcription.	Targeted sequencing was performed in an additional unrelated 1,810 SCOOP cases and 2,647 controls from the Fenland cohort (stage 2)	https://www.ebi.ac.uk/europepmc/webservices/rest/PMC7267775/fullTextXML	curated
COHO:0000164	owl:NamedIndividual	The Fenland Study	MTBLS616	PMID:29925420	Hepatic steatosis risk is partly driven by increased de novo lipogenesis following carbohydrate consumption.	We conducted direct infusion mass spectrometry of lipids in plasma to study the association between specific triacylglycerols (TAGs) and hepatic steatosis assessed by ultrasound and fatty liver index in volunteers from the UK-based Fenland Study (n=1507)	https://www.ebi.ac.uk/metabolights/ws/studies/public/study/MTBLS616	curated
COHO:0000165	owl:NamedIndividual	The Helmholtz-Gemeinschaft Deutscher Forschungszentren	GCST90134661	PMID:35915169	Cross-ancestry genome-wide meta-analysis of 61,047 cases and 947,237 controls identifies new susceptibility loci contributing to lung cancer.	Helmholtz-Gemeinschaft Deutscher Forschungszentren Lung Cancer GWAS	https://media.springernature.com/original/springer-static/esm/art%3A10.1038%2Fs41588-022-01115-x/MediaObjects/41588_2022_1115_MOESM1_ESM.pdf#text	GWAS Catalog
COHO:0000166	owl:NamedIndividual	The MANOLIS cohort	GCST90010102	PMID:33303764	Whole-genome sequencing analysis of the cardiometabolic proteome.	in a population-based cohort (MANOLIS)	https://www.ebi.ac.uk/europepmc/webservices/rest/PMC7729872/fullTextXML	curated
COHO:0000166	owl:NamedIndividual	The MANOLIS cohort	EGAS00001001207	PMID:30405126	Cohort-wide deep whole genome sequencing and the allelic architecture of complex traits.	15x whole genome sequencing in samples from the Cretan Greek isolate collection HELIC MANOLIS	https://ega-archive.org/studies/EGAS00001001207	curated
COHO:0000167	owl:NamedIndividual	The Netherlands AAA GWAS dataset	GCST003877	PMID:27899403	Meta-Analysis of Genome-Wide Association Studies for Abdominal Aortic Aneurysm Identifies Four New Disease-Specific Risk Loci.			curated
COHO:0000168	owl:NamedIndividual	The Norwegian Biobank for Myeloma	GCST004483	PMID:27363682	Genome-wide association study identifies multiple susceptibility loci for multiple myeloma.	the Norwegian Biobank for Myeloma (Trondheim, Norway)	https://eutils.ncbi.nlm.nih.gov/entrez/eutils/efetch.fcgi?db=pmc&id=4932178	curated
COHO:0000169	owl:NamedIndividual	The Pakistan Risk Of Myocardial Infarction Study	GCST90060568	PMID:34503513	Genome-wide analysis of blood lipid metabolites in over 5000 South Asians reveals biological insights at cardiometabolic disease loci.	5662 hospital controls from the Pakistan Risk of Myocardial Infarction Study	https://www.ebi.ac.uk/europepmc/webservices/rest/search?query=ext_id%3A34503513+AND+src%3Amed&format=json&resultType=core	curated
COHO:0000169	owl:NamedIndividual	The Pakistan Risk Of Myocardial Infarction Study	EGAS00001001230		Monocyte_expression_QTL_analysis_in_MI_patients_and_healthy_controls	Based on a case-control design (PROMIS study) we recruited 100 MI patients and 100 non-disease controls for which we isolated RNA from monocytes	https://ega-archive.org/studies/EGAS00001001230	curated
COHO:0000169	owl:NamedIndividual	The Pakistan Risk Of Myocardial Infarction Study	MTBLS4461	PMID:30887811	An Unbiased Lipid Phenotyping Approach To Study the Genetic Determinants of Lipids and Their Association with Coronary Heart Disease Risk Factors.	Intact lipid profiling by DIHRMS was performed on 5662 serum samples from healthy participants in the Pakistan Risk of Myocardial Infarction Study (PROMIS).	https://www.ebi.ac.uk/metabolights/ws/studies/public/study/MTBLS4461	curated
COHO:0000170	owl:NamedIndividual	The Secondary Manifestations of ARTerial disease study	GCST003276	PMID:26390057	Trans-ancestry genome-wide association study identifies 12 genetic loci influencing blood pressure and implicates a role for DNA methylation.	Secondary Manifestations of Arterial Disease	https://eutils.ncbi.nlm.nih.gov/entrez/eutils/efetch.fcgi?db=pmc&id=4719169	curated
COHO:0000171	owl:NamedIndividual	The Hellenic study of Interactions between Single nucleotide polymorphisms and Eating in Atherosclerosis Susceptibility	PMID:38929788	PMID:38929788	Evaluation of Polygenic Risk Scores for Prediction of Coronary Artery Disease in a Greek Case-Control Study.	THISEAS (The Hellenic Study of Interactions between Single Nucleotide Polymorphisms and Eating in Atherosclerosis Susceptibility)	https://europepmc.org/articles/PMC11204902	curated
COHO:0000171	owl:NamedIndividual	The Hellenic study of Interactions between Single nucleotide polymorphisms and Eating in Atherosclerosis Susceptibility	GCST001465	PMID:22479202	Novel loci for adiponectin levels and their influence on type 2 diabetes and metabolic traits: a multi-ethnic meta-analysis of 45,891 individuals.	Finally, these same SNPs, or their proxy SNPs (n = 2), were tested for association in the THISEAS cohort (n = 738), which had been genotyped using the Metabochip [55].	https://www.ebi.ac.uk/europepmc/webservices/rest/PMC3315470/fullTextXML	curated
COHO:0000172	owl:NamedIndividual	Treating to New Targets	GCST000635	PMID:20339536	Genome-wide association of lipid-lowering response to statins in combined study populations.	The Treating to New Targets (TNT) study followed 10,001 patients	https://europepmc.org/articles/PMC2842298	curated
COHO:0000173	owl:NamedIndividual	Twins Early Development Study	EGAS00001000116		UK10K NEURO ASD TEDS	Twins Early Development Study	https://ega-archive.org/studies/EGAS00001000116	curated
COHO:0000173	owl:NamedIndividual	Twins Early Development Study	GCST90267552	PMID:36624241	Genome-wide association study of school grades identifies genetic overlap between language ability, psychopathology and creativity.	To replicate our findings, we analyzed 4547 genotyped individuals from the Twins Early Development Study (TEDS) cohort33 for whom General Certificate of Secondary Education (GCSE) school grades in English, math and science were available.	https://www.ebi.ac.uk/europepmc/webservices/rest/PMC9829693/fullTextXML	curated
COHO:0000174	owl:NamedIndividual	Type 1 Diabetes Genetics Consortium	GCST90432064	PMID:38453145	A multi-ancestry genome-wide association study in type 1 diabetes.	The Type 1 Diabetes Genetics Consortium	https://www.ebi.ac.uk/europepmc/webservices/rest/PMC11102596/fullTextXML	curated
COHO:0000174	owl:NamedIndividual	Type 1 Diabetes Genetics Consortium	EGAS00000000038	PMID:19430480	Genome-wide association study and meta-analysis find that over 40 loci affect risk of type 1 diabetes.	T1DGC genome-wide case-control association study for Type 1 Diabetes (T1D) using the 1958 British Birth Cohort as controls.	https://ega-archive.org/studies/EGAS00000000038	curated
COHO:0000175	owl:NamedIndividual	UK Adult Twin Register	GCST002442	PMID:24816252	An atlas of genetic influences on human blood metabolites.	5,002 TwinsUK individuals newly profiled in this study	https://www.ebi.ac.uk/europepmc/webservices/rest/PMC4064254/fullTextXML	curated
COHO:0000175	owl:NamedIndividual	UK Adult Twin Register	EGAS00001001763	PMID:28302734	Time-dependent genetic effects on gene expression implicate aging processes.	The dataset consists of 232 RNA-seq samples (whole blood) obtained from healthy female from the TwinsUK adult registry cohort.	https://ega-archive.org/studies/EGAS00001001763	curated
COHO:0000176	owl:NamedIndividual	UK Biobank	EGAS50000000292		Multiple Myeloma GWAS Meta-analysis	Included are meta-analyses with and without the UK Biobank dataset	https://ega-archive.org/studies/EGAS50000000292	curated
COHO:0000176	owl:NamedIndividual	UK Biobank	GCST008370	PMID:30104761	Efficiently controlling for case-control imbalance and sample relatedness in large-scale genetic association studies.	Through the analysis of UK Biobank data of 408,961 samples from white British participants with European ancestry for > 1,400 binary phenotypes, we show that SAIGE can efficiently analyze large sample data, controlling for unbalanced case-control ratios and sample relatedness.	https://www.ebi.ac.uk/europepmc/webservices/rest/search?query=EXT_ID:30104761%20AND%20SRC:MED&resultType=core&format=json	curated
COHO:0000176	owl:NamedIndividual	UK Biobank	MTBLS284	PMID:33574263	Rare genetic variants affecting urine metabolite levels link population variation to inborn errors of metabolism.	Use of whole-exome sequencing data in the UK Biobank allowed for linking genes to diseases that could plausibly be explained by the identified metabolites.	https://www.ebi.ac.uk/metabolights/ws/studies/public/study/MTBLS284	curated
COHO:0000176	owl:NamedIndividual	UK Biobank	PXD065892	PMID:40671462	Diagnostics of Autoimmune Hepatitis Enabled by Non-Invasive Clinical Proteomics.	Findings were validated using data from the United Kingdom Biobank (UKB).	https://www.ebi.ac.uk/europepmc/webservices/rest/PMC12517118/fullTextXML	curated
COHO:0000177	owl:NamedIndividual	UK Brain Expression Consortium	EGAS00001003065	PMID:32098967	Regulatory sites for splicing in human basal ganglia are enriched for disease-relevant information.	which were part of the UK Brain Expression Consortium data set	https://europepmc.org/articles/PMC7042265	curated
COHO:0000178	owl:NamedIndividual	UK Childhood Cancer Study	GCST003798	PMID:27694927	A genome-wide association study identifies risk loci for childhood acute lymphoblastic leukemia at 10q26.13 and 12q23.1.	459 white BCP-ALL cases from the UK Childhood Cancer Study	https://eutils.ncbi.nlm.nih.gov/entrez/eutils/efetch.fcgi?db=pmc&id=5336191	curated
COHO:0000178	owl:NamedIndividual	UK Childhood Cancer Study	EGAS00001003937	PMID:19684604	Loci on 7p12.2, 10q21.2 and 14q11.2 are associated with risk of childhood acute lymphoblastic leukemia.	To identify genetic risk variants for childhood acute lymphoblastic leukaemia (cALL) a genome-wide association study (GWAS) was conducted on cases recruited through the UKCCS, UK MRC ALL 97(99) trial and NICR.	https://ega-archive.org/studies/EGAS00001003937	curated
COHO:0000179	owl:NamedIndividual	UK Household Longitudinal Study	EGAS00001001232		Understanding_Society_GWAS	The UK Household Longitudinal Study	https://ega-archive.org/studies/EGAS00001001232	curated
COHO:0000179	owl:NamedIndividual	UK Household Longitudinal Study	GCST90243956	PMID:35507331	Comparative Genetic Analysis of Psoriatic Arthritis and Psoriasis for the Discovery of Genetic Risk Factors and Risk Prediction Modeling.	As controls, genotype data were available for 9,965 general population subjects from the UK Household Longitudinal Study (https://www.understandingsociety.ac.uk/), accessed through the European Genotype‐phenome Archive.	https://www.ebi.ac.uk/europepmc/webservices/rest/PMC9539852/fullTextXML	curated
COHO:0000180	owl:NamedIndividual	UK Inflammatory Bowel Disease Genetics Consortium	EGAS00001000924		Genotyping_of_additional_Inflammatory_Bowel_Disease_cases___2014	the UKIBDGC has GWAS data for around 1800 CD samples	https://ega-archive.org/studies/EGAS00001000924	curated
COHO:0000180	owl:NamedIndividual	UK Inflammatory Bowel Disease Genetics Consortium	GCST004131	PMID:28067908	Genome-wide association study implicates immune activation of multiple integrin genes in inflammatory bowel disease.	We generated low-coverage whole genome sequences for 4,686 IBD cases and 3,781 population controls from the UK IBD Genetics Consortium (UKIBDGC) and UK10K Consortium, respectively.	https://www.ebi.ac.uk/europepmc/webservices/rest/PMC5289481/fullTextXML	curated
COHO:0000181	owl:NamedIndividual	Viking Health Study	EGAS00001003872		VIKING Health Study - Shetland	The Viking Health Study – Shetland	https://ega-archive.org/studies/EGAS00001003872	curated
COHO:0000181	owl:NamedIndividual	Viking Health Study	GCST90436912	PMID:40883583	Efficient candidate drug target discovery through proteogenomics in a Scottish cohort.	The Viking Health Study—Shetland (hereafter VIKING1) is a geographically defined cohort with grandparents from the Shetland Isles, north of Scotland, which seeks to identify genetic factors influencing cardiovascular and other disease risk54.	https://www.ebi.ac.uk/europepmc/webservices/rest/PMC12397405/fullTextXML	curated
COHO:0000182	owl:NamedIndividual	Wellcome Trust Case Control Consortium	EGAS00000000097		Genome-wide association study in multiple human prion diseases suggests genetic risk factors additional to PRNP	6015 control individuals (provided by the Wellcome Trust Case Control Consortium and KORA-gen)	https://ega-archive.org/studies/EGAS00000000097	curated
COHO:0000182	owl:NamedIndividual	Wellcome Trust Case Control Consortium	GCST90204200	PMID:36470867	Genome-wide association study of REM sleep behavior disorder identifies polygenic risk and brain expression effects.	Accordingly, for controls, we used genotype data obtained from (a) French and French-Canadian controls from McGill University (N = 871); (b) the HYPERGENES Project54 (N = 557 Italian samples); (c) the Wellcome Trust Case Control Consortium55 (N = 5516 British samples);	https://www.ebi.ac.uk/europepmc/webservices/rest/PMC9722930/fullTextXML	curated
COHO:0000183	owl:NamedIndividual	Basquecolon cohort	PMID:37783704	PMID:37783704	Combining Asian and European genome-wide association studies of colorectal cancer improves risk prediction across racial and ethnic populations.	Basque-colon cohort (BCC)	https://europepmc.org/articles/PMC10545678	curated
COHO:0000184	owl:NamedIndividual	INTERVAL study	EGAS00001002461		Whole_Genome_Sequencing_of_INTERVAL	15,000 individuals from the INTERVAL study cohort	https://ega-archive.org/studies/EGAS00001002461	curated
COHO:0000184	owl:NamedIndividual	INTERVAL study	MTBLS834	PMID:36357675	Rare and common genetic determinants of metabolic individuality and their effects on human health.	Rare and common genetic determinants of metabolic individuality and their effects on human health (INTERVAL study assays)	https://www.ebi.ac.uk/metabolights/ws/studies/public/study/MTBLS834	curated
COHO:0000185	owl:NamedIndividual	CONVERGE	PMID:26176920	PMID:26176920	Sparse whole-genome sequencing identifies two loci for major depressive disorder.	CONVERGE Consortium	https://europepmc.org/articles/PMC4522619	curated
COHO:0000186	owl:NamedIndividual	Gene-Environmental Interaction and phenotype study	GCST90104115	PMID:35121771	Leveraging deep phenotyping from health check-up cohort with 10,000 Korean individuals for phenome-wide association study of 136 traits.	we used data from the Gene-Environment of Interaction and phenotype (GENIE) cohort	https://www.ebi.ac.uk/europepmc/webservices/rest/PMC8817039/fullTextXML	GWAS Catalog
COHO:0000187	owl:NamedIndividual	China Atherosclerosis Study	GCST90239651	PMID:34887591	The power of genetic diversity in genome-wide association studies of lipids.	the China Atherosclerosis Study	https://media.springernature.com/original/springer-static/esm/art%3A10.1038%2Fs41586-021-04064-3/MediaObjects/41586_2021_4064_MOESM4_ESM.xlsx	GWAS Catalog
COHO:0000188	owl:NamedIndividual	Diabetes Prediction and Prevention	PMID:19075291	PMID:19075291	Dysregulation of lipid and amino acid metabolism precedes islet autoimmunity in children who later progress to type 1 diabetes.	Type 1 Diabetes prediction and prevention study [DIPP]	https://europepmc.org/articles/PMC2605239	curated
COHO:0000188	owl:NamedIndividual	Diabetes Prediction and Prevention	GCST002644	PMID:25281659	A novel common variant in DCST2 is associated with length in early life and height in adulthood.	We thank the participating DIPP families and the DIPP staff.	https://www.ebi.ac.uk/europepmc/webservices/rest/PMC4447786/fullTextXML	curated
COHO:0000188	owl:NamedIndividual	Diabetes Prediction and Prevention	MTBLS620	PMID:30006587	Dynamics of Plasma Lipidome in Progression to Islet Autoimmunity and Type 1 Diabetes - Type 1 Diabetes Prediction and Prevention Study (DIPP).	The plasma samples for lipidome anlaysis have been obtained from the Finnish Type 1 Diabetes Prevention and Prediction Study (DIPP).	https://www.ebi.ac.uk/metabolights/ws/studies/public/study/MTBLS620	curated
COHO:0000189	owl:NamedIndividual	Functional genomic diagnostic tools for coronary artery disease	GCST011566	PMID:33766035	New susceptibility alleles associated with severe coronary artery stenosis in the Lebanese population.	as part of a multi-center cross-sectional study for the FGENTCARD Consortium	https://eutils.ncbi.nlm.nih.gov/entrez/eutils/efetch.fcgi?db=pmc&id=7993530	curated
COHO:0000189	owl:NamedIndividual	Functional genomic diagnostic tools for coronary artery disease	MTBLS540	PMID:28937204	J-Resolved 1H NMR 1D-Projections for Large-Scale Metabolic Phenotyping Studies: Application to Blood Plasma Analysis.	using 705 human plasma samples from the FGENTCARD cohort	https://www.ebi.ac.uk/metabolights/ws/studies/public/study/MTBLS540	curated
COHO:0000190	owl:NamedIndividual	German Chronic Kidney Disease Study	GCST90264176	PMID:37277652	Genetic studies of paired metabolomes reveal enzymatic and transport processes at the interface of plasma and urine.	5,023 participants of the German Chronic Kidney Disease study	https://www.ebi.ac.uk/europepmc/webservices/rest/PMC10260405/fullTextXML	curated
COHO:0000190	owl:NamedIndividual	German Chronic Kidney Disease Study	MTBLS798	PMID:30817158	A Novel Metabolic Signature To Predict the Requirement of Dialysis or Renal Transplantation in Patients with Chronic Kidney Disease.	Our study cohort comprised 4640 participants from the German Chronic Kidney Disease (GCKD) study	https://www.ebi.ac.uk/metabolights/ws/studies/public/study/MTBLS798	curated
COHO:0000191	owl:NamedIndividual	German Longevity Study	PMID:40232348	PMID:40232348	German longevity study reveals novel rare pro-longevity alleles clustering in mTOR signaling pathway.	German longevity study reveals novel rare pro-longevity alleles clustering in mTOR signaling pathway	https://eutils.ncbi.nlm.nih.gov/entrez/eutils/efetch.fcgi?db=pmc&id=12181166	curated
COHO:0000191	owl:NamedIndividual	German Longevity Study	GCST002404	PMID:24688116	Genome-wide association meta-analysis of human longevity identifies a novel locus conferring survival beyond 90 years of age.	Some cohorts only provided controls (GOYA, NTR, SU.VI.MAX, TwinsUK and WTCCC2) or only cases (BELFAST, CEPH centenarian cohort, Danish longevity study I/II, Leiden 85-plus Study I/II and Newcastle 85+ Study), whereas others contained both (Calabria cohort, deCODE, EGCUT, GEHA Study, German longevity study, Leiden Longevity Study, Rotterdam Study I/II and TwinGene).	https://www.ebi.ac.uk/europepmc/webservices/rest/PMC4103672/fullTextXML	curated
COHO:0000192	owl:NamedIndividual	Global Registry of Acute Coronary Events	PMID:20231156	PMID:20231156	A variant at chromosome 9p21 is associated with recurrent myocardial infarction and cardiac death after acute coronary syndrome: the GRACE Genetics Study.	patients with ACS enrolled in the Global Registry of Acute Coronary Events (GRACE)	https://europepmc.org/article/MED/20231156	curated
COHO:0000193	owl:NamedIndividual	TwinGene Study	GCST90020053	PMID:34431594	A genome-wide association study of the frailty index highlights brain pathways in ageing.	The TwinGene study was approved by the Regional Ethics Review Board, Stockholm	https://www.ebi.ac.uk/europepmc/webservices/rest/PMC8441299/fullTextXML	curated
COHO:0000193	owl:NamedIndividual	TwinGene Study	MTBLS93	PMID:25502724	Large-scale metabolomic profiling identifies novel biomarkers for incident coronary heart disease.	Metabolomics was performed in a subsample of TwinGene.	https://www.ebi.ac.uk/metabolights/ws/studies/public/study/MTBLS93	curated
COHO:0000194	owl:NamedIndividual	Uppsala Longitudinal Study of Adult Men	GCST90728697	PMID:40038546	Genome-wide association study meta-analysis provides insights into the etiology of heart failure and its subtypes.			curated
COHO:0000194	owl:NamedIndividual	Uppsala Longitudinal Study of Adult Men	MTBLS124	PMID:25502724	Large-scale metabolomic profiling identifies novel biomarkers for incident coronary heart disease.	Large-scale non-targeted plasma metabolomics in the Uppsala Longitudinal Study of Adult Men	https://www.ebi.ac.uk/metabolights/ws/studies/public/study/MTBLS124	curated
COHO:0000195	owl:NamedIndividual	Baltimore Longitudinal Study of Ageing	GCST90624144	PMID:40111762	Novel modelling approaches to elucidate the genetic architecture of resilience to Alzheimer's disease.	the Baltimore Longitudinal Study of Aging	https://www.ncbi.nlm.nih.gov/research/bionlp/RESTful/pmcoa.cgi/BioC_xml/PMC12295682/unicode	curated
COHO:0000195	owl:NamedIndividual	Baltimore Longitudinal Study of Ageing	PXD016039	PMID:31707363	Age-associated changes in human CD4+ T cells point to mitochondrial dysfunction consequent to impaired autophagy.	we examined CD4+ T cells obtained from younger (20-39 years-old) and older (70+ years-old) healthy participants of the Baltimore Longitudinal Study on Aging (BLSA).	https://www.ebi.ac.uk/pride/ws/archive/v2/projects/PXD016039	curated
COHO:0000196	owl:NamedIndividual	Motor Neuron Disease Biobank study	GCST000820	PMID:20801717	Chromosome 9p21 in sporadic amyotrophic lateral sclerosis in the UK and seven other countries: a genome-wide association study.	UK National DNA Bank for Motor Neuron Disease Research ( MND DNA bank )	https://europepmc.org/articles/PMC3257853	curated
COHO:0000197	owl:NamedIndividual	Diabetic Cohort	GCST90482719	PMID:39621102	Metabolomics profiling in multi-ancestral individuals with type 2 diabetes in Singapore identified metabolites associated with renal function decline.			GWAS Catalog
COHO:0000198	owl:NamedIndividual	Ely Study	GCST90267567	PMID:37291194	Genome-wide association study and functional characterization identifies candidate genes for insulin-stimulated glucose uptake.			curated
COHO:0000198	owl:NamedIndividual	Ely Study	PXD039023	PMID:36658456	The Impact of Acute Nutritional Interventions on the Plasma Proteome.	The Ely study comprises individuals of European ancestry aged 50–79 years, registered at a single medical practice in Ely, Cambridgeshire, UK and evaluated in three phases. All participants of the Ely study gave their written informed consent and the study was approved by the local ethics committee. Two hundred participants from Ely phase 3 with complete fasting and OGTT sample availability were selected for measurement (105 women / 95 men).	https://www.ebi.ac.uk/pride/ws/archive/v2/projects/PXD039023	curated
COHO:0000199	owl:NamedIndividual	Genetic Asthma Susceptibility to Indoor Pollution in Peru	GCST90091010	PMID:33713768	Genome-wide association study of asthma, total IgE, and lung function in a cohort of Peruvian children.	Genetic Asthma Susceptibility to Indoor Pollution in Peru (GASP study)	https://eutils.ncbi.nlm.nih.gov/entrez/eutils/efetch.fcgi?db=pmc&id=8429514	curated
COHO:0000200	owl:NamedIndividual	Parkinson's Progression Markers Initiative	GCST90270130	PMID:36370000	GALC variants affect galactosylceramidase enzymatic activity and risk of Parkinson's disease.	Parkinson’s Progression Markers Initiative	https://www.ebi.ac.uk/europepmc/webservices/rest/PMC10151180/fullTextXML	curated
COHO:0000200	owl:NamedIndividual	Parkinson's Progression Markers Initiative	PXD060089		Proteomic Analysis of Skin Punch Biopsies from a Parkinson's Disease Patient Cohort: A PPMI Pilot Study	The biospecimens were obtained from the Parkinson’s Progression Marker Initiative (PPMI) (RRID:SCR_006431).	https://www.ebi.ac.uk/pride/ws/archive/v2/projects/PXD060089	curated
COHO:0000201	owl:NamedIndividual	Psychosis Endophenotype Consortium	GCST002149	PMID:23974872	Genome-wide association analysis identifies 13 new risk loci for schizophrenia.	the Psychosis Endophenotype Consortium	https://europepmc.org/articles/PMC3827979	curated
COHO:0000202	owl:NamedIndividual	Study of Health in Pomerania	GCST90096930	PMID:34782712	Genome-wide interaction study with major depression identifies novel variants associated with cognitive function.	The Study of Health in Pomerania consists of two population-based independent cohorts	https://www.ebi.ac.uk/europepmc/webservices/rest/PMC7612684/fullTextXML	curated
COHO:0000202	owl:NamedIndividual	Study of Health in Pomerania	PXD006367	PMID:28481548	Cross-Sectional Association of Salivary Proteins with Age, Sex, Body Mass Index, Smoking, and Education.	Subjects were randomly selected from the population-based Study of Health in Pomerania (SHIP-Trend).	https://www.ebi.ac.uk/pride/ws/archive/v2/projects/PXD006367	curated
COHO:0000203	owl:NamedIndividual	The Cooperative Health Research in South Tyrol	GCST90095475	PMID:34827661	Genetic and Metabolic Determinants of Atrial Fibrillation in a General Population Sample: The CHRIS Study.	The Cooperative Health Research in South Tyrol (CHRIS) study	https://www.ebi.ac.uk/europepmc/webservices/rest/PMC8615508/fullTextXML	curated
COHO:0000203	owl:NamedIndividual	The Cooperative Health Research in South Tyrol	PXD052861	PMID:40263456	Extensive modulation of the circulating blood proteome by hormonal contraceptive use across two population studies.	Using Scanning SWATH acquisition on Triple TOF 6600 instruments (Sciex) we created a MS-based plasma proteomics data set with low technical variability for n = 3,632 CHRIS participants.	https://www.ebi.ac.uk/pride/ws/archive/v2/projects/PXD052861	curated
COHO:0000204	owl:NamedIndividual	The Health Effects of Arsenic Longitudinal Study	GCST001421	PMID:22383894	Genome-wide association study identifies chromosome 10q24.32 variants associated with arsenic metabolism and toxicity phenotypes in Bangladesh.	The Health Effects of Arsenic Longitudinal Study (HEALS)	https://europepmc.org/articles/PMC3285587	curated
COHO:0000206	owl:NamedIndividual	100,000 Genomes Project	EGAS00001004364		Whole-genome sequencing of rare disease patients in a national healthcare system			curated
COHO:0000207	owl:NamedIndividual	1958 British Birth Cohort	EGAS00000000038		T1DGC GWAS 1958 British Birth Cohort controls			curated
COHO:0000208	owl:NamedIndividual	300BCG	EGAS50000000090					curated
COHO:0000209	owl:NamedIndividual	AACR Project GENIE	EGAS00001006707		The University of Hong Kong Colon Cancer GCV Study			curated
COHO:0000210	owl:NamedIndividual	AC-ANGIOPREDICT Phase II trial	EGAS50000000131					curated
COHO:0000211	owl:NamedIndividual	Adjuvant Lapatinib and/or Trastuzumab Treatment Optimisation trial	EGAS50000000525		Identification of HER2-positive breast cancer molecular subtypes with potential clinical implications in the ALTTO clinical trial			curated
COHO:0000212	owl:NamedIndividual	African Collaborative Center for Microbiome and Genomics Research	PMID:28419249	PMID:28419249	Cohort Profile: African Collaborative Center for Microbiome and Genomics Research's (ACCME's) Human Papillomavirus (HPV) and Cervical Cancer Study.			curated
COHO:0000213	owl:NamedIndividual	African Genome Resource	EGAS00001001917		APCDR The African Genome Resource - A continent specific haplotype reference panel, transcriptomic resource and pan-continental data centre			curated
COHO:0000214	owl:NamedIndividual	African Genome Variation Project	EGAS00001000959	PMID:25470054	The African Genome Variation Project shapes medical genetics in Africa.			curated
COHO:0000215	owl:NamedIndividual	African Partnership for Chronic Disease Research	EGAS00001001917		APCDR The African Genome Resource - A continent specific haplotype reference panel, transcriptomic resource and pan-continental data centre			curated
COHO:0000216	owl:NamedIndividual	ALLG ALL06	EGAS50000000752					curated
COHO:0000217	owl:NamedIndividual	Alpe-DPD study	EGAS00001007855					curated
COHO:0000218	owl:NamedIndividual	APCDR Diabetes Case Control Study	EGAS00001002584		APCDR Diabetes Case Control Study			curated
COHO:0000219	owl:NamedIndividual	Atlas of Blood Cancer Genomes	EGAS50000001346		Blastic Plasmacytoid Dendritic Cell Neoplasm: Atlas of Blood Cancer Genomes			curated
COHO:0000220	owl:NamedIndividual	Australian childhood AML cohort	EGAS00001006276					curated
COHO:0000221	owl:NamedIndividual	BEACON eczema drug trial	EGAS00001007976		HCA_Blood_Disease_Atopic_Dermatitis_BEACONomics_DNA_Managed_Access			curated
COHO:0000222	owl:NamedIndividual	Beat AML	PMID:30333627	PMID:30333627	Functional genomic landscape of acute myeloid leukaemia.			curated
COHO:0000222	owl:NamedIndividual	Beat AML	EGAS00001005234	PMID:34376657	The evolution of hematopoietic cells under cancer therapy.	Within the beatAML cohort 39 , a bone marrow sample and a paired skin sample were taken from 261 AML patients. The somatic mutations identified in these AML cases were downloaded from the Genomics Data Commons 68 (GDC) repository	https://www.ebi.ac.uk/europepmc/webservices/rest/PMC8355079/fullTextXML	curated
COHO:0000223	owl:NamedIndividual	Belgian Approach of Local Laboratory Extensive Tumor Testing	EGAS50000000478		Ballett			curated
COHO:0000224	owl:NamedIndividual	BELLINI trial	EGAS50000000568					curated
COHO:0000225	owl:NamedIndividual	Blood First Assay Screening Trial	EGAS50000000105					curated
COHO:0000226	owl:NamedIndividual	Born in Bradford	EGAS00001000462	PMID:26940866	Health and population effects of rare gene knockouts in adult humans with related parents.			curated
COHO:0000227	owl:NamedIndividual	CALGB 40601	EGAS00001007563		Immune and clinicopathological features predict HER2-positive breast cancer prognosis in the neoadjuvant NeoALTTO and CALGB 40601 trials			curated
COHO:0000228	owl:NamedIndividual	Cambridge Biorepository for Translational Medicine	EGAS00001008228		HCA_Genotyping_Adult_Teichmann_DNA			curated
COHO:0000229	owl:NamedIndividual	Canadian Airways Research Group	EGAS50000000879		CARE idiopathic subglottic stenosis bulk transcriptomics.			curated
COHO:0000230	owl:NamedIndividual	Canadian Prostate Cancer Genome Network	EGAS00001000900					curated
COHO:0000231	owl:NamedIndividual	Cancer Genomics of the Kidney	EGAS00001000083		CAGEKID: Cancer Genomics of the Kidney			curated
COHO:0000232	owl:NamedIndividual	CeDNN	EGAS50000000959		Comparison of the treated celiac disease microbiome to that of controls			curated
COHO:0000233	owl:NamedIndividual	CENet Cohort	EGAS00001007507		Whole genome sequencing of 108 epileptic patients from CENet cohort			curated
COHO:0000234	owl:NamedIndividual	CHILD Cohort Study	EGAS00001006725					curated
COHO:0000235	owl:NamedIndividual	City of Hope triple negative breast cancer cohort	EGAS00001006085		To determine the genomic profiles of Triple Negative Breast Cancers (COH cohort)			curated
COHO:0000236	owl:NamedIndividual	CLUSTER consortium	EGAS50000000995					curated
COHO:0000237	owl:NamedIndividual	COMPARE study	EGAS00001003748		COMPARE study: participants typed during UK Biobank version 2 array development phase			curated
COHO:0000238	owl:NamedIndividual	COVID-19 Host Genetics Initiative	EGAS00001005304	PMID:34237774	Mapping the human genetic architecture of COVID-19.			curated
COHO:0000239	owl:NamedIndividual	CRCbiome	EGAS50000000170					curated
COHO:0000240	owl:NamedIndividual	DERMATLAS	EGAS00001008193		DERMATLAS__SCC_and_BCC_EMseq			curated
COHO:0000241	owl:NamedIndividual	Diagnosis and Management of Febrile Illness using RNA Personalised Molecular Signature Diagnosis	EGAS00001007409					curated
COHO:0000242	owl:NamedIndividual	DKTK MASTER	EGAS00001005836	PMID:35763870	Gene expression-based prediction of pazopanib efficacy in sarcoma.			curated
COHO:0000243	owl:NamedIndividual	Donor InSight III study	EGAS00001003777		Donor InSight III study: Participants typed during UK Biobank version 2 array development phase			curated
COHO:0000244	owl:NamedIndividual	East London Genes and Health	EGAS00001001888		ELGH_genotyping			curated
COHO:0000245	owl:NamedIndividual	Egyptian Collaborative Cardiac Genomics Project	EGAS00001004434					curated
COHO:0000246	owl:NamedIndividual	EMC-DC-IL10R study	EGAS00001003741		EMC-DC-IL10R study: RNASeq analysis of moDC and PBMC from healthy human donors and pediatric IBD patients			curated
COHO:0000247	owl:NamedIndividual	Emirati Genome Program	EGAS50000001071					curated
COHO:0000248	owl:NamedIndividual	Entebbe Mother and Baby study	EGAS00001003283		Genome_wide_association_study_of_vaccine_response_in_infants_from_subSaharan_Africa			curated
COHO:0000249	owl:NamedIndividual	EORTC-SPECTA RP1759	EGAS50000000985					curated
COHO:0000250	owl:NamedIndividual	ESTAMPA	EGAS00001007730		Exome_NanoSeq__ESTAMPA_cervical_cells_			curated
COHO:0000251	owl:NamedIndividual	Estonian Microbiome Cohort	EGAS50000001181		Gut metagenome associations with extensive digital health data in a volunteer-based EstMB cohort second timepoint data			curated
COHO:0000252	owl:NamedIndividual	Etude des Déterminants pré et postnatals précoces du développement et de la santé de l'Enfant	EGAS00001002169		MeDALL epigenetics study			curated
COHO:0000253	owl:NamedIndividual	EuroEPINOMICS	EGAS00001000048	PMID:25262651	De novo mutations in synaptic transmission genes including DNM1 cause epileptic encephalopathies.			curated
COHO:0000254	owl:NamedIndividual	European BestAgeing Study	EGAS00001008346		European BestAgeing Study on microRNA candidates for cardiovascular disease			curated
COHO:0000255	owl:NamedIndividual	Extended Cohort for E-health, Environment and DNA	EGAS00001003499		EXCEED Study			curated
COHO:0000256	owl:NamedIndividual	Genome Database of Latvian Population	EGAS00001007406		Whole genome sequencing of individuals from Latvia: the first step towards the population-specific reference of genetic variation			curated
COHO:0000257	owl:NamedIndividual	Genome Diversity in Africa Project	EGAS00001000929		APCDR GDAP: Genome Diversity in Africa Study (set of 9 samples at high depth)			curated
COHO:0000258	owl:NamedIndividual	Genome Research at Fundació ACE	EGAS00001003424		Genome Wide Association Study:GR@ACE Stage I			curated
COHO:0000259	owl:NamedIndividual	Genomic Advances in Sepsis	EGAS00001007786					curated
COHO:0000260	owl:NamedIndividual	German Cancer Consortium	EGAS00001005836	PMID:35763870	Gene expression-based prediction of pazopanib efficacy in sarcoma.			curated
COHO:0000261	owl:NamedIndividual	German MI cohort	EGAS00001000079		Cardiogenics_re_sequencing			curated
COHO:0000262	owl:NamedIndividual	GMMG-BIRMA trial	EGAS00001005973		ENCORAFENIB COMBINED WITH BINIMETINIB FOR BRAFV600E-MUTATED RELAPSED/REFRACTORY MULTIPLE MYELOMA: THE PHASE II GMMG-BIRMA TRIAL (Hipo_K08K)			curated
COHO:0000263	owl:NamedIndividual	Gutenberg Health Study	EGAS00001002123		Meta-analysis of Genome-Wide-Association Sudies for plasma Factor XI			curated
COHO:0000264	owl:NamedIndividual	Haematological Malignancy Research Network	EGAS00001005953					curated
COHO:0000265	owl:NamedIndividual	Health, Alcohol and Psychosocial factors In Eastern Europe study	EGAS00001006390		HAPIEE Cohort (Siberian branch) blood DNA methylation data (Illumina EPIC arrays)			curated
COHO:0000266	owl:NamedIndividual	Healthy Life in an Urban Setting	EGAS50000000795		HELIUS paired metagenomics			curated
COHO:0000267	owl:NamedIndividual	ICGC Gastric Cancer China project	EGAS00001002313		There are 340 cases belongs to ICGC GACA-CN project.			curated
COHO:0000268	owl:NamedIndividual	ICGC Gynecological Carcinosarcoma project	EGAS00001002271		Integrative analysis of whole genome sequencing, RNA sequencing and methylome array of 20 carcinosarcomas.			curated
COHO:0000269	owl:NamedIndividual	ICGC India Project	EGAS00001000249	PMID:24292195	Mutational landscape of gingivo-buccal oral squamous cell carcinoma reveals new recurrently-mutated genes and molecular subgroups.			curated
COHO:0000270	owl:NamedIndividual	ICGC Liver Cancer China project	EGAS00001002218		The Landscape of Genetic Alterations in Hepatocellular Carcinoma, 88 matched HCC tumour/normal pairs WGS belongs to ICGC LICA-CN project			curated
COHO:0000271	owl:NamedIndividual	ICGC MMML-Seq	EGAS00001000394	PMID:24139898	Hypermutation of the inactive X chromosome is a frequent event in cancer.			curated
COHO:0000272	owl:NamedIndividual	ICGC Oesophageal Adenocarcinoma project	EGAS00001000725		ICGC Oesophageal adenocarcinoma - tumour samples			curated
COHO:0000273	owl:NamedIndividual	ICGC Pancreatic Cancer project	EGAS00001002311		ICGC Pancreatic Cancer study			curated
COHO:0000274	owl:NamedIndividual	ICGC PedBrain Tumor Project	EGAS00001000381	PMID:23817572	Recurrent somatic alterations of FGFR1 and NTRK2 in pilocytic astrocytoma.			curated
COHO:0000275	owl:NamedIndividual	ICGC Prostate Cancer UK project	EGAS00001000262	PMID:29662167	Sequencing of prostate cancers identifies new cancer genes, routes of progression and drug targets.			curated
COHO:0000276	owl:NamedIndividual	ICR MOPOPGEN UK exome control series	EGAS00001001667	PMID:27329137	Rare disruptive mutations and their contribution to the heritable risk of colorectal cancer.			curated
COHO:0000277	owl:NamedIndividual	IMI-RHAPSODY	EGAS00001007041					curated
COHO:0000278	owl:NamedIndividual	IMMUcan	EGAS50000001533		IMMUcan SCCHN1 cohort			curated
COHO:0000279	owl:NamedIndividual	IMMUcan SCCHN1 cohort	EGAS50000001533		IMMUcan SCCHN1 cohort			curated
COHO:0000280	owl:NamedIndividual	ImmunAID	EGAS50000001393					curated
COHO:0000281	owl:NamedIndividual	Initiative for Molecular Profiling and Advanced Cancer Therapy 2	EGAS00001004964		Preliminary Results from the Initiative for Molecular Profiling and Advanced Cancer Therapy 2 (IMPACT 2) Study			curated
COHO:0000282	owl:NamedIndividual	International Cancer Genome Consortium	EGAS00001002311		ICGC Pancreatic Cancer study			curated
COHO:0000283	owl:NamedIndividual	International Genetics of Parkinson Disease Progression Consortium	EGAS00001005110					curated
COHO:0000284	owl:NamedIndividual	International HapMap Project	EGAS00001002548		WGS__15x__of_139_Maasai_individuals_from_the_HapMap_collection			curated
COHO:0000285	owl:NamedIndividual	InterPregGen	EGAS00001001266	PMID:33239696	Genetic predisposition to hypertension is associated with preeclampsia in European and Central Asian women.			curated
COHO:0000286	owl:NamedIndividual	Korean Genome Project	EGAS00001007580	PMID:38626723	Korea4K: whole genome sequences of 4,157 Koreans with 107 phenotypes derived from extensive health check-ups.			curated
COHO:0000287	owl:NamedIndividual	LifeLines-DEEP	EGAS00001001704	PMID:26319774	Cohort profile: LifeLines DEEP, a prospective, general population cohort study in the northern Netherlands: study design and baseline characteristics.			curated
COHO:0000288	owl:NamedIndividual	Lifelines-NEXT	EGAS50000000133		Lifelines NEXT			curated
COHO:0000289	owl:NamedIndividual	Liverpool Preterm Birth Biomarker Study	EGAS00001005076		Liverpool Preterm Birth Biomarker Study			curated
COHO:0000290	owl:NamedIndividual	Low coverage Kuusamo whole genome sequencing study	EGAS00001000143		Kuusamo_low_coverage_WGS			curated
COHO:0000291	owl:NamedIndividual	Lung Cancer Diagnostic Study	EGAS00001005340					curated
COHO:0000292	owl:NamedIndividual	lungNENomics	EGAS00001005979		Clinical and molecular characterisation of supra-carcinoids: a novel neuroendocrine neoplasm			curated
COHO:0000293	owl:NamedIndividual	Maastricht IBS studies	EGAS00001001924		MIBS MGS			curated
COHO:0000294	owl:NamedIndividual	Malaria Genomic Epidemiology Network	EGAS00001000629		WGS_low_coverage_sequencing_of_Fulani_from_Burkina_Faso			curated
COHO:0000295	owl:NamedIndividual	Malaysian Breast Cancer cohort	EGAS00001006518		Gene signature for predicting homologous recombination deficiency in triple-negative breast cancer			curated
COHO:0000296	owl:NamedIndividual	Malmö Diet and Cancer Study	EGAS00001000936		Ischemic stroke in a Swedish case-control study.			curated
COHO:0000297	owl:NamedIndividual	Mechanisms of the Development of Allergy	EGAS00001002169		MeDALL epigenetics study			curated
COHO:0000298	owl:NamedIndividual	Medical Genome Reference Bank	EGAS00001003511		The Medical Genome Reference Bank: a whole genome data resource of 4,000 healthy elderly individuals.			curated
COHO:0000299	owl:NamedIndividual	MESOMICS	EGAS00001004812		Integrative multi-omic analyses of malignant pleural mesothelioma			curated
COHO:0000300	owl:NamedIndividual	Milan cohort	EGAS00001004390					curated
COHO:0000301	owl:NamedIndividual	Milieu Intérieur	EGAS00001003419					curated
COHO:0000302	owl:NamedIndividual	MITO16A/MaNGO-OV2 trial	EGAS00001008226					curated
COHO:0000303	owl:NamedIndividual	Molecular Phenotyping to Accelerate Genomic Epidemiology	EGAS00000000102		Molecular Phenotyping to Accelerate Genomic Epidemiology (MolPAGE)			curated
COHO:0000304	owl:NamedIndividual	Molecular Taxonomy of Breast Cancer International Consortium	EGAS00000000083					curated
COHO:0000305	owl:NamedIndividual	MRCE family panel	EGAS00000000137		MRCA and MRCE SNP genotypes			curated
COHO:0000306	owl:NamedIndividual	MultiMuTHER	EGAS50000000144					curated
COHO:0000307	owl:NamedIndividual	Multiple Tissue Human Expression Resource	EGAS00001001569		Population whole-genome bisulfite sequencing across two tissues highlights environment as principal source of human methylome variation			curated
COHO:0000308	owl:NamedIndividual	Nala GSI GSAv3 PGx Study	EGAS00001007710		Nala GSI GSAv3 PGx Study			curated
COHO:0000309	owl:NamedIndividual	NCI China cohort	EGAS00001007722		Exome_NanoSeq__China_NCI_DEE_buccal_cells_			curated
COHO:0000310	owl:NamedIndividual	NCI Taiwan cohort	EGAS00001007728		Targeted_NanoSeq__Taiwan_NCI_buccal_cells_			curated
COHO:0000311	owl:NamedIndividual	NeoALTTO	EGAS00001007563		Immune and clinicopathological features predict HER2-positive breast cancer prognosis in the neoadjuvant NeoALTTO and CALGB 40601 trials			curated
COHO:0000312	owl:NamedIndividual	NIHR BioResource	EGAS00001004870		NIHR BioResource Common Disease Patients 2016			curated
COHO:0000313	owl:NamedIndividual	Pan-Cancer Analysis of Whole Genomes	EGAS00001001651		PanCancer Analysis of Whole Genomes (OLD)			curated
COHO:0000314	owl:NamedIndividual	PANDA trial	EGAS50000000168					curated
COHO:0000315	owl:NamedIndividual	PELICAN	EGAS00001006959					curated
COHO:0000316	owl:NamedIndividual	PETAL trial	EGAS00001005828					curated
COHO:0000317	owl:NamedIndividual	PHOENIX trial	EGAS00001005554					curated
COHO:0000318	owl:NamedIndividual	Polish glioma cohort	EGAS00001004556					curated
COHO:0000319	owl:NamedIndividual	Posthumous Evaluation of Advanced Cancer Environment	EGAS00001007081					curated
COHO:0000320	owl:NamedIndividual	PRedicting Outcomes For Crohn's disease using a moLecular biomarker	EGAS00001007958		PROFILE_Metagenomics			curated
COHO:0000321	owl:NamedIndividual	Pregnancy Outcome Prediction study	EGAS00001002205					curated
COHO:0000322	owl:NamedIndividual	Premature Atherosclerosis Study pedigrees	EGAS00001000052		PAS Pedigrees: Identification of novel genetic variants contributing to cardiovascular disease in pedigrees with premature atherosclerosis.			curated
COHO:0000323	owl:NamedIndividual	PrevANZ trial	EGAS00001007346					curated
COHO:0000324	owl:NamedIndividual	Prevention and Incidence of Asthma and Mite Allergy	EGAS00001006240		PIAMA nasal RNAseq data			curated
COHO:0000325	owl:NamedIndividual	Princess Margaret Cancer Centre acute myeloid leukemia patient cohort	EGAS00001004792		RNA-seq study of a Princess Margaret Cancer Centre human acute myeloid leukemia patient cohort			curated
COHO:0000326	owl:NamedIndividual	Radar cohort	EGAS00001007321		Possible DNA damage after paternal exposure to ionizing radiation in radar technicians			curated
COHO:0000327	owl:NamedIndividual	Research on Obesity and Diabetes among African Migrants	EGAS50000000805		RODAM cohort			curated
COHO:0000328	owl:NamedIndividual	ROBUST trial	EGAS50000000333					curated
COHO:0000329	owl:NamedIndividual	SARS-CoV-2 Vaccine Response in Cancer trial	EGAS50000001205		Rituximab-treated lymphoma patients show correlated deficiency in serological and T cell Spike-specific response after SARS-CoV-2 vaccination: insights from the CORSA Study.			curated
COHO:0000330	owl:NamedIndividual	Schizophrenia Exome Sequencing Meta-analysis consortium	PMID:35396579	PMID:35396579	Rare coding variants in ten genes confer substantial risk for schizophrenia.			curated
COHO:0000331	owl:NamedIndividual	Severe Childhood Onset Obesity Project	EGAS00001000922		SCOOP_Human_Core_Exome_Genotyping			curated
COHO:0000332	owl:NamedIndividual	SG10K Pilot	EGAS00001003875		SG10K_Pilot - Large-scale whole-genome sequencing of three diverse Asian populations in Singapore			curated
COHO:0000333	owl:NamedIndividual	STRAT-PARK	EGAS50000000671					curated
COHO:0000334	owl:NamedIndividual	STREP GENE	EGAS00001003421		STREP GENE: Genetics and Severe Streptococcal Infections			curated
COHO:0000335	owl:NamedIndividual	Stroke Investigative Research and Education Network	EGAS00001007331					curated
COHO:0000336	owl:NamedIndividual	Study Into Lean and Thin Subjects	EGAS00001002624		The_genetics_of_thinness_compared_to_obesity			curated
COHO:0000337	owl:NamedIndividual	SweGen	EGAS50000000906	PMID:28832569	SweGen: a whole-genome data resource of genetic variability in a cross-section of the Swedish population.			curated
COHO:0000338	owl:NamedIndividual	Sys4MS cohort	EGAS00001007145					curated
COHO:0000339	owl:NamedIndividual	Therapeutically Applicable Research to Generate Effective Treatments	PMID:29489755	PMID:29489755	Pan-cancer genome and transcriptome analyses of 1,699 paediatric leukaemias and solid tumours.			curated
COHO:0000339	owl:NamedIndividual	Therapeutically Applicable Research to Generate Effective Treatments	EGAS00001004593	PMID:34642666	Mutation signatures of pediatric acute myeloid leukemia and normal blood progenitors associated with differential patient outcomes.	Next, we combined our pAML genome dataset ( n = 9) with samples of 15 patients from the Therapeutically Applicable Research to Generate Effective Treatments (TARGET; 13 ) initiative.	https://www.ebi.ac.uk/europepmc/webservices/rest/PMC7611805/fullTextXML	curated
COHO:0000340	owl:NamedIndividual	TRACERx	EGAS00001002247	PMID:28445112	Tracking the Evolution of Non-Small-Cell Lung Cancer.			curated
COHO:0000341	owl:NamedIndividual	TransplantLines	EGAS00001006257					curated
COHO:0000342	owl:NamedIndividual	TrypanoGEN	EGAS00001002602		H3Africa - An integrated approach to the identification of genetic determinants of susceptibility to trypanosomiasis			curated
COHO:0000343	owl:NamedIndividual	Tumor Profiler	EGAS50000000577					curated
COHO:0000344	owl:NamedIndividual	Type 2 Diabetes Genetic Exploration by Next-generation sequencing in multi-Ethnic Samples	EGAS00001001460	PMID:27398621	The genetic architecture of type 2 diabetes.			curated
COHO:0000345	owl:NamedIndividual	Uganda General Population Cohort	EGAS00001001558		APCDR Uganda GWAS: Genome-wide sequence variation and susceptibility loci for cardiometabolic traits in a sub-Saharan African population (UGWAS component)			curated
COHO:0000346	owl:NamedIndividual	UK BHF CAD/MI cohort	EGAS00001000079		Cardiogenics_re_sequencing			curated
COHO:0000347	owl:NamedIndividual	UK Blood Service Control Group	EGAS00001002336	PMID:23184150	Common variation at 2q22.3 (ZEB2) influences the risk of renal cancer.			curated
COHO:0000348	owl:NamedIndividual	UK10K	EGAS00001000090	PMID:24676807	Estimating genome-wide significance for whole-genome sequencing studies.			curated
COHO:0000349	owl:NamedIndividual	UK10K Rare Neuromuscular Disorders cohort	EGAS00001000101	PMID:23768512	Mutations in GDP-mannose pyrophosphorylase B cause congenital and limb-girdle muscular dystrophies associated with hypoglycosylation of α-dystroglycan.			curated
COHO:0000350	owl:NamedIndividual	University of Washington ovarian carcinoma cohort	EGAS00001006012					curated
COHO:0000351	owl:NamedIndividual	UPTIDER	EGAS50000001334		EXPRESSION OF ANTIBODY-DRUG CONJUGATE TARGETS IN BREAST CANCER METASTASES AND NORMAL TISSUE			curated
COHO:0000352	owl:NamedIndividual	VIVO Biobank	EGAS00001008019		VIVO_Behjati_Wellcome_Core_WGS			curated
COHO:0000353	owl:NamedIndividual	West Coast Prostate Cancer Dream Team	EGAS00001004942					curated
COHO:0000354	owl:NamedIndividual	WTCCC case-control study for Ankylosing Spondylitis	EGAS00000000018		WTCCC case-control study for Ankylosing Spondylitis			curated
COHO:0000355	owl:NamedIndividual	WTCCC case-control study for Autoimmune Thyroid Disease	EGAS00000000020		WTCCC case-control study for Autoimmune Thyroid Disease			curated
COHO:0000356	owl:NamedIndividual	WTCCC case-control study for Bipolar Disorder	EGAS00000000001		WTCCC case-control study for Bipolar Disorder			curated
COHO:0000357	owl:NamedIndividual	WTCCC case-control study for Breast cancer	EGAS00000000024		WTCCC case-control study for Breast cancer			curated
COHO:0000358	owl:NamedIndividual	WTCCC case-control study for Coronary Artery Disease	EGAS00000000003		WTCCC case-control study for Coronary Artery Disease			curated
COHO:0000359	owl:NamedIndividual	WTCCC case-control study for Hypertension	EGAS00000000009		WTCCC case-control study for Hypertension			curated
COHO:0000360	owl:NamedIndividual	WTCCC case-control study for Inflammatory Bowel Disease	EGAS00000000006		Genomewide Association Study of Inflammatory Bowel Disease			curated
COHO:0000361	owl:NamedIndividual	WTCCC case-control study for Multiple Sclerosis	EGAS00000000022		WTCCC case-control study for Multiple Sclerosis			curated
COHO:0000362	owl:NamedIndividual	WTCCC case-control study for Rheumatoid Arthritis	EGAS00000000011		WTCCC case-control study for Rheumatoid Arthritis			curated
COHO:0000363	owl:NamedIndividual	WTCCC case-control study for Tuberculosis	EGAS00000000027		WTCCC case-control study for Tuberculosis			curated
COHO:0000364	owl:NamedIndividual	WTCCC case-control study for Type 1 Diabetes	EGAS00000000014		WTCCC case-control study for Type 1 Diabetes			curated
COHO:0000365	owl:NamedIndividual	WTCCC case-control study for Type 2 Diabetes	EGAS00000000016		WTCCC case-control study for Type 2 Diabetes			curated
COHO:0000366	owl:NamedIndividual	Charles F. and Joanne Knight Alzheimer Disease Research Center	GCST90727422	PMID:42127933	Identification of genetic modifiers of autosomal dominant Alzheimer's disease: a genome-wide association study.	In this genome-wide association study (GWAS), we analysed data from individuals carrying ADAD mutations and control participants from three cohorts— the Knight Alzheimer Disease Research Center (Knight-ADRC),18 the Dominantly Inherited Alzheimer Network (DIAN) observational study, and the Alzheimer Disease Sequencing Project (ADSP) R4.	https://www.ebi.ac.uk/europepmc/webservices/rest/PMC13340468/fullTextXML	curated
COHO:0000367	owl:NamedIndividual	Alzheimer's Disease Neuroimaging Initiative	GCST90103504	PMID:35086473	Genome-Wide association study of quantitative biomarkers identifies a novel locus for alzheimer's disease at 12p12.1.	Data used in this analysis was obtained from the Alzheimer’s Disease Neuroimaging Initiative (ADNI) database [47].	https://www.ebi.ac.uk/europepmc/webservices/rest/PMC8796646/fullTextXML	curated
COHO:0000368	owl:NamedIndividual	Dominantly Inherited Alzheimer Network	GCST90727422	PMID:42127933	Identification of genetic modifiers of autosomal dominant Alzheimer's disease: a genome-wide association study.	In this genome-wide association study (GWAS), we analysed data from individuals carrying ADAD mutations and control participants from three cohorts— the Knight Alzheimer Disease Research Center (Knight-ADRC),18 the Dominantly Inherited Alzheimer Network (DIAN) observational study, and the Alzheimer Disease Sequencing Project (ADSP) R4.	https://www.ebi.ac.uk/europepmc/webservices/rest/PMC13340468/fullTextXML	curated
COHO:0000369	owl:NamedIndividual	Barcelona-1	GCST90421033	PMID:39528825	Proteogenomic analysis of human cerebrospinal fluid identifies neurologically relevant regulation and implicates causal proteins for Alzheimer's disease.	Genomic datasets from ADNI, DIAN, Knight-ADRC (Oct 2021), Knight-ADRC (June 2023), MARS, FACE, and Barcelona-1 were genotyped on multiple arrays at different times and were imputed individually using the GRCh38 Version R2 reference panel on the TOPMed imputation server.	https://pmc.ncbi.nlm.nih.gov/articles/PMC11831731/	curated
COHO:0000370	owl:NamedIndividual	Stockholm-Tartu Atherosclerosis Reverse Networks Engineering Task	GCST90797644	PMID:41456820	Deciphering tissue-specific protein regulation for insights into cardiometabolic disease.	Utilizing Olink technology, we assessed relative protein levels across plasma and tissue (aortic wall, mammary artery, liver, and skeletal muscle) from the STARNET cohort: 284 individuals with a high prevalence of coronary artery disease (CAD).	https://www.ebi.ac.uk/europepmc/webservices/rest/PMC12824914/fullTextXML	curated
COHO:0000371	owl:NamedIndividual	Million Veteran Program	GCST90475089	PMID:39024449	Diversity and scale: Genetic architecture of 2068 traits in the VA Million Veteran Program.	We present genome-wide associations for 2068 traits from 635,969 participants in the Department of Veterans Affairs Million Veteran Program, a longitudinal study of diverse United States Veterans.	https://www.ebi.ac.uk/europepmc/webservices/rest/search?query=EXT_ID%3A39024449+AND+SRC%3AMED&format=json&resultType=core	curated
COHO:0000372	owl:NamedIndividual	Chinese Imaging Genetics study	GCST90428575	PMID:37822511	Genome-wide association study of hippocampal blood-oxygen-level-dependent-cerebral blood flow correlation in Chinese Han population.	In this study, we conducted the first GWAS on the hippocampal BOLD-CBF correlation in 4,832 Chinese Han participants from the Chinese Imaging Genetics (CHIMGEN) cohort.22 Here, the across-voxel correlation between reginal homogeneity (ReHo) derived from the resting-state fMRI data and CBF measured by the arterial spin labeling (ASL) MRI data within hippocampal voxels was used as a proxy to represent hippocampal NVC.	https://www.ebi.ac.uk/europepmc/webservices/rest/PMC10562876/fullTextXML	curated
COHO:0000373	owl:NamedIndividual	African American Study of Kidney Disease and Hypertension	GCST90232793	PMID:35870639	Identification of 969 protein quantitative trait loci in an African American population with kidney disease attributed to hypertension.	Here, we report the genetic determinants of the serum proteome in 466 African Americans with chronic kidney disease attributed to hypertension from the richly phenotyped African American Study of Kidney Disease and Hypertension (AASK) study.	https://www.ebi.ac.uk/europepmc/webservices/rest/search?query=EXT_ID%3A35870639+AND+SRC%3AMED&format=json&resultType=core	curated
COHO:0000374	owl:NamedIndividual	Amsterdam Dementia Cohort	GCST90286909	PMID:40021830	Quantitative trait loci mapping of circulating metabolites in cerebrospinal fluid to uncover biological mechanisms involved in brain-related phenotypes.	Individuals originated from two separate cohorts including cognitively healthy subjects (n = 490) and a well-characterized memory clinic sample, the Amsterdam Dementia Cohort (ADC, n = 487).	https://www.ebi.ac.uk/europepmc/webservices/rest/search?query=EXT_ID%3A40021830+AND+SRC%3AMED&format=json&resultType=core	curated
COHO:0000375	owl:NamedIndividual	Protein Aggregation and Neurotransmitter Deficits Study	GCST90939806	PMID:42054495	Low overlap of plasma and CSF protein quantitative trait loci affects protein discovery for neurological disease.			curated
COHO:0000376	owl:NamedIndividual	Protein and Imaging Biomarkers of Parkinson Disease Study	GCST90939806	PMID:42054495	Low overlap of plasma and CSF protein quantitative trait loci affects protein discovery for neurological disease.			curated
COHO:0000377	owl:NamedIndividual	BioBank Japan	GCST90308750	PMID:37340002	Pan-cancer and cross-population genome-wide association studies dissect shared genetic backgrounds underlying carcinogenesis.	Here, we conduct the pan-cancer and cross-population genome-wide association study (GWAS) meta-analysis and replication studies on 13 cancers including 250,015 East Asians (Biobank Japan) and 377,441 Europeans (UK Biobank).	https://www.ebi.ac.uk/europepmc/webservices/rest/search?query=EXT_ID%3A37340002+AND+SRC%3AMED&format=json&resultType=core	curated
COHO:0000378	owl:NamedIndividual	Age, Gene/Environment Susceptibility-Reykjavik Study	GCST90086175	PMID:35078996	A genome-wide association study of serum proteins reveals shared loci with common diseases.	We performed a GWAS of 4782 serum proteins encoded by 4135 unique human genes in the population-based AGES cohort of elderly Icelanders (n = 5368, Supplementary Data 1), measured by the slow-off rate modified aptamer (SOMAmer) platform as previously described8,18.	https://www.ebi.ac.uk/europepmc/webservices/rest/PMC8789779/fullTextXML	curated
COHO:0000379	owl:NamedIndividual	Stanford Alzheimer's Disease Research Center	GCST90454419	PMID:38172904	Proteo-genomics of soluble TREM2 in cerebrospinal fluid provides novel insights and identifies novel modulators for Alzheimer's disease.	Stanford Alzheimer’s Disease Research Center (ADRC) (https://med.stanford.edu/adrc.html), one of thirty-one ADRC, aims to translate research advances into improved diagnosis and care for people with AD and related disorders.	https://www.ebi.ac.uk/europepmc/webservices/rest/PMC10763080/fullTextXML	curated
COHO:0000380	owl:NamedIndividual	Canadian Longitudinal Study on Aging	GCST90399837	PMID:39144724	Effect modification by sex of genetic associations of vitamin C related metabolites in the Canadian Longitudinal study on aging.	Methods: We included individuals of European descent from the Canadian Longitudinal Study on Aging with available genetic and metabolic data (n = 9004).	https://www.ebi.ac.uk/europepmc/webservices/rest/search?query=EXT_ID%3A39144724+AND+SRC%3AMED&format=json&resultType=core	curated
COHO:0000381	owl:NamedIndividual	Jackson Heart Study	GCST90104476	PMID:35995766	Whole Genome Association Study of the Plasma Metabolome Identifies Metabolites Linked to Cardiometabolic Disease in Black Individuals.	Here, we perform a whole genome association study of 2,291 metabolite peaks (known and unknown features) in 2,466 Black individuals from the Jackson Heart Study.	https://www.ebi.ac.uk/europepmc/webservices/rest/search?query=EXT_ID%3A35995766+AND+SRC%3AMED&format=json&resultType=core	curated
COHO:0000382	owl:NamedIndividual	UK Biobank Pharma Proteomics Project	GCST90432193	PMID:37794183	Rare variant associations with plasma protein levels in the UK Biobank.	The UKB Pharma Plasma Proteome (UKB-PPP) cohort comprises plasma samples from 54,219 individuals, including 46,595 randomly selected participants, 6,376 consortium-chosen individuals and 1,268 participants from a COVID-19 repeat imaging study.	https://www.ebi.ac.uk/europepmc/webservices/rest/PMC10567546/fullTextXML	curated
COHO:0000383	owl:NamedIndividual	Mass General Brigham Biobank	GCST90837428	PMID:41298473	Genetics and context for precision health in Greater Boston.	We established the Mass General Brigham Biobank (MGBB), currently encompassing 142,238 participants, to unravel the intricate relationships among genomic profiles, environmental context, and disease manifestations within clinical practice.	https://www.ebi.ac.uk/europepmc/webservices/rest/search?query=EXT_ID%3A41298473+AND+SRC%3AMED&format=json&resultType=core	curated
COHO:0000384	owl:NamedIndividual	Cardiovascular Health Study	GCST90244700	PMID:36314488	Circulating Soluble CD163, Associations With Cardiovascular Outcomes and Mortality, and Identification of Genetic Variants in Older Individuals: The Cardiovascular Health Study.	Methods and Results We measured plasma sCD163 in 5214 adults (aged ≥65 years, 58.7% women, 16.2% Black) of the CHS (Cardiovascular Health Study).	https://www.ebi.ac.uk/europepmc/webservices/rest/search?query=EXT_ID%3A36314488+AND+SRC%3AMED&format=json&resultType=core	curated
COHO:0000385	owl:NamedIndividual	Framingham Heart Study	GCST90454571	PMID:38141771	A Genome-Wide Interaction Study of Erythrocyte ω-3 Polyunsaturated Fatty Acid Species and Memory in the Framingham Heart Study Offspring Cohort.	The Offspring cohort from the Framingham Heart Study was cross-sectionally analyzed in this genome-wide interaction study (GWIS).	https://www.ebi.ac.uk/europepmc/webservices/rest/search?query=EXT_ID%3A38141771+AND+SRC%3AMED&format=json&resultType=core	curated
COHO:0000386	owl:NamedIndividual	Rhineland Study	GCST90829960	PMID:42069741	Population-based genome-wide association study of plasma complex lipid species.	Thus, we perform genome-wide association studies on 970 lipid species and 267 fatty acid composite measures using samples from the population-based Rhineland Study (n = 6096).	https://www.ebi.ac.uk/europepmc/webservices/rest/search?query=EXT_ID%3A42069741+AND+SRC%3AMED&format=json&resultType=core	curated
COHO:0000387	owl:NamedIndividual	European Prospective Investigation into Cancer and Nutrition-Potsdam	GCST90829960	PMID:42069741	Population-based genome-wide association study of plasma complex lipid species.	We validate our findings using corresponding data from two other independent cohorts, including FinnGen (n = 7266) and EPIC-Potsdam (n = 1188).	https://www.ebi.ac.uk/europepmc/webservices/rest/search?query=EXT_ID%3A42069741+AND+SRC%3AMED&format=json&resultType=core	curated
COHO:0000388	owl:NamedIndividual	Hispanic Community Health Study/Study of Latinos	GCST90461825	PMID:39644095	Genome-wide association study reveals shared and distinct genetic architecture of fatty acids and oxylipins in the Hispanic Community Health Study/Study of Latinos.	We performed a genome-wide association study (GWAS) of 81 fatty acids and oxylipins in 11,584 Hispanic Community Health Study/Study of Latinos (HCHS/SOL) participants with genetic and lipidomic data measured at study baseline (58.6% female, mean age = 46.1 years (standard deviation 13.8)).	https://www.ebi.ac.uk/europepmc/webservices/rest/search?query=EXT_ID%3A39644095+AND+SRC%3AMED&format=json&resultType=core	curated
COHO:0000389	owl:NamedIndividual	Busselton Health Study	GCST90023981	PMID:35668104	Comprehensive genetic analysis of the human lipidome identifies loci associated with lipid homeostasis with links to coronary artery disease.	We quantified 596 lipid species in serum from 4,492 individuals from the Busselton Health Study.	https://www.ebi.ac.uk/europepmc/webservices/rest/search?query=EXT_ID%3A35668104+AND+SRC%3AMED&format=json&resultType=core	curated
COHO:0000390	owl:NamedIndividual	Swedish Infrastructure for Medical Population-Based Life-Course and Environmental Research	GCST90670368	PMID:41688638	Genome-wide association analyses highlight the role of the intestinal molecular environment in human gut microbiota variation.	The Swedish Infrastructure for Medical Population-Based Life-Course and Environmental Research (SIMPLER; https://www.simpler4health.se/w/sh/en) includes data from two large, ongoing population-based studies: the Cohort of Swedish Men (COSM) and the Swedish Mammography Cohort (SMC)58.	https://www.ebi.ac.uk/europepmc/webservices/rest/PMC12987725/fullTextXML	curated
COHO:0000391	owl:NamedIndividual	Swedish CArdioPulmonary bioImage Study	GCST90837374	PMID:42634071	Genome-wide association study of image-based emphysema scoring in the Swedish CArdioPulmonary bioImage Study (SCAPIS) suggests two new risk loci in smokers.	We conducted a genome-wide association study (GWAS) of CT-based emphysema, with a particular focus on non-smoking-related genetic determinants.MethodsWe analyzed 25,639 individuals of European ancestry from the SCAPIS national cohort, aged 50-65 years, of which 51% were never-smokers.	https://www.ebi.ac.uk/europepmc/webservices/rest/search?query=EXT_ID%3A42634071+AND+SRC%3AMED&format=json&resultType=core	curated
COHO:0000392	owl:NamedIndividual	Malmö Offspring Study	GCST90670368	PMID:41688638	Genome-wide association analyses highlight the role of the intestinal molecular environment in human gut microbiota variation.	The Malmö offspring study (MOS) includes participants aged ≥18 years who are children or grandchildren of participants from the Malmö Diet and Cancer Study (MDC)—cardiovascular cohort, a subset of the larger MDC59.	https://www.ebi.ac.uk/europepmc/webservices/rest/PMC12987725/fullTextXML	curated
COHO:0000393	owl:NamedIndividual	Metabolic Syndrome in Men Study	GCST90139389	PMID:35347128	Genome-wide association studies of metabolites in Finnish men identify disease-relevant loci.	Here, we do so, reporting genome-wide association study (GWAS) results for 1391 plasma metabolites (Metabolon platform) in 6136 participants in METSIM, a study of middle-aged and older men recruited from a single site in late-settlement northeast Finland3, who were part of our previous study2.	https://www.ebi.ac.uk/europepmc/webservices/rest/PMC8960770/fullTextXML	curated
COHO:0000394	owl:NamedIndividual	Qatar Genome Program	GCST90667550	PMID:41096749	Rare-Variant Genome-Wide Association and Polygenic Score Assessment of Vitamin D Status in a Middle Eastern Population.	Comparison of allele frequencies revealed that rs2605913 was present at 8.8% in the QGP cohort but occurred more frequently in the European dataset of 1000 Genomes (34.4%) (Table S2).	https://www.ebi.ac.uk/europepmc/webservices/rest/PMC12524746/fullTextXML	curated
COHO:0000395	owl:NamedIndividual	Trøndelag Health Study	GCST90666541	PMID:41688637	The HUNT study identifies host genetic factors reproducibly associated with human gut microbiota composition.	Here we conducted a genome-wide association study of host genetic factors influencing gut microbiota composition in 12,652 individuals from the Trøndelag Health Study (HUNT), with replication in Nordic cohorts (n = 16,017-21,976).	https://www.ebi.ac.uk/europepmc/webservices/rest/search?query=EXT_ID%3A41688637+AND+SRC%3AMED&format=json&resultType=core	curated
COHO:0000396	owl:NamedIndividual	Simons Foundation Powering Autism Research for Knowledge	GCST90709872	PMID:41606319	Human and bacterial genetic variation shape oral microbiomes and health.	To create a dataset suitable for exploring variation in the oral microbiome and the way it is shaped by human genetic variation, we analysed DNA sequencing reads previously generated from whole-genome sequencing (WGS) of saliva samples from 12,519 participants in the Simons Foundation Powering Autism Research (SPARK) cohort25 (Fig. 1a), building on previous work26,27.	https://www.ebi.ac.uk/europepmc/webservices/rest/PMC12979206/fullTextXML	curated
COHO:0000397	owl:NamedIndividual	Chronic Renal Insufficiency Cohort Study	GCST90257106	PMID:35120996	Trans-ethnic genome-wide association study of blood metabolites in the Chronic Renal Insufficiency Cohort (CRIC) study.	Here, we conducted a GWAS of 537 blood metabolites measured in the Chronic Renal Insufficiency Cohort (CRIC) Study, with separate analyses in 822 White and 687 Black study participants.	https://www.ebi.ac.uk/europepmc/webservices/rest/search?query=EXT_ID%3A35120996+AND+SRC%3AMED&format=json&resultType=core	curated
COHO:0000398	owl:NamedIndividual	Systematic and Combined Analysis of Olink Proteins	GCST90128424	PMID:35387486	Genetic Landscape of the ACE2 Coronavirus Receptor.	We conducted a genome-wide association meta-analysis in up to 28 204 individuals from 14 cohorts in the SCALLOP Consortium for plasma ACE2 protein measured with the Olink platform.	https://www.ebi.ac.uk/europepmc/webservices/rest/PMC9047645/fullTextXML	curated
COHO:0000399	owl:NamedIndividual	China Medical University Hospital Biobank	GCST90651113	PMID:40465716	Diversity and longitudinal records: Genetic architecture of disease associations and polygenic risk in the Taiwanese Han population.	Data were collected from a single institution—China Medical University Hospital (CMUH) and its affiliated branches—through a unified system encompassing nearly 19 years of EMRs.	https://www.ncbi.nlm.nih.gov/research/bionlp/RESTful/pmcoa.cgi/BioC_xml/PMC12136033/unicode	curated
COHO:0000400	owl:NamedIndividual	Religious Orders Study and Rush Memory and Aging Project	GCST90308732	PMID:37349795	A genome-wide search for pleiotropy in more than 100,000 harmonized longitudinal cognitive domain scores.	This study included non-Hispanic white participants of the Framingham Heart Study (FHS), National Institute on Aging sponsored Alzheimer’s Disease Research Centers whose phenotypic information was assembled and curated by the National Alzheimer’s Coordinating Center (NACC), the Adult Changes in Thought (ACT) Study, the Alzheimer’s Disease Neuroimaging Initiative (ADNI), and the Religious Orders Study/Rush Memory and Aging Project (ROSMAP).	https://www.ebi.ac.uk/europepmc/webservices/rest/PMC10286470/fullTextXML	curated
COHO:0000401	owl:NamedIndividual	Mayo Clinic Biobank	GCST90295958	PMID:37949852	A large meta-analysis identifies genes associated with anterior uveitis.	We also included 115,418 participants from the MAYO-RGC Project Generation, which brings together the Mayo Clinic Biobank (N = 53,227)49 as well as 30 Mayo-based disease registries/studies who were successfully sequenced.	https://www.ebi.ac.uk/europepmc/webservices/rest/PMC10638276/fullTextXML	curated
COHO:0000402	owl:NamedIndividual	HOLBAEK Study	GCST90452968	PMID:39972214	Plasma proteome variation and its genetic determinants in children and adolescents.	Our discovery cohort included 2,147 children and adolescents aged 5–20 years from the HOLBAEK Study, 45% of whom were from the general population and 55% from the Children’s Obesity Clinic in Holbæk, Denmark (Fig. 1a).	https://www.ebi.ac.uk/europepmc/webservices/rest/PMC11906355/fullTextXML	curated
COHO:0000403	owl:NamedIndividual	FinnGen	GCST90296696	PMID:38182742	Distinct and shared genetic architectures of gestational diabetes mellitus and type 2 diabetes.	We conducted the largest genome-wide association study of GDM to date in 12,332 cases and 131,109 parous female controls in the FinnGen study and identified 13 GDM-associated loci, including nine new loci.	https://www.ebi.ac.uk/europepmc/webservices/rest/search?query=EXT_ID%3A38182742+AND+SRC%3AMED&format=json&resultType=core	curated
COHO:0000404	owl:NamedIndividual	NIHR BioResource Rare Diseases Study	GCST90102626	PMID:35050183	Metabolome Genome-Wide Association Study Identifies 74 Novel Genomic Regions Influencing Plasma Metabolites Levels.	The NIHR BioResource (NBR) Rare Disease Study is a multi-center whole-exome and whole-genome sequencing study including up to 13,600 patients.	https://www.ebi.ac.uk/europepmc/webservices/rest/PMC8777659/fullTextXML	curated
COHO:0000405	owl:NamedIndividual	Australian Imaging, Biomarker & Lifestyle Flagship Study of Ageing	GCST90024610	PMID:35668104	Comprehensive genetic analysis of the human lipidome identifies loci associated with lipid homeostasis with links to coronary artery disease.	We performed a GWAS of the human serum lipidome (Fig. 1) in the BHS discovery cohort (4492 individuals of European ancestry) followed by validation against a meta-analysis of the two validation cohorts (ADNI and AIBL; 670 and 895 individuals of European ancestry, respectively).	https://www.ebi.ac.uk/europepmc/webservices/rest/PMC9170690/fullTextXML	curated
COHO:0000406	owl:NamedIndividual	PopGen Biobank	GCST90257012	PMID:35348614	A genome-wide association study in autoimmune neurological syndromes with anti-GAD65 autoantibodies.	The control population used in this study consisted of a cohort of 1081 individuals, part of the PopGen cohort, a population-based biobank in Germany.8⁠ This subset of individuals corresponded to healthy subjects without neurological or endocrine disease, age-matched to our anti-GAD65 AINS patients, with available genotype data generated on the Infinium Global Screening Array (Illumina).	https://www.ebi.ac.uk/europepmc/webservices/rest/PMC9976967/fullTextXML	curated
COHO:0000407	owl:NamedIndividual	Diabetic Nephropathy Cohort	GCST90482719	PMID:39621102	Metabolomics profiling in multi-ancestral individuals with type 2 diabetes in Singapore identified metabolites associated with renal function decline.	We thank all of the participants, study team and investigators of the Diabetic Cohort (DC), the Diabetic Nephropathy (DN) cohort and the Singapore Study of Macro-angiopathy and Micro-vascular Reactivity in Type 2 Diabetes (SMART2D) for their contributions to research	https://eutils.ncbi.nlm.nih.gov/entrez/eutils/efetch.fcgi?db=pubmed&id=39621102&retmode=xml	curated
COHO:0000408	owl:NamedIndividual	Singapore Study of Macro-Angiopathy and Micro-Vascular Reactivity in Type 2 Diabetes	GCST90482719	PMID:39621102	Metabolomics profiling in multi-ancestral individuals with type 2 diabetes in Singapore identified metabolites associated with renal function decline.	We thank all of the participants, study team and investigators of the Diabetic Cohort (DC), the Diabetic Nephropathy (DN) cohort and the Singapore Study of Macro-angiopathy and Micro-vascular Reactivity in Type 2 Diabetes (SMART2D) for their contributions to research	https://eutils.ncbi.nlm.nih.gov/entrez/eutils/efetch.fcgi?db=pubmed&id=39621102&retmode=xml	curated
COHO:0000409	owl:NamedIndividual	Women's Health Initiative	GCST90570521	PMID:41495267	Trans-ancestry GWAS of hot flashes reveals potent treatment target and overlap with psychiatric disorders.	In the first genome-wide association study (GWAS) conducted for hot flashes, Crandall et al.12 found a significant locus in the TACR3 gene in a trans-ancestry meta-analysis of 17,695 post-menopausal women from the Women’s Health Initiative (WHI).	https://www.ebi.ac.uk/europepmc/webservices/rest/PMC12830824/fullTextXML	curated
COHO:0000410	owl:NamedIndividual	SHIP-TREND	GCST90428122	PMID:37731490	Toxin exposure and HLA alleles determine serum antibody binding to toxic shock syndrome toxin 1 (TSST-1) of <i>Staphylococcus aureus</i>.	To identify determinants of the anti-TSST-1 antibody response, we examined 976 participants of the German population-based epidemiological Study of Health in Pomerania (SHIP-TREND-0).	https://www.ebi.ac.uk/europepmc/webservices/rest/search?query=EXT_ID%3A37731490+AND+SRC%3AMED&format=json&resultType=core	curated
COHO:0000411	owl:NamedIndividual	Korean Genome and Epidemiology Study	GCST90255392	PMID:36777999	Genome-wide study on 72,298 individuals in Korean biobank data for 76 traits.	We conducted GWAS for 76 phenotypes in Korean biobank data, namely the Korean Genome and Epidemiology Study (KoGES) (n = 72,298).	https://www.ebi.ac.uk/europepmc/webservices/rest/search?query=EXT_ID%3A36777999+AND+SRC%3AMED&format=json&resultType=core	curated
COHO:0000412	owl:NamedIndividual	Netherlands Epidemiology of Obesity Study	GCST90840420	PMID:42426908	Genome-wide association studies of missing metabolite measures from two population-based studies.	We perform a logistic GWAS of metabolite missingness from an untargeted mass spectrometry-based platform in the Netherlands Epidemiology of Obesity Study (N = 594) and the Rhineland Study (N = 4,165).	https://www.ebi.ac.uk/europepmc/webservices/rest/search?query=EXT_ID%3A42426908+AND+SRC%3AMED&format=json&resultType=core	curated
COHO:0000413	owl:NamedIndividual	Wisconsin Registry for Alzheimer's Prevention	GCST90841377	PMID:37101235	Large multi-ethnic genetic analyses of amyloid imaging identify new genes for Alzheimer disease.	These cohorts included Memento [24], Mayo Clinic Study of Aging (MCSA) [25], Wisconsin Registry for Alzheimer's Prevention (WRAP) [26], Berkeley Aging Cohort study (BACS) [27], Korean study [28], and MISSION-AD.	https://www.ebi.ac.uk/europepmc/webservices/rest/PMC10134547/fullTextXML	curated
COHO:0000414	owl:NamedIndividual	Wisconsin Alzheimer's Disease Research Center	GCST90317902	PMID:39528826	Genetic architecture of cerebrospinal fluid and brain metabolite levels and the genetic colocalization of metabolites with human traits.			curated
COHO:0000415	owl:NamedIndividual	Food Chain Plus	GCST90837544	PMID:41419686	Genomic and transcriptomic analyses of aortic stenosis enhance therapeutic target discovery and disease prediction.	The control groups were drawn from the following biobanks, each approved by their respective local ethics committees: the Heinz Nixdorf Recall Study (University Hospital Essen), the PROCAM-2 Study (University of Münster), as well as the PopGen Biobank and the FOCUS Study (University of Schleswig-Holstein).	https://www.ebi.ac.uk/europepmc/webservices/rest/PMC12807872/fullTextXML	curated
COHO:0000416	owl:NamedIndividual	Amish Complex Disease Research Program	GCST90094886	PMID:35393526	An Amish founder population reveals rare-population genetic determinants of the human lipidome.	To date, over 7000 Amish adults have participated in one or more of our studies as part of the Amish Complex Disease Research Program72.	https://www.ebi.ac.uk/europepmc/webservices/rest/PMC8989972/fullTextXML	curated
COHO:0000417	owl:NamedIndividual	BioVU	GCST90225535	PMID:36167494	Genome-wide association analyses of common infections in a large practice-based biobank.	The biobank at Vanderbilt (BioVU) is one of the largest practice-based biobanks in the U.S.	https://www.ebi.ac.uk/europepmc/webservices/rest/PMC9512962/fullTextXML	curated
COHO:0000418	owl:NamedIndividual	Southall and Brent Revisited	GCST90668445	PMID:40593539	A genome-wide association study in 10,000 individuals links plasma N-glycome to liver disease and anti-inflammatory proteins.	We conducted a multicenter study using data from seven studies – TwinsUK (N = 3918), EPIC-Potsdam (N = 2192), PainOmics (N = 1873), SOCCS (N = 1742), SABRE (N = 544), QMDiab (N = 325), and CEDAR (N = 170) with a total sample size N = 10,764.	https://www.ebi.ac.uk/europepmc/webservices/rest/PMC12218978/fullTextXML	curated
COHO:0000419	owl:NamedIndividual	Gut-and-Liver Axis in Alcoholic Liver Fibrosis	GCST90453794	PMID:39972214	Plasma proteome variation and its genetic determinants in children and adolescents.	GALA–ALD/HP, gut and liver axis–alcohol-related liver disease/healthy participants.	https://www.ebi.ac.uk/europepmc/webservices/rest/PMC11906355/fullTextXML	curated
COHO:0000420	owl:NamedIndividual	Cardiovascular Risk in Young Finns Study	GCST90105059	PMID:35385482	Genetics of osteopontin in patients with chronic kidney disease: The German Chronic Kidney Disease study.	GWAS revealed 3 loci (p<5.0E-08), two of which replicated in the population-based Young Finns Study (YFS) cohort (p<1.67E-03): rs10011284, upstream of SPP1 encoding the OPN protein and related to OPN production, and rs4253311, mapping into KLKB1 encoding prekallikrein (PK), which is processed to kallikrein (KAL) implicated through the kinin-kallikrein system (KKS) in blood pressure control, inflammation, blood coagulation, cancer, and cardiovascular disease.	https://www.ebi.ac.uk/europepmc/webservices/rest/PMC9015153/fullTextXML	curated
COHO:0000421	owl:NamedIndividual	Study of Colorectal Cancer in Scotland	GCST90668445	PMID:40593539	A genome-wide association study in 10,000 individuals links plasma N-glycome to liver disease and anti-inflammatory proteins.	SOCCS (colorectal cancer cases, N = 1283), TwinsUK (N = 1179), CEDAR (N = 170);	https://www.ebi.ac.uk/europepmc/webservices/rest/PMC12218978/fullTextXML	curated
COHO:0000422	owl:NamedIndividual	China Kadoorie Biobank	GCST90246012	PMID:37601966	Genotyping and population characteristics of the China Kadoorie Biobank.	The China Kadoorie Biobank (CKB) is a population-based prospective cohort of >512,000 adults recruited from 2004 to 2008 from 10 geographically diverse regions across China.	https://www.ebi.ac.uk/europepmc/webservices/rest/search?query=EXT_ID%3A37601966+AND+SRC%3AMED&format=json&resultType=core	curated
COHO:0000423	owl:NamedIndividual	All of Us Research Program	GCST90994634	PMID:42620341	A Whole-Genome Sequence Genome-Wide Association Study in All of Us Identifies a Novel Glaucoma Risk Locus in African Individuals.	ObjectiveTo assess how whole genome sequencing (WGS) and varying phenotype definitions influence genetic discovery for primary open-angle glaucoma (POAG) in a diverse population.DesignAncestry-stratified genome-wide association studies (GWASs) and cross-ancestry meta-analyses of POAG cases and controls using 2 phenotype definitions.ParticipantsCases (age ≥40 years) and controls (age ≥65 years) were identified in the National Institutes of Health All of Us Research Program v8 data release and subdivided into genetically inferred ancestral groups.	https://www.ebi.ac.uk/europepmc/webservices/rest/search?query=EXT_ID%3A42620341+AND+SRC%3AMED&format=json&resultType=core	curated
COHO:0000424	owl:NamedIndividual	BioMe Biobank	GCST90101736	PMID:35278270	Genetic and phenotypic profiling of supranormal ejection fraction reveals decreased survival and underdiagnosed heart failure.	This study aimed to determine the relationship of both snLVEF genetic risk and phenotype with survival and underdiagnosed heart failure (HF).Methods and resultsA snLVEF genetic risk score (GRS) was applied and cases of snLVEF were identified in 486 754 individuals across two population-based cohorts (BioMe Biobank and UK Biobank).	https://www.ebi.ac.uk/europepmc/webservices/rest/search?query=EXT_ID%3A35278270+AND+SRC%3AMED&format=json&resultType=core	curated
COHO:0000425	owl:NamedIndividual	Coronary Artery Risk Development in Young Adults Study	GCST90444478	PMID:39251807	Genome-wide association study meta-analysis of neurofilament light (NfL) levels in blood reveals novel loci related to neurodegeneration.	The Coronary Artery Risk Development in Young Adults Study (CARDIA) is conducted and supported by the National Heart, Lung, and Blood Institute (NHLBI) in collaboration with the University of Alabama at Birmingham (HHSN268201800005I & HHSN268201800007I), Northwestern University (HHSN268201800003I), University of Minnesota (HHSN268201800006I), and Kaiser Foundation Research Institute (HHSN268201800004I).	https://www.ebi.ac.uk/europepmc/webservices/rest/PMC11385583/fullTextXML	curated
COHO:0000426	owl:NamedIndividual	Health for Life in Singapore	GCST90557814	PMID:41469377	The Health for Life in Singapore (HELIOS) Study: delivering precision medicine research for Asian populations.	To address this gap, we have initiated the Health for Life in Singapore (HELIOS) longitudinal cohort study, comprising comprehensive behavioural, phenotypic, and genomic measurements from 10,004 Asian men and women of Chinese, Indian or Malay background.	https://www.ebi.ac.uk/europepmc/webservices/rest/search?query=EXT_ID%3A41469377+AND+SRC%3AMED&format=json&resultType=core	curated
COHO:0000427	owl:NamedIndividual	Cleveland Family Study	GCST90091013	PMID:34446064	Whole-genome association analyses of sleep-disordered breathing phenotypes in the NHLBI TOPMed program.	The Cleveland Family Study (CFS) was designed to investigate the familial basis of SDB, with four visits occurring from 1990 to 2006 [21].	https://www.ebi.ac.uk/europepmc/webservices/rest/PMC8394596/fullTextXML	curated
COHO:0000428	owl:NamedIndividual	deCODE genetics Icelandic cohort	GCST90428450	PMID:28596592	Sequence variant at 4q25 near PITX2 associates with appendicitis.	This study is based on whole-genome sequence data from the whole blood of 15,220 Icelanders participating in various disease projects at deCODE genetics.	https://www.ebi.ac.uk/europepmc/webservices/rest/PMC5465083/fullTextXML	curated
COHO:0000429	owl:NamedIndividual	PainOMICS Retrospective Study	GCST90668445	PMID:40593539	A genome-wide association study in 10,000 individuals links plasma N-glycome to liver disease and anti-inflammatory proteins.	We conducted a multicenter study using data from seven studies – TwinsUK (N = 3918), EPIC-Potsdam (N = 2192), PainOmics (N = 1873), SOCCS (N = 1742), SABRE (N = 544), QMDiab (N = 325), and CEDAR (N = 170) with a total sample size N = 10,764.	https://www.ebi.ac.uk/europepmc/webservices/rest/PMC12218978/fullTextXML	curated
COHO:0000430	owl:NamedIndividual	The Pomak cohort	GCST90179214	PMID:36349687	Identifying causal serum protein-cardiometabolic trait relationships using whole genome sequencing.	Meta-analyzing whole-genome sequencing (WGS) data from two Greek cohorts, MANOLIS (n = 1356; 22.5× WGS) and Pomak (n = 1537; 18.4× WGS), we detect 301 independently associated pQTL variants for 170 proteins, including 12 rare variants (minor allele frequency < 1%).	https://www.ebi.ac.uk/europepmc/webservices/rest/PMC10077504/fullTextXML	curated
COHO:0000431	owl:NamedIndividual	Genetic Epidemiology Research on Adult Health and Aging	GCST90095184	PMID:35449187	Genome-wide association study of actinic keratosis identifies new susceptibility loci implicated in pigmentation and immune regulation pathways.	We conducted a genome-wide association study of AK in non-Hispanic white participants of the Genetic Epidemiology Research on Adult Health and Aging (GERA) cohort (n = 63,110, discovery cohort), with validation in the Mass-General Brigham (MGB) Biobank cohort (n = 29,130).	https://www.ebi.ac.uk/europepmc/webservices/rest/search?query=EXT_ID%3A35449187+AND+SRC%3AMED&format=json&resultType=core	curated
COHO:0000432	owl:NamedIndividual	Correlated Expression and Disease Association Research	GCST90668562	PMID:40593539	A genome-wide association study in 10,000 individuals links plasma N-glycome to liver disease and anti-inflammatory proteins.	We conducted a multicenter study using data from seven studies – TwinsUK (N = 3918), EPIC-Potsdam (N = 2192), PainOmics (N = 1873), SOCCS (N = 1742), SABRE (N = 544), QMDiab (N = 325), and CEDAR (N = 170) with a total sample size N = 10,764.	https://www.ebi.ac.uk/europepmc/webservices/rest/PMC12218978/fullTextXML	curated
COHO:0000433	owl:NamedIndividual	Generation Scotland: Scottish Family Health Study	GCST007410	PMID:30718454	Genome-wide by environment interaction studies of depressive symptoms and psychosocial stress in UK Biobank and Generation Scotland.	To improve our understanding of this link, we performed genome-wide association studies (GWAS) of depressive symptoms and genome-wide by environment interaction studies (GWEIS) of depressive symptoms and stressful life events (SLE) in two UK population-based cohorts (Generation Scotland and UK Biobank).	https://www.ebi.ac.uk/europepmc/webservices/rest/search?query=EXT_ID%3A30718454+AND+SRC%3AMED&format=json&resultType=core	curated
COHO:0000434	owl:NamedIndividual	Genetic Epidemiology Network of Arteriopathy	GCST90093093	PMID:33418499	Whole genome sequence analyses of eGFR in 23,732 people representing multiple ancestries in the NHLBI trans-omics for precision medicine (TOPMed) consortium.	Old Order Amish, Atherosclerosis Risk in Communities (ARIC), Framingham Heart Study (FHS), Genetic Epidemiology Network of Arteriopathy (GENOA), Genetic Epidemiology Network of Salt Sensitivity (GenSalt), Genetic Study of Atherosclerosis Risk (GeneSTAR), Hypertension Genetic Epidemiology Network (HyperGEN), Jackson Heart Study (JHS), Multi-Ethnic Study of Atherosclerosis (MESA) and Women's Health Initiative (WHI).	https://www.ebi.ac.uk/europepmc/webservices/rest/PMC7804602/fullTextXML	curated
COHO:0000435	owl:NamedIndividual	Northern Finland Birth Cohorts	GCST90093140	PMID:34847907	Genome-wide association study of periodontal pocketing in Finnish adults.	The aim of this study was to investigate genome-wide associations of periodontal condition measured as deepened periodontal pockets (≥ 4 mm) in Finnish adults.MethodsThis study was based on the data of the national Health 2000 Survey (BRIF8901) in Finland and the Northern Finland Birth Cohort 1966 Study totalling 3,245 individuals.	https://www.ebi.ac.uk/europepmc/webservices/rest/search?query=EXT_ID%3A34847907+AND+SRC%3AMED&format=json&resultType=core	curated
COHO:0000436	owl:NamedIndividual	Taiwan Biobank	GCST90278615	PMID:38116116	Analysis across Taiwan Biobank, Biobank Japan, and UK Biobank identifies hundreds of novel loci for 36 quantitative traits.	Here we report findings from 102,900 individuals across 36 human quantitative traits in the Taiwan Biobank (TWB), a major biobank effort that broadens the population diversity of genetic studies in East Asia.	https://www.ebi.ac.uk/europepmc/webservices/rest/search?query=EXT_ID%3A38116116+AND+SRC%3AMED&format=json&resultType=core	curated
COHO:0000437	owl:NamedIndividual	GeneRISK study	GCST90277238	PMID:37907536	Genome-wide association analysis of plasma lipidome identifies 495 genetic associations.	Here we report univariate and multivariate GWAS of 179 lipid species from 13 lipid classes in 7174 Finnish individuals from the GeneRISK cohort, followed by a phenome-wide association study (PheWAS) of the identified lipid-associated genetic loci in 377,277 biobank participants of the FinnGen study and a colocalization analysis with these endpoints.	https://www.ebi.ac.uk/europepmc/webservices/rest/PMC10618167/fullTextXML	curated
COHO:0000438	owl:NamedIndividual	Healthy Aging in Neighborhoods of Diversity across the Life Span	GCST90093143	PMID:34734193	Multi-Ancestry Genome-wide Association Study Accounting for Gene-Psychosocial Factor Interactions Identifies Novel Loci for Blood Pressure Traits.			curated
COHO:0000439	owl:NamedIndividual	Mount Sinai Crohn's and Colitis Registry	GCST90095485	PMID:34780722	Integrative Analysis of the Inflammatory Bowel Disease Serum Metabolome Improves Our Understanding of Genetic Etiology and Points to Novel Putative Therapeutic Targets.	Patients with UC (n=484) or CD (n=464) and HCs (ages 18+, n=365) were recruited as part of a cross-sectional study, the Mount Sinai Crohn’s and Colitis Registry (MSCCR), between December 2013 and September 2016 from the outpatient and endoscopy units of the Mount Sinai Hospital.	https://www.ncbi.nlm.nih.gov/research/bionlp/RESTful/pmcoa.cgi/BioC_xml/PMC9214725/unicode	curated
COHO:0000440	owl:NamedIndividual	Netherlands Study of Depression and Anxiety	GCST90128543	PMID:35383335	Genetic variants associated with longitudinal changes in brain structure across the lifespan.	The infrastructure for the NESDA study (www.nesda.nl) is funded through the Geestkracht program of the Netherlands Organisation for Health Research and Development (ZonMw, grant No 10-000-1002) and financial contributions by participating universities and mental health care organizations (VU University Medical Center, GGZ inGeest, Leiden University Medical Center, Leiden University, GGZ Rivierduinen, University Medical Center Groningen, University of Groningen, Lentis, GGZ Friesland, GGZ Drenthe, Rob Giel Onderzoekscentrum).	https://www.ebi.ac.uk/europepmc/webservices/rest/PMC10040206/fullTextXML	curated
COHO:0000441	owl:NamedIndividual	Health, Aging and Body Composition Study	GCST90105058	PMID:35580588	Genome-wide association meta-analysis identifies 48 risk variants and highlights the role of the stria vascularis in hearing loss.	Age, Genes/Environment Susceptibility - Reykjavik (AGES; n = 3,134), the Danish Twin Registry (DTR; n = 1,314), the Estonian Genome Center at the University of Tartu (EGCUT; n = 55,523), FinnGen (n = 212,544), Framingham Heart Study (FHS; n = 2,536), Health Aging and Body Composition (HABC; n = 1,288), Italian Network of Genetic Isolates - Friuli Venezia Giulia (INGI-FVG; n = 339), the Rotterdam Study (RS, cohorts 1–3; n = 6,157), the Salus in Apulia study (SA; n = 1,780; formerly known as Great Age study), Screening Across the Lifespan Twin (SALT; n = 9,565, and SALTY - young; n = 5,133), Screening Twin Adults:	https://www.ebi.ac.uk/europepmc/webservices/rest/PMC9247887/fullTextXML	curated
COHO:0000442	owl:NamedIndividual	Michigan Genomics Initiative	GCST90104583	PMID:35275946	Genetic variants associated with sepsis.	The Michigan Genomics Initiative (MGI) is a biobank that collects blood samples on adult perioperative patients for later genetic analysis.	https://www.ebi.ac.uk/europepmc/webservices/rest/PMC8916629/fullTextXML	curated
COHO:0000443	owl:NamedIndividual	Immune and Metabolic Markers during Pregnancy and Child Development Study	GCST90809085	PMID:42378311	Genetic survey of biomarkers at early and mid-pregnancy identifies pregnancy-specialized immune regulation.	The IMPaCT cohort included 2436 mothers across three child outcome groups (ASD N = 339, DD N = 1193, GP N = 904) with blood sample measurements taken at two timepoints (14–147 days apart) [S7c Fig] per individual over the first and second trimesters (Fig 1a).	https://www.ebi.ac.uk/europepmc/webservices/rest/PMC13340790/fullTextXML	curated
COHO:0000444	owl:NamedIndividual	Cohorts for Heart and Aging Research in Genomic Epidemiology Consortium	GCST90029070	PMID:35459240	Genetic analysis of over half a million people characterises C-reactive protein loci.	We report the largest genome-wide association study (GWAS) on C-reactive protein (CRP), a marker of systemic inflammation, in UK Biobank participants (N = 427,367, European descent) and the Cohorts for Heart and Aging Research in Genomic Epidemiology (CHARGE) Consortium (total N = 575,531 European descent).	https://www.ebi.ac.uk/europepmc/webservices/rest/search?query=EXT_ID%3A35459240+AND+SRC%3AMED&format=json&resultType=core	curated
COHO:0000445	owl:NamedIndividual	Helsinki Birth Cohort Study	GCST003664	PMID:27005778	Genome-wide study for circulating metabolites identifies 62 loci and reveals novel systemic effects of LPA.	Angiogram (COROGENE), Genetics of METabolic Syndrome, Helsinki Birth Cohort	https://www.ebi.ac.uk/europepmc/webservices/rest/PMC4814583/fullTextXML	curated
COHO:0000446	owl:NamedIndividual	Generation R Study	GCST90255778	PMID:36777645	Mapping gene by early life stress interactions on child subcortical brain structures: A genome-wide prospective study.	Genome-wide association and genome-wide-by-environment interaction analyses (GWEIS, run separately for prenatal/postnatal ELS) were conducted for eight brain outcomes (i.e., 24 genome-wide analyses) in the Generation R Study (discovery).	https://www.ebi.ac.uk/europepmc/webservices/rest/search?query=EXT_ID%3A36777645+AND+SRC%3AMED&format=json&resultType=core	curated
COHO:0000447	owl:NamedIndividual	500 Functional Genomics	GCST90503338	PMID:38326779	Sex-biased genetic regulation of inflammatory proteins in the Dutch population.	The 500FG cohort is a population-based cohort of healthy individuals of Western European ancestry consisting of 237 males and 296 females with age range of 18-75 years.	https://www.ebi.ac.uk/europepmc/webservices/rest/PMC10851559/fullTextXML	curated
COHO:0000448	owl:NamedIndividual	MyCode Community Health Initiative	GCST90244183	PMID:36192519	ANGPTL7, a therapeutic target for increased intraocular pressure and glaucoma.	Association with IOP was tested on a total of 101,678 individuals and 27,529 individuals of European ancestry from the United Kingdom Biobank (UKB) and the MyCode Community Health Initiative cohort from Geisinger Health System (GHS), respectively.	https://www.ebi.ac.uk/europepmc/webservices/rest/PMC9529959/fullTextXML	curated
COHO:0000449	owl:NamedIndividual	23andMe research cohort	GCST90094988	PMID:34728798	Genome-wide association study of problematic opioid prescription use in 132,113 23andMe research participants of European ancestry.	To test this hypothesis, we performed a genome-wide association study (GWAS) of problematic opioid use (POU) in 23andMe research participants of European ancestry (N = 132,113; 21% cases).	https://www.ebi.ac.uk/europepmc/webservices/rest/PMC8562028/fullTextXML	curated
COHO:0000450	owl:NamedIndividual	LIFE-Adult-Study	GCST90094671	PMID:34822396	Sex-Specific Causal Relations between Steroid Hormones and Obesity-A Mendelian Randomization Study.	LIFE-Heart (1357 males, 711 females) [23] and LIFE-Adult (863 males, 618 females) [24].	https://www.ebi.ac.uk/europepmc/webservices/rest/PMC8624973/fullTextXML	curated
COHO:0000451	owl:NamedIndividual	Red Blood Cell-Omics Study	GCST90267412	PMID:36395887	Genome-wide metabolite quantitative trait loci analysis (mQTL) in red blood cells from volunteer blood donors.	The red blood cell (RBC)-Omics study, part of the larger NHLBI-funded Recipient Epidemiology and Donor Evaluation Study (REDS-III), aims to understand the genetic contribution to blood donor RBC characteristics.	https://www.ebi.ac.uk/europepmc/webservices/rest/PMC9763692/fullTextXML	curated
COHO:0000452	owl:NamedIndividual	Corogene Study	GCST003664	PMID:27005778	Genome-wide study for circulating metabolites identifies 62 loci and reveals novel systemic effects of LPA.	Angiogram (COROGENE), Genetics of METabolic Syndrome, Helsinki Birth Cohort	https://www.ebi.ac.uk/europepmc/webservices/rest/PMC4814583/fullTextXML	curated
COHO:0000453	owl:NamedIndividual	Health 2000 GenMets Study	GCST003664	PMID:27005778	Genome-wide study for circulating metabolites identifies 62 loci and reveals novel systemic effects of LPA.	GenMets, Genetics of METabolic Syndrome;	https://www.ebi.ac.uk/europepmc/webservices/rest/PMC4814583/fullTextXML	curated
COHO:0000454	owl:NamedIndividual	Qatar Metabolomics Study on Diabetes	GCST90668562	PMID:40593539	A genome-wide association study in 10,000 individuals links plasma N-glycome to liver disease and anti-inflammatory proteins.	We conducted a multicenter study using data from seven studies – TwinsUK (N = 3918), EPIC-Potsdam (N = 2192), PainOmics (N = 1873), SOCCS (N = 1742), SABRE (N = 544), QMDiab (N = 325), and CEDAR (N = 170) with a total sample size N = 10,764.	https://www.ebi.ac.uk/europepmc/webservices/rest/PMC12218978/fullTextXML	curated
COHO:0000455	owl:NamedIndividual	Genetic Study of Atherosclerosis Risk	GCST90104704	PMID:35312098	Secondary analyses for genome-wide association studies using expression quantitative trait loci.	GeneSTAR is an ongoing prospective study begun in 1983 designed to determine environmental, phenotypic, and genetic causes of premature cardiovascular disease.	https://www.ebi.ac.uk/europepmc/webservices/rest/PMC9086181/fullTextXML	curated
COHO:0000456	owl:NamedIndividual	Nurses' Health Study	GCST90301399	PMID:38664626	Germline genetic regulation of the colorectal tumor immune microenvironment.	The third replication dataset was derived from two prospective cohort studies in the US: the Nurses’ Health Study and the Health Professionals Follow-up Study [13, 55].	https://www.ebi.ac.uk/europepmc/webservices/rest/PMC11046907/fullTextXML	curated
COHO:0000457	owl:NamedIndividual	Penn Medicine BioBank	GCST90267372	PMID:37255673	The genetic and phenotypic correlates of mtDNA copy number in a multi-ancestry cohort.	To understand the biology of mtCN, we carried out genome- and phenome-wide association studies of mtCN in 30,666 individuals from the Penn Medicine BioBank (PMBB)-a diverse cohort of largely African and European ancestry.	https://www.ebi.ac.uk/europepmc/webservices/rest/search?query=EXT_ID%3A37255673+AND+SRC%3AMED&format=json&resultType=core	curated
COHO:0000458	owl:NamedIndividual	Epidemiological Investigation of Rheumatoid Arthritis	GCST90281046	PMID:37326842	Genome-wide investigation of persistence with methotrexate treatment in early rheumatoid arthritis.	Our primary analysis cohort consisted of early-RA patients receiving MTX in DMARD monotherapy as their first RA treatment, identified in the Epidemiological Investigation of RA (EIRA) biobank or the Swedish Rheumatology Quality Register’s (SRQ) biobank (SRQb).	https://www.ebi.ac.uk/europepmc/webservices/rest/PMC11065441/fullTextXML	curated
COHO:0000459	owl:NamedIndividual	Ludwigshafen Risk and Cardiovascular Health Study	GCST90012174	PMID:32915819	Investigation of gene-gene interactions in cardiac traits and serum fatty acid levels in the LURIC Health Study.	We performed interaction analyses using the two filtering methods, adjusting for age, sex, body mass index (BMI), waist-hip ratio, and the first three principal components from genetic data, among 2,824 samples from the Ludwigshafen Risk and Cardiovascular (LURIC) Health Study.	https://www.ebi.ac.uk/europepmc/webservices/rest/PMC7485803/fullTextXML	curated
COHO:0000460	owl:NamedIndividual	Diabetes Heart Study	GCST90244653	PMID:36220816	Whole genome sequence analysis of blood lipid levels in >66,000 individuals.	Diabetes Heart Study (DHS) phs001412 and phs001012;	https://www.ebi.ac.uk/europepmc/webservices/rest/PMC9553944/fullTextXML	curated
COHO:0000461	owl:NamedIndividual	Genetics of Personality Consortium	PMID:27089181	PMID:27089181	Genetic variants associated with subjective well-being, depressive symptoms, and neuroticism identified through genome-wide analyses.	For neuroticism (N = 170,910), we pooled summary statistics from a published study by the Genetics of Personality Consortium (GPC)4 with results from a new analysis of UKB data.	https://www.ebi.ac.uk/europepmc/webservices/rest/PMC4884152/fullTextXML	curated
COHO:0000462	owl:NamedIndividual	Genetic Risk Assessment for Chinese Eaglet-T1D	PMID:41795035	PMID:41795035	Development and validation of a trans-ancestry polygenic risk score for type 1 diabetes.	Ncontrols=427,069) and in a Chinese case–control cohort across multiple paediatric centres named Genetic Risk Assessment for Chinese Eaglet-T1D (GRACE, N=597;	https://www.ebi.ac.uk/europepmc/webservices/rest/PMC13109230/fullTextXML	curated
COHO:0000463	owl:NamedIndividual	Academic Medical Center Amsterdam Premature Atherosclerosis Study	PMID:28245255	PMID:28245255	Extending the use of GWAS data by combining data from different genetic platforms.	We included a total of 979 unique patients from the previously described prospective cohort AMC-PAS[6], with symptomatic Coronary Artery Disease (CAD) before the age of 51 years, defined as Myocardial Infarction (MI), coronary revascularization, or evidence of at least 70% stenosis in a major epicardial artery.	https://www.ebi.ac.uk/europepmc/webservices/rest/PMC5330464/fullTextXML	curated
COHO:0000464	owl:NamedIndividual	Bogalusa Heart Study	GCST90014287	PMID:34187551	Genome-wide association studies identify 137 genetic loci for DNA methylation biomarkers of aging.	The BHS is a long-term epidemiology study of the natural history of cardiovascular disease from childhood to adulthood in the community of Bogalusa (65% white, 35% African American), Louisiana, the United States	https://www.ebi.ac.uk/europepmc/webservices/rest/PMC8243879/supplementaryFiles	curated
COHO:0000465	owl:NamedIndividual	Cleveland Family Speech and Reading Study	GCST90027030	PMID:34315907	Association between genes regulating neural pathways for quantitative traits of speech and language disorders.	We conducted a GWAS in the Cleveland Family Speech and Reading Study (CFSRS), a cohort ascertained through a proband with SSD, and replicated findings in a population-based cohort.	https://www.ebi.ac.uk/europepmc/webservices/rest/PMC8316336/fullTextXML	curated
COHO:0000466	owl:NamedIndividual	Genetics of Opioid Addiction Consortium	GCST90244554	PMID:36207451	Multi-trait genome-wide association study of opioid addiction: OPRM1 and beyond.	We applied genomic structural equation modeling to conduct a GWAS of the new Genetics of Opioid Addiction Consortium (GENOA) data together with published studies (Psychiatric Genomics Consortium, Million Veteran Program, and Partners Health), comprising 23,367 cases and effective sample size of 88,114 individuals of European ancestry.	https://www.ebi.ac.uk/europepmc/webservices/rest/search?query=EXT_ID%3A36207451+AND+SRC%3AMED&format=json&resultType=core	curated
COHO:0000467	owl:NamedIndividual	Genetics of Opioid Addiction Study	GCST90454192	PMID:38102185	A genome-wide association, polygenic risk score and sex study on opioid use disorder treatment outcomes.	Data were collected as part of the GENetics of Opioid Addiction (GENOA) and Pharmacogenetics of Opioid Substitution Treatment Response (POST) programs.	https://www.ebi.ac.uk/europepmc/webservices/rest/PMC10724251/fullTextXML	curated
COHO:0000468	owl:NamedIndividual	deCODE Health Study	GCST012442	PMID:34108613	The genetic architecture of age-related hearing impairment revealed by genome-wide association analysis.	We conducted a GWAS of ARHI in three datasets obtained from the deCODE health study (DHS)24, the National Institute of Hearing and Speech in Iceland (NIHSI) and the UKB (Fig. 1, Supplementary Table 2).	https://www.ebi.ac.uk/europepmc/webservices/rest/PMC8190123/fullTextXML	curated
COHO:0000469	owl:NamedIndividual	Qatar Biobank	GCST90093097	PMID:33430342	A Whole-Genome Sequencing Association Study of Low Bone Mineral Density Identifies New Susceptibility Loci in the Phase I Qatar Biobank Cohort.	Here we sequenced the whole genomes of 3000 individuals from the Qatar Biobank and conducted genome-wide association analyses to identify genetic risk factors associated with low BMD in the Qatari population.	https://www.ebi.ac.uk/europepmc/webservices/rest/search?query=EXT_ID%3A33430342+AND+SRC%3AMED&format=json&resultType=core	curated
COHO:0000470	owl:NamedIndividual	Reykjavik Study	PMID:19438929	PMID:19438929	C-reactive protein in migraine sufferers similar to that of non-migraineurs: the Reykjavik Study.	The Reykjavik Study is a large, population-based cohort study, which started in 1967.	https://www.ncbi.nlm.nih.gov/research/bionlp/RESTful/pmcoa.cgi/BioC_xml/PMC3133934/unicode	curated
COHO:0000471	owl:NamedIndividual	Human Functional Genomics Project	PMID:27814519	PMID:27814519	The Human Functional Genomics Project: Understanding Generation of Diversity.	Studies from the Human Functional Genomics Project, presented in Cell and other Cell Press journals, integrate environmental and genetic factors with the direction and magnitude of immune responses to decipher inflammatory disease pathogenesis.	https://www.ebi.ac.uk/europepmc/webservices/rest/search?query=EXT_ID%3A27814519+AND+SRC%3AMED&format=json&resultType=core	curated
COHO:0000472	owl:NamedIndividual	Recipient Epidemiology and Donor Evaluation Study-III	GCST90270269	PMID:36602125	Genome-wide association study of early ischaemic stroke risk in Brazilian individuals with sickle cell disease implicates ADAMTS2 and CDK18 and uncovers novel loci.	This was conducted within the Brazil Sickle Cell Disease Cohort Study as part of the Recipient Epidemiology Donor Evaluation Study III (REDS-III).	https://www.ncbi.nlm.nih.gov/research/bionlp/RESTful/pmcoa.cgi/BioC_xml/PMC10155195/unicode	curated
COHO:0000473	owl:NamedIndividual	Research Program on Genes, Environment and Health	GCST90271628	PMID:36864135	Genome-wide analysis identifies genetic effects on reproductive success and ongoing natural selection at the FADS locus.	Data used in this study were provided by the Kaiser Permanente Research Program on Genes, Environment, and Health (RPGEH): Genetic Epidemiology Research on Adult Health and Aging (GERA)	https://media.springernature.com/original/springer-static/esm/art%3A10.1038%2Fs41562-023-01528-6/MediaObjects/41562_2023_1528_MOESM1_ESM.pdf	curated
COHO:0000474	owl:NamedIndividual	Africa America Diabetes Mellitus Study	GCST90091134	PMID:34620218	Genome-wide analyses of multiple obesity-related cytokines and hormones informs biology of cardiometabolic traits.	We performed genome-wide association studies (GWAS) in 4432 continental Africans, enrolled from Ghana, Kenya, and Nigeria as part of the Africa America Diabetes Mellitus (AADM) study	https://www.ebi.ac.uk/europepmc/webservices/rest/search?query=EXT_ID:34620218%20AND%20SRC:MED&resultType=core&format=json	curated
COHO:0000475	owl:NamedIndividual	Danish Blood Donor Study	GCST90319314	PMID:38228779	A genome-wide association study of social trust in 33,882 Danish blood donors.	In this study, we investigate the genetic underpinnings of social trust in n = 33,882 participants of the Danish Blood Donor Study (DBDS) using a validated questionnaire.	https://www.ebi.ac.uk/europepmc/webservices/rest/PMC10792163/fullTextXML	curated
COHO:0000476	owl:NamedIndividual	Howard University Family Study	GCST90091134	PMID:34620218	Genome-wide analyses of multiple obesity-related cytokines and hormones informs biology of cardiometabolic traits.	Replication analyses were performed using data on 7990 AA from five different cohorts: the Howard University Family Study (HUFS) [32]	https://www.ebi.ac.uk/europepmc/webservices/rest/PMC8499470/fullTextXML	curated
COHO:0000477	owl:NamedIndividual	Stabilization of Atherosclerotic Plaque by Initiation of Darapladib Therapy Trial	GCST90274758	PMID:37563310	Genetics of circulating inflammatory proteins identifies drivers of immune-mediated disease risk and therapeutic targets.	Funding of the GWASs and proteomics studies of STABILITY and ARISTOTLE were supported by GlaxoSmithKline, BristolMyersSquibb and the Swedish Foundation for Strategic Research	https://www.ebi.ac.uk/europepmc/webservices/rest/PMC10457199/fullTextXML	curated
COHO:0000478	owl:NamedIndividual	Swedish BioFINDER Study	GCST90274758	PMID:37563310	Genetics of circulating inflammatory proteins identifies drivers of immune-mediated disease risk and therapeutic targets.	Biomarkers For Identifying Neurodegenerative Disorders Early and Reliably	https://static-content.springer.com/esm/art%3A10.1038%2Fs41590-023-01588-w/MediaObjects/41590_2023_1588_MOESM5_ESM.xlsx	curated
COHO:0000479	owl:NamedIndividual	CROATIA-Vis Study	GCST90274758	PMID:37563310	Genetics of circulating inflammatory proteins identifies drivers of immune-mediated disease risk and therapeutic targets.	The CROATIA-Vis study was funded by grants from the UK MRC, the Republic of Croatia Ministry of Science, Education and Sports (grant nos. 108-1080315-0302 and 216-1080315-0302) and the Croatian Science Foundation (grant no. 8875).	https://www.ebi.ac.uk/europepmc/webservices/rest/PMC10457199/fullTextXML	curated
COHO:0000480	owl:NamedIndividual	National Alzheimer's Coordinating Center	GCST90276157	PMID:37700353	APOE-ε4 and BIN1 increase risk of Alzheimer's disease pathology but not specifically of Lewy body pathology.	We analyzed data from individuals from the National Alzheimer’s Coordinating Center (NACC) and Rush University Medical Center databases who were evaluated postmortem for both AD and LB pathology.	https://www.ebi.ac.uk/europepmc/webservices/rest/PMC10496176/fullTextXML	curated
COHO:0000481	owl:NamedIndividual	Singapore Prospective Study Program	GCST90093191	PMID:34734193	Multi-Ancestry Genome-wide Association Study Accounting for Gene-Psychosocial Factor Interactions Identifies Novel Loci for Blood Pressure Traits.	SP2 (Singapore Prospective Study Program): The SP2 is a population-based study of diabetes and cardiovascular disease in Singapore.	https://www.ebi.ac.uk/europepmc/webservices/rest/PMC8562625/supplementaryFiles	curated
COHO:0000482	owl:NamedIndividual	Colorado Center for Personalized Medicine Biobank	GCST90627737	PMID:41644669	Global multi-ancestry genome-wide analyses identify genes and biological pathways associated with thyroid cancer and benign thyroid diseases.	We explored the ability of PRS to identify people at risk for ThC (PRSThC versus All) in the Colorado Center for Personalized Medicine (CCPM) Biobank population (n = 94,651).	https://www.ebi.ac.uk/europepmc/webservices/rest/PMC12900643/fullTextXML	curated
COHO:0000483	owl:NamedIndividual	Adult Changes in Thought Study	GCST90308732	PMID:37349795	A genome-wide search for pleiotropy in more than 100,000 harmonized longitudinal cognitive domain scores.	This study included non-Hispanic white participants of the Framingham Heart Study (FHS), National Institute on Aging sponsored Alzheimer’s Disease Research Centers whose phenotypic information was assembled and curated by the National Alzheimer’s Coordinating Center (NACC), the Adult Changes in Thought (ACT) Study, the Alzheimer’s Disease Neuroimaging Initiative (ADNI), and the Religious Orders Study/Rush Memory and Aging Project (ROSMAP).	https://www.ebi.ac.uk/europepmc/webservices/rest/PMC10286470/fullTextXML	curated
COHO:0000484	owl:NamedIndividual	Hypertension Genetic Epidemiology Network	GCST90093118	PMID:33679876	Whole-Exome Sequencing and hiPSC Cardiomyocyte Models Identify MYRIP, TRAPPC11, and SLC27A6 of Potential Importance to Left Ventricular Hypertrophy in an African Ancestry Population.	among 1,364 participants of African ancestry (AAs) in the Hypertension Genetic Epidemiology Network (HyperGEN)	https://www.ebi.ac.uk/europepmc/webservices/rest/search?query=EXT_ID:33679876%20AND%20SRC:MED&resultType=core&format=json	curated
COHO:0000485	owl:NamedIndividual	Prostate, Lung, Colorectal, and Ovarian Cancer Screening Trial	GCST90102456	PMID:34996992	Genome-wide association study identifies tumor anatomical site-specific risk variants for colorectal cancer survival.	PLCO Prostate, Lung, Colorectal and Ovarian Cancer Screening Trial	https://www.ebi.ac.uk/europepmc/webservices/rest/PMC8741984/fullTextXML	curated
COHO:0000486	owl:NamedIndividual	Korean Cancer Prevention Study-II Biobank	GCST90662856	PMID:40436827	Genome-wide association studies in a large Korean cohort identify quantitative trait loci for 36 traits and illuminate their genetic architectures.	Here we conducted GWAS for 36 quantitative traits from 153,950 individuals in the Korean Cancer Prevention Study-II (KCPS-II) Biobank22, a prospective cohort study of the Korean population with genomic data and a wide range of measured phenotypes.	https://www.ebi.ac.uk/europepmc/webservices/rest/PMC12120081/fullTextXML	curated
COHO:0000487	owl:NamedIndividual	Leipzig Research Center for Civilization Diseases-Heart Study	GCST90094671	PMID:34822396	Sex-Specific Causal Relations between Steroid Hormones and Obesity-A Mendelian Randomization Study.	LIFE-Heart is a cohort of patients with suspected or confirmed coronary artery disease or myocardial infarction [23].	https://www.ebi.ac.uk/europepmc/webservices/rest/PMC8624973/fullTextXML	curated
COHO:0000488	owl:NamedIndividual	Bandim Health Project	GCST90102551	PMID:36681271	Genetic regulators of cytokine responses upon BCG vaccination in children from West Africa.	This study was performed in a cohort of newborns in Guinea-Bissau, West Africa, part of the Bandim Health Project (BHP)	https://www.researchsquare.com/article/rs-1502935/latest.pdf	curated
COHO:0000489	owl:NamedIndividual	Center for Applied Genomics Biobank	GCST90503108	PMID:40164604	Integration of GWAS, QTLs and keratinocyte functional assays reveals molecular mechanisms of atopic dermatitis.	The cohort from the Center for Applied Genomics is composed of approximately 85,000 juvenile subjects below 18 years of age and of a diverse set of ancestries.	https://www.ebi.ac.uk/europepmc/webservices/rest/PMC11958703/fullTextXML	curated
COHO:0000490	owl:NamedIndividual	Danish Twin Registry	GCST90105058	PMID:35580588	Genome-wide association meta-analysis identifies 48 risk variants and highlights the role of the stria vascularis in hearing loss.	the Danish Twin Registry (DTR; n = 1,314)	https://www.ebi.ac.uk/europepmc/webservices/rest/PMC9247887/fullTextXML	curated
COHO:0000491	owl:NamedIndividual	Electronic Medical Records and Genomics Network	GCST90025941	PMID:34140684	A unified framework identifies new links between plasma lipids and diseases from electronic medical records across large-scale cohorts.	We devised a comprehensive three-phase framework to identify new lipid-associated genes and study the relationships among lipids, genotypes, gene expression and hundreds of complex human diseases from the Electronic Medical Records and Genomics (347 traits) and the UK Biobank (549 traits).	https://www.ebi.ac.uk/europepmc/webservices/rest/search?query=EXT_ID%3A34140684+AND+SRC%3AMED&format=json&resultType=core	curated
COHO:0000492	owl:NamedIndividual	Sorbs Study	GCST90840657	PMID:41520650	Genetic dissection of serum pro-neurotensin suggests potential causal impact on brain structure.	Four independent cross-sectional studies have been included in the present genetic meta-analysis, namely MDC,11,12 MOS,13 LIFE-Adult and the Sorbs cohort.	https://www.ebi.ac.uk/europepmc/webservices/rest/PMC12818281/fullTextXML	curated
COHO:0000493	owl:NamedIndividual	Dose-Responses to Exercise Training	PMID:33742194	PMID:33742194	Exercise, diet, and cognition in a 4-year randomized controlled trial: Dose-Responses to Exercise Training (DR's EXTRA).	Dose-Responses to Exercise Training (DR's EXTRA)	https://www.ebi.ac.uk/europepmc/webservices/rest/search?query=EXT_ID:33742194%20AND%20SRC:MED&resultType=core&format=json	curated
COHO:0000493	owl:NamedIndividual	Dose-Responses to Exercise Training	GCST007858	PMID:25625282	Identification and functional characterization of G6PC2 coding variants influencing glycemic traits define an effector transcript at the G6PC2-ABCB11 locus.	We used a subset of Finnish samples (FIN-D2D 2007, DPS, DR’s EXTRA, FINRISK 2007, and METSIM; n = 10,266) to calculate variance explained by G6PC2.	https://pmc.ncbi.nlm.nih.gov/articles/PMC4307976/	curated
COHO:0000494	owl:NamedIndividual	Genetics of Lipid-Lowering Drugs and Diet Network	GCST90095479	PMID:34836252	Genomics of Postprandial Lipidomics in the Genetics of Lipid-Lowering Drugs and Diet Network Study.	in 668 participants from the Genetics of Lipid-Lowering Drugs and Diet Network study (GOLDN)	https://www.ebi.ac.uk/europepmc/webservices/rest/search?query=EXT_ID:34836252%20AND%20SRC:MED&resultType=core&format=json	curated
COHO:0000495	owl:NamedIndividual	Study of Women's Health Across the Nation	GCST90428625	PMID:38815977	Circulating anti-Müllerian hormone levels in pre-menopausal women: novel genetic insights from a genome-wide association meta-analysis.	SWAN	https://www.ebi.ac.uk/europepmc/webservices/rest/PMC11759094/supplementaryFiles	curated
COHO:0000496	owl:NamedIndividual	Finnish Diabetic Nephropathy Study	GCST90451702	PMID:39746953	Genome-wide characterization of 54 urinary metabolites reveals molecular impact of kidney function.	The analysis included in total of 8011 individuals from the Finnish Diabetic Nephropathy Study (FinnDiane, n = 3244, including 1632 men and 1612 women)9,10, Generation Scotland (GS, n = 2743, including 1373 men and 1370 women)11, and the VIKING study (VIKING, n = 2024, including 811 men and 1213 women)12 (Fig. 1, Supplementary Table 1).	https://www.ebi.ac.uk/europepmc/webservices/rest/PMC11696681/fullTextXML	curated
COHO:0000497	owl:NamedIndividual	IMAGEN study	GCST90128543	PMID:35383335	Genetic variants associated with longitudinal changes in brain structure across the lifespan.	for the largest adolescent cohort (IMAGEN; N=1,068)	https://www.ebi.ac.uk/europepmc/webservices/rest/PMC10040206/fullTextXML	curated
COHO:0000498	owl:NamedIndividual	Munich Antidepressant Response Signature	PMID:23377640	PMID:23377640	Common genetic variation and antidepressant efficacy in major depressive disorder: a meta-analysis of three genome-wide pharmacogenetic studies.	the Munich Antidepressant Response Signature [MARS] project	https://www.ebi.ac.uk/europepmc/webservices/rest/search?query=EXT_ID%3A23377640+AND+SRC%3AMED&format=json&resultType=core	curated
COHO:0000498	owl:NamedIndividual	Munich Antidepressant Response Signature	GCST000471	PMID:19736353	A genomewide association study points to multiple loci that predict antidepressant drug treatment outcome in depression.	We performed a genomewide association study in patients from the Munich Antidepressant Response Signature (MARS) project and in pooled DNA from an independent German replication sample.	https://www.ebi.ac.uk/europepmc/webservices/rest/search?query=EXT_ID:19736353%20AND%20SRC:MED&resultType=core&format=json	curated
COHO:0000499	owl:NamedIndividual	Minority Aging Research Study	GCST90448418	PMID:37984853	Sex-specific genetic architecture of late-life memory performance.	Religious Orders Study (ROS)/Rush Memory and Aging Project (MAP)/Minority Aging Research Study (MARS)	https://www.ncbi.nlm.nih.gov/research/bionlp/RESTful/pmcoa.cgi/BioC_json/PMC10917043/unicode	curated
COHO:0000500	owl:NamedIndividual	Older Australian Twins Study	GCST90128543	PMID:35383335	Genetic variants associated with longitudinal changes in brain structure across the lifespan.	The Older Australian Twin Study (OATS) is supported by the Australian NHMRC/Australian Research Council Strategic Award (Grant 401162) and the NHMRC Project grant 1405325.	https://www.ebi.ac.uk/europepmc/webservices/rest/PMC10040206/fullTextXML	curated
COHO:0000501	owl:NamedIndividual	LymeProspect	GCST90275731	PMID:38714679	A comprehensive genetic map of cytokine responses in Lyme borreliosis.	The LymeProspect cohort consisted of 1138 patients with a new physician-confirmed LB (either EM or disseminated manifestation) who were included at the initiation of antibiotic therapy and followed for one year	https://www.ebi.ac.uk/europepmc/webservices/rest/PMC11076587/fullTextXML	curated
COHO:0000502	owl:NamedIndividual	300-Tanzania-FG	GCST90308605	PMID:35167808	A functional genomics approach in Tanzanian population identifies distinct genetic regulators of cytokine production compared to European population.	Data from the 300 Tanzania functional genomics (FG) (300TZFG) were used in this study.	https://europepmc.org/articles/PMC8948159?pdf=render	curated
COHO:0000503	owl:NamedIndividual	UCLA ATLAS Community Health Initiative	GCST90128454	PMID:36085083	Leveraging genomic diversity for discovery in an electronic health record linked biobank: the UCLA ATLAS Community Health Initiative.	Here, we explore the implications of genetic ancestry within the University of California, Los Angeles (UCLA) ATLAS Community Health Initiative-an ancestrally diverse biobank of genomic data linked with de-identified electronic health records (EHRs) of UCLA Health patients (N=36,736).	https://www.ebi.ac.uk/europepmc/webservices/rest/search?query=EXT_ID%3A36085083+AND+SRC%3AMED&format=json&resultType=core	curated
COHO:0000504	owl:NamedIndividual	Insulin Resistance Atherosclerosis Family Study	GCST90054779	PMID:34563731	Metabolomic architecture of obesity implicates metabolonic lactone sulfate in cardiometabolic disease.	Untargeted plasma metabolomic profiles in the Insulin Resistance Atherosclerosis Family Study (IRASFS) Mexican American cohort	https://www.ebi.ac.uk/europepmc/webservices/rest/search?query=EXT_ID:34563731%20AND%20SRC:MED&resultType=core&format=json	curated
COHO:0000505	owl:NamedIndividual	WHI Genomics and Randomized Trials Network	GCST90570665	PMID:40537477	Multi-ancestry genome-wide association analyses incorporating SNP-by-psychosocial interactions identify novel loci for serum lipids.	WHI Genomics and Randomized Trials Network – GARNET, which included all coronary heart disease, stroke, venous thromboembolic events and selected diabetes cases that happened during the active intervention phase in the WHI HT clinical trials and aged matched controls	https://static-content.springer.com/esm/art%3A10.1038%2Fs41398-025-03418-z/MediaObjects/41398_2025_3418_MOESM1_ESM.pdf	curated
COHO:0000506	owl:NamedIndividual	ALS Utrecht	GCST90128543	PMID:35383335	Genetic variants associated with longitudinal changes in brain structure across the lifespan.	ALS Utrecht:The authors acknowledge grants supporting their work from the European Union’s Horizon 2020 Research and Innovation Programme	https://www.ebi.ac.uk/europepmc/webservices/rest/PMC10040206/fullTextXML	curated
COHO:0000507	owl:NamedIndividual	Brain Imaging Genetics study	GCST90128543	PMID:35383335	Genetic variants associated with longitudinal changes in brain structure across the lifespan.	This study used the BIG database, which was established in Nijmegen in 2007.	https://www.ebi.ac.uk/europepmc/webservices/rest/PMC10040206/fullTextXML	curated
COHO:0000508	owl:NamedIndividual	BrainSCALE study	GCST90128543	PMID:35383335	Genetic variants associated with longitudinal changes in brain structure across the lifespan.	The BrainSCALE study is a collaborative project between Netherlands Twin Register (NTR) at the Vrije Universiteit (VU) Amsterdam and University Medical Center Utrecht (UMCU).	https://www.ebi.ac.uk/europepmc/webservices/rest/PMC10040206/fullTextXML	curated
COHO:0000509	owl:NamedIndividual	Norwegian Cognitive NeuroGenetics sample	GCST90128543	PMID:35383335	Genetic variants associated with longitudinal changes in brain structure across the lifespan.	The NCNG sample collection was supported by grants from the Bergen Research Foundation and the University of Bergen, the Dr Einar Martens Fund, the K.G. Jebsen Foundation, the Research Council of Norway, to SLH, VMS and TE.	https://www.ebi.ac.uk/europepmc/webservices/rest/PMC10040206/fullTextXML	curated
COHO:0000510	owl:NamedIndividual	NeuroIMAGE study	GCST90128543	PMID:35383335	Genetic variants associated with longitudinal changes in brain structure across the lifespan.	The NeuroIMAGE study was supported by NIH Grant R01MH62873 (to Stephen V. Faraone)	https://www.ebi.ac.uk/europepmc/webservices/rest/PMC10040206/fullTextXML	curated
COHO:0000511	owl:NamedIndividual	Inter99 Study	GCST90277442	PMID:23754956	Genetic architecture of vitamin B12 and folate levels uncovered applying deeply sequenced large datasets.	The Inter99 cohort is a randomized, non-pharmacological intervention study for the prevention of ischaemic heart disease, conducted on 6,784 randomly ascertained participants aged 30 to 60 years at the Research Centre for Prevention and Health in Glostrup, Denmark [45]	https://www.ebi.ac.uk/europepmc/webservices/rest/PMC3674994/fullTextXML	curated
COHO:0000512	owl:NamedIndividual	iPSYCH case-cohort study	GCST90239707	PMID:36324662	Genome-wide by Environment Interaction Study of Stressful Life Events and Hospital-Treated Depression in the iPSYCH2012 Sample.	All individuals were drawn from the iPSYCH2012 case-cohort study, a nationally representative sample identified from Danish national registers.	https://www.ebi.ac.uk/europepmc/webservices/rest/search?query=EXT_ID%3A36324662+AND+SRC%3AMED&format=json&resultType=core	curated
COHO:0000513	owl:NamedIndividual	Long Life Family Study	GCST90502764	PMID:38380866	Whole genome-wide sequence analysis of long-lived families (Long-Life Family Study) identifies MTUS2 gene associated with late-onset Alzheimer's disease.	Participants in Long-Life Family Study (LLFS) exhibit delayed onset of dementia, offering a unique opportunity to investigate LOAD genetics.	https://www.ebi.ac.uk/europepmc/webservices/rest/search?query=EXT_ID%3A38380866+AND+SRC%3AMED&format=json&resultType=core	curated
COHO:0000514	owl:NamedIndividual	Genetic Epidemiology of COPD	GCST90711144	PMID:39057616	Association of PHACTR1 with Coronary Artery Calcium Differs by Sex and Cigarette Smoking.	we performed GWA analyses of CAC among all participants and stratified by sex in the Genetic Epidemiology of COPD (COPDGene) study, a large cohort of current and former smokers enriched with COPD cases	https://www.ebi.ac.uk/europepmc/webservices/rest/PMC11276683/fullTextXML	curated
COHO:0000515	owl:NamedIndividual	Genetic and phenotypic determinants of blood pressure and other cardiovascular risk factors	GCST90134637	PMID:36267918	Genome-wide analyses identify SCN5A as a susceptibility locus for premature atrial contraction frequency.	Genetic and phenotypic determinants of blood pressure and other cardiovascular risk factors (GAPP) is a population-based prospective cohort study involving a representative sample of healthy adults aged 25–41 years residing in the Principality of Liechtenstein (Conen et al., 2013).	https://www.ebi.ac.uk/europepmc/webservices/rest/PMC9576575/fullTextXML	curated
COHO:0000516	owl:NamedIndividual	Women's Genome Health Study	GCST90244755	PMID:38052102	Genome-wide association study meta-analysis of dizygotic twinning illuminates genetic regulation of female fecundity.	The Women’s Genome Health Study (WGHS) is a population-based, prospective cohort of initially healthy, female North American health care professionals at least 45 years old at baseline, representing participants in the Women’s Health Study (WHS) who provided a blood sample at baseline and consented for blood-based analyses.	https://www.ebi.ac.uk/europepmc/webservices/rest/PMC10767824/fullTextXML	curated
COHO:0000517	owl:NamedIndividual	Cameron County Hispanic Cohort	GCST90502757	PMID:39885687	Trans-ancestry genome-wide association study of childhood body mass index identifies novel loci and age-specific effects.	The Cameron County Hispanic Cohort (CCHC) is a community-based cohort study initiated in 2004 of Mexican Americans in Brownsville, Texas.	https://www.ebi.ac.uk/europepmc/webservices/rest/PMC11875162/fullTextXML	curated
COHO:0000518	owl:NamedIndividual	Alzheimer's Disease Genetics Consortium	GCST90654647	PMID:40676597	Multi-ancestry genome-wide meta-analysis of 56,241 individuals identifies known and novel cross-population and ancestry-specific associations as novel risk loci for Alzheimer's disease.	We construct and analyze a multi-ancestry GWAS dataset in the Alzheimer's Disease Genetics Consortium (ADGC) to test for novel shared and population-specific late-onset Alzheimer's disease (LOAD) susceptibility loci	https://www.ebi.ac.uk/europepmc/webservices/rest/search?query=EXT_ID%3A40676597+AND+SRC%3AMED&format=json&resultType=core	curated
COHO:0000519	owl:NamedIndividual	Consortium for the Analysis of the Diversity and Evolution of Latin America	GCST90292537	PMID:37156940	Automatic landmarking identifies new loci associated with face morphology and implicates Neanderthal introgression in human nasal shape.	The 6486 individuals examined here are part of the CANDELA cohort, collected in five Latin American countries21.	https://www.ebi.ac.uk/europepmc/webservices/rest/PMC10167347/fullTextXML	curated
COHO:0000520	owl:NamedIndividual	Mexico City Prospective Study	GCST90435341	PMID:39948438	Comparative analysis of the Mexico City Prospective Study and the UK Biobank identifies ancestry-specific effects on clonal hematopoiesis.	Here, we compared CH in 136,401 participants from the Mexico City Prospective Study (MCPS) to 416,118 individuals from the UK Biobank (UKB)	https://www.ebi.ac.uk/europepmc/webservices/rest/PMC11906367/fullTextXML	curated
COHO:0000521	owl:NamedIndividual	Airwave Health Monitoring Study	GCST90000059	PMID:33230300	Discovery of rare variants associated with blood pressure regulation through meta-analysis of 1.3 million individuals.	We thank all participants in the Airwave Health Monitoring Study.	https://www.ebi.ac.uk/europepmc/webservices/rest/PMC7610439/supplementaryFiles	curated
COHO:0000522	owl:NamedIndividual	Cohorte Lausannoise	GCST90672046	PMID:41325371	Genetic determinants of zinc homeostasis and its role in cardiometabolic diseases.	We conducted a GWAS of urinary zinc levels in three prospective cohorts - SKIPOGH (Swiss Kidney Project on Genes in Hypertension, N = 896) [29,30], CoLaus|PsyCoLaus (Cohort Lausanne, N = 4,542) [31] and GCKD (German Chronic Kidney Disease study, N = 4,822) [32]	https://www.ebi.ac.uk/europepmc/webservices/rest/PMC12677789/fullTextXML	curated
COHO:0000523	owl:NamedIndividual	Melbourne Collaborative Cohort Study	GCST90102456	PMID:34996992	Genome-wide association study identifies tumor anatomical site-specific risk variants for colorectal cancer survival.	the Melbourne Collaborative Cohort Study (MCCS)41	https://www.ebi.ac.uk/europepmc/webservices/rest/PMC8741984/fullTextXML	curated
COHO:0000524	owl:NamedIndividual	TRacking Adolescents' Individual Lives Survey	GCST90797639	PMID:42036355	Genetic determinants of childhood blood pressure and heart rate in relation to adult health outcomes: the consortium of childhood blood pressure.	A.J.O. has received research funding from the Netherlands Organisation for Scientific Research and the Biobanking and Biomolecular Resources Research Infrastructure to support the TRAILS cohort	https://www.ebi.ac.uk/europepmc/webservices/rest/PMC13533560/fullTextXML	curated
COHO:0000525	owl:NamedIndividual	ADDITION-PRO Study	GCST90429799	PMID:38926497	Genome-wide association study identifies host genetic variants influencing oral microbiota diversity and metabolic health.	Using data from 16S rRNA gene amplicon sequencing, we performed genome-wide association studies with univariate and multivariate traits of the salivary microbiota from 610 unrelated adults from the Danish ADDITION-PRO cohort.	https://www.ebi.ac.uk/europepmc/webservices/rest/search?query=EXT_ID%3A38926497+AND+SRC%3AMED&format=json&resultType=core	curated
COHO:0000526	owl:NamedIndividual	Finnish Cardiovascular Study	GCST90179153	PMID:36050321	Genetic analyses of the electrocardiographic QT interval and its components identify additional loci and pathways.	The purpose of the Finnish Cardiovascular Study (FINCAVAS) is to construct a risk profile	https://www.ebi.ac.uk/europepmc/webservices/rest/PMC9436946/supplementaryFiles	curated
COHO:0000527	owl:NamedIndividual	Health Professionals Follow-up Study	GCST90292534	PMID:37165447	Sex differences in the polygenic architecture of hearing problems in adults.	Leveraging the UK Biobank, the Nurses' Health Studies (I and II), the Health Professionals Follow-up Study, and the Million Veteran Program, we conducted a comprehensive genome-wide investigation of HP in 748,668 adult participants	https://www.ebi.ac.uk/europepmc/webservices/rest/search?query=EXT_ID%3A37165447+AND+SRC%3AMED&format=json&resultType=core	curated
COHO:0000528	owl:NamedIndividual	ARGO study	GCST90034520	PMID:34450027	Deciphering osteoarthritis genetics across 826,690 individuals from 9 populations.	The ARGO study, was set up to investigate the genetic architecture of hip and knee OA in a Greek population.	https://www.ebi.ac.uk/europepmc/webservices/rest/PMC8459317/fullTextXML	curated
COHO:0000530	owl:NamedIndividual	Ansan and Ansung Study	GCST90244003	PMID:36333282	The contribution of common and rare genetic variants to variation in metabolic traits in 288,137 East Asians.	In the three population-based cohorts, 10,030, 173,357, and 28,338 participants were independently recruited from the KoGES_Ansan and Ansung study, the KoGES_health examinee (HEXA) study and the KoGES_cardiovascular disease association study (CAVAS), respectively.	https://www.ebi.ac.uk/europepmc/webservices/rest/PMC9636136/fullTextXML	curated
COHO:0000531	owl:NamedIndividual	Nagahama Prospective Cohort for Comprehensive Human Bioscience	GCST90624113	PMID:40877534	A genome-wide association between foveal thickness and arrhythmia.	Genome-wide association study (GWAS) and replication studies were conducted in 9850 individuals from the Nagahama Study (from 2013 to 2016) and 935 individuals from the Hisayama Study.	https://www.ebi.ac.uk/europepmc/webservices/rest/search?query=EXT_ID%3A40877534+AND+SRC%3AMED&format=json&resultType=core	curated
COHO:0000532	owl:NamedIndividual	Chronic Kidney Disease Genetics Consortium	GCST90103632	PMID:34272381	Discovery and prioritization of variants and genes for kidney function in >1.2 million individuals.	By GWAS meta-analysis for creatinine-based estimated glomerular filtration rate (eGFR) from the Chronic Kidney Disease Genetics Consortium and UK Biobank (n = 1,201,909), we expand the number of eGFRcrea loci (424 loci, 201 novel; 9.8% eGFRcrea variance explained by 634 independent signal variants).	https://www.ebi.ac.uk/europepmc/webservices/rest/search?query=EXT_ID:34272381%20AND%20SRC:MED&resultType=core&format=json	curated
COHO:0000533	owl:NamedIndividual	Tohoku Medical Megabank Project	GCST90239583	PMID:36246171	Genome-wide Association Study of Axial Length in Population-based Cohorts in Japan: The Tohoku Medical Megabank Organization Eye Study.	In total, 33 483 participants aged > 18 years who were recruited into the community-based cohort (CommCohort) and the birth and three-generation cohort (BirThree Cohort) of the ToMMo Eye Study were examined.	https://www.ebi.ac.uk/europepmc/webservices/rest/search?query=EXT_ID%3A36246171+AND+SRC%3AMED&format=json&resultType=core	curated
COHO:0000534	owl:NamedIndividual	Fred Hutchinson Prostate Cancer Study	GCST90321087	PMID:37555839	Germline Genetic Variants Associated with Somatic TMPRSS2:ERG Fusion Status in Prostate Cancer: A Genome-Wide Association Study.	We performed a genome-wide association study with 396 TMPRSS2:ERG(+) cases, 390 TMPRSS2:ERG(-) cases, and 2,386 cancer-free controls from the Physicians' Health Study (PHS), the Health Professionals Follow-up Study (HPFS), and a Seattle-based Fred Hutchinson (FH) Cancer Center Prostate Cancer Study.	https://www.ebi.ac.uk/europepmc/webservices/rest/search?query=EXT_ID%3A37555839+AND+SRC%3AMED&format=json&resultType=core	curated
COHO:0000535	owl:NamedIndividual	Whole Genome Association Analysis of Hematopoietic Cell Transplant (HCT) Outcomes	GCST90102555	PMID:34996099	Genetic associations with immune-mediated outcomes after allogeneic hematopoietic cell transplantation.	The FHCRC study cohort included 4270 recipients of European ancestry who had a first allogeneic HCT with marrow or growth factor-mobilized blood cells at the Fred Hutchinson Cancer Research Center and Seattle Cancer Care Alliance from 1990 through 2011.	https://www.ebi.ac.uk/europepmc/webservices/rest/PMC9043943/fullTextXML	curated
COHO:0000536	owl:NamedIndividual	Meta-Analyses of Glucose and Insulin-related traits Consortium	GCST90256400	PMID:39280063	Large-scale exome array summary statistics resources for glycemic traits to aid effector gene prioritization.	MAGIC (Meta-Analysis of Glucose and Insulin-related traits Consortium) was established to focus on the genetic analysis of glycemic traits in individuals without diabetes.	https://www.ebi.ac.uk/europepmc/webservices/rest/PMC11399760/fullTextXML	curated
COHO:0000537	owl:NamedIndividual	Molecular Genetics of Adverse Drug Reactions in Childhood Study	GCST90267543	PMID:36699085	Genome-wide analyses of platinum-induced ototoxicity in childhood cancer patients: Results of GO-CAT and United Kingdom MAGIC consortia.	Therefore, a genome-wide association study was performed in the Genetics of Childhood Cancer Treatment (GO-CAT) cohort (n = 261) and the United Kingdom Molecular Genetics of Adverse Drug Reactions in Children Study (United Kingdom MAGIC) cohort (n = 248).	https://www.ebi.ac.uk/europepmc/webservices/rest/search?query=EXT_ID:36699085%20AND%20SRC:MED&resultType=core&format=json	curated
COHO:0000538	owl:NamedIndividual	Raine Study	GCST90244092	PMID:36914875	Multi-ancestry genome-wide association analyses improve resolution of genes and pathways influencing lung function and chronic obstructive pulmonary disease risk.	Next, we meta-analyzed two EUR-ancestry children’s cohorts—ALSPAC and Raine Study (age, 13–15 yr, n = 6,070)—to obtain effect estimates in children at the new lead SNPs.	https://www.ebi.ac.uk/europepmc/webservices/rest/PMC10011137/fullTextXML	curated
COHO:0000539	owl:NamedIndividual	Prospective Study of Pravastatin in the Elderly at Risk	GCST90102434	PMID:35069183	The Pharmacogenetics of Statin Therapy on Clinical Events: No Evidence that Genetic Variation Affects Statin Response on Myocardial Infarction.	The Prospective Study of Pravastatin in the Elderly at Risk (PROSPER) trial was supported by an investigator-initiated grant from Bristol-Myers Squibb, USA.	https://www.ebi.ac.uk/europepmc/webservices/rest/PMC8769168/fullTextXML	curated
COHO:0000540	owl:NamedIndividual	Genetic Epidemiology Network of Salt Sensitivity	GCST90093093	PMID:33418499	Whole genome sequence analyses of eGFR in 23,732 people representing multiple ancestries in the NHLBI trans-omics for precision medicine (TOPMed) consortium.	The following studies contributed data: Old Order Amish, Atherosclerosis Risk in Communities (ARIC), Framingham Heart Study (FHS), Genetic Epidemiology Network of Arteriopathy (GENOA), Genetic Epidemiology Network of Salt Sensitivity (GenSalt)	https://www.ebi.ac.uk/europepmc/webservices/rest/PMC7804602/fullTextXML	curated
COHO:0000541	owl:NamedIndividual	Kaiser Permanente Research Bank	GCST90054795	PMID:34169730	Three genes associated with anterior and posterior cruciate ligament injury : a genome-wide association analysis.	Genome-wide association (GWA) analyses were performed using data from the Kaiser Permanente Research Board (KPRB) and the UK Biobank.	https://www.ebi.ac.uk/europepmc/webservices/rest/search?query=EXT_ID%3A34169730+AND+SRC%3AMED&format=json&resultType=core	curated
COHO:0000542	owl:NamedIndividual	Minnesota Center for Twin and Family Research	GCST90244755	PMID:38052102	Genome-wide association study meta-analysis of dizygotic twinning illuminates genetic regulation of female fecundity.	The Minnesota Center for Twin and Family Research (MCTFR) was supported in part by USPHS Grants from the National Institute on Alcohol Abuse and Alcoholism (AA09367 and AA11886) and the National Institute on Drug Abuse (DA05147, DA13240, and DA024417).	https://www.ebi.ac.uk/europepmc/webservices/rest/PMC10767824/fullTextXML	curated
COHO:0000543	owl:NamedIndividual	Relationship between Insulin Sensitivity and Cardiovascular disease	GCST90267567	PMID:37291194	Genome-wide association study and functional characterization identifies candidate genes for insulin-stimulated glucose uptake.	In the RISC study we assessed the correlation of OGTT derived ISI and IFC with the clamp-based measure of insulin sensitivity M/I	https://www.ebi.ac.uk/europepmc/webservices/rest/PMC7614755/fullTextXML	curated
COHO:0000544	owl:NamedIndividual	Rotterdam Study I	GCST90010716	PMID:33055079	Genome-wide association of phenotypes based on clustering patterns of hand osteoarthritis identify WNT9A as novel osteoarthritis gene.	We used data from the Rotterdam Study (RSI, RSII and RSIII) to create three hand OA phenotypes	https://www.ebi.ac.uk/europepmc/webservices/rest/search?query=EXT_ID:33055079%20AND%20SRC:MED&resultType=core&format=json	curated
COHO:0000545	owl:NamedIndividual	Adolescent Brain Cognitive Development Study	GCST90270327	PMID:37973980	Joint multi-ancestry and admixed GWAS reveals the complex genetics behind human cranial vault shape.	magnetic resonance images of 6772 children from the ABCD study cohort	https://www.ebi.ac.uk/europepmc/webservices/rest/search?query=EXT_ID%3A37973980+AND+SRC%3AMED&format=json&resultType=core	curated
COHO:0000546	owl:NamedIndividual	Study to Understand the Genetics of the Acute Response to Metformin and Glipizide in Humans	GCST90269867	PMID:37233759	Genome-wide association analysis identifies ancestry-specific genetic variation associated with acute response to metformin and glipizide in SUGAR-MGH.	The Study to Understand the Genetics of the Acute Response to Metformin and Glipizide in Humans (SUGAR-MGH) examined the acute response to metformin and glipizide in order to identify new pharmacogenetic associations for the response to common glucose-lowering medications in individuals at risk of type 2 diabetes.	https://www.ebi.ac.uk/europepmc/webservices/rest/search?query=EXT_ID:37233759%20AND%20SRC:MED&resultType=core&format=json	curated
COHO:0000547	owl:NamedIndividual	Colon Cancer Family Registry	GCST90502765	PMID:38408508	Genome-wide association studies and Mendelian randomization analyses provide insights into the causes of early-onset colorectal cancer.	We conducted a GWAS meta-analysis of 6176 EOCRC cases and 65 829 controls from the Genetics and Epidemiology of Colorectal Cancer Consortium (GECCO), the Colorectal Transdisciplinary Study (CORECT), the Colon Cancer Family Registry (CCFR), and the UK Biobank.	https://www.ebi.ac.uk/europepmc/webservices/rest/PMC11213623/fullTextXML	curated
COHO:0000548	owl:NamedIndividual	DIAbetes COhoRtE	GCST90624167	PMID:40181193	A large-scale genome-wide study of gene-sleep duration interactions for blood pressure in 811,405 individuals from diverse populations.	DIAbetes COhoRtE (DIACORE): is a German prospective cohort study of 3,000 adult European diabetes mellitus type 2 outpatients, with a primary focus on renal events.	https://media.springernature.com/original/springer-static/esm/art%3A10.1038%2Fs41380-025-02954-w/MediaObjects/41380_2025_2954_MOESM2_ESM.docx	curated
COHO:0000549	owl:NamedIndividual	Osteoporotic Fractures in Men Study	GCST90091013	PMID:34446064	Whole-genome association analyses of sleep-disordered breathing phenotypes in the NHLBI TOPMed program.	The Osteoporotic Fractures in Men Study (MrOS) is a multi-center cohort study initially designed to examine the risk factors for osteoporosis, fractures, and prostate cancer in older males [28, 29].	https://www.ebi.ac.uk/europepmc/webservices/rest/PMC8394596/fullTextXML	curated
COHO:0000550	owl:NamedIndividual	Prevention of Renal and Vascular End-stage Disease study	GCST90102513	PMID:35097025	Genetic Determinants of Serum Calcification Propensity and Cardiovascular Outcomes in the General Population.	We performed a genome-wide association study of serum T50 in 2,739 individuals of European descent participating in the Prevention of REnal and Vascular ENd-stage Disease (PREVEND) study	https://www.ebi.ac.uk/europepmc/webservices/rest/search?query=EXT_ID:35097025%20AND%20SRC:MED&resultType=core&format=json	curated
COHO:0000551	owl:NamedIndividual	European Alzheimer & Dementia Biobank	GCST90129599	PMID:36066633	Genome-wide meta-analysis for Alzheimer's disease cerebrospinal fluid biomarkers.	Initiated by the European Alzheimer & Dementia Biobank (EADB), the largest collaborative effort on genetics underlying CSF biomarkers was established, including 31 cohorts with a total of 13,116 individuals	https://www.ebi.ac.uk/europepmc/webservices/rest/search?query=EXT_ID%3A36066633+AND+SRC%3AMED&format=json&resultType=core	curated
COHO:0000552	owl:NamedIndividual	INTERSTROKE Study	GCST90104544	PMID:36180795	Stroke genetics informs drug discovery and risk prediction across ancestries.	INTERSTROKE is an international, multi-centered, case-control study of stroke investigating the global burden of risk factors across 32 countries and 18 different ethnic groups around the world.	https://static-content.springer.com/esm/art%3A10.1038%2Fs41586-022-05165-3/MediaObjects/41586_2022_5165_MOESM1_ESM.docx	curated
COHO:0000553	owl:NamedIndividual	Shanghai Women's Health Study	GCST90570659	PMID:40537477	Multi-ancestry genome-wide association analyses incorporating SNP-by-psychosocial interactions identify novel loci for serum lipids.	The Shanghai Women's Health Study (SWHS) is an ongoing population-based cohort study of approximately 75,000 women who were aged 40-70 years at study enrollment and resided in in urban Shanghai, China; 56,832 (75.8%) provided a blood samples.	https://static-content.springer.com/esm/art%3A10.1038%2Fs41398-025-03418-z/MediaObjects/41398_2025_3418_MOESM1_ESM.pdf	curated
COHO:0000554	owl:NamedIndividual	Montreal Heart Institute Biobank phase2	GCST90002292	PMID:32888493	Trans-ethnic and Ancestry-Specific Blood-Cell Genetics in 746,667 Individuals from 5 Global Populations.	Montreal Heart Institute Biobank phase2	https://ars.els-cdn.com/content/image/1-s2.0-S0092867420308229-mmc1.xlsx	curated
COHO:0000555	owl:NamedIndividual	Montreal Heart Institute Biobank phase1	GCST90002292	PMID:32888493	Trans-ethnic and Ancestry-Specific Blood-Cell Genetics in 746,667 Individuals from 5 Global Populations.	Montreal Heart Institute Biobank phase1	https://ars.els-cdn.com/content/image/1-s2.0-S0092867420308229-mmc1.xlsx	curated
COHO:0000556	owl:NamedIndividual	Darmkrebs: Chancen der Verhütung durch Screening	GCST90267408	PMID:37539667	Genome-wide study of genetic polymorphisms predictive for outcome from first-line oxaliplatin-based chemotherapy in colorectal cancer patients.	We used data from two phase III trials, NCCTG N0147 and NCCTG N9741 and a population-based patient cohort, DACHS.	https://www.ebi.ac.uk/europepmc/webservices/rest/search?query=EXT_ID%3A37539667+AND+SRC%3AMED&format=json&resultType=core	curated
COHO:0000557	owl:NamedIndividual	British Genetics of Hypertension study	GCST90271557	PMID:37679419	GWAS of random glucose in 476,326 individuals provide insights into diabetes pathophysiology, complications and treatment stratification.	The BRIGHT study is extremely grateful to all the patients who participated in	https://www.ebi.ac.uk/europepmc/webservices/rest/PMC10484788/supplementaryFiles	curated
COHO:0000558	owl:NamedIndividual	Genetic Investigation of ANthropometric Traits consortium	GCST90244062	PMID:35793639	Smoking-Interaction Loci Affect Obesity Traits: A Gene-Smoking Stratified Meta-Analysis of 545,131 Europeans.	We performed stratified analysis based on the smoking status using both the UK Biobank (UKB) data (N = 334,808) and the Genetic Investigation of ANthropometric Traits (GIANT) data (N = 210,323) to identify gene-smoking interaction for obesity traits.	https://www.ebi.ac.uk/europepmc/webservices/rest/search?query=EXT_ID:35793639%20AND%20SRC:MED&resultType=core&format=json	curated
COHO:0000559	owl:NamedIndividual	Hong Kong Degenerative Disc Disease Population Cohort	GCST90034520	PMID:34450027	Deciphering osteoarthritis genetics across 826,690 individuals from 9 populations.	Hong Kong Degenerative Disc Disease Population Cohort (HKDDDPC) is a a population-based cohort with subjects openly recruited via newspapers advertisement, posters and e-mails, regardless of their social and economic status	https://www.ebi.ac.uk/europepmc/webservices/rest/PMC8459317/fullTextXML	curated
COHO:0000560	owl:NamedIndividual	International Lung Cancer Consortium	GCST90455518	PMID:39366959	Multi-ancestry GWAS meta-analyses of lung cancer reveal susceptibility loci and elucidate smoking-independent genetic risk.	followed by a meta-analysis with the EA International Lung Cancer Consortium OncoArray study (ILCCO)7, for a total of 39,781 cases and 119,158 controls	https://www.ebi.ac.uk/europepmc/webservices/rest/PMC11452618/fullTextXML	curated
COHO:0000561	owl:NamedIndividual	Alzheimer's Disease Sequencing Project	GCST90833072	PMID:41755704	Matching heterogeneous cohorts by projected principal components reveals two novel Alzheimer's disease-associated genes in the Hispanic population.	We conducted genome-wide association studies (GWAS) and meta-analyses among subjects from the Alzheimer's Disease Sequencing Project (ADSP) Umbrella whole genome sequencing (WGS) dataset who self-identified as Hispanic	https://www.ebi.ac.uk/europepmc/webservices/rest/search?query=EXT_ID%3A41755704+AND+SRC%3AMED&format=json&resultType=core	curated
COHO:0000562	owl:NamedIndividual	Cebu Longitudinal Health and Nutrition Survey	GCST90132185	PMID:35551307	Multi-ancestry genetic study of type 2 diabetes highlights the power of diverse populations for discovery and translation.	East Asian studies of Chinese, Japanese and Korean ancestry from those of Malay and Filipino ancestry (SIMES and CLHNS)	https://www.ebi.ac.uk/europepmc/webservices/rest/PMC9179018/fullTextXML	curated
COHO:0000563	owl:NamedIndividual	HerediGene Population Study	GCST90837544	PMID:41419686	Genomic and transcriptomic analyses of aortic stenosis enhance therapeutic target discovery and disease prediction.	HerediGene is a population study, a large-scale collaboration between Intermountain Healthcare, deCODE genetics and Amgen.	https://www.ebi.ac.uk/europepmc/webservices/rest/PMC12807872/fullTextXML	curated
COHO:0000564	owl:NamedIndividual	Heart and Vascular Health Study	GCST90102434	PMID:35069183	The Pharmacogenetics of Statin Therapy on Clinical Events: No Evidence that Genetic Variation Affects Statin Response on Myocardial Infarction.	This Heart and Vascular Health Study research was supported by NHLBI grants HL085251, HL073410, HL085251, and HL068986.	https://www.ebi.ac.uk/europepmc/webservices/rest/PMC8769168/fullTextXML	curated
COHO:0000565	owl:NamedIndividual	Intermountain Heart Collaborative Study	PMID:25632367	PMID:25632367	Antithrombotic therapy in patients with acute coronary syndrome in the intermountain heart collaborative study.	Study subjects were identified from all persons registered in the Intermountain Heart Collaborative Study (IHCS) with a diagnosis of ACS between 2004 and 2009	https://www.ebi.ac.uk/europepmc/webservices/rest/PMC4302371/fullTextXML	curated
COHO:0000565	owl:NamedIndividual	Intermountain Heart Collaborative Study	GCST000945	PMID:21239051	Identification of ADAMTS7 as a novel locus for coronary atherosclerosis and association of ABO with myocardial infarction in the presence of coronary atherosclerosis: two genome-wide association studies.	The meta-analysis of angiographic CAD versus control was restricted to those studies that ascertained both cases and controls via coronary angiography. These were PennCath, MedStar, Emory GeneBank, the Intermountain Heart Collaborative Study, and Verona Heart Study.	https://pmc.ncbi.nlm.nih.gov/articles/PMC3297116/	curated
COHO:0000566	owl:NamedIndividual	Johnston County Osteoarthritis Project	GCST90566795	PMID:40205036	Translational genomics of osteoarthritis in 1,962,069 individuals.	JoCo OA began in 1990 as a community-based prospective cohort of European-ancestry and African American men and women with and without osteoarthritis (OA).	https://static-content.springer.com/esm/art%3A10.1038%2Fs41586-025-08771-z/MediaObjects/41586_2025_8771_MOESM1_ESM.pdf	curated
COHO:0000567	owl:NamedIndividual	London Life Sciences Prospective Population Study	GCST90000059	PMID:33230300	Discovery of rare variants associated with blood pressure regulation through meta-analysis of 1.3 million individuals.	The LOLIPOP study is supported by the National Institute for Health Research (NIHR)	https://www.ebi.ac.uk/europepmc/webservices/rest/PMC7610439/supplementaryFiles	curated
COHO:0000568	owl:NamedIndividual	Asian Skin Traits and Genetics Research	GCST90502777	PMID:40010489	Comprehensive Profiling of Genetic and Nongenetic Factors that Influence Skin Traits in Asian Women from 4 Countries.	In this study, we established the ASTAGR (Asian Skin Traits and Genetics Research) cohort, comprising 2762 female participants from 4 Asian countries (Korea, Vietnam, Thailand, and Indonesia).	https://www.ebi.ac.uk/europepmc/webservices/rest/search?query=EXT_ID%3A40010489+AND+SRC%3AMED&format=json&resultType=core	curated
COHO:0000569	owl:NamedIndividual	Diet, Activity and Lifestyle Study	GCST90102456	PMID:34996992	Genome-wide association study identifies tumor anatomical site-specific risk variants for colorectal cancer survival.	the Diet Activity and Lifestyle Study (DALS)37	https://www.ebi.ac.uk/europepmc/webservices/rest/PMC8741984/fullTextXML	curated
COHO:0000570	owl:NamedIndividual	Invecchiare in Chianti	GCST90451684	PMID:39643614	Novel loci and biomedical consequences of iron homoeostasis variation.	InCHIANTI. The study baseline (1998-2000) was supported by the Italian Ministry of Health (ICS110.1/RF97.71)	https://www.ebi.ac.uk/europepmc/webservices/rest/PMC11624196/fullTextXML	curated
COHO:0000571	owl:NamedIndividual	Japan Multi-Institutional Collaborative Cohort Study	GCST90090964	PMID:34733494	A genome-wide association study on meat consumption in a Japanese population: the Japan Multi-Institutional Collaborative Cohort study.	We analysed GWAS data using 14 076 participants from the Japan Multi-Institutional Collaborative Cohort (J-MICC) study.	https://www.ebi.ac.uk/europepmc/webservices/rest/search?query=EXT_ID%3A34733494+AND+SRC%3AMED&format=json&resultType=core	curated
COHO:0000572	owl:NamedIndividual	Nijmegen Bladder Cancer Study	PMID:25429525	PMID:25429525	Recurrent urinary tract infection and risk of bladder cancer in the Nijmegen bladder cancer study.	In this study, we analysed data of the Nijmegen Bladder Cancer Study (NBCS), one of the largest case–control studies for UBC worldwide, as to gain better insights into the role of recurrent infections of the (lower) urinary tract as a risk factor for UBC.	https://www.ebi.ac.uk/europepmc/webservices/rest/PMC4453642/fullTextXML	curated
COHO:0000572	owl:NamedIndividual	Nijmegen Bladder Cancer Study	GCST001153	PMID:21750109	European genome-wide association study identifies SLC14A1 as a new urinary bladder cancer susceptibility gene.	The Dutch patients were recruited for the Nijmegen Bladder Cancer Study (NBCS: http://dceg.cancer.gov/icbc/membership.html).	https://pmc.ncbi.nlm.nih.gov/articles/PMC3188988/	curated
COHO:0000573	owl:NamedIndividual	Norwegian Breast Cancer Study	GCST90128530	PMID:35414113	Genome-wide and transcriptome-wide association studies of mammographic density phenotypes reveal novel loci.	This NBCS sub-study involves women attending the Norwegian national mammography screening program from 2002 to 2007 and biopsies were taken from breasts with varying mammographic density and newly diagnosed breast cancers (ethical approval S-02036).	https://www.ebi.ac.uk/europepmc/webservices/rest/PMC9006574/supplementaryFiles	curated
COHO:0000574	owl:NamedIndividual	QSkin Sun and Health Study	GCST90137411	PMID:36496446	A multi-phenotype analysis reveals 19 susceptibility loci for basal cell carcinoma and 15 for squamous cell carcinoma.	KC from the QSkin Sun and Health Study (QSkin)21	https://www.ebi.ac.uk/europepmc/webservices/rest/PMC9741635/fullTextXML	curated
COHO:0000575	owl:NamedIndividual	RIKEN Study	GCST90566795	PMID:40205036	Translational genomics of osteoarthritis in 1,962,069 individuals.	The sensitivity meta-analysis includes 5 GWASs from the HKDDDPC, RIKEN and Rotterdam studies 1, 2 and 3, totalling a maximum of 6,816 cases and 9,624 controls	https://www.ebi.ac.uk/europepmc/webservices/rest/PMC12119359/fullTextXML	curated
COHO:0000576	owl:NamedIndividual	RIKEN cohort	GCST90133314	PMID:35740506	Genome-Wide Meta-Analysis Identifies Variants in DSCAM and PDLIM3 That Correlate with Efficacy Outcomes in Metastatic Renal Cell Carcinoma Patients Treated with Sunitinib.	We included mRCC patients from the European EuroTARGET consortium (n = 550) and the RIKEN cohort in Japan (n = 204) which were analysed separately and in a meta-analysis of genome-wide association studies (GWAS).	https://www.ebi.ac.uk/europepmc/webservices/rest/search?query=EXT_ID%3A35740506+AND+SRC%3AMED&format=json&resultType=core	curated
COHO:0000577	owl:NamedIndividual	Swedish Mammography Cohort	GCST90504004	PMID:38749303	Genome-wide interaction study of dietary intake of fibre, fruits, and vegetables with risk of colorectal cancer.	Swedish Mammography Cohort and Cohort of Swedish Men: This work is supported by the Swedish Research Council/Infrastructure grant, the Swedish Cancer Foundation, and the Karolinska Institute's Distinguished Professor Award to Alicja Wolk.	https://www.ebi.ac.uk/europepmc/webservices/rest/PMC11112268/fullTextXML	curated
COHO:0000578	owl:NamedIndividual	Shanghai Men's Health Study	GCST90570660	PMID:40537477	Multi-ancestry genome-wide association analyses incorporating SNP-by-psychosocial interactions identify novel loci for serum lipids.	The Shanghai Men’s Health Study (SMHS) is an ongoing population-based cohort study of 61,480 Chinese men who were aged between 40 and 74 years, were free of cancer at enrollment, and lived in urban Shanghai, China; 45,766 (74.4%) provided a blood samples.	https://static-content.springer.com/esm/art%3A10.1038%2Fs41398-025-03418-z/MediaObjects/41398_2025_3418_MOESM1_ESM.pdf	curated
COHO:0000579	owl:NamedIndividual	VITamins And Lifestyle Study	GCST90102456	PMID:34996992	Genome-wide association study identifies tumor anatomical site-specific risk variants for colorectal cancer survival.	the VITamins And Lifestyle Study (VITAL)50	https://www.ebi.ac.uk/europepmc/webservices/rest/PMC8741984/fullTextXML	curated
COHO:0000580	owl:NamedIndividual	Western Australian Sleep Health Study	GCST90091013	PMID:34446064	Whole-genome association analyses of sleep-disordered breathing phenotypes in the NHLBI TOPMed program.	The Western Australian Sleep Health Study (WASHS) is a clinic-based study focused on the epidemiology and genetics of SDB [34].	https://www.ebi.ac.uk/europepmc/webservices/rest/PMC8394596/fullTextXML	curated
COHO:0000581	owl:NamedIndividual	European Medical Information Framework for Alzheimer's Disease Multimodal Biomarker Discovery study	GCST90104685	PMID:35386118	Genome-Wide Association Study of Alzheimer's Disease Brain Imaging Biomarkers and Neuropsychological Phenotypes in the European Medical Information Framework for Alzheimer's Disease Multimodal Biomarker Discovery Dataset.	Specifically, we utilized genotype and phenotype data from n = 931 individuals collected under the auspices of the European Medical Information Framework for Alzheimer's Disease Multimodal Biomarker Discovery (EMIF-AD MBD) study to perform a total of 19 separate GWAS analyses.	https://www.ebi.ac.uk/europepmc/webservices/rest/search?query=EXT_ID%3A35386118+AND+SRC%3AMED&format=json&resultType=core	curated
COHO:0000582	owl:NamedIndividual	NHLBI Family Heart Study	PMID:18498660	PMID:18498660	Polymorphisms near EXOC4 and LRGUK on chromosome 7q32 are associated with Type 2 Diabetes and fasting glucose; the NHLBI Family Heart Study.	The National Heart, Lung and Blood Institute (NHLBI) Family Heart Study (FHS) recruited families from four existing study centers located in Forsyth County, NC; Framingham, MA; Minneapolis, MN; and Salt Lake City, UT.	https://www.ebi.ac.uk/europepmc/webservices/rest/PMC2409301/fullTextXML	curated
COHO:0000582	owl:NamedIndividual	NHLBI Family Heart Study	GCST90271622	PMID:37709864	Genome-wide association meta-analysis identifies 17 loci associated with nonalcoholic fatty liver disease.	The multi-ethnic GOLD Consortium includes the following nine multi-ethnic cohorts with CT-measured steatosis (n = 23,521): Age, Gene/Environment Susceptibility-Reykjavik Study (AGES)75, COPDGene76, Family Heart Study (FamHS)77, Framingham Heart Study (FHS)78,	https://pmc.ncbi.nlm.nih.gov/articles/PMC10918428/	curated
COHO:0000583	owl:NamedIndividual	Hyperglycemia and Adverse Pregnancy Outcome Study	GCST90557999	PMID:38367033	Metabolomic and genetic architecture of gestational diabetes subtypes.	This was a cross-sectional study of participants in the Hyperglycemia and Adverse Pregnancy Outcome (HAPO) study who underwent an OGTT at approximately 28 weeks' gestation.	https://www.ebi.ac.uk/europepmc/webservices/rest/search?query=EXT_ID%3A38367033+AND+SRC%3AMED&format=json&resultType=core	curated
COHO:0000584	owl:NamedIndividual	Catheterization Genetics	GCST90104876	PMID:26540294	Metabolomic Quantitative Trait Loci (mQTL) Mapping Implicates the Ubiquitin Proteasome System in Cardiovascular Disease Pathogenesis.	Using genomewide association in the CATHGEN cohort (N = 1490), we observed associations of several metabolites with genetic loci.	https://www.ebi.ac.uk/europepmc/webservices/rest/search?query=EXT_ID:26540294%20AND%20SRC:MED&resultType=core&format=json	curated
COHO:0000585	owl:NamedIndividual	Colorectal Cancer Genetics & Genomics	GCST90301397	PMID:38664626	Germline genetic regulation of the colorectal tumor immune microenvironment.	The second replication data set (Colorectal Cancer Genetics Study; CRCGEN) included FFPE and frozen samples from 162 stage II microsatellite stable colon cancer patients with immunoSEQ data [54].	https://www.ebi.ac.uk/europepmc/webservices/rest/PMC11046907/fullTextXML	curated
COHO:0000586	owl:NamedIndividual	Italian Network of Genetic Isolates - Carlantino	GCST90277987	PMID:37174278	Regulator of G-Protein Signalling 9: A New Candidate Gene for Sweet Food Liking?	The discovery phase was carried out on a total of 1482 participants divided as follows: 1109 from the Val Borbera (VBI) cohort in Northern Italy, and 373 from Carlantino (CAR) in Southern Italy.	https://www.ebi.ac.uk/europepmc/webservices/rest/PMC10178705/fullTextXML	curated
COHO:0000587	owl:NamedIndividual	EPIC-InterAct Study	GCST90000059	PMID:33230300	Discovery of rare variants associated with blood pressure regulation through meta-analysis of 1.3 million individuals.	Funding for the InterAct project was provided by the EU FP6 programme	https://www.ebi.ac.uk/europepmc/webservices/rest/PMC7610439/supplementaryFiles	curated
COHO:0000588	owl:NamedIndividual	Leipzig Adults	GCST90002227	PMID:34059833	The trans-ancestral genomic architecture of glycemic traits.	LEIPZIG-adults	https://www.ebi.ac.uk/europepmc/webservices/rest/PMC7610958/supplementaryFiles	curated
COHO:0000589	owl:NamedIndividual	Swiss Study on Air Pollution and Lung Diseases in Adults	GCST90134637	PMID:36267918	Genome-wide analyses identify SCN5A as a susceptibility locus for premature atrial contraction frequency.	Swiss Cohort Study on Air Pollution And Lung And Heart Disease In Adults (SAPALDIA) is a population-based multi-center study in eight geographic areas representing the range of environmental, meteorological and socio-demographic conditions in Switzerland (Ackermann-Liebrich et al., 1997; Martin et al., 1997).	https://www.ebi.ac.uk/europepmc/webservices/rest/PMC9576575/fullTextXML	curated
COHO:0000590	owl:NamedIndividual	Bunkyo Health Study	GCST90319502	PMID:38769351	A genome-wide association study identifies a locus associated with knee extension strength in older Japanese individuals.	Set 3 consisted of 1623 participants from Bunkyo Health Study22.	https://www.ebi.ac.uk/europepmc/webservices/rest/PMC11106293/fullTextXML	curated
COHO:0000591	owl:NamedIndividual	Shimane CoHRE Study	GCST90319502	PMID:38769351	A genome-wide association study identifies a locus associated with knee extension strength in older Japanese individuals.	Both were from Shimane CoHRE Study20,21, but different arrays were used for genotyping.	https://www.ebi.ac.uk/europepmc/webservices/rest/PMC11106293/fullTextXML	curated
COHO:0000592	owl:NamedIndividual	Fangchenggang Area Male Health and Examination Survey	GCST90100517	PMID:35501403	Genome-wide association and Mendelian randomization study of blood copper levels and 213 deep phenotypes in humans.	To conduct comprehensive GWASs of 22 serum/plasma metal levels in the Chinese population, we used the serum metal levels data obtained from FAMHES in Guangxi Fangchenggang and plasma metal levels data obtained from MEWHC.	https://www.ebi.ac.uk/europepmc/webservices/rest/PMC9061855/fullTextXML	curated
COHO:0000593	owl:NamedIndividual	Italian Network of Genetic Isolates - Friuli Venezia Giulia	GCST90105058	PMID:35580588	Genome-wide association meta-analysis identifies 48 risk variants and highlights the role of the stria vascularis in hearing loss.	Italian Network of Genetic Isolates - Friuli Venezia Giulia (INGI-FVG; n = 339)	https://www.ebi.ac.uk/europepmc/webservices/rest/PMC9247887/fullTextXML	curated
COHO:0000594	owl:NamedIndividual	Osteoarthritis Initiative	GCST90566795	PMID:40205036	Translational genomics of osteoarthritis in 1,962,069 individuals.	The Osteoarthritis Initiative (OAI) is a prospective longitudinal study designed to identify risk factors for the incidence and progression of symptomatic tibiofemoral knee osteoarthritis.	https://static-content.springer.com/esm/art%3A10.1038%2Fs41586-025-08771-z/MediaObjects/41586_2025_8771_MOESM1_ESM.pdf	curated
COHO:0000595	owl:NamedIndividual	SWOG Cancer Research Network	GCST90651081	PMID:38745123	Common variation in a long non-coding RNA gene modulates variation of circulating TGF-β2 levels in metastatic colorectal cancer patients (Alliance).	To this end, we used clinical, genotyping, and pre-treatment candidate protein marker data obtained from patients with mCRC randomized to the Cancer and Leukemia Group B (CALGB, now part of the Alliance for Clinical Trials in Oncology (Alliance)) and the Southwest Oncology Group, CALGB/SWOG 80405.	https://www.ebi.ac.uk/europepmc/webservices/rest/PMC11092225/fullTextXML	curated
COHO:0000596	owl:NamedIndividual	Leeds Colorectal Cancer Study	GCST90504004	PMID:38749303	Genome-wide interaction study of dietary intake of fibre, fruits, and vegetables with risk of colorectal cancer.	LCCS: The Leeds Colorectal Cancer Study was funded by the Food Standards Agency and Cancer Research UK Programme Award (C588/A19167).	https://www.ebi.ac.uk/europepmc/webservices/rest/PMC11112268/fullTextXML	curated
COHO:0000597	owl:NamedIndividual	North Carolina Colon Cancer Study	GCST90504004	PMID:38749303	Genome-wide interaction study of dietary intake of fibre, fruits, and vegetables with risk of colorectal cancer.	NCCCS I & II: We would like to thank the study participants, and the NC Colorectal Cancer Study staff.	https://www.ebi.ac.uk/europepmc/webservices/rest/PMC11112268/fullTextXML	curated
COHO:0000598	owl:NamedIndividual	Alpha-Tocopherol, Beta-Carotene Cancer Prevention Study	GCST90399849	PMID:38374065	Genetic influences on circulating retinol and its relationship to human health.	In this study, we used three input datasets – INTERVAL, METSIM, and ATBC/PLCO.	https://www.ebi.ac.uk/europepmc/webservices/rest/PMC10876955/fullTextXML	curated
COHO:0000599	owl:NamedIndividual	Growth and Obesity Chilean Cohort Study	GCST012432	PMID:34047840	Novel loci and Mapuche genetic ancestry are associated with pubertal growth traits in Chilean boys.	We analized individuals of the “Growth and Obesity Chilean Cohort Study” (GOCS)	https://www.ebi.ac.uk/europepmc/webservices/rest/PMC8553699/fullTextXML	curated
COHO:0000600	owl:NamedIndividual	Health Examinees Study	GCST90451761	PMID:38060535	Single-nucleotide polymorphisms link gout with health-related lifestyle factors in Korean cohorts.	In this study, we conducted a GWAS analysis on patients with gout in Korea based on the Health Examinees study (HEXA) cohort and KARE cohort of the Korean Genome and Epidemiology Study (KoGES).	https://www.ebi.ac.uk/europepmc/webservices/rest/PMC10703335/fullTextXML	curated
COHO:0000601	owl:NamedIndividual	Newfoundland Colorectal Cancer Registry	GCST90053837	PMID:34309201	A comprehensive analysis of SNPs and CNVs identifies novel markers associated with disease outcomes in colorectal cancer.	Patients in the Newfoundland Colorectal Cancer Registry (NFCCR) cohort were diagnosed between 1999 and 2003	https://www.ebi.ac.uk/europepmc/webservices/rest/PMC8637572/fullTextXML	curated
COHO:0000602	owl:NamedIndividual	Toshiba cohort	GCST90454398	PMID:40222985	Genome-wide association study of common side effects following COVID-19 booster vaccination in a cohort of corporate employees in Japan.	Toshiba has established a health-care database focusing on “Research aimed at realizing precision medicine that can select optimal preventive and treatment methods”.	https://www.ebi.ac.uk/europepmc/webservices/rest/PMC11994816/fullTextXML	curated
COHO:0000603	owl:NamedIndividual	Women's Health Initiative Memory Study	PMID:42509442	PMID:42509442	Validation of fracture-derived polygenic scores with FRAX for fracture risk prediction in postmenopausal women.	Model development and internal validation were conducted using participants from the Genomics and Randomized Trials Network (WHI-GARNET), the WHI Memory Study (WHI-MS), and the SNP Health Association Resource (WHI-SHARe).	https://www.ebi.ac.uk/europepmc/webservices/rest/PMC13408118/fullTextXML	curated
COHO:0000603	owl:NamedIndividual	Women's Health Initiative Memory Study	GCST90837567	PMID:41325697	Genome-wide gene-sleep interaction study identifies novel lipid loci in 732,564 participants.	Women's Health Initiative (WHI memory study)	https://pmc.ncbi.nlm.nih.gov/articles/instance/12757440/bin/NIHMS2129447-supplement-Supplementary_Tables.xlsx	curated
COHO:0000604	owl:NamedIndividual	WHI SNP Health Association Resource	PMID:42509442	PMID:42509442	Validation of fracture-derived polygenic scores with FRAX for fracture risk prediction in postmenopausal women.	Model development and internal validation were conducted using participants from the Genomics and Randomized Trials Network (WHI-GARNET), the WHI Memory Study (WHI-MS), and the SNP Health Association Resource (WHI-SHARe).	https://www.ebi.ac.uk/europepmc/webservices/rest/PMC13408118/fullTextXML	curated
COHO:0000604	owl:NamedIndividual	WHI SNP Health Association Resource	GCST001650	PMID:22939635	Genome-wide association and population genetic analysis of C-reactive protein in African American and Hispanic American women.	We performed genome-wide association studies (GWASs) of 8,280 African American (AA) and 3,548 Hispanic American (HA) postmenopausal women from the Women's Health Initiative SNP Health Association Resource.	https://www.ebi.ac.uk/europepmc/webservices/rest/search?query=EXT_ID:22939635%20AND%20SRC:MED&resultType=core&format=json	curated
COHO:0000605	owl:NamedIndividual	Isle of Wight Whole Population Birth Cohort	GCST90297564	PMID:37227431	A meta-analysis of genome-wide association studies of childhood wheezing phenotypes identifies ANXA1 as a susceptibility locus for persistent wheezing.	Ashford (Cullinan et al., 2004) and Isle of Wight (IOW) (Arshad et al., 2018) cohorts	https://www.ebi.ac.uk/europepmc/webservices/rest/PMC10292845/fullTextXML	curated
COHO:0000606	owl:NamedIndividual	Starr County Health Studies	GCST90091013	PMID:34446064	Whole-genome association analyses of sleep-disordered breathing phenotypes in the NHLBI TOPMed program.	The Starr County Health Studies (Starr) investigates the risk factors for diabetes in Mexican-Americans [31, 32].	https://www.ebi.ac.uk/europepmc/webservices/rest/PMC8394596/fullTextXML	curated
COHO:0000607	owl:NamedIndividual	International Multicentre ADHD Genetics project	PMID:20732625	PMID:20732625	Meta-analysis of genome-wide association studies of attention-deficit/hyperactivity disorder.	phase I of the International Multicenter ADHD Genetics project (IMAGE); c) phase II of IMAGE (IMAGE II)	https://www.ebi.ac.uk/europepmc/webservices/rest/search?query=EXT_ID%3A20732625+AND+SRC%3AMED&format=json&resultType=core	curated
COHO:0000608	owl:NamedIndividual	Family Blood Pressure Program	PMID:16076393	PMID:16076393	An evaluation of the metabolic syndrome in a large multi-ethnic study: the Family Blood Pressure Program.	The Family Blood Pressure Program is an ongoing, NHLBI-sponsored, multi-center program to study the genetic determinants of high blood pressure.	https://www.ebi.ac.uk/europepmc/webservices/rest/search?query=EXT_ID:16076393%20AND%20SRC:MED&resultType=core&format=json	curated
COHO:0000609	owl:NamedIndividual	Women's Health Study	PMID:17370032	PMID:17370032	Awareness, accuracy, and predictive validity of self-reported cholesterol in women.	This study assessed awareness and determinants of cholesterol knowledge among 39,876 US female health professionals in the Women’s Health Study.	https://www.ebi.ac.uk/europepmc/webservices/rest/PMC1852917/fullTextXML	curated
COHO:0000610	owl:NamedIndividual	Genetics and Epidemiology of Colorectal Cancer Consortium	GCST90502765	PMID:38408508	Genome-wide association studies and Mendelian randomization analyses provide insights into the causes of early-onset colorectal cancer.	The study comprised a meta-analysis of existing genotyped and imputed data for 6176 EOCRC cases (<50 years of age) and 65 829 controls from the Genetics and Epidemiology of Colorectal Cancer Consortium (GECCO), the Colorectal Transdisciplinary Study (CORECT), the Colon Cancer Family Registry (CCFR), and the UK Biobank.	https://www.ebi.ac.uk/europepmc/webservices/rest/PMC11213623/fullTextXML	curated
COHO:0000611	owl:NamedIndividual	Prostate Cancer Association Group to Investigate Cancer-Associated Alterations in the Genome	GCST90308762	PMID:37340002	Pan-cancer and cross-population genome-wide association studies dissect shared genetic backgrounds underlying carcinogenesis.	We thank the Breast Cancer Association Consortium (BCAC) for breast cancer summary statistics and the Prostate Cancer Association Group to Investigate Cancer Associated Alterations in the Genome (PRACTICAL) consortium for prostate cancer summary statistics.	https://www.ebi.ac.uk/europepmc/webservices/rest/PMC10282036/fullTextXML	curated
COHO:0000612	owl:NamedIndividual	Singapore Multi-Ethnic Cohort	PMID:31110091	PMID:31110091	Sociodemographic factors in relation to hypertension prevalence, awareness, treatment and control in a multi-ethnic Asian population: a cross-sectional study.	The Multi-Ethnic Cohort (MEC) Study is a population-based study in Singapore (n=14 530) with recruitment conducted between 2004 and 2010.	https://www.ebi.ac.uk/europepmc/webservices/rest/PMC6530395/fullTextXML	curated
COHO:0000613	owl:NamedIndividual	ADDITION-Denmark	PMID:32071038	PMID:32071038	The effect of training GPs in motivational interviewing on incident cardiovascular disease and mortality in people with screen-detected diabetes. Results from the ADDITION-Denmark randomised trial.	In the ADDITION-Denmark trial, 181 general practices were cluster randomised in a 2:1:1 ratio to: (i) to screening plus routine care of individuals with screen-detected diabetes (control group);	https://www.ebi.ac.uk/europepmc/webservices/rest/search?query=EXT_ID%3A32071038+AND+SRC%3AMED&format=json&resultType=core	curated
COHO:0000614	owl:NamedIndividual	Anglo-Danish-Dutch Study of Intensive Treatment in People with Screen Detected Diabetes in Primary Care	PMID:21705063	PMID:21705063	Effect of early intensive multifactorial therapy on 5-year cardiovascular outcomes in individuals with type 2 diabetes detected by screening (ADDITION-Europe): a cluster-randomised trial.	In a pragmatic, cluster-randomised, parallel-group trial done in Denmark, the Netherlands, and the UK, 343 general practices were randomly assigned screening of registered patients aged 40–69 years without known diabetes followed by routine care of diabetes or screening followed by intensive treatment of multiple risk factors.	https://www.ebi.ac.uk/europepmc/webservices/rest/PMC3136726/fullTextXML	curated
COHO:0000615	owl:NamedIndividual	Montreal Heart Institute Biobank	PMID:41022758	PMID:41022758	Genetic analyses across cardiovascular traits: leveraging genetic correlations to empower locus discovery and prediction in common cardiovascular diseases.	Our PGS assessed a cohort of 15,177 patients from the MHIBB, a hospital-based cohort including individuals predominantly of French-Canadian ancestry.	https://www.ebi.ac.uk/europepmc/webservices/rest/PMC12480102/fullTextXML	curated
COHO:0000616	owl:NamedIndividual	Exeter Family Study of Childhood Health	GCST90841459	PMID:42225636	Multi-ancestry, trans-generational GWAS meta-analysis of gestational diabetes and glycaemic traits during pregnancy reveals limited evidence of pregnancy-specific genetic effects.	EFSOCH (EUR), Gen3G (EUR), FinnGeDi (EUR), ALSPAC (EUR), HAPO (EUR, AFR, EAS, SAS, HIS) and ELGH (SAS).	https://www.ebi.ac.uk/europepmc/webservices/rest/PMC13226718/fullTextXML	curated
COHO:0000617	owl:NamedIndividual	Global Lipids Genetics Consortium	GCST90565129	PMID:39909172	A multi-ancestry genome-wide association study and evaluation of polygenic scores of LDL-C levels.	We replicated 168 previously reported loci from the largest LDL-C GWAS by the Global Lipids Genetics Consortium (GLGC), with high correlation in allele frequencies (R2 = 0.77) and moderate correlation in effect sizes (Beta;	https://www.ebi.ac.uk/europepmc/webservices/rest/search?query=EXT_ID%3A39909172+AND+SRC%3AMED&format=json&resultType=core	curated
COHO:0000618	owl:NamedIndividual	Molecular Epidemiology of Colorectal Cancer Study	GCST90301397	PMID:38664626	Germline genetic regulation of the colorectal tumor immune microenvironment.	To evaluate the contribution of germline genetics to regulating the briskness and diversity of T cell responses in CRC, we conducted a genome-wide association study to examine the associations between germline genetic variation and quantitative measures of T cell landscapes in 2,876 colorectal tumors from participants in the Molecular Epidemiology of Colorectal Cancer Study (MECC).	https://www.ebi.ac.uk/europepmc/webservices/rest/PMC11046907/fullTextXML	curated
COHO:0000619	owl:NamedIndividual	Nurses' Health Study II	GCST90833020	PMID:42020658	Multi ancestry genome wide association meta analysis of urinary aMT6s levels.	To address these limitations, we aggregated data from the Taiwan Biobank (TWB), the Nurses’ Health Study I (NHS1), the Nurses’ Health Study II (NHS2), Osteoporotic Fractures in Men19,20 (MrOS), and the Multiethnic Cohort (MEC).	https://www.ebi.ac.uk/europepmc/webservices/rest/PMC13269534/fullTextXML	curated
COHO:0000620	owl:NamedIndividual	National Institute on Alcohol Abuse and Alcoholism cohort	GCST90014287	PMID:34187551	Genome-wide association studies identify 137 genetic loci for DNA methylation biomarkers of aging.	National Institute on Alcohol Abuse and Alcoholism (NIAAA) cohort Cohort description The sample consisted of 119 European American (EA) and 82 African American (AA) healthy controls that were recruited at the National Institute on Alcohol Abuse and Alcoholism (NIAAA) at the National Institutes of Health (NIH), USA.	https://www.ebi.ac.uk/europepmc/webservices/rest/PMC8243879/supplementaryFiles	curated
COHO:0000621	owl:NamedIndividual	Southern Community Cohort Study	GCST90832127	PMID:41609390	A Genome-Wide Association Study of Colorectal Cancer Mortality Outcomes Among Individuals of African and Admixture Ancestry.	To accomplish this aim, we utilize data from the Southern Community Cohort Study (SCCS), a cohort with rich multilevel data designed to help address racial disparities in cancer outcomes.	https://www.ebi.ac.uk/europepmc/webservices/rest/PMC12973162/fullTextXML	curated
COHO:0000622	owl:NamedIndividual	Taiwan Precision Medicine Initiative	GCST90707270	PMID:41810385	Genetic risk loci for Parkinson's disease and dementia in a large-scale population-based Taiwanese cohort (TPMI).	Here, we investigated genetic risk factors for PD and PDD in Taiwanese individuals from the Taiwan Precision Medicine Initiative (TPMI), the largest non-European cohort integrating genetic and electronic medical record data.	https://www.ebi.ac.uk/europepmc/webservices/rest/search?query=EXT_ID%3A41810385+AND+SRC%3AMED&format=json&resultType=core	curated
COHO:0000623	owl:NamedIndividual	Baependi Heart Study	GCST90134637	PMID:36267918	Genome-wide analyses identify SCN5A as a susceptibility locus for premature atrial contraction frequency.	The Baependi Heart Study was set up in 2005 to develop a longitudinal family-based cohort study that reflects on some of the genetic and lifestyle-related peculiarities of the Brazilian populations, in order to evaluate genetic and environmental influences on CVD risk factor traits (Egan et al., 2016).	https://www.ebi.ac.uk/europepmc/webservices/rest/PMC9576575/fullTextXML	curated
COHO:0000624	owl:NamedIndividual	Born in Guangzhou Cohort Study	GCST90454465	PMID:38297123	The Born in Guangzhou Cohort Study enables generational genetic discoveries.	Here we present the phase I genome study of the Born in Guangzhou Cohort Study2 (BIGCS), which encompasses the sequencing and analysis of 4,053 Chinese individuals, primarily composed of trios or mother-infant duos residing in South China.	https://www.ebi.ac.uk/europepmc/webservices/rest/search?query=EXT_ID%3A38297123+AND+SRC%3AMED&format=json&resultType=core	curated
COHO:0000625	owl:NamedIndividual	Genetics, Osteoarthritis and Progression Study	GCST90034520	PMID:34450027	Deciphering osteoarthritis genetics across 826,690 individuals from 9 populations.	The GARP study is a prospective observational study in patients with familial generalized osteoarthritis, hand osteoarthritis and other osteoarthritis phenotypes.	https://www.ebi.ac.uk/europepmc/webservices/rest/PMC8459317/fullTextXML	curated
COHO:0000626	owl:NamedIndividual	Physicians' Health Study	GCST90321087	PMID:37555839	Germline Genetic Variants Associated with Somatic TMPRSS2:ERG Fusion Status in Prostate Cancer: A Genome-Wide Association Study.	However, few studies have investigated germline genetic variants associating with TMPRSS2:ERG fusion status.MethodsWe performed a genome-wide association study with 396 TMPRSS2:ERG(+) cases, 390 TMPRSS2:ERG(-) cases, and 2,386 cancer-free controls from the Physicians' Health Study (PHS), the Health Professionals Follow-up Study (HPFS), and a Seattle-based Fred Hutchinson (FH) Cancer Center Prostate Cancer Study.	https://www.ebi.ac.uk/europepmc/webservices/rest/search?query=EXT_ID%3A37555839+AND+SRC%3AMED&format=json&resultType=core	curated
COHO:0000627	owl:NamedIndividual	Trinity Student Study	GCST90255680	PMID:36774100	Investigating Genetic Determinants of Plasma Inositol Status in Adult Humans.	Samples were collected as part of the Trinity Student Study (TSS), in which a cohort of healthy young adults (aged 18–28 y) were recruited at Trinity College Dublin over a 1-y period (2003–2004), as described previously (36–38).	https://www.ebi.ac.uk/europepmc/webservices/rest/PMC9644178/fullTextXML	curated
COHO:0000628	owl:NamedIndividual	Yale-Penn study	GCST90026484	PMID:34226506	Genome-wide association study of stimulant dependence.	The discovery sample was derived from the Yale-Penn sample, a cohort of 11,439 participants (5758 AAs and 5681 EAs) recruited through treatment centers and advertisements for genetic studies of cocaine, opioid or alcohol dependence11.	https://www.ebi.ac.uk/europepmc/webservices/rest/PMC8257618/fullTextXML	curated
COHO:0000629	owl:NamedIndividual	Cardiovascular Disease Association Study	GCST90446493	PMID:37919891	Genome-wide association study and fine-mapping on Korean biobank to discover renal trait-associated variants.	The cohort comprised three sub-cohorts, namely the Korean Association Resource (KARE), Health Examinee (HEXA), and Cardiovascular Disease Association Study (CAVAS).	https://www.ebi.ac.uk/europepmc/webservices/rest/PMC11181046/fullTextXML	curated
COHO:0000630	owl:NamedIndividual	China Health and Nutrition Survey	GCST90002231	PMID:34059833	The trans-ancestral genomic architecture of glycemic traits.	Identification and functional analysis of glycemic trait loci in the China Health and Nutrition Survey.	https://www.ebi.ac.uk/europepmc/webservices/rest/PMC7610958/fullTextXML	curated
COHO:0000631	owl:NamedIndividual	300-Obese	GCST90654631	PMID:38898991	Unraveling interindividual variation of trimethylamine N-oxide and its precursors at the population level.	The study population included participants from Rotterdam Study I‐4 (RSI‐4), Rotterdam Study III‐2 (RSIII‐2), Leiden Longevity Study (LLS), LifeLines‐DEEP (LLD), and 300‐Obese cohort (300‐OB).	https://www.ebi.ac.uk/europepmc/webservices/rest/PMC11183189/fullTextXML	curated
COHO:0000632	owl:NamedIndividual	Anti-Amyloid Treatment in Asymptomatic Alzheimer's Disease Study	GCST90841377	PMID:37101235	Large multi-ethnic genetic analyses of amyloid imaging identify new genes for Alzheimer disease.	These subjects were recruited from the Memory and Aging Project (MAP) at the Knight Alzheimer Disease Research Center (Knight-ADRC) [16, 17], Alzheimer's Disease Neuroimaging Initiative (ADNI) [18], the Dominantly Inherited Alzheimer Network (DIAN) [19], Anti-Amyloid Treatment in Asymptomatic Alzheimer's Disease (A4) [20], ADNI Department of Defense (ADNIDOD) studies, Australian Imaging, Biomarkers and Lifestyle (AIBL) [21], The Harvard Aging Brain Study (HABS) [22], and University of Pittsburgh (UPitt) [23].	https://www.ebi.ac.uk/europepmc/webservices/rest/PMC10134547/fullTextXML	curated
COHO:0000633	owl:NamedIndividual	Child and Adolescent Twin Study in Sweden	GCST90642411	PMID:40494901	Genetics of monozygotic twins reveals the impact of environmental sensitivity on psychiatric and neurodevelopmental phenotypes.	For the Swedish Twin Registry’s Child and Adolescent Twin Study in Sweden, E.A. performed the data analysis, P.L. was the principal investigator and R.K., M.T., S.L. and H.L. collected and prepared the data.	https://www.ebi.ac.uk/europepmc/webservices/rest/PMC12367547/fullTextXML	curated
COHO:0000634	owl:NamedIndividual	CLUE II	GCST90504004	PMID:38749303	Genome-wide interaction study of dietary intake of fibre, fruits, and vegetables with risk of colorectal cancer.	We thank the participants of Clue II and appreciate the continued efforts of the staff at the Johns Hopkins George W.	https://www.ebi.ac.uk/europepmc/webservices/rest/PMC11112268/fullTextXML	curated
COHO:0000635	owl:NamedIndividual	Genetic Regulation of Arterial Pressure in Humans in the Community Study	GCST90000059	PMID:33230300	Discovery of rare variants associated with blood pressure regulation through meta-analysis of 1.3 million individuals.	GRAPHIC Genetic Regulation of Arterial Pressure in Humans In the Community Three clinic blood pressure measurments using an Omron HEM-705CP digital BP monitor.	https://www.ebi.ac.uk/europepmc/webservices/rest/PMC7610439/supplementaryFiles	curated
COHO:0000636	owl:NamedIndividual	Monongahela-Youghiogheny Healthy Aging Team	GCST90992794	PMID:40042063	Sex-stratified genome-wide meta-analysis identifies novel loci for cognitive decline in older adults.	The study included 3021 participants (1476 male and 1545 female) from three cohorts with longitudinal cognitive assessment: the Gingko Evaluation of Memory (GEM) study, the Monongahela‐Youghiogheny Healthy Aging Team (MYHAT), and the Monongahela Valley Independent Elders Survey (MoVIES).	https://www.ebi.ac.uk/europepmc/webservices/rest/PMC11880917/fullTextXML	curated
COHO:0000637	owl:NamedIndividual	Utah residents (CEPH) with Northern and Western European ancestry	GCST90011785	PMID:33575800	Genetically regulated expression underlies cellular sensitivity to chemotherapy in diverse populations.	The LCLs were derived from individuals from the Yoruba population in Ibadan, Nigeria (YRI), individuals with European ancestries from Utah, USA (CEU) and individuals from a combined population of Han Chinese from Beijing, China, and Japanese from Tokyo, Japan (ASN).	https://pmc.ncbi.nlm.nih.gov/articles/PMC8248963/	curated
COHO:0000638	owl:NamedIndividual	Yoruba in Ibadan, Nigeria	GCST90011793	PMID:33575800	Genetically regulated expression underlies cellular sensitivity to chemotherapy in diverse populations.	The LCLs were derived from individuals from the Yoruba population in Ibadan, Nigeria (YRI), individuals with European ancestries from Utah, USA (CEU) and individuals from a combined population of Han Chinese from Beijing, China, and Japanese from Tokyo, Japan (ASN).	https://pmc.ncbi.nlm.nih.gov/articles/PMC8248963/	curated
COHO:0000639	owl:NamedIndividual	Copenhagen Prospective Study on Asthma in Childhood	GCST90797639	PMID:42036355	Genetic determinants of childhood blood pressure and heart rate in relation to adult health outcomes: the consortium of childhood blood pressure.	COPSAC, Copenhagen Prospective Studies on Asthma in Childhood, Herlev and Gentofte Hospital, University of Copenhagen, Ledreborg Alle 34, 2820 Gentofte, Copenhagen, Denmark	https://www.ebi.ac.uk/europepmc/webservices/rest/PMC13533560/fullTextXML	curated
COHO:0000640	owl:NamedIndividual	DemGene network	GCST90027158	PMID:35379992	New insights into the genetic etiology of Alzheimer's disease and related dementias.	All of our stage I meta-analysis samples came from the following consortia/datasets: EADB, GR@ACE, EADI, GERAD/PERADES, DemGene, Bonn, the Rotterdam study, the CCHS study, NxC and the UKBB.	https://www.ebi.ac.uk/europepmc/webservices/rest/PMC9005347/fullTextXML	curated
COHO:0000641	owl:NamedIndividual	Diabetes Genetics Replication and Meta-analysis Consortium	GCST90053824	PMID:34604815	Genetic discovery and risk characterization in type 2 diabetes across diverse populations.	We conducted a multiethnic genome-wide association study of T2D among 53,102 cases and 193,679 control subjects from African, Hispanic, Asian, Native Hawaiian, and European population groups in the Population Architecture Genomics and Epidemiology (PAGE) and Diabetes Genetics Replication and Meta-analysis (DIAGRAM) Consortia.	https://www.ebi.ac.uk/europepmc/webservices/rest/PMC8486151/fullTextXML	curated
COHO:0000642	owl:NamedIndividual	Determining the Influence of Susceptibility COnveying Variants Related to one-Year mortality after BMT	GCST90020096	PMID:34220922	Genome-Wide Association Analyses Identify Variants in IRF4 Associated With Acute Myeloid Leukemia and Myelodysplastic Syndrome Susceptibility.	We performed AML and MDS genome-wide association studies (GWAS) in the DISCOVeRY-BMT cohorts (2,309 cases and 2,814 controls).	https://www.ebi.ac.uk/europepmc/webservices/rest/search?query=EXT_ID%3A34220922+AND+SRC%3AMED&format=json&resultType=core	curated
COHO:0000643	owl:NamedIndividual	European Alzheimer's Disease Initiative	GCST90162599	PMID:35879306	Polygenic resilience scores capture protective genetic effects for Alzheimer's disease.	Only summary statistics were made available to us from the European Alzheimer’s Disease Initiative, the Genetic and Environmental Risk in Alzheimer’s Disease, the Cohorts for Heart and Aging Research in Genomic Epidemiology, the Psychiatric Genomic Consortium, the Australian Imaging, Biomarker & Lifestyle Study, and the Sydney Memory and Ageing Study.	https://www.ebi.ac.uk/europepmc/webservices/rest/PMC9314356/fullTextXML	curated
COHO:0000644	owl:NamedIndividual	EPICURE Consortium	GCST90271608	PMID:37653029	GWAS meta-analysis of over 29,000 people with epilepsy identifies 26 risk loci and subtype-specific genetic architecture.	EPICURE Consortium. et al.	https://www.ebi.ac.uk/europepmc/webservices/rest/PMC10484785/fullTextXML	curated
COHO:0000645	owl:NamedIndividual	GenEpA Consortium	GCST90271608	PMID:37653029	GWAS meta-analysis of over 29,000 people with epilepsy identifies 26 risk loci and subtype-specific genetic architecture.	GWAS of the Janssen Pharmaceuticals, Swiss GenEpa, Norwegian GenEpa and Austrian GenEpa cohorts was performed as a mega-analysis, as described previously4.	https://www.ebi.ac.uk/europepmc/webservices/rest/PMC10484785/fullTextXML	curated
COHO:0000646	owl:NamedIndividual	Genetic and Environmental Risk in Alzheimer's Disease Consortium	GCST90162599	PMID:35879306	Polygenic resilience scores capture protective genetic effects for Alzheimer's disease.	The variance in AD explained by PRS maximizes at a P-value threshold of 0.5 in participants from GERAD (Genetic and Environmental Risk for Alzheimer’s disease) [23] and 22 locally available ADGC (Alzheimer’s Disease Genetics Consortium) studies (Supplementary Fig. 4).	https://www.ebi.ac.uk/europepmc/webservices/rest/PMC9314356/fullTextXML	curated
COHO:0000647	owl:NamedIndividual	Genes for Good	GCST90565484	PMID:41558814	Genetic dissection of stool frequency implicates vitamin B1 metabolism and other actionable pathways in the modulation of gut motility.	The University of Michigan Institutional Review Board approved the Genes for Good study.	https://www.ebi.ac.uk/europepmc/webservices/rest/PMC13479210/fullTextXML	curated
COHO:0000648	owl:NamedIndividual	Imperial-Liverpool-Melbourne Collaboration	GCST90271608	PMID:37653029	GWAS meta-analysis of over 29,000 people with epilepsy identifies 26 risk loci and subtype-specific genetic architecture.	Imperial-Liverpool- Melbourne British Case 1294 Illumina Omni-Express	https://www.ebi.ac.uk/europepmc/webservices/rest/PMC10484785/supplementaryFiles	curated
COHO:0000649	owl:NamedIndividual	San Antonio Family Study	GCST90244653	PMID:36220816	Whole genome sequence analysis of blood lipid levels in >66,000 individuals.	San Antonio Family Study (SAFS) phs001215 and phs000462;	https://www.ebi.ac.uk/europepmc/webservices/rest/PMC9553944/fullTextXML	curated
COHO:0000650	owl:NamedIndividual	Swedish Adoption/Twin Study of Aging	GCST90014287	PMID:34187551	Genome-wide association studies identify 137 genetic loci for DNA methylation biomarkers of aging.	The Swedish Adoption/Twin Study of Aging (SATSA) Cohort description The SATSA is a twin cohort that aims to understand individual differences in aging.	https://www.ebi.ac.uk/europepmc/webservices/rest/PMC8243879/supplementaryFiles	curated
COHO:0000651	owl:NamedIndividual	Stroke Genetics Network	GCST90255376	PMID:36672803	Exome Array Analysis of 9721 Ischemic Stroke Cases from the SiGN Consortium.	To evaluate the contribution of coding variants, which are mostly rare, we performed an exome array analysis on 106,101 SNPs for 9721 ischemic stroke cases from the SiGN Consortium, and 12,345 subjects with no history of stroke from the Health Retirement Study and SiGN consortium.	https://www.ebi.ac.uk/europepmc/webservices/rest/search?query=EXT_ID%3A36672803+AND+SRC%3AMED&format=json&resultType=core	curated
COHO:0000652	owl:NamedIndividual	SubPopulations and InteRmediate Outcome Measures in COPD Study	GCST90269923	PMID:37352370	Genetic regulators of sputum mucin concentration and their associations with COPD phenotypes.	We performed a GWAS to identify quantitative trait loci for sputum mucin protein concentration (pQTL) in the Sub-Populations and InteRmediate Outcome Measures in COPD Study (SPIROMICS, n = 708 for total mucin, n = 215 for MUC5AC, MUC5B).	https://www.ebi.ac.uk/europepmc/webservices/rest/search?query=EXT_ID%3A37352370+AND+SRC%3AMED&format=json&resultType=core	curated
COHO:0000653	owl:NamedIndividual	Veterans Health Service Medical Center cohort	GCST90104263	PMID:35241739	Unveiling genetic variants for age-related sarcopenia by conducting a genome-wide association study on Korean cohorts.	The current study conducted a GWAS meta-analysis on sarcopenia phenotypes using Korean relatively aged cohorts, combining the Veterans Health Service Medical Center (VHSMC) and Korean Association Resource (KARE) cohorts.	https://www.ebi.ac.uk/europepmc/webservices/rest/PMC8894365/fullTextXML	curated
COHO:0000654	owl:NamedIndividual	Cervical Artery Dissection and Ischemic Stroke Patients	GCST90188370	PMID:36240095	Contribution of Common Genetic Variants to Risk of Early-Onset Ischemic Stroke.	for the Cervical Artery Dissections and Ischemic Stroke Patients (CADSIP) Consortium	https://www.ebi.ac.uk/europepmc/webservices/rest/PMC9620803/fullTextXML	curated
COHO:0000655	owl:NamedIndividual	Genetics of Glucose regulation in Gestation and Growth	GCST90841457	PMID:42225636	Multi-ancestry, trans-generational GWAS meta-analysis of gestational diabetes and glycaemic traits during pregnancy reveals limited evidence of pregnancy-specific genetic effects.	EFSOCH (EUR), Gen3G (EUR), FinnGeDi (EUR), ALSPAC (EUR), HAPO (EUR, AFR, EAS, SAS, HIS) and ELGH (SAS).	https://www.ebi.ac.uk/europepmc/webservices/rest/PMC13226718/fullTextXML	curated
COHO:0000656	owl:NamedIndividual	Manchester Asthma and Allergy Study	GCST90093074	PMID:35931775	A systems immunology approach to investigate cytokine responses to viruses and bacteria and their association with disease.	The children studied were participants in the Manchester Asthma and Allergy Study (MAAS), a population-based birth cohort (see “Methods” section for further details).	https://www.ebi.ac.uk/europepmc/webservices/rest/PMC9356009/fullTextXML	curated
COHO:0000657	owl:NamedIndividual	Population Assessment for Tomorrow's Health Study	GCST90270100	PMID:37060189	Leveraging related health phenotypes for polygenic prediction of impulsive choice, impulsive action, and impulsive personality traits in 1534 European ancestry community adults.	Participants were from an existing research registry at St. Joseph's Healthcare Hamilton in which community adults were invited to participate in an in‐person assessment including DNA collection.	https://www.ebi.ac.uk/europepmc/webservices/rest/PMC10242187/fullTextXML	curated
COHO:0000658	owl:NamedIndividual	Peking University-University of Michigan Study of Atherosclerosis	GCST90002413	PMID:33693786	An Asian-specific MPL genetic variant alters JAK-STAT signaling and influences platelet count in the population.	The Peking University–University and Michigan of Atherosclerosis (PUUMA) Study included 5257 subjects with hematological trait data.	https://pmc.ncbi.nlm.nih.gov/articles/PMC8161516/	curated
COHO:0000659	owl:NamedIndividual	Singapore Chinese Health Study	GCST90132317	PMID:35927272	Genetic associations with healthy ageing among Chinese adults.	The Singapore Chinese Health Study (SCHS) is a population-based prospective cohort study of Chinese adults living in Singapore9.	https://www.ebi.ac.uk/europepmc/webservices/rest/PMC9158790/fullTextXML	curated
COHO:0000660	owl:NamedIndividual	Sister Study	GCST90104596	PMID:35274129	Genome-wide association study meta-analysis identifies three novel loci for circulating anti-Müllerian hormone levels in women.	The GWAS by Ruth et al. included data from the Generations Study (Swerdlow et al., 2011), Sister Study (Nichols et al., 2015), Nurses’ Health Study (Hankinson et al., 1995), Nurses’ Health Study II (Eliassen et al., 2006) and ALSPAC mothers (Fraser et al., 2013).	https://www.ebi.ac.uk/europepmc/webservices/rest/PMC9071229/fullTextXML	curated
COHO:0000661	owl:NamedIndividual	UroLife study	GCST90866313	PMID:42320430	Comprehensive genome-wide association study into multiple recurrence and progression risk in non-muscle invasive bladder cancer.	The UroLife study (N=1,212) is a prospective multicenter cohort study conducted in 22 hospitals in the east, south and central parts of The Netherlands.	https://ars.els-cdn.com/content/image/1-s2.0-S2210776226000724-mmc1.docx	curated
COHO:0000662	owl:NamedIndividual	Chinese Antipsychotics Pharmacogenomics Consortium	GCST90454523	PMID:38336841	Genome-wide association study implicates lipid pathway dysfunction in antipsychotic-induced weight gain: multi-ancestry validation.	We also thank the assistance from the Chinese Antipsychotics Pharmacogenomics Consortium and the research assistant from Peking University Sixth Hospital (Xuan Lu).	https://www.nature.com/articles/s41380-024-02447-2	curated
COHO:0000663	owl:NamedIndividual	CROATIA-Split Study	GCST90276149	PMID:37108169	Genome-Wide Meta-Analysis Identifies Multiple Novel Rare Variants to Predict Common Human Infectious Diseases Risk.	Here, we used the data from three sub-cohorts for which we had bacterial and viral infections disease data—Korčula (N = 2833), Vis (N = 1039) and Split (N = 1012).	https://www.ebi.ac.uk/europepmc/webservices/rest/PMC10138356/fullTextXML	curated
COHO:0000664	owl:NamedIndividual	Epidemiological study on the Genetics and Environment of Asthma	GCST90131443	PMID:35624665	Genome-Wide Association Study of Fluorescent Oxidation Products Accounting for Tobacco Smoking Status in Adults from the French EGEA Study.	We conducted a genome-wide association study (GWAS) of the FlOPs level in 1216 adults from the case-control and family-based EGEA study (mean age 43 years old, 51% women, and 23% current smokers) to identify genetic variants associated with FlOPs.	https://www.ebi.ac.uk/europepmc/webservices/rest/PMC9137810/fullTextXML	curated
COHO:0000665	owl:NamedIndividual	Epidemiologische Studie zu Chancen der Verhütung, Früherkennung und optimierten Therapie chronischer Erkrankungen in der älteren Bevölkerung	GCST90267392	PMID:36576985	Genome-wide Interaction Study with Smoking for Colorectal Cancer Risk Identifies Novel Genetic Loci Related to Tumor Suppression, Inflammation, and Immune Response.	ESTHER/VERDI. This work and all authors were supported by grants from the Baden-Württemberg Ministry of Science, Research and Arts and the German Cancer Aid.	https://pmc.ncbi.nlm.nih.gov/articles/PMC9992283/	curated
COHO:0000666	owl:NamedIndividual	Gothenburg H70 Birth Cohort Studies and Clinical AD Sweden	GCST90129599	PMID:36066633	Genome-wide meta-analysis for Alzheimer's disease cerebrospinal fluid biomarkers.	For the Gothenburg H70 Birth Cohort studies and clinical AD samples from Sweden, the QC and imputation procedures were described elsewhere [48].	https://www.ebi.ac.uk/europepmc/webservices/rest/PMC9547780/fullTextXML	curated
COHO:0000667	owl:NamedIndividual	Northern California Breast Cancer Family Registry	GCST90128530	PMID:35414113	Genome-wide and transcriptome-wide association studies of mammographic density phenotypes reveal novel loci.	The Northern California Breast Cancer Family Registry (NC-BCFR) was initiated in 1995 and enrolled ~4000 women with incident breast cancer and family members (John et al., 2019).	https://www.ebi.ac.uk/europepmc/webservices/rest/PMC9006574/supplementaryFiles	curated
COHO:0000668	owl:NamedIndividual	Breast Cancer Family Registry	PMID:15217505	PMID:15217505	The Breast Cancer Family Registry: an infrastructure for cooperative multinational, interdisciplinary and translational studies of the genetic epidemiology of breast cancer.	The Breast Cancer Family Registry is a collaboration of six academic and research institutions and their medical affiliates located in the USA, Canada, and Australia.	https://www.ebi.ac.uk/europepmc/webservices/rest/PMC468645/fullTextXML	curated
COHO:0000669	owl:NamedIndividual	National Institute on Aging Late Onset Alzheimer's Disease Family Study	GCST90708782	PMID:38784964	Genetic associations with psychosis and affective disturbance in Alzheimer's disease.	the Fundació ACE Barcelona Alzheimer Treatment and Research Center (ACE/GR@ACE), a Consortium of National Institute on Aging Alzheimer Disease Centers (ADC), Eli Lilly and Company (LILLY), the Norwegian, Exeter and King's College Consortium for Genetics of Neuropsychiatric Symptoms in Dementia (NEXGENS), the National Institute on Aging's Late Onset Alzheimer's Disease Family Study (NIA‐LOAD), and the University of Pittsburgh Alzheimer Disease Research Center (PITT ADRC).	https://www.ebi.ac.uk/europepmc/webservices/rest/PMC11114588/fullTextXML	curated
COHO:0000670	owl:NamedIndividual	Northern Manhattan Study	GCST90245988	PMID:36658081	Genome-wide association study of executive function in a multi-ethnic cohort implicates LINC01362: Results from the northern Manhattan study.	We performed a GWAS on a composite measure of executive function that included measures of mental flexibility and reasoning using data from the Northern Manhattan Study, a racially and ethnically diverse cohort (N = 1077, 69% Hispanic, 17% non-Hispanic Black and 14% non-Hispanic White).	https://www.ebi.ac.uk/europepmc/webservices/rest/search?query=EXT_ID%3A36658081+AND+SRC%3AMED&format=json&resultType=core	curated
COHO:0000671	owl:NamedIndividual	Pittsburgh Orofacial Cleft Study	GCST90103973	PMID:35172313	Genetic Analyses of Enamel Hypoplasia in Multiethnic Cohorts.	The participants for this study included individuals aged 7 years and older recruited through four studies: the Pittsburgh Orofacial Cleft Study (POFC, n = 3,579); the Center for Oral Health Research in Appalachia (COHRA1, n = 1,837;	https://www.ebi.ac.uk/europepmc/webservices/rest/PMC9378791/fullTextXML	curated
COHO:0000672	owl:NamedIndividual	Australian Genetics of Depression Study	GCST90565869	PMID:40858613	Sex-stratified genome-wide association meta-analysis of major depressive disorder.	The Australian Genetics of Depression Study (AGDS) in Australia53 (Female: cases = 10,406, controls = 7147;	https://www.ebi.ac.uk/europepmc/webservices/rest/PMC12381276/fullTextXML	curated
COHO:0000673	owl:NamedIndividual	Accessible Resource for Integrated Epigenomic Studies	GCST90014287	PMID:34187551	Genome-wide association studies identify 137 genetic loci for DNA methylation biomarkers of aging.	The maximum prediction for a single cohort was 4.21% for PAI1 levels in ARIES.	https://www.ebi.ac.uk/europepmc/webservices/rest/PMC8243879/fullTextXML	curated
COHO:0000674	owl:NamedIndividual	Bellygenes initiative	GCST90860773	PMID:42221328	Large-scale meta- and cross-trait analyses uncover shared genetic risk factors for IBS and psychiatric disorders.	This dataset was derived from a prior meta-analysis (12) that integrated two independent cohorts: the UK Biobank (UKB; 40,548 cases and 293,220) and the Bellygenes initiative (12,852 cases and 139,981 controls).	https://www.ebi.ac.uk/europepmc/webservices/rest/PMC13216503/fullTextXML	curated
COHO:0000675	owl:NamedIndividual	CERA cohort	GCST90559231	PMID:41361163	HTRA1/lncRNA HTRA1-AS1 dominates in age-related macular degeneration reticular pseudodrusen genetic risk with no complement involvement.	To further investigate the RPD risk haplotype and examine the clinical importance of the identified risk region, short-read whole genome sequencing (WGS) was conducted in a distinct AMD+ cohort (from the Centre for Eye Research Australia, CERA) of European ancestry and unrelated individuals with extreme RPD (AMD+/RPD++), defined as having extensive and predominantly RPD deposits.	https://www.ebi.ac.uk/europepmc/webservices/rest/PMC12685958/fullTextXML	curated
COHO:0000676	owl:NamedIndividual	Center for International Blood and Marrow Transplant Research - National Marrow Donor Program Research Sample Repository	GCST90705036	PMID:41748071	Polygenic risk scores and HLA class II variants are biomarkers of corticosteroid response in childhood nephrotic syndrome.	Discovery controls include: 1) 1054 adults from the Center for International Blood and Marrow Transplant Research (CIBMTR)/National Marrow Donor Program (NMDP) Research Sample Repository and Duke GKD study controls.	https://pmc.ncbi.nlm.nih.gov/articles/PMC13065301/	curated
COHO:0000677	owl:NamedIndividual	Drug Interaction With Genes in Parkinson's Disease	GCST90270129	PMID:36348503	Association between the LRP1B and APOE loci and the development of Parkinson's disease dementia.	Parkinson’s Disease (AMP-PD v2.5, www.amp-pd.org), which consists of harmonized data from multiple cohorts,21 and Drug Interaction With Genes in Parkinson's Disease (DIGPD, clinicaltrials.gov/ct2/show/NCT01564992), comprising a total of 3923 participants after clinical and genetic data cleaning (Supplementary Fig. 1 and Table 1).	https://www.ebi.ac.uk/europepmc/webservices/rest/PMC10151192/fullTextXML	curated
COHO:0000678	owl:NamedIndividual	Duke Genetics of Kidney Disease	GCST90705036	PMID:41748071	Polygenic risk scores and HLA class II variants are biomarkers of corticosteroid response in childhood nephrotic syndrome.	Discovery has 994 multi-ancestry NS cases enrolled in the Duke Genetics of Kidney Disease (Duke GKD; Pro00014951) and Genomics of Nephrotic Syndrome studies (Pro00106061; Figure 1).	https://pmc.ncbi.nlm.nih.gov/articles/PMC13065301/	curated
COHO:0000679	owl:NamedIndividual	European Genetic Database	GCST90559231	PMID:41361163	HTRA1/lncRNA HTRA1-AS1 dominates in age-related macular degeneration reticular pseudodrusen genetic risk with no complement involvement.	EUGENDA Ethics committees of University Hospital Cologne, Germany and Nijmegen, Netherlands Approved 07-030	https://www.ebi.ac.uk/europepmc/webservices/rest/PMC12685958/supplementaryFiles	curated
COHO:0000680	owl:NamedIndividual	Family Atherosclerosis Monitoring In earLY life Study	GCST90841457	PMID:42225636	Multi-ancestry, trans-generational GWAS meta-analysis of gestational diabetes and glycaemic traits during pregnancy reveals limited evidence of pregnancy-specific genetic effects.	FAMILY Family Atherosclerosis Monitoring In earLY life study	https://www.ebi.ac.uk/europepmc/webservices/rest/PMC13226718/supplementaryFiles	curated
COHO:0000681	owl:NamedIndividual	Finland-United States Investigation of NIDDM Genetics	GCST90267567	PMID:37291194	Genome-wide association study and functional characterization identifies candidate genes for insulin-stimulated glucose uptake.	We also annotated loci with eQTLs in skeletal muscle identified in FUSION (P < 0.05)80.	https://www.ebi.ac.uk/europepmc/webservices/rest/PMC7614755/fullTextXML	curated
COHO:0000682	owl:NamedIndividual	Ginkgo Evaluation of Memory Study	GCST90992794	PMID:40042063	Sex-stratified genome-wide meta-analysis identifies novel loci for cognitive decline in older adults.	The study included 3021 participants (1476 male and 1545 female) from three cohorts with longitudinal cognitive assessment: the Gingko Evaluation of Memory (GEM) study, the Monongahela‐Youghiogheny Healthy Aging Team (MYHAT), and the Monongahela Valley Independent Elders Survey (MoVIES).	https://www.ebi.ac.uk/europepmc/webservices/rest/PMC11880917/fullTextXML	curated
COHO:0000683	owl:NamedIndividual	Genito-Urinary BioBank	GCST90866313	PMID:42320430	Comprehensive genome-wide association study into multiple recurrence and progression risk in non-muscle invasive bladder cancer.	Genito-Urinary Biobank (GUB) The GUB was set up at the Princess Margaret’s Hospital in Toronto in 2008.	https://ars.els-cdn.com/content/image/1-s2.0-S2210776226000724-mmc1.docx	curated
COHO:0000684	owl:NamedIndividual	Hisayama-FSR study	GCST005840	PMID:29531354	Multiancestry genome-wide association study of 520,000 subjects identifies 32 loci associated with stroke and stroke subtypes.	Stroke ascertainment in the Hisayama-FSR study: Ischemic stroke was defined as a sudden non- convulsive, focal neurologic deficit lasting longer than 24 hours due to brain ischemia.	https://static-content.springer.com/esm/art%3A10.1038%2Fs41588-018-0058-3/MediaObjects/41588_2018_58_MOESM1_ESM.pdf	curated
COHO:0000685	owl:NamedIndividual	International Genomics of Alzheimer's Project	GCST013196	PMID:34493870	A genome-wide association study with 1,126,563 individuals identifies new risk loci for Alzheimer's disease.	Summary statistics from IGAP (https://web.pasteur-lille.fr/en/recherche/u744/igap/igap_download.php) and Finngen (https://www.finngen.fi/en/access_results) can be obtained from their respective online portals.	https://www.ncbi.nlm.nih.gov/research/bionlp/RESTful/pmcoa.cgi/BioC_xml/PMC10243600/unicode	curated
COHO:0000686	owl:NamedIndividual	Mexican-American Coronary Artery Disease Study	GCST90267569	PMID:37291194	Genome-wide association study and functional characterization identifies candidate genes for insulin-stimulated glucose uptake.	Two of these studies included participants of Hispanic American ancestry (MACAD and HTN-IR;	https://www.ebi.ac.uk/europepmc/webservices/rest/PMC7614755/fullTextXML	curated
COHO:0000687	owl:NamedIndividual	Genetics UndeRlying DIAbetes in HispaNics	PMID:24124113	PMID:24124113	Insulin sensitivity and insulin clearance are heritable and have strong genetic correlation in Mexican Americans.	The study described herein, Genetics UndeRlying Diabetes In hispANics, or GUARDIAN, was formed to eventually conduct a GWAS in seven Mexican-American cohorts of insulin sensitivity and insulin clearance directly quantified by the euglycemic clamp and FSIGT.	https://www.ncbi.nlm.nih.gov/research/bionlp/RESTful/pmcoa.cgi/BioC_xml/PMC3968231/unicode	curated
COHO:0000688	owl:NamedIndividual	METASTROKE collaboration	GCST005838	PMID:29531354	Multiancestry genome-wide association study of 520,000 subjects identifies 32 loci associated with stroke and stroke subtypes.	COMPASS Consortium, EPIC-CVD Consortium, EPIC-InterAct Consortium, ISGC, METASTROKE Consortium, Neurology Working Group of the CHARGE Consortium, NINDS-SiGN, UK Young Lacunar DNA Study, and MEGASTROKE Consortium.	https://www.ncbi.nlm.nih.gov/research/bionlp/RESTful/pmcoa.cgi/BioC_xml/PMC5968830/unicode	curated
COHO:0000689	owl:NamedIndividual	Monongahela Valley Independent Elders Survey	GCST90992794	PMID:40042063	Sex-stratified genome-wide meta-analysis identifies novel loci for cognitive decline in older adults.	The study included 3021 participants (1476 male and 1545 female) from three cohorts with longitudinal cognitive assessment: the Gingko Evaluation of Memory (GEM) study, the Monongahela‐Youghiogheny Healthy Aging Team (MYHAT), and the Monongahela Valley Independent Elders Survey (MoVIES).	https://www.ebi.ac.uk/europepmc/webservices/rest/PMC11880917/fullTextXML	curated
COHO:0000690	owl:NamedIndividual	Prediction and Prevention of Preeclampsia and Intrauterine Growth Restriction Study	GCST90841457	PMID:42225636	Multi-ancestry, trans-generational GWAS meta-analysis of gestational diabetes and glycaemic traits during pregnancy reveals limited evidence of pregnancy-specific genetic effects.	PREDO The Prediction and Prevention of Preeclampsia and Intrauterine Growth Restriction study	https://www.ebi.ac.uk/europepmc/webservices/rest/PMC13226718/supplementaryFiles	curated
COHO:0000691	owl:NamedIndividual	Risk Assessment of Cerebrovascular Events Study	GCST90188370	PMID:36240095	Contribution of Common Genetic Variants to Risk of Early-Onset Ischemic Stroke.	The Risk Assessment of Cerebrovascular Events (RACE) Study is a retrospective case-control study designed to identify and evaluate genetic, lifestyle and biomarker determinants of stroke and its subtype in Pakistan.	https://cdn-links.lww.com/permalink/wnl/c/wnl_2022_08_08_mitchell_1_sdc1.pdf	curated
COHO:0000692	owl:NamedIndividual	Reasons for Geographic and Racial Differences in Stroke	GCST90101797	PMID:34992631	Genetic Contributors of Incident Stroke in 10,700 African Americans With Hypertension: A Meta-Analysis From the Genetics of Hypertension Associated Treatments and Reasons for Geographic and Racial Differences in Stroke Studies.	Methods: In a population comprising over 10,700 AAs treated for hypertension from the Genetics of Hypertension Associated Treatments (GenHAT) and Reasons for Geographic and Racial Differences in Stroke (REGARDS) studies, we performed an inverse variance-weighted meta-analysis of incident stroke.	https://www.ebi.ac.uk/europepmc/webservices/rest/search?query=EXT_ID%3A34992631+AND+SRC%3AMED&format=json&resultType=core	curated
COHO:0000693	owl:NamedIndividual	Selenium and Vitamin E Cancer Prevention Trial	GCST90504004	PMID:38749303	Genome-wide interaction study of dietary intake of fibre, fruits, and vegetables with risk of colorectal cancer.	We are also grateful to the 35,533 dedicated men who participated in SELECT.	https://www.ebi.ac.uk/europepmc/webservices/rest/PMC11112268/fullTextXML	curated
COHO:0000694	owl:NamedIndividual	Stroke in Young Fabry Patients	GCST005838	PMID:29531354	Multiancestry genome-wide association study of 520,000 subjects identifies 32 loci associated with stroke and stroke subtypes.	The SIFAP study is a multicenter study carried out to determine the frequency of Fabry disease in an unselected group of young adult patients with acute cerebrovascular events defined as having had an acute ischemic stroke or transient ischemic attack less than three months before enrollment into the study.	https://static-content.springer.com/esm/art%3A10.1038%2Fs41588-018-0058-3/MediaObjects/41588_2018_58_MOESM1_ESM.pdf	curated
COHO:0000695	owl:NamedIndividual	SpiroMeta Consortium	GCST90454171	PMID:38102678	Genetic and observational associations of lung function with gastrointestinal tract diseases: pleiotropic and mendelian randomization analysis.	A total of 400,102 Europeans from the UK biobank (UKB) and the SpiroMeta Consortium were analyzed.	https://www.ebi.ac.uk/europepmc/webservices/rest/PMC10724909/fullTextXML	curated
COHO:0000696	owl:NamedIndividual	Wisconsin Longitudinal Study	GCST90565738	PMID:39875632	Associations between common genetic variants and income provide insights about the socio-economic health gradient.	WLS Wisconsin Longitudinal Study	https://www.ebi.ac.uk/europepmc/webservices/rest/PMC12018258/supplementaryFiles	curated
COHO:0000697	owl:NamedIndividual	Grady Trauma Project	GCST90014293	PMID:34187551	Genome-wide association studies identify 137 genetic loci for DNA methylation biomarkers of aging.	Grady Trauma Project (GTP) investigates the influence of genetic and environmental factors on response to stressful events in a predominantly African-American, urban population of low socioeconomic status.	https://www.ebi.ac.uk/europepmc/webservices/rest/PMC8243879/supplementaryFiles	curated
COHO:0000698	owl:NamedIndividual	10,001 Dalmatians	GCST90244092	PMID:36914875	Multi-ancestry genome-wide association analyses improve resolution of genes and pathways influencing lung function and chronic obstructive pulmonary disease risk.	Croatia cohort, S.M.K., V.V., O.P. and I.R.;	https://www.ebi.ac.uk/europepmc/webservices/rest/PMC10011137/fullTextXML	curated
COHO:0000699	owl:NamedIndividual	Lothian Birth Cohort 1936	GCST90014287	PMID:34187551	Genome-wide association studies identify 137 genetic loci for DNA methylation biomarkers of aging.	The procedure was iterated after excluding different test cohorts one by one (Lothian Birth Cohort 1921, Lothian Birth Cohort 1936, Framingham Heart Study, Born in Bradford, ARIES, and SABRE, respectively) from the meta-analysis.	https://www.ebi.ac.uk/europepmc/webservices/rest/PMC8243879/fullTextXML	curated
COHO:0000699	owl:NamedIndividual	Lothian Birth Cohort 1936	EGAS00001003819		Lothian Birth Cohort 1936 whole genome sequencing study	1075 members of the Lothian Birth Cohort 1936 (LBC1936) were sequenced using the Illumina HiSeq X platform.	https://ega-archive.org/studies/EGAS00001003819	curated
COHO:0000700	owl:NamedIndividual	Lothian Birth Cohort 1921	GCST90014287	PMID:34187551	Genome-wide association studies identify 137 genetic loci for DNA methylation biomarkers of aging.	The procedure was iterated after excluding different test cohorts one by one (Lothian Birth Cohort 1921, Lothian Birth Cohort 1936, Framingham Heart Study, Born in Bradford, ARIES, and SABRE, respectively) from the meta-analysis.	https://www.ebi.ac.uk/europepmc/webservices/rest/PMC8243879/fullTextXML	curated
COHO:0000700	owl:NamedIndividual	Lothian Birth Cohort 1921	EGAS00001003818		Lothian Birth Cohort 1921 whole genome sequencing study	297 members of the Lothian Birth Cohort 1921	https://ega-archive.org/studies/EGAS00001003818	curated
COHO:0000701	owl:NamedIndividual	National Longitudinal Study of Adolescent to Adult Health	GCST90654659	PMID:39189922	Genetic variants in canonical Wnt signaling pathway associated with pediatric immune thrombocytopenia.	Genotype and limited demographic data on otherwise healthy pediatric controls (n = 8,372) were obtained from the National Longitudinal Study of Adolescent to Adult Health (Add Health) cohort,35 which used 2 Illumina platforms for genotyping: the Illumina Human Omni1-Quad BeadChip for the majority of samples, and the Illumina Omni-2.5 Quad BeadChip.	https://www.ebi.ac.uk/europepmc/webservices/rest/PMC11538615/fullTextXML	curated
COHO:0000702	owl:NamedIndividual	Basque Center on Cognition, Brain and Language cohort	GCST90104462	PMID:35998220	Genome-wide analyses of individual differences in quantitatively assessed reading- and language-related skills in up to 34,000 people.	The Basque Center on Cognition, Brain and Language (BCBL) cohort was supported by the Basque Government through the Basic Excellence Research Centre program and the Agencia Estatal de Investigación through BCBL Severo Ochoa excellence accreditation.	https://www.ebi.ac.uk/europepmc/webservices/rest/PMC9436320/fullTextXML	curated
COHO:0000703	owl:NamedIndividual	Botnia Study	GCST90239750	PMID:35220425	Multi-ancestry genome-wide association study of gestational diabetes mellitus highlights genetic links with type 2 diabetes.	The skilful assistance of the Botnia Study Group is gratefully acknowledged.	https://www.ebi.ac.uk/europepmc/webservices/rest/PMC9523562/fullTextXML	curated
COHO:0000704	owl:NamedIndividual	Colorado Learning Disabilities Research Center cohort	GCST90104462	PMID:35998220	Genome-wide analyses of individual differences in quantitatively assessed reading- and language-related skills in up to 34,000 people.	The Colorado Learning Disabilities Research Center cohort was supported by NICHD Grant P50 HD 27802.	https://www.ebi.ac.uk/europepmc/webservices/rest/PMC9436320/fullTextXML	curated
COHO:0000705	owl:NamedIndividual	DIAGEN Study	GCST90002227	PMID:34059833	The trans-ancestral genomic architecture of glycemic traits.	The DIAGEN study was supported by the Commission of the European Communities, Directorate C - Public Health and Risk Assessment, Health & Consumer Protection, Grant Agreement number - 2004310 and by the Dresden University of Technology Funding Grant, Med Drive.	https://www.ebi.ac.uk/europepmc/webservices/rest/PMC7610958/supplementaryFiles	curated
COHO:0000706	owl:NamedIndividual	Evaluation of COPD Longitudinally to Identify Predictive Surrogate End-points	GCST90162551	PMID:35953715	GAWMerge expands GWAS sample size and diversity by combining array-based genotyping and whole-genome sequencing.	Collaborative Genetic Study of Nicotine Dependence (COGEND)20,21, Genetic Epidemiology of COPD (COPDGene) study22, and Evaluation of COPD Longitudinally to Identify Predictive Surrogate End-points (ECLIPSE)23.	https://www.ebi.ac.uk/europepmc/webservices/rest/PMC9372058/fullTextXML	curated
COHO:0000707	owl:NamedIndividual	Early Language in Victoria Study	GCST90104462	PMID:35998220	Genome-wide analyses of individual differences in quantitatively assessed reading- and language-related skills in up to 34,000 people.	The Early Language in Victoria Study was supported by NHMRC Grant 436958.	https://www.ebi.ac.uk/europepmc/webservices/rest/PMC9436320/fullTextXML	curated
COHO:0000708	owl:NamedIndividual	German Infant Study on the Influence of Nutrition Intervention plus Air pollution and Genetics on Allergy Development	GCST90797639	PMID:42036355	Genetic determinants of childhood blood pressure and heart rate in relation to adult health outcomes: the consortium of childhood blood pressure.	GINIplus&LISA German Infant Study on the influence of Nutrition Intervention and Influence of Life-style related factors on the development of the Immune System and Allergies in East and West Germany - plus the influence of traffic emissions and genetics Prospective population-based birth cohort Munich, Germany PMID: 20082618 (GINIplus)	https://www.ebi.ac.uk/europepmc/webservices/rest/PMC13533560/supplementaryFiles	curated
COHO:0000709	owl:NamedIndividual	Gothenburg Osteoporosis and Obesity Determinants study	GCST001593	PMID:22792071	WNT16 influences bone mineral density, cortical bone thickness, bone strength, and osteoporotic fracture risk.	The Gothenburg Osteoporosis and Obesity Determinants (GOOD) study was initiated to determine both environmental and genetic factors involved in the regulation of bone and fat mass [39]	https://www.ebi.ac.uk/europepmc/webservices/rest/PMC3390364/fullTextXML	curated
COHO:0000710	owl:NamedIndividual	Genetics of Overweight Young Adults	GCST90275189	PMID:37798380	Genome-wide association study of placental weight identifies distinct and shared genetic influences between placental and fetal growth.	Genetics of Overweight Young Adults – mothers with overweight and their children (GOYA-MO-OW) GOYA is a nested study within the Danish National Birth Cohort (DNBC)	https://www.ebi.ac.uk/europepmc/webservices/rest/PMC10632150/supplementaryFiles	curated
COHO:0000711	owl:NamedIndividual	International Consortium for Blood Pressure Genome-Wide Association Studies	GCST90239828	PMID:34989438	Genome-wide pleiotropy analysis identifies novel blood pressure variants and improves its polygenic risk scores.	We report here a bidirectional Mendelian Randomization (MR) and horizontal pleiotropy analysis of S/DBP summary statistics from the UK Biobank (UKB)-International Consortium for Blood Pressure (ICBP) (UKB-ICBP) BP genome-wide association study and construct a composite genetic risk score (GRS) by including pleiotropic variants.	https://www.ebi.ac.uk/europepmc/webservices/rest/search?query=EXT_ID%3A34989438+AND+SRC%3AMED&format=json&resultType=core	curated
COHO:0000712	owl:NamedIndividual	Iowa LI cohort	GCST90104462	PMID:35998220	Genome-wide analyses of individual differences in quantitatively assessed reading- and language-related skills in up to 34,000 people.	In the Iowa study, word and nonword reading was measured with the Woodcock Reading Mastery Tests-Revisited (WRMT-R) (55) using the Word Identification and Word Attack subtests, respectively.	https://www.ebi.ac.uk/europepmc/webservices/rest/PMC9436320/supplementaryFiles	curated
COHO:0000713	owl:NamedIndividual	Korea-Registries to Overcome Dementia and Accelerate Dementia Research	GCST90837204	PMID:41804841	Genetic architecture of plasma pTau217 and related biomarkers in Alzheimer's disease via genome-wide association studies.	Genome-wide association studies (GWAS) of plasma phosphorylated tau at threonine 217 (pTau217), pTau181, neurofilament light chain (NfL), and glial fibrillary acidic protein (GFAP) were performed in 1,972 individuals from the Korea-Registries to Overcome and Accelerate Dementia Research (K-ROAD) cohort.	https://www.ebi.ac.uk/europepmc/webservices/rest/search?query=EXT_ID%3A41804841+AND+SRC%3AMED&format=json&resultType=core	curated
COHO:0000714	owl:NamedIndividual	Mayo Genome Consortia	GCST90627735	PMID:38637617	Genome-wide association analyses identify 95 risk loci and provide insights into the neurobiology of post-traumatic stress disorder.	These cohorts consisted of four US-based sites (Vanderbilt University Medical Center’s BioVu, the Mass General Brigham Biobank, Mount Sinai’s BioMe, and Mayo Clinic’s MayoGC) and six non-US sites (iPSYCH from Denmark, FinnGen, HUNT Study from Norway, STR-STAGE from Sweden, UK Biobank, and Estonia Biobank).	https://www.ncbi.nlm.nih.gov/research/bionlp/RESTful/pmcoa.cgi/BioC_xml/PMC11396662/unicode	curated
COHO:0000715	owl:NamedIndividual	Impact of Migration and Ethnicity on Diabetes in Malmö	GCST90104320	PMID:35227251	GWAS in people of Middle Eastern descent reveals a locus protective of kidney function-a cross-sectional study.	The MEDIM cohort (the impact of Migration and Ethnicity on Diabetes in Malmö) is a population-based cohort comprised of people aged 30 to 75 years, born in either Iraq or Sweden, and resident in Malmö.	https://www.ebi.ac.uk/europepmc/webservices/rest/PMC8886846/fullTextXML	curated
COHO:0000716	owl:NamedIndividual	Material and Information Resources for Inflammatory and Digestive Diseases Biobank	GCST90435154	PMID:38490347	Comprehensive Association Analyses of Extraintestinal Manifestations in Inflammatory Bowel Disease.	We assembled the largest multicohort data set to date to investigate the clinical, serologic, and genetic factors associated with EIM complications in IBD.MethodsData were available in 12,083 unrelated European ancestry IBD cases with presence or absence of EIMs (eg, ankylosing spondylitis [ankylosing spondylitis and sacroiliitis], primary sclerosing cholangitis [PSC], peripheral arthritis, and skin and ocular manifestations) across 4 cohorts (Cedars-Sinai Medical Center, National Institute for Diabetes and Digestive and Kidney Diseases IBD Genetics Consortium, Sinai Helmsley Alliance for Research Excellence Consortium, and Risk Stratification and Identification of Immunogenetic and Microbial Markers of Rapid Disease Progression in Children with Crohn's Disease cohort).	https://www.ebi.ac.uk/europepmc/webservices/rest/search?query=EXT_ID%3A38490347+AND+SRC%3AMED&format=json&resultType=core	curated
COHO:0000717	owl:NamedIndividual	Lung Cancer and Smoking Phenotypes in African American Cases and Controls	GCST90624798	PMID:40829600	Genetic analysis in African ancestry populations reveals genetic contributors to lung cancer susceptibility.	Individuals with incident lung cancer and matched control subjects were selected based on self-identified Black/African American race from the prospective Southern Community Cohort Study (SCCS),15 the NCI Lung Cancer and Smoking Phenotypes in African American Cases and Controls (NCI) study,6,9 and INHALE16 for inclusion in the planned analysis.	https://pmc.ncbi.nlm.nih.gov/articles/PMC12461003/	curated
COHO:0000718	owl:NamedIndividual	NIDDK IBD Genetics Consortium	GCST90435154	PMID:38490347	Comprehensive Association Analyses of Extraintestinal Manifestations in Inflammatory Bowel Disease.	We assembled the largest multicohort data set to date to investigate the clinical, serologic, and genetic factors associated with EIM complications in IBD.MethodsData were available in 12,083 unrelated European ancestry IBD cases with presence or absence of EIMs (eg, ankylosing spondylitis [ankylosing spondylitis and sacroiliitis], primary sclerosing cholangitis [PSC], peripheral arthritis, and skin and ocular manifestations) across 4 cohorts (Cedars-Sinai Medical Center, National Institute for Diabetes and Digestive and Kidney Diseases IBD Genetics Consortium, Sinai Helmsley Alliance for Research Excellence Consortium, and Risk Stratification and Identification of Immunogenetic and Microbial Markers of Rapid Disease Progression in Children with Crohn's Disease cohort).	https://www.ebi.ac.uk/europepmc/webservices/rest/search?query=EXT_ID%3A38490347+AND+SRC%3AMED&format=json&resultType=core	curated
COHO:0000719	owl:NamedIndividual	Oregon Health and Science University study	GCST90449045	PMID:39633006	X-chromosome-wide association study for Alzheimer's disease.	OHSU: The OHSU dataset includes 132 autopsy-confirmed Alzheimer’s disease cases and 153 deceased controls that were evaluated for dementia within 12 months prior to death (age at death > 65 years)	https://www.ebi.ac.uk/europepmc/webservices/rest/PMC12092188/supplementaryFiles	curated
COHO:0000720	owl:NamedIndividual	Phenomics and Genomics Sample	GCST90129599	PMID:36066633	Genome-wide meta-analysis for Alzheimer's disease cerebrospinal fluid biomarkers.	PAGES	https://www.ebi.ac.uk/europepmc/webservices/rest/PMC9547780/fullTextXML	curated
COHO:0000721	owl:NamedIndividual	Paediatric Asthma Gene Environment Study	GCST90132627	PMID:35754128	Multi-ancestry genome-wide association study of asthma exacerbations.	Genotyping of samples from BREATHE, PAGES, and GoSHARE was funded by AC15/00015 and conducted at the Genotyping National Centre (CeGEN) CeGen‐PRB3‐ISCIII; supported by ISCIII and European Regional Development Fund (ERDF) (PT17/0019).	https://www.ebi.ac.uk/europepmc/webservices/rest/PMC9671132/fullTextXML	curated
COHO:0000722	owl:NamedIndividual	Risk Stratification and Identification of Immunogenetic and Microbial Markers of Rapid Disease Progression in Children with Crohn's Disease	GCST90435154	PMID:38490347	Comprehensive Association Analyses of Extraintestinal Manifestations in Inflammatory Bowel Disease.	We assembled the largest multicohort data set to date to investigate the clinical, serologic, and genetic factors associated with EIM complications in IBD.MethodsData were available in 12,083 unrelated European ancestry IBD cases with presence or absence of EIMs (eg, ankylosing spondylitis [ankylosing spondylitis and sacroiliitis], primary sclerosing cholangitis [PSC], peripheral arthritis, and skin and ocular manifestations) across 4 cohorts (Cedars-Sinai Medical Center, National Institute for Diabetes and Digestive and Kidney Diseases IBD Genetics Consortium, Sinai Helmsley Alliance for Research Excellence Consortium, and Risk Stratification and Identification of Immunogenetic and Microbial Markers of Rapid Disease Progression in Children with Crohn's Disease cohort).	https://www.ebi.ac.uk/europepmc/webservices/rest/search?query=EXT_ID%3A38490347+AND+SRC%3AMED&format=json&resultType=core	curated
COHO:0000723	owl:NamedIndividual	Texas Harris Alzheimer's Research Study	GCST90704646	PMID:42237039	Consensus meta-analysis of genome-wide association studies for Alzheimer's disease and related dementias.	TARCC - Texas Alzheimer's Research and Care Consortium - The Texas Alzheimer’s Research and Care Consortium (TARCC) is funded by the state of Texas through the Texas Council on Alzheimer’s Disease and Related Disorders	https://www.ebi.ac.uk/europepmc/webservices/rest/PMC13263136/supplementaryFiles	curated
COHO:0000724	owl:NamedIndividual	Wellcome Language and Reading Project	GCST90104462	PMID:35998220	Genome-wide analyses of individual differences in quantitatively assessed reading- and language-related skills in up to 34,000 people.	The York cohort was funded by Wellcome Trust Grant 082036/B/07/Z.	https://www.ebi.ac.uk/europepmc/webservices/rest/PMC9436320/fullTextXML	curated
COHO:0000725	owl:NamedIndividual	Sinai-Helmsley Alliance for Research Excellence	GCST90435154	PMID:38490347	Comprehensive Association Analyses of Extraintestinal Manifestations in Inflammatory Bowel Disease.	We assembled the largest multicohort data set to date to investigate the clinical, serologic, and genetic factors associated with EIM complications in IBD.MethodsData were available in 12,083 unrelated European ancestry IBD cases with presence or absence of EIMs (eg, ankylosing spondylitis [ankylosing spondylitis and sacroiliitis], primary sclerosing cholangitis [PSC], peripheral arthritis, and skin and ocular manifestations) across 4 cohorts (Cedars-Sinai Medical Center, National Institute for Diabetes and Digestive and Kidney Diseases IBD Genetics Consortium, Sinai Helmsley Alliance for Research Excellence Consortium, and Risk Stratification and Identification of Immunogenetic and Microbial Markers of Rapid Disease Progression in Children with Crohn's Disease cohort).	https://www.ebi.ac.uk/europepmc/webservices/rest/search?query=EXT_ID%3A38490347+AND+SRC%3AMED&format=json&resultType=core	curated
COHO:0000726	owl:NamedIndividual	Shanghai Changfeng Study	GCST90482704	PMID:39574169	The genetic architecture of hip shape and its role in the development of hip osteoarthritis and fracture.	In this study, we aimed to conduct a GWAS meta-analysis of the top 10 HSMs, in UKB and Shanghai Changfeng (SC) cohorts, where these HSM have been derived using our novel automated point placement method [1].	https://www.ebi.ac.uk/europepmc/webservices/rest/PMC11792254/fullTextXML	curated
COHO:0000727	owl:NamedIndividual	Collaborative Genetic Study of Nicotine Dependence	GCST90162551	PMID:35953715	GAWMerge expands GWAS sample size and diversity by combining array-based genotyping and whole-genome sequencing.	Collaborative Genetic Study of Nicotine Dependence (COGEND)20,21, Genetic Epidemiology of COPD (COPDGene) study22, and Evaluation of COPD Longitudinally to Identify Predictive Surrogate End-points (ECLIPSE)23.	https://www.ebi.ac.uk/europepmc/webservices/rest/PMC9372058/fullTextXML	curated
COHO:0000728	owl:NamedIndividual	EPIDG cohort	GCST90841457	PMID:42225636	Multi-ancestry, trans-generational GWAS meta-analysis of gestational diabetes and glycaemic traits during pregnancy reveals limited evidence of pregnancy-specific genetic effects.	EPIDG Maternal - GDM, FG, 1hG, 2hG and HbA1c 2019-2023 Spain	https://www.ebi.ac.uk/europepmc/webservices/rest/PMC13226718/supplementaryFiles	curated
COHO:0000729	owl:NamedIndividual	Family Investigation of Nephropathy and Diabetes	GCST90095033	PMID:35399580	Ancestral diversity improves discovery and fine-mapping of genetic loci for anthropometric traits-The Hispanic/Latino Anthropometry Consortium.	We meta-analyzed effects across all studies using a fixed-effect inverse variance weighted meta-analysis with genomic control in METAL.32 Given the unique patterns of admixture and ancestry represented by the Brazilian or Native American samples, we conducted sensitivity analyses in stage 1 studies (i.e., comparing the inclusion and exclusion of the Baependi Heart Study, the 1982 Pelotas Birth Cohort Study, and the Family Investigation of Nephropathy and Diabetes substudy of individuals of Pima and Zuni heritage) to assess the influence of these three studies on the meta-analysis results.	https://www.ebi.ac.uk/europepmc/webservices/rest/PMC8990175/fullTextXML	curated
COHO:0000730	owl:NamedIndividual	Genetics Of Mortality In Critical Care	GCST90104030	PMID:35255492	Whole-genome sequencing reveals host factors underlying critical COVID-19.	The GenOMICC (Genetics of Mortality in Critical Care) study enables the comparison of genomes from individuals who are critically ill with those of population controls to find underlying disease mechanisms.	https://www.ebi.ac.uk/europepmc/webservices/rest/search?query=EXT_ID%3A35255492+AND+SRC%3AMED&format=json&resultType=core	curated
COHO:0000731	owl:NamedIndividual	Collaborative Oncological Gene-environment Study	GCST012467	PMID:34162658	Identification of a Locus Near ULK1 Associated With Progression-Free Survival in Ovarian Cancer.	additional OCAC patients genotyped in the COGS study (n=317 for OS, 303 for PFS)	https://www.ncbi.nlm.nih.gov/research/bionlp/RESTful/pmcoa.cgi/BioC_xml/PMC8419101/unicode	curated
COHO:0000732	owl:NamedIndividual	Kentucky Case-Control Study	GCST90504004	PMID:38749303	Genome-wide interaction study of dietary intake of fibre, fruits, and vegetables with risk of colorectal cancer.	Kentucky: We would like to acknowledge the staff at the Kentucky Cancer Registry.	https://www.ebi.ac.uk/europepmc/webservices/rest/PMC11112268/fullTextXML	curated
COHO:0000733	owl:NamedIndividual	Los Angeles Latino Eye Study	GCST90095033	PMID:35399580	Ancestral diversity improves discovery and fine-mapping of genetic loci for anthropometric traits-The Hispanic/Latino Anthropometry Consortium.	Variation in genetic admixture and population structure among Latinos: the Los Angeles Latino eye study (LALES)	https://www.ebi.ac.uk/europepmc/webservices/rest/PMC8990175/fullTextXML	curated
COHO:0000734	owl:NamedIndividual	Mexican Hypertriglyceride Study	GCST90095033	PMID:35399580	Ancestral diversity improves discovery and fine-mapping of genetic loci for anthropometric traits-The Hispanic/Latino Anthropometry Consortium.	MHS Mexican Hypertriglyceride Study Case-control Departamento de Endocrinología y Metabolismo of the Instituto Nacional de Ciencias Médicas y Nutrición, Mexico City, Mexico	https://www.ebi.ac.uk/europepmc/webservices/rest/PMC8990175/supplementaryFiles	curated
COHO:0000735	owl:NamedIndividual	San Francisco Bay Area Breast Cancer Study	GCST90095033	PMID:35399580	Ancestral diversity improves discovery and fine-mapping of genetic loci for anthropometric traits-The Hispanic/Latino Anthropometry Consortium.	The San Francisco Bay Area Breast Cancer Study (SFBCS) was supported by grants R01 CA63446 and R01 CA77305 from the National Cancer Institute	https://www.ebi.ac.uk/europepmc/webservices/rest/PMC8990175/supplementaryFiles	curated
COHO:0000736	owl:NamedIndividual	SIGMA Type 2 Diabetes Consortium	GCST90255648	PMID:37148359	The power of TOPMed imputation for the discovery of Latino-enriched rare variants associated with type 2 diabetes.	We aggregated data from six Latino cohorts with a sample size of 18,885 individuals (8150 with type 2 diabetes [cases] and 10,735 without [controls]): the Slim Initiative for Genomic Medicine in the Americas (SIGMA) [1–3]; the Mexican Biobank (MXBB) [10]; the Mass General Brigham (MGB) Biobank [11]; and the Genetic Epidemiology Research on Aging (GERA) [12] (Fig. 1 and ESM Table 1).	https://www.ebi.ac.uk/europepmc/webservices/rest/PMC10244266/fullTextXML	curated
COHO:0000737	owl:NamedIndividual	Mexico City sample 2	GCST90095033	PMID:35399580	Ancestral diversity improves discovery and fine-mapping of genetic loci for anthropometric traits-The Hispanic/Latino Anthropometry Consortium.	Mexico City 2 Mexico City sample 2 1787 Total sample 898 T2D patients 889 controls	https://www.ebi.ac.uk/europepmc/webservices/rest/PMC8990175/supplementaryFiles	curated
COHO:0000738	owl:NamedIndividual	Mexico City sample 1	GCST90095033	PMID:35399580	Ancestral diversity improves discovery and fine-mapping of genetic loci for anthropometric traits-The Hispanic/Latino Anthropometry Consortium.	Mexico City 1 Mexico City sample 1 Individuals from Mexico City who are covered by the Mexican Social Security Institute (IMSS) Case/control study focused on type 2 diabetes (T2D)	https://www.ebi.ac.uk/europepmc/webservices/rest/PMC8990175/supplementaryFiles	curated
COHO:0000739	owl:NamedIndividual	1982 Pelotas (Brazil) Birth Cohort Study	GCST90095033	PMID:35399580	Ancestral diversity improves discovery and fine-mapping of genetic loci for anthropometric traits-The Hispanic/Latino Anthropometry Consortium.	We meta-analyzed effects across all studies using a fixed-effect inverse variance weighted meta-analysis with genomic control in METAL.32 Given the unique patterns of admixture and ancestry represented by the Brazilian or Native American samples, we conducted sensitivity analyses in stage 1 studies (i.e., comparing the inclusion and exclusion of the Baependi Heart Study, the 1982 Pelotas Birth Cohort Study, and the Family Investigation of Nephropathy and Diabetes substudy of individuals of Pima and Zuni heritage) to assess the influence of these three studies on the meta-analysis results.	https://www.ebi.ac.uk/europepmc/webservices/rest/PMC8990175/fullTextXML	curated
COHO:0000740	owl:NamedIndividual	Agricultural Health Study	PMID:38381478	PMID:38381478	An Updated Evaluation of Atrazine-Cancer Incidence Associations among Pesticide Applicators in the Agricultural Health Study Cohort.	The AHS is a prospective cohort that includes 57,310 licensed pesticide applicators enrolled in Iowa or North Carolina between 1993 and 1997.	https://www.ebi.ac.uk/europepmc/webservices/rest/PMC10880817/fullTextXML	curated
COHO:0000741	owl:NamedIndividual	Agricultural Lung Health Study	GCST90244092	PMID:36914875	Multi-ancestry genome-wide association analyses improve resolution of genes and pathways influencing lung function and chronic obstructive pulmonary disease risk.	The Agricultural Lung Health Study (ALHS) is a case-control study of current asthma among farmers and their spouses nested within the prospective Agricultural Health Study (AHS data releases P3REL201209.00, PIREL201209.00 and AHSREL201304.00)	https://www.ebi.ac.uk/europepmc/webservices/rest/PMC10011137/supplementaryFiles	curated
COHO:0000742	owl:NamedIndividual	AncestryDNA Human Diversity Project	GCST90432107	PMID:39103650	Genetic risk factors for COVID-19 and influenza are largely distinct.	To understand the extent to which the same host genetic factors influence the risk of coronavirus disease 2019 (COVID-19) and influenza, we first performed a genome-wide association study (GWAS) of influenza infection based on survey data from 296,313 participants of the AncestryDNA COVID-19 study who consented to the research8.	https://www.ebi.ac.uk/europepmc/webservices/rest/PMC11319199/fullTextXML	curated
COHO:0000743	owl:NamedIndividual	All New Diabetics In Scania	GCST90026412	PMID:34737425	Genome-wide association analyses highlight etiological differences underlying newly defined subtypes of diabetes.	Individuals from the Swedish ANDIS (All New Diabetics In Scania) study were compared to individuals without diabetes;	https://www.ebi.ac.uk/europepmc/webservices/rest/search?query=EXT_ID%3A34737425+AND+SRC%3AMED&format=json&resultType=core	curated
COHO:0000744	owl:NamedIndividual	Brisbane Longitudinal Twin Study	GCST90104462	PMID:35998220	Genome-wide analyses of individual differences in quantitatively assessed reading- and language-related skills in up to 34,000 people.	The Brisbane Adolescent Twin Sample was supported by Australian Research Council Grants A7960034, A79906588, A79801419, DP0212016, and DP0343921, with genotyping funded by the NHMRC Grant 389891.	https://www.ebi.ac.uk/europepmc/webservices/rest/PMC9436320/fullTextXML	curated
COHO:0000745	owl:NamedIndividual	Coronary ARtery DIsease Genome wide Replication and Meta-analysis	GCST90103427	PMID:35126453	Shared Genetic Architecture and Causal Relationship Between Asthma and Cardiovascular Diseases: A Large-Scale Cross-Trait Analysis.	coronary artery disease (CAD) (N = 22,233), from the Coronary ARtery Disease Genome-Wide Replication And Meta-Analysis (CARDIoGRAM) (Schunkert et al., 2011)	https://www.ebi.ac.uk/europepmc/webservices/rest/PMC8811262/fullTextXML	curated
COHO:0000746	owl:NamedIndividual	Centers for AIDS Research Network of Integrated Clinical Systems	GCST90429690	PMID:37796845	Assessing the associations between known genetic variants and substance use in people with HIV in the United States.	We performed genome-wide association studies (GWAS) of alcohol, smoking, and cannabis use phenotypes in a multi-ancestry population of 7,542 PWH from the Center for AIDS Research Network of Integrated Clinical Systems (CNICS).	https://www.ebi.ac.uk/europepmc/webservices/rest/search?query=EXT_ID%3A37796845+AND+SRC%3AMED&format=json&resultType=core	curated
COHO:0000747	owl:NamedIndividual	Diabetes Control and Complications Trial/Epidemiology of Diabetes Interventions and Complications Study	GCST90662913	PMID:39556808	Genetics of C-Peptide and Age at Diagnosis in Type 1 Diabetes.	We performed a meta-GWAS of C-peptide that including four T1D studies: the Scottish Diabetes Research Network Type 1 Bioresource (SDRNT1BIO) (4,16), Diabetes Control and Complications Trial (DCCT) (17,18), Coronary Artery Calcification in T1D (CACTI) (19,20), and Wisconsin Epidemiologic Study of Diabetic Retinopathy (WESDR) (21).	https://www.ebi.ac.uk/europepmc/webservices/rest/PMC11755686/fullTextXML	curated
COHO:0000748	owl:NamedIndividual	Danish National Birth Cohort	GCST90275117	PMID:37012456	Genetic effects on the timing of parturition and links to fetal birth weight.	Access to the Danish National Birth Cohort (phs000103.v1.p1), Hyperglycemia and Adverse Pregnancy Outcome (phs000096.v4.p1) and Genomic and Proteomic Network (phs000714.v1.p1) individual-level phenotype and genetic data can be obtained through dbGaP Authorized Access portal (https://dbgap.ncbi.nlm.nih.gov/dbgap/aa/wga.cgi?page=login).	https://www.ebi.ac.uk/europepmc/webservices/rest/PMC10101852/fullTextXML	curated
COHO:0000749	owl:NamedIndividual	Environment And Genetics in Lung cancer Etiology study	GCST90239710	PMID:35138370	Genome-wide interaction analysis identified low-frequency variants with sex disparity in lung cancer risk.	The EAGLE study was supported by the intramural program of the Division of Cancer Epidemiology and Genetics, National Cancer Institute, NIH.	https://www.ebi.ac.uk/europepmc/webservices/rest/PMC9402242/fullTextXML	curated
COHO:0000750	owl:NamedIndividual	EArly Genetics and Lifecourse Epidemiology consortium	GCST90503108	PMID:40164604	Integration of GWAS, QTLs and keratinocyte functional assays reveals molecular mechanisms of atopic dermatitis.	The EArly Genetics and Lifecourse Epidemiology (EAGLE) Consortium AD meta-analysis published by Paternoster et al in ref. 12, performed fixed-effect GWAS meta-analysis on ~21,000 cases and 95,000 controls.	https://www.ebi.ac.uk/europepmc/webservices/rest/PMC11958703/fullTextXML	curated
COHO:0000751	owl:NamedIndividual	EAGLE BioVU	GCST012556	PMID:30044860	The genetic underpinnings of variation in ages at menarche and natural menopause among women from the multi-ethnic Population Architecture using Genomics and Epidemiology (PAGE) Study: A trans-ethnic meta-analysis.	All studies in this analysis obtained Institutional Review Board approval and written informed consent from all participants, with the exception of EAGLE BioVU, which obtained Institutional Review Board approval to follow an opt-out consent process, described in detail separately [36,37].	https://www.ebi.ac.uk/europepmc/webservices/rest/PMC6059436/fullTextXML	curated
COHO:0000752	owl:NamedIndividual	Elucidating Loci Involved in Prostate Cancer Susceptibility	GCST90245871	PMID:36494783	PRState: Incorporating genetic ancestry in prostate cancer risk scores for men of African ancestry.	The Elucidating Loci Involved in Prostate Cancer Susceptibility (ELLIPSE) consortium prostate cancer meta-analysis and genotypes (dbGaP Study Accession: phs001120.v1.p1) was accessed to analyze Affymetrix genotype calls for 91,644 male PrCa case/controls.	https://www.ebi.ac.uk/europepmc/webservices/rest/PMC9733391/fullTextXML	curated
COHO:0000753	owl:NamedIndividual	Helsinki 2000 Ischemic Stroke Genetics Study	GCST005838	PMID:29531354	Multiancestry genome-wide association study of 520,000 subjects identifies 32 loci associated with stroke and stroke subtypes.	Helsinki 2000 Ischemic Stroke Genetics Study was designed for investigating genetic factors underlying ischemic stroke in a Finnish population and in the long-term to be incorporated to multicenter multinational similar datasets.	https://static-content.springer.com/esm/art%3A10.1038%2Fs41588-018-0058-3/MediaObjects/41588_2018_58_MOESM1_ESM.pdf	curated
COHO:0000754	owl:NamedIndividual	GEN-COVID Multicenter Study	GCST90179107	PMID:36143338	Exome-Wide Association Study Reveals Host Genetic Variants Likely Associated with the Severity of COVID-19 in Patients of European Ancestry.	Accordingly, we conducted a case–control based association study to query an exome dataset of 1,432,135 SNPs in 2692 COVID-19 patients of European ancestry from the GEN-COVID consortium, University of Sienna, Italy.	https://www.ebi.ac.uk/europepmc/webservices/rest/PMC9504138/fullTextXML	curated
COHO:0000755	owl:NamedIndividual	Hawaii Colorectal Cancer Studies 2 and 3	GCST90267392	PMID:36576985	Genome-wide Interaction Study with Smoking for Colorectal Cancer Risk Identifies Novel Genetic Loci Related to Tumor Suppression, Inflammation, and Immune Response.	Colo2&3 Hawai’i Colorectal Cancer Studies 2&3	https://ndownloader.figshare.com/files/59870008	curated
COHO:0000756	owl:NamedIndividual	Heinz Nixdorf Recall Study	GCST90301675	PMID:25891430	Association of CLEC16A with human common variable immunodeficiency disorder and role in murine B cells.	1,500 German controls were recruited from the population-based epidemiological Heinz-Nixdorf Recall (HNR) study and genotyped at the Life and Brain Center at the University Clinic Bonn.	https://www.ebi.ac.uk/europepmc/webservices/rest/PMC4444044/fullTextXML	curated
COHO:0000757	owl:NamedIndividual	INflammation, Health, Ancestry and Lung Epidemiology study	GCST90652533	PMID:40341939	Genome-wide association study for lung cancer in 6531 African Americans reveals new susceptibility loci.	ONCO, OncoArray consortium of lung study; AA-NCI, lung cancer and smoking phenotypes in African American cases and controls; INHALE, inflammation, health, ancestry and lung epidemiology study.	https://pmc.ncbi.nlm.nih.gov/articles/PMC12407114/	curated
COHO:0000758	owl:NamedIndividual	Malmö Diet and Cancer Study–Cardiovascular Cohort	GCST90444407	PMID:38773223	The Gly82Ser polymorphism in the receptor for advanced glycation endproducts increases the risk for coronary events in the general population.	We performed a genome-wide association study to identify genetic determinants of plasma sRAGE in 4338 individuals from the cardiovascular arm of the Malmö Diet and Cancer study (MDC-CV).	https://www.ebi.ac.uk/europepmc/webservices/rest/PMC11109115/fullTextXML	curated
COHO:0000759	owl:NamedIndividual	MiaLAtinX Consortium	GCST90825977	PMID:41661118	Genomic Insights Into Inflammatory Bowel Disease in United States Hispanic Participants: An Ancestry-Focused Study.	People with IBD and non-IBD controls were recruited as part of the MiaLAtinX Consortium from Cedars-Sinai Medical Center in Los Angeles (“CS”), the University of Puerto Rico (“PR”), the University of Miami (“MIA”), and Mount Sinai Health System in New York (“NY”).	https://pmc.ncbi.nlm.nih.gov/articles/PMC13140159/	curated
COHO:0000760	owl:NamedIndividual	Northern Finland Birth Cohort 1986	GCST90797639	PMID:42036355	Genetic determinants of childhood blood pressure and heart rate in relation to adult health outcomes: the consortium of childhood blood pressure.	NFBC1986 Northern Finland Birth Cohort 1986 Provinces of Oulu and Lapland, Finland	https://www.ebi.ac.uk/europepmc/webservices/rest/PMC13533560/supplementaryFiles	curated
COHO:0000761	owl:NamedIndividual	Ragama Health Study	GCST90132186	PMID:35551307	Multi-ancestry genetic study of type 2 diabetes highlights the power of diverse populations for discovery and translation.	South Asian studies of Sri Lankan, Bangladeshi and South Indian ancestry (RHS, EPIDREAM, SINDI, GRCCDS and BPC) from those of North Indian and Pakistani ancestry; and Northern European ancestry studies from the study of Greek ancestry from Southern Europe (GOMAP).	https://www.ebi.ac.uk/europepmc/webservices/rest/PMC9179018/fullTextXML	curated
COHO:0000762	owl:NamedIndividual	Singapore Chinese Eye Study	GCST90244057	PMID:36596879	Rare variant analyses across multiethnic cohorts identify novel genes for refractive error.	Singapore Chinese Eye Study (SCES), Singapore Malay Eye Study (SiMES), Singapore Indian Eye Study (SINDI), Age Related Eye Study (AREDS), Rotterdam Study I (RSI), Erasmus Rucphen Family (ERF), Raine Eye Health Study (REHS) of the Raine Study, Beaver Dam Eye Study (BDES), Estonian Genome Center for the University of Tartu (EGCUT), Finnish Twin Study on Aging (FITSA), Ogliastra, Croatia-Korcula, TwinsUK, and EPIC-Norfolk.	https://www.ebi.ac.uk/europepmc/webservices/rest/PMC9810640/fullTextXML	curated
COHO:0000763	owl:NamedIndividual	Singapore Epidemiology of Eye Diseases Study	PMID:38025163	PMID:38025163	Six-Year Incidence of Visual Impairment in a Multiethnic Asian Population: The Singapore Epidemiology of Eye Diseases Study.	We conducted a multiethnic population-based cohort study using subjects recruited from the Singapore Epidemiology of Eye Diseases (SEED) study.	https://www.ebi.ac.uk/europepmc/webservices/rest/PMC10630666/fullTextXML	curated
COHO:0000764	owl:NamedIndividual	Singapore Indian Eye Study	GCST90244057	PMID:36596879	Rare variant analyses across multiethnic cohorts identify novel genes for refractive error.	Singapore Chinese Eye Study (SCES), Singapore Malay Eye Study (SiMES), Singapore Indian Eye Study (SINDI), Age Related Eye Study (AREDS), Rotterdam Study I (RSI), Erasmus Rucphen Family (ERF), Raine Eye Health Study (REHS) of the Raine Study, Beaver Dam Eye Study (BDES), Estonian Genome Center for the University of Tartu (EGCUT), Finnish Twin Study on Aging (FITSA), Ogliastra, Croatia-Korcula, TwinsUK, and EPIC-Norfolk.	https://www.ebi.ac.uk/europepmc/webservices/rest/PMC9810640/fullTextXML	curated
COHO:0000765	owl:NamedIndividual	TAICHI Consortium	GCST90267569	PMID:37291194	Genome-wide association study and functional characterization identifies candidate genes for insulin-stimulated glucose uptake.	Two of these studies included participants of Hispanic American ancestry (MACAD and HTN-IR; N ISI = 1095, N IFC = 1099) and 1 included participants of East Asian ancestry (TAICHI; N ISI = 730 N IFC = 739); the remaining 25 studies included individuals of European ancestry.	https://www.ebi.ac.uk/europepmc/webservices/rest/PMC7614755/fullTextXML	curated
COHO:0000766	owl:NamedIndividual	University of Southern California Hormone Replacement Therapy Colorectal Cancer Study	GCST90243993	PMID:35512400	Genome-Wide Interaction Analysis of Genetic Variants With Menopausal Hormone Therapy for Colorectal Cancer Risk.	USC_HRT_CRC = University of Southern California Hormone Replacement Therapy Colorectal Cancer Study	https://pmc.ncbi.nlm.nih.gov/articles/PMC9360460/	curated
COHO:0000767	owl:NamedIndividual	UK Dyslexia Cohort	GCST90104462	PMID:35998220	Genome-wide analyses of individual differences in quantitatively assessed reading- and language-related skills in up to 34,000 people.	UK Dyslexia was supported by Wellcome Trust Grants 076566/Z/05/Z and 075491/Z/04, Waterloo Foundation Grant 797–1720, EU Grant 018696, and Royal Society Grant UF100463.	https://www.ebi.ac.uk/europepmc/webservices/rest/PMC9436320/fullTextXML	curated
COHO:0000768	owl:NamedIndividual	African Ancestry Prostate Cancer Consortium	GCST90461907	PMID:39930085	Genome-wide association study of prostate-specific antigen levels in 392,522 men identifies new loci and improves prediction across ancestry groups.	The AAPC comprises AFR studies with prostate cancer phenotyping	https://www.ebi.ac.uk/europepmc/webservices/rest/PMC11821537/fullTextXML	curated
COHO:0000769	owl:NamedIndividual	Prevalence, Prediction and Prevention of Diabetes-Botnia Study	GCST90267567	PMID:37291194	Genome-wide association study and functional characterization identifies candidate genes for insulin-stimulated glucose uptake.	Botnia-PPP was imputed to the SISu v3 reference panel in genome build 3863 and variants were mapped to build 37 using UCSC LiftOver, after GWAS analyses64.	https://www.ebi.ac.uk/europepmc/webservices/rest/PMC7614755/fullTextXML	curated
COHO:0000770	owl:NamedIndividual	The Cleft Collective	GCST90709864	PMID:41075272	Genetic heterogeneity and homogeneity among orofacial cleft subtypes: genome-wide association studies in the cleft collective.	Children born with an orofacial cleft and their families who were registered at one of 17 cleft centres across the UK were recruited to the Cleft Collective Cohort study between November 2013 and June 2020.	https://www.ebi.ac.uk/europepmc/webservices/rest/PMC12627943/fullTextXML	curated
COHO:0000771	owl:NamedIndividual	Children's Oncology Group	GCST90245885	PMID:36580335	Association of Inherited Genetic Factors With Drug-Induced Hepatic Damage Among Children With Acute Lymphoblastic Leukemia.	This retrospective analysis of a multiethnic genome-wide association study was conducted between January 1, 2019, and April 15, 2022, including patients treated as part of Children’s Oncology Group (COG) trials with centers in the United States, Canada, and Australia, which accrued data from December 29, 2003, to January 21, 2011 (AALL0232), and from January 22, 2007, to July 24, 2014 (AALL0434).	https://www.ebi.ac.uk/europepmc/webservices/rest/PMC9857512/fullTextXML	curated
COHO:0000772	owl:NamedIndividual	Collaborative Study on the Genetics of Alcoholism	GCST90308728	PMID:37344610	Genomic risk for post-traumatic stress disorder in families densely affected with alcohol use disorders.	We examined genome-wide associations for DSM-IV PTSD among 4,978 trauma-exposed participants (31% with alcohol dependence, 50% female, 30% African ancestry) from the Collaborative Study on the Genetics of Alcoholism (COGA).	https://www.ebi.ac.uk/europepmc/webservices/rest/search?query=EXT_ID%3A37344610+AND+SRC%3AMED&format=json&resultType=core	curated
COHO:0000773	owl:NamedIndividual	Colorectal Transdisciplinary Study	GCST90502765	PMID:38408508	Genome-wide association studies and Mendelian randomization analyses provide insights into the causes of early-onset colorectal cancer.	We conducted a GWAS meta-analysis of 6176 EOCRC cases and 65 829 controls from the Genetics and Epidemiology of Colorectal Cancer Consortium (GECCO), the Colorectal Transdisciplinary Study (CORECT), the Colon Cancer Family Registry (CCFR), and the UK Biobank.	https://www.ebi.ac.uk/europepmc/webservices/rest/PMC11213623/fullTextXML	curated
COHO:0000774	owl:NamedIndividual	Genetic Associations and Mechanisms in Oncology	PMID:27598322	PMID:27598322	Association between Adult Height and Risk of Colorectal, Lung, and Prostate Cancer: Results from Meta-analyses of Prospective Studies and Mendelian Randomization Analyses.	Additionally, we carried out Mendelian randomization analyses utilizing GWAS summary statistics from the Genetic Associations and Mechanisms in Oncology (GAME-ON) and Genetic Investigation of Anthropometric Traits (GIANT) consortia studies of individuals of European descent.	https://www.ebi.ac.uk/europepmc/webservices/rest/PMC5012582/fullTextXML	curated
COHO:0000775	owl:NamedIndividual	DAHANCA cohort	GCST90244175	PMID:36191651	Meta-GWAS identifies the heritability of acute radiation-induced toxicities in head and neck cancer.	DAHANCA cohorts comprised 1,183 patients treated within The Danish Head and Neck Cancer Group (DAHANCA) protocols in Denmark for head and neck squamous cell carcinoma in the period of 2000-2011	https://ars.els-cdn.com/content/image/1-s2.0-S0167814022044863-mmc1.docx	curated
COHO:0000776	owl:NamedIndividual	DiscovEHR study	GCST90025866	PMID:34184762	Genome-wide association analysis of serum alanine and aspartate aminotransferase, and the modifying effects of BMI in 388k European individuals.	Here we report a GWAS of serum ALT and AST levels in 388k unrelated individuals of European ancestry from UKB and DiscovEHR.	https://www.ebi.ac.uk/europepmc/webservices/rest/PMC8457092/fullTextXML	curated
COHO:0000777	owl:NamedIndividual	Epidemiological Investigation of Multiple Sclerosis	GCST90454254	PMID:38630618	Genetics of immune response to Epstein-Barr virus: prospects for multiple sclerosis pathogenesis.	GEMS and EIMS are nationwide case-control studies examining the genetic and environmental risk factors for prevalent and incident MS, respectively.	https://www.ebi.ac.uk/europepmc/webservices/rest/PMC11449136/fullTextXML	curated
COHO:0000778	owl:NamedIndividual	Swedish MS registry	PMID:26046553	PMID:26046553	The Swedish MS registry – clinical support tool and scientific resource.	The Swedish MS registry (SMSreg) is designed to assure quality health care for patients with multiple sclerosis (MS).	https://www.ebi.ac.uk/europepmc/webservices/rest/search?query=EXT_ID%3A26046553+AND+SRC%3AMED&format=json&resultType=core	curated
COHO:0000779	owl:NamedIndividual	EUGENE2 study	GCST90267567	PMID:37291194	Genome-wide association study and functional characterization identifies candidate genes for insulin-stimulated glucose uptake.	Supplementary Table 1 - cohort specific information Cohort Name KORA FHS Fenland-CoreExome Fenland-GWAS Fenland-OMICS Ely LURIC METSIM LIFE-Adult Sorbs ULSAM HTN-IR MACAD TaiChi RISC ADDITION-PRO RigCoh Inter99 Health_2008 BC1936 PPP Botnia MDC Botnia_families TUEF/TULIP EUGENE2	https://www.ebi.ac.uk/europepmc/webservices/rest/PMC7614755/supplementaryFiles	curated
COHO:0000780	owl:NamedIndividual	Multi-Site Collaborative Study for Genotype-Phenotype Associations in Alzheimer's Disease	GCST90704646	PMID:42237039	Consensus meta-analysis of genome-wide association studies for Alzheimer's disease and related dementias.	Across all studies, we filtered out duplicated variants and those with (1) missing data for effect size, s.e. or P value; (2) an absolute effect size >5 and (3) imputation quality <0.3 (0.8 for the GenADA study).	https://www.ebi.ac.uk/europepmc/webservices/rest/PMC13263136/fullTextXML	curated
COHO:0000781	owl:NamedIndividual	Hospital-based Epidemiologic Research Program at Aichi Cancer Center	GCST90319889	PMID:38277453	Genetic architecture of alcohol consumption identified by a genotype-stratified GWAS and impact on esophageal cancer risk in Japanese people.	A total of 175,672 individuals were included in this GWAS meta-analysis of six Japanese cohorts, namely, the Hospital-based Epidemiologic Research Program at Aichi Cancer Center (HERPACC) Study (n = 4958)	https://www.ebi.ac.uk/europepmc/webservices/rest/PMC10816704/fullTextXML	curated
COHO:0000782	owl:NamedIndividual	Japanese Consortium of Genetic Epidemiology Studies	PMID:34897183	PMID:34897183	Public Access to Summary Statistics for Genome-wide Association Studies of Body Mass Index, Weight, and Height Among Healthy Japanese Individuals: The Japanese Consortium of Genetic Epidemiology Studies.	The J-CGE consists of data analyzed among healthy participants from the Tohoku Medical Megabank Community-Based Cohort (TMM) Study, the Japan Public Health Centre-based Prospective (JPHC) Study, the Japan Multi-Institutional Collaborative Cohort (J-MICC) Study, and the Hospital-based Epidemiologic Research Program at Aichi Cancer Center (HERPACC) Study (Table 1).	https://www.ebi.ac.uk/europepmc/webservices/rest/PMC8761561/fullTextXML	curated
COHO:0000783	owl:NamedIndividual	Japan Public Health Center-based Prospective Study	GCST90319889	PMID:38277453	Genetic architecture of alcohol consumption identified by a genotype-stratified GWAS and impact on esophageal cancer risk in Japanese people.	The J-CGE consisted of the following Japanese population-based and hospital-based studies: the HERPACC Study (25), the J-MICC Study (26, 27), the JPHC Study (28), and the TMM Study (29).	https://www.ebi.ac.uk/europepmc/webservices/rest/PMC10816704/fullTextXML	curated
COHO:0000784	owl:NamedIndividual	MEGASTROKE consortium	GCST90308666	PMID:37601974	Multi-ancestry meta-analysis identifies 5 novel loci for ischemic stroke and reveals heterogeneity of effects between sexes and ancestries.	We performed a genome-wide meta-analysis of 16 biobanks across multiple ancestries to study the genetics of ischemic stroke (60,176 cases, 1,310,725 controls) as part of the Global Biobank Meta-analysis Initiative (GBMI) and further combined the results with previously published MegaStroke.	https://www.ebi.ac.uk/europepmc/webservices/rest/search?query=EXT_ID%3A37601974+AND+SRC%3AMED&format=json&resultType=core	curated
COHO:0000785	owl:NamedIndividual	MEMENTO cohort	GCST90444478	PMID:39251807	Genome-wide association study meta-analysis of neurofilament light (NfL) levels in blood reveals novel loci related to neurodegeneration.	The current study includes 18532 participants of European and 1142 participants of African- American ancestry from 11 different cohorts of the CHARGE consortium including: the Rotterdam Study (RS-I and RS-II, N = 4119), the Rhineland Study (N = 4019), the MEMENTO cohort (N = 2195), the Framingham Heart Study (FHS, N = 2048), the BiDirect study (N = 1899), the CHS (African-American N = 273, European-American N = 1396), the ARIC (African-American N = 823, European American N = 742), the VESTA (N = 828), the ADNI (N = 578), the CARDIA (African-American N = 128, European-American N = 343) Study	https://www.ebi.ac.uk/europepmc/webservices/rest/PMC11385583/fullTextXML	curated
COHO:0000786	owl:NamedIndividual	Miami Stroke Registry	GCST005838	PMID:29531354	Multiancestry genome-wide association study of 520,000 subjects identifies 32 loci associated with stroke and stroke subtypes.	Miami Stroke Registry and Biorepository (MIAMISR) The MIAMISR at the University of Miami/Jackson Memorial Hospital (Miami, FL, U.S.A.) is an ongoing prospective hospital registry of consecutive patients subjects with prevalent stroke (ischemic and hemorrhagic) and TIA with available neuroimaging (CT or MRI) who provide informed consent.	https://static-content.springer.com/esm/art%3A10.1038%2Fs41588-018-0058-3/MediaObjects/41588_2018_58_MOESM1_ESM.pdf	curated
COHO:0000787	owl:NamedIndividual	Malmö Preventive Project	GCST90501352	PMID:41406505	A genome- and phenome-wide association study of plasma procalcitonin concentrations in individuals of European ancestry.	The two Swedish cohorts “Malmö Diet and Cancer study” (MDCS) and “Malmö Preventive Project” (MPP) have ethics approval from the Regional Ethics Committee at the University of Lund (LU 51–90, LU 244-02, and Dnr 2009/633).	https://www.ebi.ac.uk/europepmc/webservices/rest/PMC12902255/fullTextXML	curated
COHO:0000788	owl:NamedIndividual	NeuroDys cohort	GCST90104462	PMID:35998220	Genome-wide analyses of individual differences in quantitatively assessed reading- and language-related skills in up to 34,000 people.	NeuroDys was funded by an EU Sixth Framework Program grant to the NeuroDys Consortium, Swiss National Science Foundation Grant 32-108130, and Austrian Science Fund Grant 18351-B02.	https://www.ebi.ac.uk/europepmc/webservices/rest/PMC9436320/fullTextXML	curated
COHO:0000789	owl:NamedIndividual	Nutrition and Health of Aging Population in China	GCST90002231	PMID:34059833	The trans-ancestral genomic architecture of glycemic traits.	Nutrition and Health of Aging Population in China (NHAPC) 18633108; 22961080	https://www.ebi.ac.uk/europepmc/webservices/rest/PMC7610958/supplementaryFiles	curated
COHO:0000790	owl:NamedIndividual	NUgene Project	GCST90132184	PMID:35551307	Multi-ancestry genetic study of type 2 diabetes highlights the power of diverse populations for discovery and translation.	Northewestern University Genetics (NUGENE) was funded by the Northwestern University’s Center for Genetic Medicine, Northwestern University, and Northwestern Memorial Hospital. Samples and data used in this study were provided by the NUgene Project (www.nugene.org).	https://static-content.springer.com/esm/art%3A10.1038%2Fs41588-022-01058-3/MediaObjects/41588_2022_1058_MOESM1_ESM.pdf	curated
COHO:0000791	owl:NamedIndividual	RADIOGEN cohort	GCST90244175	PMID:36191651	Meta-GWAS identifies the heritability of acute radiation-induced toxicities in head and neck cancer.	RADIOGEN-HNC Cohort: One hundred and ninety-three Galician individuals (NW Spain) integrate the RADIOGEN-head and neck cohort (Study on the genomic influence in patients undergoing RT).	https://ars.els-cdn.com/content/image/1-s2.0-S0167814022044863-mmc1.docx	curated
COHO:0000792	owl:NamedIndividual	Religious Orders Study	GCST90012825	PMID:28322283	Susceptibility to neurofibrillary tangles: role of the PTPRD locus and limited pleiotropy with other neuropathologies.	The subjects consisted of participants from two longitudinal cohort studies operated out of The Rush Alzheimer’s Disease Center in Chicago, the Religious Order Study (ROS) and the Rush Memory and Aging Project (MAP).	https://www.ncbi.nlm.nih.gov/research/bionlp/RESTful/pmcoa.cgi/BioC_xml/PMC5608624/unicode	curated
COHO:0000793	owl:NamedIndividual	Study of Addiction: Genetics and Environment	PMID:35012447	PMID:35012447	Polygenic risk prediction based on singular value decomposition with applications to alcohol use disorder.	The SAGE aggregated data containing common measures from three large scale studies in the substance abuse field: the Collaborative Study on the Genetics of Alcoholism (COGA), the Family Study of Cocaine Dependence (FSCD), and the Collaborative Genetic Study of Nicotine Dependence (COGEND).	https://www.ebi.ac.uk/europepmc/webservices/rest/PMC8744290/fullTextXML	curated
COHO:0000794	owl:NamedIndividual	Study of African Americans, Asthma, Genes and Environments	GCST90095141	PMID:34834492	Role of Sex on the Genetic Susceptibility to Childhood Asthma in Latinos and African Americans.	The genetic role of sex on asthma susceptibility was assessed in the Genes-environments & Admixture in Latino Americans (GALA II) and the Study of African Americans, Asthma, Genes, and Environments (SAGE) studies [22].	https://www.ebi.ac.uk/europepmc/webservices/rest/PMC8625344/fullTextXML	curated
COHO:0000795	owl:NamedIndividual	Shanghai Breast Cancer Study	GCST90002231	PMID:34059833	The trans-ancestral genomic architecture of glycemic traits.	Shanghai Breast Cancer Study population-based, control samples	https://www.ebi.ac.uk/europepmc/webservices/rest/PMC7610958/supplementaryFiles	curated
COHO:0000796	owl:NamedIndividual	Singapore Malay Eye Study	GCST90011771	PMID:32936915	Genome-Wide Association for HbA1c in Malay Identified Deletion on SLC4A1 that Influences HbA1c Independent of Glycemia.	Genetic determinants of HbA1c can vary across populations and many of the genetic variants influencing HbA1c level were specific to populations.ObjectiveTo discover genetic variants associated with HbA1c level in nondiabetic Malay individuals.Design and participantsWe conducted a genome-wide association study (GWAS) analysis for HbA1c using 2 Malay studies, the Singapore Malay Eye Study (SiMES, N = 1721 on GWAS array) and the Living Biobank study (N = 983 on GWAS array and whole-exome sequenced).	https://www.ebi.ac.uk/europepmc/webservices/rest/search?query=EXT_ID%3A32936915+AND+SRC%3AMED&format=json&resultType=core	curated
COHO:0000797	owl:NamedIndividual	Spanish Bladder Cancer Study	GCST90011858	PMID:33517887	A multilayered post-GWAS assessment on genetic susceptibility to pancreatic cancer.	To increase statistical power, we included controls from the Spanish Bladder Cancer (SBC)/EPICURO study, carried out in the same geographical areas where PanGenEU study was conducted.	https://www.ebi.ac.uk/europepmc/webservices/rest/PMC7849104/fullTextXML	curated
COHO:0000798	owl:NamedIndividual	Shenzhen Maternal and Neonatal NIPT cohort	GCST90841456	PMID:42225636	Multi-ancestry, trans-generational GWAS meta-analysis of gestational diabetes and glycaemic traits during pregnancy reveals limited evidence of pregnancy-specific genetic effects.	The largest and most recent GDM GWASs to date include the FinnGen study (12,332 cases; 131,109 controls; European ancestry)21 and the MONN study (12,024 cases; 67,845 controls; East Asian ancestry)29, which together identified 27 loci associated with GDM.	https://www.ebi.ac.uk/europepmc/webservices/rest/PMC13226718/fullTextXML	curated
COHO:0000799	owl:NamedIndividual	Translational Genomics Research Institute series 2	GCST90449045	PMID:39633006	X-chromosome-wide association study for Alzheimer's disease.	The sex-stratified models were adjusted on PCs and/or the genotyping center only, except for two ADGC studies (PFIZER and TGEN2) and the CHARGE studies (FHS, RS and CHS), where models were additionally adjusted on age (Supplementary Table S6 and Supplementary Material).	https://www.ebi.ac.uk/europepmc/webservices/rest/PMC12092188/fullTextXML	curated
COHO:0000800	owl:NamedIndividual	Transdisciplinary Research in Cancer of the Lung	GCST90243964	PMID:35511172	Genetic Analysis of Lung Cancer and the Germline Impact on Somatic Mutation Burden.	The family history GWAS (GWAx) on 48 843 self-reported family history LC patients and 195 387 controls from the UK Biobank (Supplementary Table 1, available online) identified 5 loci (5p15.33, 6p21.32, 12p13.33, 13q13.1, and 15q25.1) that had previously been discovered from the traditional GWAS previously performed on the Transdisciplinary Research In Cancer of the Lung cohort (Supplementary Table 2 and Supplementary Figure 1, available online).	https://www.ebi.ac.uk/europepmc/webservices/rest/PMC9360465/fullTextXML	curated
COHO:0000801	owl:NamedIndividual	UK Millennium Cohort Study	GCST90709864	PMID:41075272	Genetic heterogeneity and homogeneity among orofacial cleft subtypes: genome-wide association studies in the cleft collective.	Genotyping was performed on 200 ng of DNA using the Illumina Infinium global screening array-24 v1.0 in the Millennium cohort (606 434 SNPs) and using the Illumina Infinium global screening array-24 v3.0 in the Cleft Collective (645 027 SNPs).	https://www.ebi.ac.uk/europepmc/webservices/rest/PMC12627943/fullTextXML	curated
COHO:0000802	owl:NamedIndividual	University Medical Center Groningen Head and Neck cancer Study	GCST90244175	PMID:36191651	Meta-GWAS identifies the heritability of acute radiation-induced toxicities in head and neck cancer.	University Medical Center Groningen Head and Neck cancer Study (UMCG-HANS) cohort consisted of 1,429 HNC patients treated with primary or postoperative RT either or not combined with chemotherapy (CH-RT) from 2007 to 2020 at the department of Radiation Oncology of the UMCG.	https://ars.els-cdn.com/content/image/1-s2.0-S0167814022044863-mmc1.docx	curated
COHO:0000803	owl:NamedIndividual	University of Pittsburgh Alzheimer's Disease Research Center	GCST90449045	PMID:39633006	X-chromosome-wide association study for Alzheimer's disease.	University of Pittsburgh Alzheimer’s Disease Research Center, Pittsburgh, PA USA	https://www.ebi.ac.uk/europepmc/webservices/rest/PMC12092188/fullTextXML	curated
COHO:0000804	owl:NamedIndividual	Vanderbilt Memory & Aging Project	GCST90454419	PMID:38172904	Proteo-genomics of soluble TREM2 in cerebrospinal fluid provides novel insights and identifies novel modulators for Alzheimer's disease.	The Vanderbilt Memory and Aging Project (VMAP), established in 2012, is a longitudinal study investigating vascular health and brain aging.	https://www.ebi.ac.uk/europepmc/webservices/rest/PMC10763080/fullTextXML	curated
COHO:0000805	owl:NamedIndividual	Treatment of Pulmonary Hypertension and Sickle Cell Disease with Sildenafil Therapy	GCST90897930	PMID:40025045	FLT1 and other candidate fetal haemoglobin modifying loci in sickle cell disease in African ancestries.	Cooperative Study of Sickle Cell Disease (CSSCD: n = 841), Multicenter Study of Hydroxyurea (MSH: n = 178), Pulmonary Hypertension and the Hypoxic Response in Sickle Cell Disease (PUSH) study (n = 73), Comprehensive Sickle Cell Centers Collaborative Data (C-data) project (n = 127), Treatment of Pulmonary Hypertension and Sickle Cell Disease with Sildenafil Treatment (Walk-PHaSST) trial (n = 181), Duke University Outcome Modifying Genes study (n = 152), and Silent Infarct Transfusion (SIT) trial (SITT: n = 488).	https://www.ebi.ac.uk/europepmc/webservices/rest/PMC11873275/fullTextXML	curated
COHO:0000806	owl:NamedIndividual	Wisconsin Epidemiologic Study of Diabetic Retinopathy	GCST90662913	PMID:39556808	Genetics of C-Peptide and Age at Diagnosis in Type 1 Diabetes.	We performed a meta-GWAS of C-peptide that including four T1D studies: the Scottish Diabetes Research Network Type 1 Bioresource (SDRNT1BIO) (4,16), Diabetes Control and Complications Trial (DCCT) (17,18), Coronary Artery Calcification in T1D (CACTI) (19,20), and Wisconsin Epidemiologic Study of Diabetic Retinopathy (WESDR) (21).	https://www.ebi.ac.uk/europepmc/webservices/rest/PMC11755686/fullTextXML	curated
COHO:0000807	owl:NamedIndividual	Washington Heights-Inwood Columbia Aging Project	GCST90448709	PMID:38038215	Chromosome 10q24.32 Variants Associate With Brain Arterial Diameters in Diverse Populations: A Genome-Wide Association Study.	The WHICAP (Washington Heights–Inwood Columbia Aging Project) study is a prospective, population‐based study of aging and dementia.	https://www.ebi.ac.uk/europepmc/webservices/rest/PMC10727334/fullTextXML	curated
COHO:0000808	owl:NamedIndividual	Han Chinese in Beijing, China	GCST90011781	PMID:33575800	Genetically regulated expression underlies cellular sensitivity to chemotherapy in diverse populations.	The LCLs were derived from individuals from the Yoruba population in Ibadan, Nigeria (YRI), individuals with European ancestries from Utah, USA (CEU) and individuals from a combined population of Han Chinese from Beijing, China, and Japanese from Tokyo, Japan (ASN).	https://pmc.ncbi.nlm.nih.gov/articles/PMC8248963/	curated
COHO:0000809	owl:NamedIndividual	Japanese in Tokyo, Japan	GCST90011781	PMID:33575800	Genetically regulated expression underlies cellular sensitivity to chemotherapy in diverse populations.	The LCLs were derived from individuals from the Yoruba population in Ibadan, Nigeria (YRI), individuals with European ancestries from Utah, USA (CEU) and individuals from a combined population of Han Chinese from Beijing, China, and Japanese from Tokyo, Japan (ASN).	https://pmc.ncbi.nlm.nih.gov/articles/PMC8248963/	curated
COHO:0000810	owl:NamedIndividual	Rush Memory and Aging Project	GCST90012825	PMID:28322283	Susceptibility to neurofibrillary tangles: role of the PTPRD locus and limited pleiotropy with other neuropathologies.	The subjects consisted of participants from two longitudinal cohort studies operated out of The Rush Alzheimer’s Disease Center in Chicago, the Religious Order Study (ROS) and the Rush Memory and Aging Project (MAP).	https://www.ncbi.nlm.nih.gov/research/bionlp/RESTful/pmcoa.cgi/BioC_xml/PMC5608624/unicode	curated
COHO:0000811	owl:NamedIndividual	Social Science Genetic Association Consortium	GCST90566696	PMID:40360725	Deciphering the influence of socioeconomic status on brain structure: insights from Mendelian randomization.	Data provided by the Social Science Genetic Association Consortium (SSGAC) was used to add power to the gSES as well acting as a replication sample for educational attainment and household income and for use in Multivariable Mendelian Randomisation (MVMR).	https://www.ebi.ac.uk/europepmc/webservices/rest/PMC12436186/fullTextXML	curated
COHO:0000812	owl:NamedIndividual	Three-City Study	GCST90026612	PMID:34654805	Genetic investigation of fibromuscular dysplasia identifies risk loci and shared genetics with common cardiovascular diseases.	The Three-City Study (3C Study) is a population-based longitudinal study of the relation between vascular diseases and dementia in persons aged 65 years and older51.	https://www.ebi.ac.uk/europepmc/webservices/rest/PMC8521585/fullTextXML	curated
COHO:0000813	owl:NamedIndividual	Association STudy Evaluating RISK for sporadic colorectal cancer	GCST90504004	PMID:38749303	Genome-wide interaction study of dietary intake of fibre, fruits, and vegetables with risk of colorectal cancer.	ASTERISK: We are very grateful to those without whom this project would not have existed.	https://www.ebi.ac.uk/europepmc/webservices/rest/PMC11112268/fullTextXML	curated
COHO:0000814	owl:NamedIndividual	Aston Dyslexia Cohort	GCST90104462	PMID:35998220	Genome-wide analyses of individual differences in quantitatively assessed reading- and language-related skills in up to 34,000 people.	The Aston Cohort was supported by funding from European Union (EU) Horizon 2020 Programme 641652 and Waterloo Foundation Grant 797/17290.	https://www.ebi.ac.uk/europepmc/webservices/rest/PMC9436320/fullTextXML	curated
COHO:0000815	owl:NamedIndividual	Brescia Bladder Cancer Study	GCST90296729	PMID:37210288	Genome-wide Association Study of Bladder Cancer Reveals New Biological and Translational Insights.	Brescia Bladder Cancer Study (BBCS)	https://ars.els-cdn.com/content/image/1-s2.0-S030228382302780X-mmc3.xlsx	curated
COHO:0000816	owl:NamedIndividual	Beijing Eye Study	GCST90132185	PMID:35551307	Multi-ancestry genetic study of type 2 diabetes highlights the power of diverse populations for discovery and translation.	BES Beijing Eye Study	https://media.springernature.com/original/springer-static/esm/art%3A10.1038%2Fs41588-022-01058-3/MediaObjects/41588_2022_1058_MOESM3_ESM.xlsx	curated
COHO:0000817	owl:NamedIndividual	Biomarkers of Cognitive Decline Among Normal Individuals	GCST90624144	PMID:40111762	Novel modelling approaches to elucidate the genetic architecture of resilience to Alzheimer's disease.	Data from participants were sourced from an array of cohort studies, including the Adult Changes in Thought (ACT) Study, the Alzheimer’s Disease Neuroimaging Initiative (ADNI), Biomarkers for Older Controls at Risk for Dementia (BIOCARD), the Baltimore Longitudinal Study of Aging (BLSA), the National Alzheimer’s Coordinating Center (NACC), the Religious Orders Study (ROS), the Rush Memory and Aging Project (MAP), the Minority Aging Research Study (MARS), the Washington University Memory & Aging Project (WASHU) and the Wisconsin Registry for Alzheimer’s Prevention (WRAP).	https://www.ncbi.nlm.nih.gov/research/bionlp/RESTful/pmcoa.cgi/BioC_xml/PMC12295682/unicode	curated
COHO:0000818	owl:NamedIndividual	French Prostate Cancer Case-Control Study	PMID:22271044	PMID:22271044	Y chromosome haplogroups and prostate cancer in populations of European and Ashkenazi Jewish ancestry.	The case–control study was the French Prostate Case–Control Study (CeRePP, Centre de Recherche pour les Pathologies Prostatiques, from France) (Valeri et al. 2003).	https://www.ebi.ac.uk/europepmc/webservices/rest/PMC3374121/fullTextXML	curated
COHO:0000819	owl:NamedIndividual	Copenhagen Prospective Studies on Asthma in Childhood 2010	GCST90797639	PMID:42036355	Genetic determinants of childhood blood pressure and heart rate in relation to adult health outcomes: the consortium of childhood blood pressure.	COPSAC 2010 Copenhagen Prospective Studies on Asthma in Childhood 2010	https://www.ebi.ac.uk/europepmc/webservices/rest/PMC13533560/supplementaryFiles	curated
COHO:0000820	owl:NamedIndividual	Cohort of Swedish Men	GCST90504004	PMID:38749303	Genome-wide interaction study of dietary intake of fibre, fruits, and vegetables with risk of colorectal cancer.	Swedish Mammography Cohort and Cohort of Swedish Men:	https://www.ebi.ac.uk/europepmc/webservices/rest/PMC11112268/fullTextXML	curated
COHO:0000821	owl:NamedIndividual	Czech Republic Colorectal Cancer Study	GCST90267392	PMID:36576985	Genome-wide Interaction Study with Smoking for Colorectal Cancer Risk Identifies Novel Genetic Loci Related to Tumor Suppression, Inflammation, and Immune Response.	Czech Republic CCS	https://ndownloader.figshare.com/files/59870008	curated
COHO:0000822	owl:NamedIndividual	Etude des Déterminants/Interaction de la Thrombose veineuse	GCST90572747	PMID:40811855	Molecular determinants of thrombosis recurrence risk across venous thromboembolism subtypes.	The recurrent VT GWAS meta-analysis included eight studies with confirmed unrelated VT cases of European ancestry free of cancer history: EDITH, FHS, HVH (HVH1 and HVH23), MARTHA, MEGA, PADIS-PE and REVERSE-I (Supplementary Material).	https://www.medrxiv.org/content/early/2024/12/03/2024.12.02.24317788.source.xml	curated
COHO:0000823	owl:NamedIndividual	Johannesburg Cancer Study	GCST90551892	PMID:40229280	Genome-wide association study identifies common variants associated with breast cancer in South African Black women.	The JCS samples formed part of a larger study, Evolving Risk Factors for Cancer in African Populations (ERICA-SA)	https://www.ebi.ac.uk/europepmc/webservices/rest/PMC11997036/fullTextXML	curated
COHO:0000824	owl:NamedIndividual	French Bladder Cancer Study	GCST90296729	PMID:37210288	Genome-wide Association Study of Bladder Cancer Reveals New Biological and Translational Insights.	French Bladder Cancer Study (FBCS)	https://ars.els-cdn.com/content/image/1-s2.0-S030228382302780X-mmc3.xlsx	curated
COHO:0000825	owl:NamedIndividual	NCI Familial Testicular Cancer Study	GCST90296729	PMID:37210288	Genome-wide Association Study of Bladder Cancer Reveals New Biological and Translational Insights.	Familial Testicular Cancer Study (FTC)	https://ars.els-cdn.com/content/image/1-s2.0-S030228382302780X-mmc3.xlsx	curated
COHO:0000826	owl:NamedIndividual	GEnetic Factors for OSteoporosis Consortium	GCST90269797	PMID:36778599	Candidate loci shared among periodontal disease, diabetes and bone density.	T2D from the DIAGRAM consortium (Neff=228825), and BMD from the GEFOS consortium (N=426824).	https://www.ebi.ac.uk/europepmc/webservices/rest/search?query=EXT_ID%3A36778599+AND+SRC%3AMED&format=json&resultType=core	curated
COHO:0000827	owl:NamedIndividual	Human Early Life Exposome	GCST90302935	PMID:38136945	Genome-Wide Association Study of Blood Mercury in European Pregnant Women and Children.	HELIX comprises subcohorts of mother–child pairs from six European birth cohorts [73,74].	https://www.ebi.ac.uk/europepmc/webservices/rest/PMC10742428/fullTextXML	curated
COHO:0000828	owl:NamedIndividual	Helix Exome+ and Healthy Nevada Project COVID-19 Phenotypes	GCST90454540	PMID:40399555	Genome-wide association study of long COVID.	Genetics of Long COVID (GOLD), Helix Exome+ and Healthy Nevada Project COVID-19 Phenotypes (Helix), MexGen-COVID Initiative, COVID-19 Ioannina Biobank (Ioannina)	https://www.ebi.ac.uk/europepmc/webservices/rest/PMC12165857/fullTextXML	curated
COHO:0000829	owl:NamedIndividual	International Network Against Venous Thrombosis Consortium	GCST90129535	PMID:35285134	Multi-phenotype analyses of hemostatic traits with cardiovascular events reveal novel genetic associations.	Appendix B contains a list of investigators from the INVENT consortium that contributed to the VTE summary data.	https://www.ebi.ac.uk/europepmc/webservices/rest/PMC9314075/fullTextXML	curated
COHO:0000830	owl:NamedIndividual	Los Angeles Bladder Cancer Study	GCST90296729	PMID:37210288	Genome-wide Association Study of Bladder Cancer Reveals New Biological and Translational Insights.	Los Angeles Bladder Cancer Study (LABCS)	https://ars.els-cdn.com/content/image/1-s2.0-S030228382302780X-mmc3.xlsx	curated
COHO:0000831	owl:NamedIndividual	Influence of Life-style factors on Development of the Immune System and Allergies in East and West Germany plus Air Pollution and Genetics on Allergy Development	GCST90054778	PMID:35378236	Genome-wide Association Meta-analysis of Childhood and Adolescent Internalizing Symptoms.	LISA The influence of Life-style factors on the development of the Immune System and Allergies in East and West Germany PLUS the influence of traffic emissions and genetics (LISAplus) Study is a population based birth cohort study.	https://ars.els-cdn.com/content/image/1-s2.0-S0890856722001794-mmc2.docx	curated
COHO:0000832	owl:NamedIndividual	Mayo Clinic Venous Thromboembolism Study	GCST90128530	PMID:35414113	Genome-wide and transcriptome-wide association studies of mammographic density phenotypes reveal novel loci.	The Mayo Venous Thromboembolism Study (Mayo VTE) is a case-control study of venous thromboembolism (VTE) conducted at the Mayo Clinic (Rochester, MN)).	https://www.ebi.ac.uk/europepmc/webservices/rest/PMC9006574/supplementaryFiles	curated
COHO:0000833	owl:NamedIndividual	Multicase-Control Study in Spain	GCST90994116	PMID:41544563	Genome-wide interaction analysis of long-term trihalomethane exposure in drinking water and colorectal cancer risk in a Spanish Multicenter Case-Control Study (MCC-Spain).	Genome-wide interaction analysis of long-term trihalomethane exposure in drinking water and colorectal cancer risk in a Spanish Multicenter Case-Control Study (MCC-Spain).	https://www.ebi.ac.uk/europepmc/webservices/rest/search?query=EXT_ID%3A41544563+AND+SRC%3AMED&format=json&resultType=core	curated
COHO:0000834	owl:NamedIndividual	Microisolates in South Tyrol Study	GCST90102623	PMID:27329260	Genomewide meta-analysis identifies loci associated with IGF-I and IGFBP-3 levels with impact on age-related traits.	MICROS 1 1189 - 0 - 47 46 149.0 (84) NA Italy Pattaro el al (2007), BMC Med Gen 5, 8-29	https://www.ebi.ac.uk/europepmc/webservices/rest/PMC5013013/supplementaryFiles	curated
COHO:0000835	owl:NamedIndividual	MrOS Sweden	GCST90102623	PMID:27329260	Genomewide meta-analysis identifies loci associated with IGF-I and IGFBP-3 levels with impact on age-related traits.	MrOS Sweden 1 941 - 0 - 100 75 113.1 (85.2, 145.8) NA Sweden [PMID: 16598372] Mellström et al. 2006 J Bone Miner Res 21, 529-535.	https://www.ebi.ac.uk/europepmc/webservices/rest/PMC5013013/supplementaryFiles	curated
COHO:0000836	owl:NamedIndividual	New England Bladder Cancer Study	GCST90296729	PMID:37210288	Genome-wide Association Study of Bladder Cancer Reveals New Biological and Translational Insights.	Formalin-fixed, paraffin-embedded tumor tissue blocks from the New England Bladder Cancer Study (NEBCS), the Spanish Bladder Cancer EPICURO Study (SBCS), and the UROMOL consortium were used to determine FGFR3 somatic mutations (Supplementary material).	https://www.ncbi.nlm.nih.gov/research/bionlp/RESTful/pmcoa.cgi/BioC_xml/PMC10330197/unicode	curated
COHO:0000837	owl:NamedIndividual	NINDS Parkinson's Disease dataset	GCST90104085	PMID:33583074	Common X-Chromosome Variants Are Associated with Parkinson Disease Risk.	PD data also included the NINDS Parkinson’s Disease dataset provided through dbGaP accession phs001172.	https://pmc.ncbi.nlm.nih.gov/articles/PMC8601399/	curated
COHO:0000838	owl:NamedIndividual	NPDPSC pathology-confirmed rpAD	GCST90472755	PMID:38184787	Genome-wide association studies identify novel loci in rapidly progressive Alzheimer's disease.	By analyzing data from the National Prion Disease Pathology Surveillance Center (NPDPSC) and the National Alzheimer's Coordinating Center (NACC), we constructed two data sets of rpAD cases based on either pathological findings or cognitive measurements.	https://www.ebi.ac.uk/europepmc/webservices/rest/PMC10984493/fullTextXML	curated
COHO:0000839	owl:NamedIndividual	Outcome Modifying Genes in Sickle Cell Disease	GCST90897930	PMID:40025045	FLT1 and other candidate fetal haemoglobin modifying loci in sickle cell disease in African ancestries.	Cooperative Study of Sickle Cell Disease (CSSCD: n = 841), Multicenter Study of Hydroxyurea (MSH: n = 178), Pulmonary Hypertension and the Hypoxic Response in Sickle Cell Disease (PUSH) study (n = 73), Comprehensive Sickle Cell Centers Collaborative Data (C-data) project (n = 127), Treatment of Pulmonary Hypertension and Sickle Cell Disease with Sildenafil Treatment (Walk-PHaSST) trial (n = 181), Duke University Outcome Modifying Genes study (n = 152), and Silent Infarct Transfusion (SIT) trial (SITT: n = 488).	https://www.ebi.ac.uk/europepmc/webservices/rest/PMC11873275/fullTextXML	curated
COHO:0000840	owl:NamedIndividual	Oxford Parkinson's Disease Centre Discovery Cohort	GCST90428054	PMID:37652906	Genetic meta-analysis of levodopa induced dyskinesia in Parkinson's disease.	We then validated the proposed SNP set on the OPDC cohort by measuring the ability to distinguish LiD PD patients.	https://www.ebi.ac.uk/europepmc/webservices/rest/PMC10471743/fullTextXML	curated
COHO:0000841	owl:NamedIndividual	Australian Alcohol and Nicotine Studies	GCST009965	PMID:32157176	Genome-wide association meta-analysis of nicotine metabolism and cigarette consumption measures in smokers of European descent.	Cohort 5: OZALC-NAG (Australia) The Australian samples were women and men (aged between 20–90 years) ascertained through more than 12,000 families with information about history of cigarette smoking	https://media.springernature.com/original/springer-static/esm/art%3A10.1038%2Fs41380-020-0702-z/MediaObjects/41380_2020_702_MOESM1_ESM.pdf	curated
COHO:0000842	owl:NamedIndividual	Parkinson's Disease Biomarkers Program	GCST90321081	PMID:37560120	Genome-wide Analysis of Motor Progression in Parkinson Disease.	Clinical data and biosamples used in preparation of this article were obtained from the Parkinson's Progression Markers Initiative (PPMI) and the Parkinson's Disease Biomarkers Program (PDBP).	https://www.ebi.ac.uk/europepmc/webservices/rest/PMC10409573/fullTextXML	curated
COHO:0000843	owl:NamedIndividual	Pakistan Genomic Resource	GCST90432122	PMID:39271666	NOTCH3 p.Arg1231Cys is markedly enriched in South Asians and associated with stroke.	This study focused on two distinct cohorts, including 75 K individuals from the Pakistan Genomic Resource (PGR) and 380 K individuals (n = 380,537) from the United Kingdom Biobank (UKB) The PGR 75 K individuals were recruited and consented in Pakistan for whole exome sequencing (WES) (n = 75,819), including a stroke case:control discovery cohort of 31 K (n = 31,737; n = 5135 cases and n = 26,602 controls) sequenced by the Regeneron Genetics Center and a follow-up cohort of 44 K (n = 44,082), including 30 K with self-report stroke case:control status used for replication and meta-analysis (n = 30,399; n = 160 cases and n = 30,239 controls).	https://www.ebi.ac.uk/europepmc/webservices/rest/PMC11399414/fullTextXML	curated
COHO:0000844	owl:NamedIndividual	Pharmacogenetics of Nicotine Addiction Treatment	GCST009965	PMID:32157176	Genome-wide association meta-analysis of nicotine metabolism and cigarette consumption measures in smokers of European descent.	In support of this, a secondary analysis in PNAT2 showed no apparent impact of the rs56113850 T allele on increasing (COT+3HC)/CPD (Figure S13).	https://www.ebi.ac.uk/europepmc/webservices/rest/PMC7483250/fullTextXML	curated
COHO:0000845	owl:NamedIndividual	Riesgo de Enfermedad TROmboembólica VEnosa	GCST90446466	PMID:39424413	Genome-Wide Search for Nonadditive Allele Effects Identifies <i>PSKH2</i> as Involved in the Variability of Factor V Activity.	QUICKTEST was applied to 4 independent genome-wide association studies studies (LURIC [Ludwigshafen RIsk and Cardiovascular Health Study], MARTHA [Marseille Thrombosis Association], MEGA [Multiple Environmental and Genetic Assessment], and RETROVE [Riesgo de Enfermedad Tromboembolica Venosa]) totaling 4505 participants of European ancestry with measured FV plasma levels.	https://www.ebi.ac.uk/europepmc/webservices/rest/search?query=EXT_ID%3A39424413+AND+SRC%3AMED&format=json&resultType=core	curated
COHO:0000846	owl:NamedIndividual	Recurrent Venous Thromboembolism Risk Stratification Evaluation	GCST90572747	PMID:40811855	Molecular determinants of thrombosis recurrence risk across venous thromboembolism subtypes.	The recurrent VT GWAS meta-analysis included eight studies with confirmed unrelated VT cases of European ancestry free of cancer history: EDITH, FHS, HVH (HVH1 and HVH23), MARTHA, MEGA, PADIS-PE and REVERSE-I (Supplementary Material).	https://www.medrxiv.org/content/early/2024/12/03/2024.12.02.24317788.source.xml	curated
COHO:0000847	owl:NamedIndividual	Suivi Temporaire Annuel Non-Invasif de la Santé des Lorrains Assurés Sociaux	GCST90131442	PMID:35470676	Weak Association Between Genetic Markers of Hyperuricemia and Cardiorenal Outcomes: Insights From the STANISLAS Study Cohort With a 20-Year Follow-Up.	Methods and Results The STANISLAS (Suivi Temporaire Annuel Non-Invasif de la Santé des Lorrains Assurés Sociaux) study cohort is a single-center longitudinal cohort recruited between 1993 and 1995 (visit 1), with a last visit (visit 4 [V4]) performed ≈20 years apart.	https://www.ebi.ac.uk/europepmc/webservices/rest/search?query=EXT_ID%3A35470676+AND+SRC%3AMED&format=json&resultType=core	curated
COHO:0000848	owl:NamedIndividual	Strong Heart Study	GCST90909152	PMID:40072435	Polygenic Scores of Cardiometabolic Risk Factors in American Indian Adults.	The Strong Heart Study (SHS) is a large American Indian cohort recruited from 1989 to 1991, with ongoing follow-up (phase VII).	https://www.ebi.ac.uk/europepmc/webservices/rest/search?query=EXT_ID%3A40072435+AND+SRC%3AMED&format=json&resultType=core	curated
COHO:0000849	owl:NamedIndividual	South London Ethnicity and Stroke Study	GCST90188370	PMID:36240095	Contribution of Common Genetic Variants to Risk of Early-Onset Ischemic Stroke.	The South London Ethnicity and Stroke Study (SLESS) is a prospective study begun in 1999 that has recruited consecutive black patients with stroke from a contiguous catchment area covered by 3 hospitals in South London	https://cdn-links.lww.com/permalink/wnl/c/wnl_2022_08_08_mitchell_1_sdc1.pdf	curated
COHO:0000850	owl:NamedIndividual	SLI Consortium cohort	GCST90104462	PMID:35998220	Genome-wide analyses of individual differences in quantitatively assessed reading- and language-related skills in up to 34,000 people.	The SLI Consortium was funded by Wellcome Trust Grant 076566 and UK Medical Research Council Grant G1000569.	https://www.ebi.ac.uk/europepmc/webservices/rest/PMC9436320/fullTextXML	curated
COHO:0000851	owl:NamedIndividual	US Servicemen's Testicular Tumor Environmental and Endocrine Determinants Study	GCST90296729	PMID:37210288	Genome-wide Association Study of Bladder Cancer Reveals New Biological and Translational Insights.	The US Servicemen's Testicular Tumor Environmental and Endocrine Determinants Study (STEED)	https://ars.els-cdn.com/content/image/1-s2.0-S030228382302780X-mmc3.xlsx	curated
COHO:0000852	owl:NamedIndividual	Tromsø Study	GCST90094399	PMID:34339498	Elevated plasma concentration of complement factor C5 is associated with risk of future venous thromboembolism.	We wanted to investigate (1) whether plasma complement component C5 (C5) levels are influenced by genetic variants or chronic inflammation and (2) the association between plasma C5 and risk of future VTE in a nested case-control study of 415 patients with VTE and 848 age- and sex-matched controls derived from the Tromsø Study.	https://www.ebi.ac.uk/europepmc/webservices/rest/search?query=EXT_ID%3A34339498+AND+SRC%3AMED&format=json&resultType=core	curated
COHO:0000853	owl:NamedIndividual	Texas Bladder Cancer Study	GCST90296729	PMID:37210288	Genome-wide Association Study of Bladder Cancer Reveals New Biological and Translational Insights.	Texas GWAS (Texas Bladder Cancer Study 1, TXBCS1)	https://ars.els-cdn.com/content/image/1-s2.0-S030228382302780X-mmc3.xlsx	curated
COHO:0000854	owl:NamedIndividual	Asia Breast Cancer Consortium	GCST90429846	PMID:39753771	Refining breast cancer genetic risk and biology through multi-ancestry fine-mapping analyses of 192 risk regions.	Asia Breast Cancer Consortium (ABCC) Studies conducted among Asian women include (Principal Investigator, grant support): the Shanghai Breast Cancer Study (W.Z. and X.-O.S., R01CA064277)	https://static-content.springer.com/esm/art%3A10.1038%2Fs41588-024-02031-y/MediaObjects/41588_2024_2031_MOESM1_ESM.pdf	curated
COHO:0000855	owl:NamedIndividual	Atrial Fibrillation Genetics Consortium	GCST90624411	PMID:40645996	Cross-population GWAS and proteomics improve risk prediction and reveal mechanisms in atrial fibrillation.	Eight studies (the Nord-Trøndelag Health Study [HUNT], deCODE, DiscoverEHR, Michigan Genomics Initiative [MGI], AFGen consortium4, FinnGen R12, Swedish Infrastructure for Medical Population-Based Life-Course and Environmental Research [SIMPLER, https://www.simpler4health.se/], and Million Veteran Program[MVP]) contributed to the discovery analysis for the European GWAS, comprising 192,851 atrial fibrillation (AF) cases and 1,239,541 controls6,41,42.	https://www.ebi.ac.uk/europepmc/webservices/rest/PMC12254421/fullTextXML	curated
COHO:0000856	owl:NamedIndividual	ASPirin in Reducing Events in the Elderly	GCST90448086	PMID:37929782	Genome-Wide Association Study of Cardiovascular Resilience Identifies Protective Variation in the CETP Gene.	Our discovery genome-wide association study of N=12 031 ASCVD event-free individuals from the ASPREE (Aspirin in Reducing Events in the Elderly) trial identified 2 independent variants, rs9939224 (P-8) and rs56156922 (P-6), in the CETP (cholesteryl ester transfer protein) gene.	https://www.ebi.ac.uk/europepmc/webservices/rest/search?query=EXT_ID%3A37929782+AND+SRC%3AMED&format=json&resultType=core	curated
COHO:0000857	owl:NamedIndividual	Austrian Stroke Prevention Study	GCST90239648	PMID:34791242	Genetic architecture of orbital telorism.	In short, we included 34 130 participants from four population-based studies, namely the UK Biobank (20) (N = 28 919), the Austrian Stroke Prevention Study (ASPS) (N = 183), the ASPS Family Study (ASPS-Fam) (21,22) (N = 302) and the Rotterdam Study (23,24) (N = 4726).	https://www.ebi.ac.uk/europepmc/webservices/rest/PMC9071440/fullTextXML	curated
COHO:0000858	owl:NamedIndividual	Austrian Stroke Prevention Family Study	GCST90271745	PMID:36970523	Evidence of polygenic regulation of the physiological presence of neurofilament light chain in human serum.	The Austrian Stroke Prevention Family Study (ASPS-Fam) cohort represents an extension of the prospective, population-based ASPS (Austrian Stroke Prevention Study) on the effects of vascular risk factors in normal aging.	https://www.ebi.ac.uk/europepmc/webservices/rest/PMC10030935/fullTextXML	curated
COHO:0000859	owl:NamedIndividual	B-Vitamins for the PRevention Of Osteoporotic Fractures	GCST90007526	PMID:33510174	Genome-wide meta-analysis of muscle weakness identifies 15 susceptibility loci in older men and women.	B-Vitamins for the PRevention Of Osteoporotic Fractures (BPROOF) study The B-PROOF study is a randomized, placebo-controlled, double-blind trial that studied the effect of vitamin B12 and folic acid supplementation on osteoporotic fractures in 2,919 people of 65 years or over	https://www.ebi.ac.uk/europepmc/webservices/rest/PMC7844411/supplementaryFiles	curated
COHO:0000860	owl:NamedIndividual	Canadian Partnership for Tomorrow's Health	GCST90565484	PMID:41558814	Genetic dissection of stool frequency implicates vitamin B1 metabolism and other actionable pathways in the modulation of gut motility.	Canadian Partnership for Tomorrow’s Health, China Kadoorie Biobank, Lifelines and UK Biobank.	https://www.ebi.ac.uk/europepmc/webservices/rest/PMC13479210/fullTextXML	curated
COHO:0000861	owl:NamedIndividual	DeCOI cohort	GCST90435134	PMID:39715278	Systematic assessment of COVID-19 host genetics using whole genome sequencing data.	Following quality control (see Methods), the DeCOI cohort comprised 1,220 individuals from across the entire phenotypic spectrum of SARS-CoV-2 infections (Figs 1A–1C and S1).	https://www.ebi.ac.uk/europepmc/webservices/rest/PMC11706450/fullTextXML	curated
COHO:0000862	owl:NamedIndividual	EU-RLS-GENE consortium	GCST90399568	PMID:38839884	Genome-wide meta-analyses of restless legs syndrome yield insights into genetic architecture, disease biology and risk prediction.	The first GWAS (EU-RLS-GENE) was conducted in affected individuals recruited by expert clinicians of the International EU-RLS-GENE consortium and ancestry-matched controls.	https://www.ebi.ac.uk/europepmc/webservices/rest/PMC11176086/fullTextXML	curated
COHO:0000863	owl:NamedIndividual	Familial Influences on Literacy Abilities	GCST90104462	PMID:35998220	Genome-wide analyses of individual differences in quantitatively assessed reading- and language-related skills in up to 34,000 people.	The Familial Influences on Literacy Abilities cohort is supported by the University of Amsterdam, the Max Planck Institue Nijmegen, and NWO Grants Rubicon 446-12-005 and VENI 451-15-017.	https://www.ebi.ac.uk/europepmc/webservices/rest/PMC9436320/fullTextXML	curated
COHO:0000864	owl:NamedIndividual	Female Lung Cancer Consortium in Asia	GCST90297562	PMID:37236969	Genome-wide association study of lung adenocarcinoma in East Asia and comparison with a European population.	In the current study, we conducted a two-stage GWAS meta-analysis in EA populations using unpublished and previously published data from four studies: the Female Lung Cancer Consortium in Asia (FLCCA), Nanjing Lung Cancer Study (NJLCS)10,24, National Cancer Center Research Institute (NCC) and Aichi Cancer Center (ACC), with 11,753 cases and 30,562 controls in the discovery set and 9905 cases and 120,114 controls in the replication set.	https://www.ebi.ac.uk/europepmc/webservices/rest/PMC10220065/fullTextXML	curated
COHO:0000865	owl:NamedIndividual	GlobalGout Genetics Consortium	GCST90428600	PMID:39406924	A genome-wide association analysis reveals new pathogenic pathways in gout.	GlobalGout Genetics Consortium	https://www.nature.com/articles/s41588-024-01921-5	curated
COHO:0000866	owl:NamedIndividual	Growing Up in Singapore Towards healthy Outcomes	GCST90841456	PMID:42225636	Multi-ancestry, trans-generational GWAS meta-analysis of gestational diabetes and glycaemic traits during pregnancy reveals limited evidence of pregnancy-specific genetic effects.	GUSTO Growing Up in Singapore Towards Healthy Outcomes	https://www.ebi.ac.uk/europepmc/webservices/rest/PMC13226718/supplementaryFiles	curated
COHO:0000867	owl:NamedIndividual	Hawaii Adenoma Study	GCST90267392	PMID:36576985	Genome-wide Interaction Study with Smoking for Colorectal Cancer Risk Identifies Novel Genetic Loci Related to Tumor Suppression, Inflammation, and Immune Response.	Hawaii Adenoma Study	https://ndownloader.figshare.com/files/59870008	curated
COHO:0000868	owl:NamedIndividual	Henry Ford Heart Failure Pharmacogenomic Registry	GCST90448084	PMID:38002962	Genome-Wide Association Study of Beta-Blocker Survival Benefit in Black and White Patients with Heart Failure with Reduced Ejection Fraction.	The discovery dataset came from a prospective HF pharmacogenomic registry (HFGR) designed to discover novel ways to predict HF prognoses and responses to HF therapies [9].	https://www.ebi.ac.uk/europepmc/webservices/rest/PMC10671316/fullTextXML	curated
COHO:0000869	owl:NamedIndividual	HS Program for Research and Care Excellence	GCST90278188	PMID:37494057	Genetic Variants Associated With Hidradenitis Suppurativa.	However, the genetic understanding of HS is insufficient, and limited genome-wide association studies (GWASs) have been performed for HS, which have not identified significant risk loci.ObjectiveTo identify genetic variants associated with HS and to shed light on the underlying genes and genetic mechanisms.Design, setting, and participantsThis genetic association study recruited 753 patients with HS in the HS Program for Research and Care Excellence (HS ProCARE) at the University of North Carolina Department of Dermatology from August 2018 to July 2021.	https://www.ebi.ac.uk/europepmc/webservices/rest/search?query=EXT_ID%3A37494057+AND+SRC%3AMED&format=json&resultType=core	curated
COHO:0000870	owl:NamedIndividual	IARC Multicenter Case-Control Study	GCST90100218	PMID:34815255	Clonal Hematopoiesis Mutations in Patients with Lung Cancer Are Associated with Lung Cancer Risk Factors.	The INTEGRAL-ILCCO project includes a total of 1,059 lung cancer cases and 899 controls from four sites: Harvard School of Public Health (HSPH), International Agency for Research on Cancer (IARC), University of Liverpool, and Mount Sinai Hospital and Princess Margaret Hospital in Toronto (Supplementary Table S1; ref. 17).	https://www.ebi.ac.uk/europepmc/webservices/rest/PMC8815061/fullTextXML	curated
COHO:0000871	owl:NamedIndividual	Identification and prevention of Dietary- and lifestyle-induced health EFfects In Children and infantS	GCST90310275	PMID:37420130	Genetic associations vary across the spectrum of fasting serum insulin: results from the European IDEFICS/I.Family children's cohort.	The European IDEFICS (Identification and prevention of Dietary- and lifestyle-induced health EFfects In Children and infantS)/I.Family cohort is a multi-centre population-based children’s study that aimed to identify risk factors for diet- and lifestyle-related diseases, with a focus on childhood overweight and metabolic disorders [14, 15].	https://www.ebi.ac.uk/europepmc/webservices/rest/PMC10473990/fullTextXML	curated
COHO:0000872	owl:NamedIndividual	Insulin Resistance Atherosclerosis Study	GCST90002228	PMID:34059833	The trans-ancestral genomic architecture of glycemic traits.	The Insulin Resistance Atherosclerosis Study (IRAS) was supported by NIH grants HL047887, HL047889, HL047890, HL47902, DK085175 and DK118062.	https://www.ebi.ac.uk/europepmc/webservices/rest/PMC7610958/supplementaryFiles	curated
COHO:0000873	owl:NamedIndividual	Personalized Medicine Research Project	GCST90293093	PMID:37196047	Multi-ancestry genome- and phenome-wide association studies of diverticular disease in electronic health records with natural language processing enriched phenotyping algorithm.	(b) The structured data-driven phenotyping algorithm was used in two eMERGE sites (Marshfield, Mount Sinai).	https://www.ebi.ac.uk/europepmc/webservices/rest/PMC10191288/fullTextXML	curated
COHO:0000874	owl:NamedIndividual	MD Anderson Cancer Center lung cancer study	GCST90239710	PMID:35138370	Genome-wide interaction analysis identified low-frequency variants with sex disparity in lung cancer risk.	Affymetrix Axiom Array Study, the Genetic Epidemiology of Lung Cancer Consortium, the Environment and Genetics in Lung cancer Etiology study, the International Agency for Research on Cancer, MD Anderson Cancer Center Study, NCI Lung Cancer and Smoking Phenotypes in African-American Cases and Controls (NCI), the Prostate, Lung, Colorectal and Ovarian Cancer Screening Trial and Samuel Lunenfeld Research Institute Study were combined together and used as replication dataset including 7378 lung cancer cases and 9503 controls (Table 1, Supplementary Material, Table S1) (44–47).	https://www.ebi.ac.uk/europepmc/webservices/rest/PMC9402242/fullTextXML	curated
COHO:0000875	owl:NamedIndividual	MD Anderson Cancer Center melanoma study	GCST90103971	PMID:34813871	Multi-Trait Genetic Analysis Identifies Autoimmune Loci Associated with Cutaneous Melanoma.	US MDACC 1,924 1,018 Illumina Omni1M	https://ars.els-cdn.com/content/image/1-s2.0-S0022202X21025136-mmc1.pdf	curated
COHO:0000876	owl:NamedIndividual	National Center for Geriatrics and Gerontology Biobank	GCST90652518	PMID:40045203	A genome-wide association study identifies a novel East Asian-specific locus for dementia with Lewy bodies in Japanese subjects.	All 6,324 genomic DNA samples and the associated clinical data were obtained from the National Center for Geriatrics and Gerontology (NCGG) Biobank, Japan.	https://www.ebi.ac.uk/europepmc/webservices/rest/PMC11884146/fullTextXML	curated
COHO:0000877	owl:NamedIndividual	Nulliparous Pregnancy Outcomes Study: Monitoring Mothers-to-Be	GCST90429686	PMID:38714721	Genetic polymorphisms associated with adverse pregnancy outcomes in nulliparas.	The objective of this study was to test for association between common variants across the maternal genome and four APOs in the nuMoM2b cohort: gestational length (as a proxy for preterm birth), preeclampsia, gestational diabetes mellitus (GDM), and pregnancy loss.	https://www.ebi.ac.uk/europepmc/webservices/rest/PMC11076516/fullTextXML	curated
COHO:0000878	owl:NamedIndividual	Philadelphia Neurodevelopmental Cohort	GCST90053831	PMID:34563919	Genetic and demographic predisposing factors associated with pediatric sleepwalking in the Philadelphia Neurodevelopmental Cohort.	Data from the Philadelphia Neurodevelopmental Cohort (PNC) of 7515 youths aged between 8 and 22 years were used in analyses.	https://www.ebi.ac.uk/europepmc/webservices/rest/search?query=EXT_ID%3A34563919+AND+SRC%3AMED&format=json&resultType=core	curated
COHO:0000879	owl:NamedIndividual	ProHealth Study	PMID:26034056	PMID:26034056	A large multiethnic genome-wide association study of prostate cancer identifies novel risk variants and substantial ethnic differences.	Briefly, the ProHealth study focused on ascertaining KP Northern California African-American PCa cases.	https://www.ncbi.nlm.nih.gov/research/bionlp/RESTful/pmcoa.cgi/BioC_xml/PMC4527942/unicode	curated
COHO:0000880	owl:NamedIndividual	Radiogenomics Consortium	GCST90435416	PMID:37862240	Large-scale meta-genome-wide association study reveals common genetic factors linked to radiation-induced acute toxicities across cancer types.	This study was done using cohorts involved in the Radiogenomics Consortium.	https://www.ebi.ac.uk/europepmc/webservices/rest/PMC10653584/fullTextXML	curated
COHO:0000881	owl:NamedIndividual	Study of Epidemiology and Risk Factors in Cancer Heredity	GCST90267392	PMID:36576985	Genome-wide Interaction Study with Smoking for Colorectal Cancer Risk Identifies Novel Genetic Loci Related to Tumor Suppression, Inflammation, and Immune Response.	Studies of Epidemiology and Risk Factors in Cancer Heredity	https://ndownloader.figshare.com/files/59870008	curated
COHO:0000882	owl:NamedIndividual	SEARCH for Diabetes in Youth	GCST90013445	PMID:34127860	Fine-mapping, trans-ancestral and genomic analyses identify causal variants, cells, genes and drug targets for type 1 diabetes.	The SEARCH for Diabetes in Youth Study (www.searchfordiabetes.org) is indebted to the many youth and their families, as well as their health care providers, whose participation made this study possible.	https://www.ebi.ac.uk/europepmc/webservices/rest/PMC8273124/fullTextXML	curated
COHO:0000883	owl:NamedIndividual	Swedish Rheumatology Quality Register Biobank	GCST90281046	PMID:37326842	Genome-wide investigation of persistence with methotrexate treatment in early rheumatoid arthritis.	Our primary analysis cohort consisted of early-RA patients receiving MTX in DMARD monotherapy as their first RA treatment, identified in the Epidemiological Investigation of RA (EIRA) biobank or the Swedish Rheumatology Quality Register’s (SRQ) biobank (SRQb).	https://www.ebi.ac.uk/europepmc/webservices/rest/PMC11065441/fullTextXML	curated
COHO:0000884	owl:NamedIndividual	Swedish Rheumatology Quality Register	PMID:37326842	PMID:37326842	Genome-wide investigation of persistence with methotrexate treatment in early rheumatoid arthritis.	SRQ is a nationwide quality register established in the mid-1990s used by most rheumatologists in Sweden to monitor the disease course of patients as part of standard care.	https://www.ebi.ac.uk/europepmc/webservices/rest/PMC11065441/fullTextXML	curated
COHO:0000885	owl:NamedIndividual	Skåne University Hospital memory clinic cohort	GCST90726396	PMID:42014397	GWAS meta-analysis of cerebrospinal fluid Alzheimer's biomarkers reveals loci regulating lipids, brain volume and autophagy.	Skåne University Hospital, Sweden (SWEDEN) The samples included in this cohort were evaluated at memory disorder unit at Skåne University Hospital.	https://www.ebi.ac.uk/europepmc/webservices/rest/PMC13402690/supplementaryFiles	curated
COHO:0000886	owl:NamedIndividual	Toledo Study for Healthy Aging	GCST90007526	PMID:33510174	Genome-wide meta-analysis of muscle weakness identifies 15 susceptibility loci in older men and women.	Toledo Study for Healthy Aging (TSHA) Data were taken from the Toledo Study for Healthy Aging, a population-based study conducted on 2,488 individuals aged 65 years and older.	https://www.ebi.ac.uk/europepmc/webservices/rest/PMC7844411/supplementaryFiles	curated
COHO:0000887	owl:NamedIndividual	Berlin Aging Study II	GCST90007526	PMID:33510174	Genome-wide meta-analysis of muscle weakness identifies 15 susceptibility loci in older men and women.	Berlin Aging Study II (BASE-II) BASE-II is a multidisciplinary study initiated in 2009 investigating factors related to human aging (3).	https://www.ebi.ac.uk/europepmc/webservices/rest/PMC7844411/supplementaryFiles	curated
COHO:0000888	owl:NamedIndividual	Rotterdam Study II	GCST90007526	PMID:33510174	Genome-wide meta-analysis of muscle weakness identifies 15 susceptibility loci in older men and women.	Rotterdam Study II 273 137 121 58 684 565 1,249	https://www.ebi.ac.uk/europepmc/webservices/rest/PMC7844411/supplementaryFiles	curated
COHO:0000889	owl:NamedIndividual	MrOS Malmö	GCST90007526	PMID:33510174	Genome-wide meta-analysis of muscle weakness identifies 15 susceptibility loci in older men and women.	Genotyping, imputation and quality controls of MrOS Malmö were performed using the HumanOmniExpress-12v1_B build 36.	https://www.ebi.ac.uk/europepmc/webservices/rest/PMC7844411/supplementaryFiles	curated
COHO:0000890	owl:NamedIndividual	Longitudinal Aging Study Amsterdam	GCST90007526	PMID:33510174	Genome-wide meta-analysis of muscle weakness identifies 15 susceptibility loci in older men and women.	Longitudinal Aging Study Amsterdam (LASA) is an ongoing, population-based cohort of individuals 55 years and older living in the Netherlands.	https://www.ebi.ac.uk/europepmc/webservices/rest/PMC7844411/supplementaryFiles	curated
COHO:0000891	owl:NamedIndividual	Finnish Gestational Diabetes Study	GCST90841459	PMID:42225636	Multi-ancestry, trans-generational GWAS meta-analysis of gestational diabetes and glycaemic traits during pregnancy reveals limited evidence of pregnancy-specific genetic effects.	EFSOCH (EUR), Gen3G (EUR), FinnGeDi (EUR), ALSPAC (EUR), HAPO (EUR, AFR, EAS, SAS, HIS) and ELGH (SAS).	https://www.ebi.ac.uk/europepmc/webservices/rest/PMC13226718/fullTextXML	curated
COHO:0000892	owl:NamedIndividual	MrOS Gothenburg	GCST90007526	PMID:33510174	Genome-wide meta-analysis of muscle weakness identifies 15 susceptibility loci in older men and women.	Genotyping, imputation and quality controls of MrOS Gothenburg were performed using the Illumina HumanOmni1_Quad_v1-0 B array.	https://www.ebi.ac.uk/europepmc/webservices/rest/PMC7844411/supplementaryFiles	curated
COHO:0000893	owl:NamedIndividual	African Ancestry Anthropometry Genetics Consortium	GCST90095038	PMID:35399580	Ancestral diversity improves discovery and fine-mapping of genetic loci for anthropometric traits-The Hispanic/Latino Anthropometry Consortium.	In addition to a Hispanic/Latino-only meta-analysis, we combined the HISLA stage 1 meta-analysis with data from previous large-scale GWAS meta-analyses of European (the Genetic Investigation of Anthropometric Traits [GIANT] Consortium,33, 34, 35 N ∼ 300,000) and/or African (the African Ancestry Anthropometry Genetics Consortium [AAAGC],36,37 N ∼ 50,000) descent populations.	https://www.ebi.ac.uk/europepmc/webservices/rest/PMC8990175/fullTextXML	curated
COHO:0000894	owl:NamedIndividual	Accelerating Medicines Partnership Parkinson's Disease	GCST90269977	PMID:40998812	Genome-wide association study of REM sleep behavior disorder in Parkinson's disease.	The AMP-PD cohort data used in this study included the Fox Investigation for New Discovery of Biomarkers (BioFIND), the Harvard Biomarker Study (HBS) and the Parkinson’s Disease Biomarkers Program (PDBP) cohorts.	https://www.ebi.ac.uk/europepmc/webservices/rest/PMC12462436/fullTextXML	curated
COHO:0000895	owl:NamedIndividual	Salus in Apulia Study	GCST90105058	PMID:35580588	Genome-wide association meta-analysis identifies 48 risk variants and highlights the role of the stria vascularis in hearing loss.	Age, Genes/Environment Susceptibility - Reykjavik (AGES; n = 3,134), the Danish Twin Registry (DTR; n = 1,314), the Estonian Genome Center at the University of Tartu (EGCUT; n = 55,523), FinnGen (n = 212,544), Framingham Heart Study (FHS; n = 2,536), Health Aging and Body Composition (HABC; n = 1,288), Italian Network of Genetic Isolates - Friuli Venezia Giulia (INGI-FVG; n = 339), the Rotterdam Study (RS, cohorts 1–3; n = 6,157), the Salus in Apulia study (SA; n = 1,780; formerly known as Great Age study), Screening Across the Lifespan Twin (SALT; n = 9,565, and SALTY - young; n = 5,133), Screening Twin Adults:	https://www.ebi.ac.uk/europepmc/webservices/rest/PMC9247887/fullTextXML	curated
COHO:0000896	owl:NamedIndividual	Beijing Atherosclerosis Study	GCST90239651	PMID:34887591	The power of genetic diversity in genome-wide association studies of lipids.	the Beijing Atherosclerosis Study BAS Case BAS Control	https://media.springernature.com/original/springer-static/esm/art%3A10.1038%2Fs41586-021-04064-3/MediaObjects/41586_2021_4064_MOESM4_ESM.xlsx	curated
COHO:0000897	owl:NamedIndividual	BIObanks Netherlands Internet Collaboration	GCST90841074	PMID:42230966	Genetics of major depressive disorder in a homogeneous population with uniform phenotyping.	This genome-wide association (GWAS) mega-analysis combines lifetime major depressive disorder (MDD) and genotype data from sixteen Dutch cohorts in the BIONIC (BIObanks Netherlands Internet Collaboration) project.	https://www.ebi.ac.uk/europepmc/webservices/rest/PMC13569458/fullTextXML	curated
COHO:0000898	owl:NamedIndividual	Bone Mineral Density in Childhood Study	GCST90095044	PMID:34754074	CYP11B1 variants influence skeletal maturation via alternative splicing.	A GWAS meta-analysis including 9,806,907 single-nucleotide polymorphisms (SNPs) was performed in 4557 children of multiethnic background participating in the Generation R Study (N = 3510, 49% boys; mean age 9.8, SD = 0.33 years) and the Bone Mineral Density in Childhood Study (BMDCS) (N = 1047, 47% boys; mean age 10.9, SD = 1.39 years) to identify loci associated with SA (assessed in years in both cohorts).	https://www.ebi.ac.uk/europepmc/webservices/rest/PMC8578655/fullTextXML	curated
COHO:0000899	owl:NamedIndividual	Canadian Breast Cancer Study	GCST90129576	PMID:35418701	Genome-wide interaction analysis of menopausal hormone therapy use and breast cancer risk among 62,370 women.	CBCS thanks study participants, co-investigators, collaborators and staff of the Canadian Breast Cancer Study, and project coordinators Agnes Lai and Celine Morissette.	https://www.ebi.ac.uk/europepmc/webservices/rest/PMC9007944/fullTextXML	curated
COHO:0000900	owl:NamedIndividual	NIHR Cambridge BioResource	GCST90101809	PMID:34581777	G protein-coupled receptor kinase 5 regulates thrombin signaling in platelets via PAR-1.	Donors registered with National Health Service Blood and Transplant (NHSBT) were invited to join the National Institute for Health Research BioResource, a cohort of volunteers who have consented to be recalled for studies by genotype.	https://www.ebi.ac.uk/europepmc/webservices/rest/PMC9006276/fullTextXML	curated
COHO:0000901	owl:NamedIndividual	Consortium of Investigators of Modifiers of BRCA1 and BRCA2	GCST90455659	PMID:41266372	Genome-wide association study of 398,238 women unveils seven loci associated with high-grade serous ovarian cancer.	We meta-analyzed >22 million variants for 398,238 women from the Ovarian Cancer Association Consortium (OCAC), UK Biobank (UKBB) and Consortium of Investigators of Modifiers of BRCA1/BRCA2 (CIMBA) to identify novel HGSOC susceptibility loci.	https://www.ebi.ac.uk/europepmc/webservices/rest/PMC12635163/fullTextXML	curated
COHO:0000902	owl:NamedIndividual	UROMOL project	GCST90296729	PMID:37210288	Genome-wide Association Study of Bladder Cancer Reveals New Biological and Translational Insights.	Two studies (CNIO/UROMOL and deCODE) provided summary-level results after imputation (Supplementary material).	https://pmc.ncbi.nlm.nih.gov/articles/PMC10330197/	curated
COHO:0000903	owl:NamedIndividual	Cardiometabolic Risk in Chinese Study	GCST90002231	PMID:34059833	The trans-ancestral genomic architecture of glycemic traits.	The CRC Study	https://www.ebi.ac.uk/europepmc/webservices/rest/PMC7610958/supplementaryFiles	curated
COHO:0000904	owl:NamedIndividual	Cooperative Research Centre Cohort	GCST90101840	PMID:35393395	Genome-wide association analyses of symptom severity among clozapine-treated patients with schizophrenia spectrum disorders.	Participants (N = 804) came from five independent cohorts: 470 participants were recruited by the Clozapine International (CLOZIN) [38–41] consortium in the Netherlands, Germany, Austria, and Finland; 174 participants by the Genetic Risk and Outcome of Psychosis (GROUP) consortium in the Netherlands; 80 participants by the Cooperative Research Centre (CRC) in Australia; 50 participants by Hacettepe University in Turkey; and 30 participants by Mental Health Services Rivierduinen in the Netherlands.	https://www.ebi.ac.uk/europepmc/webservices/rest/PMC8989876/fullTextXML	curated
COHO:0000905	owl:NamedIndividual	Consortium for Refractive Error and Myopia	GCST90012795	PMID:32193507	Genome-wide association meta-analysis of corneal curvature identifies novel loci and shared genetic influences across axial length and refractive error.	Thus, we conducted the largest GWAS meta-analysis of CC to date, incorporating both European and Asian cohorts in a single analysis from the Consortium for Refractive Error and Myopia (CREAM) and validated our findings in the United Kingdom (UK) Biobank.	https://www.ebi.ac.uk/europepmc/webservices/rest/PMC7081241/fullTextXML	curated
COHO:0000906	owl:NamedIndividual	Doetinchem Cohort Study	GCST90428625	PMID:38815977	Circulating anti-Müllerian hormone levels in pre-menopausal women: novel genetic insights from a genome-wide association meta-analysis.	cardiovascular disease in women: results from the Doetinchem Cohort	https://www.ebi.ac.uk/europepmc/webservices/rest/PMC11759094/fullTextXML	curated
COHO:0000907	owl:NamedIndividual	Genes-environments & Admixture in Latino Americans	GCST90095141	PMID:34834492	Role of Sex on the Genetic Susceptibility to Childhood Asthma in Latinos and African Americans.	The genetic role of sex on asthma susceptibility was assessed in the Genes-environments & Admixture in Latino Americans (GALA II) and the Study of African Americans, Asthma, Genes, and Environments (SAGE) studies [22].	https://www.ebi.ac.uk/europepmc/webservices/rest/PMC8625344/fullTextXML	curated
COHO:0000908	owl:NamedIndividual	Groningen Expert Center for Kids with Obesity Drenthe study	GCST90797639	PMID:42036355	Genetic determinants of childhood blood pressure and heart rate in relation to adult health outcomes: the consortium of childhood blood pressure.	Gecko Drenthe the Groningen Expert Center for Kids with Obesity (GECKO) Drenthe study Drenthe, The Netherlands	https://www.ebi.ac.uk/europepmc/webservices/rest/PMC13533560/supplementaryFiles	curated
COHO:0000909	owl:NamedIndividual	Genes and Environment in Multiple Sclerosis	GCST90454254	PMID:38630618	Genetics of immune response to Epstein-Barr virus: prospects for multiple sclerosis pathogenesis.	GEMS and EIMS are nationwide case-control studies examining the genetic and environmental risk factors for prevalent and incident MS, respectively.	https://www.ebi.ac.uk/europepmc/webservices/rest/PMC11449136/fullTextXML	curated
COHO:0000910	owl:NamedIndividual	Georgia Stress and Heart Study	GCST90797639	PMID:42036355	Genetic determinants of childhood blood pressure and heart rate in relation to adult health outcomes: the consortium of childhood blood pressure.	GPI (GSH, EpiGO, LACHY) GSH (Georgia Stress and Heart) European American (50% of children) Longitudinal cohort Augusta, Georgia, USA	https://www.ebi.ac.uk/europepmc/webservices/rest/PMC13533560/supplementaryFiles	curated
COHO:0000911	owl:NamedIndividual	Health and Ageing in Africa: A Longitudinal Study of an INDEPTH Community in South Africa	GCST90246328	PMID:36973338	Genome-wide association study of population-standardised cognitive performance phenotypes in a rural South African community.	A Longitudinal Study of an INDEPTH Community in South Africa (HAALSI) collected baseline cognition data for over 5000 older adults in Bushbuckridge, rural Mpumalanga, South Africa (SA)36.	https://www.ebi.ac.uk/europepmc/webservices/rest/PMC10043003/fullTextXML	curated
COHO:0000912	owl:NamedIndividual	Agincourt Health and Socio-demographic Surveillance System	PMID:22933647	PMID:22933647	Profile: Agincourt health and socio-demographic surveillance system.	The Agincourt health and socio-demographic surveillance system (HDSS), located in rural northeast South Africa close to the Mozambique border, was established in 1992 to support district health systems development led by the post-apartheid ministry of health.	https://www.ebi.ac.uk/europepmc/webservices/rest/search?query=EXT_ID%3A22933647+AND+SRC%3AMED&format=json&resultType=core	curated
COHO:0000913	owl:NamedIndividual	Health2006 Study	GCST90277442	PMID:23754956	Genetic architecture of vitamin B12 and folate levels uncovered applying deeply sequenced large datasets.	Health2006 is a population-based epidemiological study of general health, diabetes and cardiovascular disease of 3,471 individuals aged 18–74 years [48].	https://www.ebi.ac.uk/europepmc/webservices/rest/PMC3674994/fullTextXML	curated
COHO:0000914	owl:NamedIndividual	Heidelberger Langzeitstudie zu Risikofaktoren und Diagnose chronischer Erkrankungen	GCST90013452	PMID:33590662	The Heidelberg Five personality dimensions: Genome-wide associations, polygenic risk for neuroticism, and psychopathology 20 years after assessment.	HeiDE is a longitudinal population-based study that started in the 1990s and, at baseline, assessed an array of health-related personality questionnaires in 5133 individuals.	https://www.ebi.ac.uk/europepmc/webservices/rest/search?query=EXT_ID%3A33590662+AND+SRC%3AMED&format=json&resultType=core	curated
COHO:0000915	owl:NamedIndividual	Heart Failure Molecular Epidemiology for Therapeutic Targets Consortium	GCST90827692	PMID:42017882	Body Mass Index, Clinical Outcomes, and Mortality in Heart Failure: A Mendelian Randomization Study.	Twenty-two cohorts participating in the Heart Failure Molecular Epidemiology for Therapeutic Targets (HERMES) Consortium, comprising 50,636 individuals with established HF of European ancestry, were included in the genetic study (Supplemental Table 2).	https://www.ebi.ac.uk/europepmc/webservices/rest/PMC13211948/fullTextXML	curated
COHO:0000916	owl:NamedIndividual	International Glaucoma Genetics Consortium	GCST90310210	PMID:37386247	Large-scale multitrait genome-wide association analyses identify hundreds of glaucoma risk loci.	The IGGC is a large international consortium established to identify glaucoma genetic risk genes through large-scale meta-analysis43,44.	https://www.ebi.ac.uk/europepmc/webservices/rest/PMC10335935/fullTextXML	curated
COHO:0000917	owl:NamedIndividual	International HIV Controllers Study	GCST90854196	PMID:37097752	Multiancestry sex-stratified genomic associations with HIV viral load and controller status from the ICGH.	We additionally used a binary definition of HIV spontaneous control in the subset of samples obtained from the International HIV Controllers Study and the AIDS Clinical Trials Group (Supplemental Table 1) (17).	https://www.ebi.ac.uk/europepmc/webservices/rest/PMC10393222/fullTextXML	curated
COHO:0000918	owl:NamedIndividual	Immunomodulation and Multiple Sclerosis Epidemiology	GCST90454254	PMID:38630618	Genetics of immune response to Epstein-Barr virus: prospects for multiple sclerosis pathogenesis.	IMSE is an ongoing phase IV clinical trial that monitors long-term safety and risk of immunomodulatory treatments for MS.	https://www.ebi.ac.uk/europepmc/webservices/rest/PMC11449136/fullTextXML	curated
COHO:0000919	owl:NamedIndividual	International Parkinson Disease Genomics Consortium	GCST90133316	PMID:35970579	Genome-wide Association and Meta-analysis of Age at Onset in Parkinson Disease: Evidence From the COURAGE-PD Consortium.	This was followed by combining our study with the largest publicly available European ancestry dataset compiled by the International Parkinson Disease Genomics Consortium (IPDGC).	https://www.ebi.ac.uk/europepmc/webservices/rest/PMC9484604/fullTextXML	curated
COHO:0000920	owl:NamedIndividual	Japan PGx Data Science Consortium Database	GCST90239651	PMID:34887591	The power of genetic diversity in genome-wide association studies of lipids.	Japan PGx Data Science Consortium	https://media.springernature.com/original/springer-static/esm/art%3A10.1038%2Fs41586-021-04064-3/MediaObjects/41586_2021_4064_MOESM4_ESM.xlsx	curated
COHO:0000921	owl:NamedIndividual	Justification for the Use of Statins in Prevention: an Intervention Trial Evaluating Rosuvastatin	GCST90244158	PMID:36154123	Cross-Ancestry Investigation of Venous Thromboembolism Genomic Predictors.	An Intervention Trial Evaluating Rosuvastatin (JUPITER) Trial.	https://www.ncbi.nlm.nih.gov/research/bionlp/RESTful/pmcoa.cgi/BioC_xml/PMC10152894/unicode	curated
COHO:0000922	owl:NamedIndividual	KOALA Birth Cohort Study	GCST90797639	PMID:42036355	Genetic determinants of childhood blood pressure and heart rate in relation to adult health outcomes: the consortium of childhood blood pressure.	KOALA Child, parents and health: lifestyle and genetic constitution Population-based birth cohort The Netherlands	https://www.ebi.ac.uk/europepmc/webservices/rest/PMC13533560/supplementaryFiles	curated
COHO:0000923	owl:NamedIndividual	Mayo Clinic Breast Cancer Study	GCST90129576	PMID:35418701	Genome-wide interaction analysis of menopausal hormone therapy use and breast cancer risk among 62,370 women.	The MCBCS was supported by the NIH grants CA192393, CA116167, CA176785	https://www.ebi.ac.uk/europepmc/webservices/rest/PMC9007944/fullTextXML	curated
COHO:0000924	owl:NamedIndividual	Mayo Mammography Health Study	GCST90129576	PMID:35418701	Genome-wide interaction analysis of menopausal hormone therapy use and breast cancer risk among 62,370 women.	We thank the coordinators, the research staff and especially the MMHS participants for their continued collaboration on research studies in breast cancer.	https://www.ebi.ac.uk/europepmc/webservices/rest/PMC9007944/fullTextXML	curated
COHO:0000925	owl:NamedIndividual	North American Rheumatoid Arthritis Consortium	GCST000679	PMID:20453842	Genome-wide association study meta-analysis identifies seven new rheumatoid arthritis risk loci.	This study expands upon our previous GWAS meta-analysis of 3,393 cases and 12,462 controls by (a) adding a new GWAS dataset of 483 RA cases recruited from the Boston area (Brigham Rheumatoid Arthritis Sequential Study, BRASS) and 1,449 shared controls, (b) adding 513 cases and 431 controls recruited from Sweden (Epidemiological Investigation of Rheumatoid Arthritis, EIRA), (c) incorporating a recently published GWAS of 2,418 cases and 4,504 controls recruited from North America (Canada and North American Rheumatoid Arthritis Consortium-III, NARAC-III), and (d) adding additional shared controls to the NARAC-III dataset.	https://www.ncbi.nlm.nih.gov/research/bionlp/RESTful/pmcoa.cgi/BioC_xml/PMC4243840/unicode	curated
COHO:0000926	owl:NamedIndividual	National Biobank of Korea	GCST90559273	PMID:39862296	rs762855 single nucleotide polymorphism modulates the risk for diffuse-type gastric cancer in females: a genome-wide association study in the Korean population.	Furthermore, from the National Biobank of Korea (NBK) (https://biobank.nih.go.kr/cmm/main/engMainPage.do), we obtained genetic data from 803 patients with GC, including 394 with DGC and 409 with IGC, whose genotypes were sequenced using the Affy 6.0 platform.	https://www.ebi.ac.uk/europepmc/webservices/rest/PMC11842433/fullTextXML	curated
COHO:0000927	owl:NamedIndividual	Northern Sweden Health and Disease Study	GCST90837544	PMID:41419686	Genomic and transcriptomic analyses of aortic stenosis enhance therapeutic target discovery and disease prediction.	The Northern Sweden Health and Disease Study (NSHDS) comprises three sub-surveys, the Västerbotten Intervention Program (VIP), the Northerns Sweden MONICA study and the Mammography Screening Program (MSP), whereof VIP and MONICA are actively recruiting.	https://www.ebi.ac.uk/europepmc/webservices/rest/PMC12807872/supplementaryFiles	curated
COHO:0000928	owl:NamedIndividual	Ontario Familial Breast Cancer Registry	GCST90129576	PMID:35418701	Genome-wide interaction analysis of menopausal hormone therapy use and breast cancer risk among 62,370 women.	The OFBCR thanks Teresa Selander, Nayana Weerasooriya and Steve Gallinger.	https://www.ebi.ac.uk/europepmc/webservices/rest/PMC9007944/fullTextXML	curated
COHO:0000929	owl:NamedIndividual	Prolonged Anticoagulation During eighteen months vs placebo after Initial Six-month treatment for a first episode of idiopathic Pulmonary Embolism	GCST90572747	PMID:40811855	Molecular determinants of thrombosis recurrence risk across venous thromboembolism subtypes.	The recurrent VT GWAS meta-analysis included eight studies with confirmed unrelated VT cases of European ancestry free of cancer history: EDITH, FHS, HVH (HVH1 and HVH23), MARTHA, MEGA, PADIS-PE and REVERSE-I (Supplementary Material).	https://www.medrxiv.org/content/early/2024/12/03/2024.12.02.24317788.source.xml	curated
COHO:0000930	owl:NamedIndividual	Polish Breast Cancer Study	GCST90129576	PMID:35418701	Genome-wide interaction analysis of menopausal hormone therapy use and breast cancer risk among 62,370 women.	PBCS thanks Louise Brinton, Mark Sherman, Neonila Szeszenia-Dabrowska, Beata Peplonska, Witold Zatonski, Pei Chao, Michael Stagner.	https://www.ebi.ac.uk/europepmc/webservices/rest/PMC9007944/fullTextXML	curated
COHO:0000931	owl:NamedIndividual	Predicting Risk Of Cancer At Screening	GCST90129576	PMID:35418701	Genome-wide interaction analysis of menopausal hormone therapy use and breast cancer risk among 62,370 women.	PROCAS is funded from NIHR grant PGfAR 0707-10031.	https://www.ebi.ac.uk/europepmc/webservices/rest/PMC9007944/fullTextXML	curated
COHO:0000932	owl:NamedIndividual	Qingdao Twin Registry	GCST90258643	PMID:35876483	Genome-wide association study of handgrip strength in the Northern Chinese adult twins.	A total of 135 dizygotic twin pairs recruited from the Qingdao Twin Registry system were included in the present study.	https://www.ebi.ac.uk/europepmc/webservices/rest/search?query=EXT_ID%3A35876483+AND+SRC%3AMED&format=json&resultType=core	curated
COHO:0000933	owl:NamedIndividual	Chinese National Twin Registry	GCST90270288	PMID:36606461	Exploring the Genetic Association between Obesity and Serum Lipid Levels Using Bivariate Methods.	using 1197 pairs of twins from the Chinese National Twin Registry (CNTR).	https://www.ebi.ac.uk/europepmc/webservices/rest/search?query=EXT_ID%3A36606461+AND+SRC%3AMED&format=json&resultType=core	curated
COHO:0000934	owl:NamedIndividual	Reproductive Genetics Consortium	GCST90026597	PMID:34050765	Joint Genome-Wide Association Analyses Identified 49 Novel Loci For Age at Natural Menopause.	the Reproductive Genetics Consortium (ReproGen;	https://www.ebi.ac.uk/europepmc/webservices/rest/search?query=EXT_ID%3A34050765+AND+SRC%3AMED&format=json&resultType=core	curated
COHO:0000935	owl:NamedIndividual	Singapore and Sweden Breast Cancer Study	GCST90129576	PMID:35418701	Genome-wide interaction analysis of menopausal hormone therapy use and breast cancer risk among 62,370 women.	The SASBAC study was supported by funding from the Agency for Science, Technology and Research of Singapore (A*STAR)	https://www.ebi.ac.uk/europepmc/webservices/rest/PMC9007944/fullTextXML	curated
COHO:0000936	owl:NamedIndividual	Samuel Lunenfeld Research Institute Study	GCST90239710	PMID:35138370	Genome-wide interaction analysis identified low-frequency variants with sex disparity in lung cancer risk.	Affymetrix Axiom Array Study, the Genetic Epidemiology of Lung Cancer Consortium, the Environment and Genetics in Lung cancer Etiology study, the International Agency for Research on Cancer, MD Anderson Cancer Center Study, NCI Lung Cancer and Smoking Phenotypes in African-American Cases and Controls (NCI), the Prostate, Lung, Colorectal and Ovarian Cancer Screening Trial and Samuel Lunenfeld Research Institute Study were combined together and used as replication dataset including 7378 lung cancer cases and 9503 controls (Table 1, Supplementary Material, Table S1) (44–47).	https://www.ebi.ac.uk/europepmc/webservices/rest/PMC9402242/fullTextXML	curated
COHO:0000937	owl:NamedIndividual	Seoul National University Bundang Hospital cohort	GCST90559273	PMID:39862296	rs762855 single nucleotide polymorphism modulates the risk for diffuse-type gastric cancer in females: a genome-wide association study in the Korean population.	The Seoul National University Bundang Hospital (SNUBH) cohort comprises 1,216 participants, consisting of 610 patients with GC and 606 non-cancer controls, with ages ranging from 26 to 80 years, who were recruited from the enrolled participants who visited the Digestive Disease Center, SNUBH.	https://www.ebi.ac.uk/europepmc/webservices/rest/PMC11842433/fullTextXML	curated
COHO:0000938	owl:NamedIndividual	Tohoku Medical Megabank Community-Based Cohort Study	PMID:37813642	PMID:37813642	Influence of Diabetes Family History on the Associations of Combined Genetic and Lifestyle Risks with Diabetes in the Tohoku Medical Megabank Community-Based Cohort Study.	We examined these associations.MethodsThis cross-sectional study included 9,681 participants in the Tohoku Medical Megabank Community-based Cohort Study.	https://www.ebi.ac.uk/europepmc/webservices/rest/search?query=EXT_ID%3A37813642+AND+SRC%3AMED&format=json&resultType=core	curated
COHO:0000939	owl:NamedIndividual	Tohoku Medical Megabank Project Birth and Three-Generation Cohort Study	GCST90624209	PMID:38509478	Genome-wide association study of nausea and vomiting during pregnancy in Japan: the TMM BirThree Cohort Study.	Participants included in this study were pregnant women enrolled in the Tohoku Medical Megabank Project Birth and Three-Generation Cohort Study (TMM BirThree Cohort Study) in Japan reported previously [9, 10].	https://www.ebi.ac.uk/europepmc/webservices/rest/PMC10953086/fullTextXML	curated
COHO:0000940	owl:NamedIndividual	TRacking Adolescents' Individual Lives Survey Clinical Cohort	GCST90797639	PMID:42036355	Genetic determinants of childhood blood pressure and heart rate in relation to adult health outcomes: the consortium of childhood blood pressure.	TRAILS-cc Tracking Adolescents' Individual Lives Survey - clinical cohort Prospective clinic cohort	https://www.ebi.ac.uk/europepmc/webservices/rest/PMC13533560/supplementaryFiles	curated
COHO:0000941	owl:NamedIndividual	Taiwan-US Diabetic Retinopathy Study	GCST90239651	PMID:34887591	The power of genetic diversity in genome-wide association studies of lipids.	Taiwan US Diabetic Retinopathy Study	https://media.springernature.com/original/springer-static/esm/art%3A10.1038%2Fs41586-021-04064-3/MediaObjects/41586_2021_4064_MOESM4_ESM.xlsx	curated
COHO:0000942	owl:NamedIndividual	Breakthrough Generations Study	GCST90129576	PMID:35418701	Genome-wide interaction analysis of menopausal hormone therapy use and breast cancer risk among 62,370 women.	UKBGS thanks Breast Cancer Now and the Institute of Cancer Research for support and funding of the Generations Study, and the study participants, study staff, and the doctors, nurses and other health care providers and health information sources who have contributed to the study.	https://www.ebi.ac.uk/europepmc/webservices/rest/PMC9007944/fullTextXML	curated
COHO:0000943	owl:NamedIndividual	DiaGene Study	GCST90428881	PMID:37834292	Apolipoprotein-CIII O-Glycosylation, a Link between GALNT2 and Plasma Lipids.	We conducted GWAS on the four apo-CIII proteoforms in the DiaGene study in people with and without type 2 diabetes (n = 2318).	https://www.ebi.ac.uk/europepmc/webservices/rest/PMC10573541/fullTextXML	curated
COHO:0000944	owl:NamedIndividual	Copenhagen Prospective Studies on Asthma in Childhood	GCST90310280	PMID:37402774	Bone mineral density loci specific to the skull portray potential pleiotropic effects on craniosynostosis.	Copenhagen Prospective Studies on Asthma (COPSAC) cohort: The Copenhagen Prospective Studies on Asthma in Childhood is a clinical study.	https://www.ebi.ac.uk/europepmc/webservices/rest/PMC10319806/supplementaryFiles	curated
COHO:0000945	owl:NamedIndividual	ProHealth Kaiser GWAS	GCST90255678	PMID:36872133	Evidence of Novel Susceptibility Variants for Prostate Cancer and a Multiancestry Polygenic Risk Score Associated with Aggressive Disease in Men of African Ancestry.	The GWAS meta-analysis included 19 378 PCa cases and 61 620 controls of African ancestry from the AAPC Consortium, ELLIPSE/PRACTICAL Onco-Array Consortium (ELLIPSE), Ghana Prostate Study (Ghana), ProHealth Kaiser GWAS (Kaiser), Electronic Medical Records and Genomics (eMERGE) Network, BioVU Biobank, BioMe Biobank, California and Uganda Prostate Cancer Study (CA UG), VA Million Veteran Program (MVP), and Maryland Prostate Cancer Case-Control Study (NCI-MD).	https://www.ncbi.nlm.nih.gov/research/bionlp/RESTful/pmcoa.cgi/BioC_xml/PMC10424812/unicode	curated
