ID	TYPE	label	data collection location	evidence	source
ID	TYPE		I coho:has_data_collection_location SPLIT=|	>A rdfs:comment	>A oio:hasDbXref
COHO:0000002	owl:NamedIndividual	1000 Genomes	dbpedia:Africa|dbpedia:Eastern_Asia|dbpedia:Europe|dbpedia:South_Asia|dbpedia:Northern_America|dbpedia:Latin_America_and_the_Caribbean	individuals were sampled from 26 populations in Africa (AFR), East Asia (EAS), Europe (EUR), South Asia (SAS), and the Americas (AMR)	https://www.ebi.ac.uk/europepmc/webservices/rest/PMC4750478/fullTextXML
COHO:0000003	owl:NamedIndividual	AddNeuroMed Cohort	dbpedia:Finland|dbpedia:France|dbpedia:Greece|dbpedia:Italy|dbpedia:Poland|dbpedia:United_Kingdom	To do so, individuals are followed up and diagnosed as CN/MCI/AD longitudinally at 3- to 12-month intervals at centers across 6 European countries—Finland, Italy, Greece, Poland, France, and the UK	https://www.ebi.ac.uk/europepmc/webservices/rest/PMC6804515/fullTextXML
COHO:0000004	owl:NamedIndividual	Adenoma Prevention with Celecoxib trial	dbpedia:United_States|dbpedia:Australia|dbpedia:Canada|dbpedia:United_Kingdom	72 in the United States, 8 in Australia, 10 in Canada, and 1 in Great Britain.	https://www.ncbi.nlm.nih.gov/research/bionlp/RESTful/pmcoa.cgi/BioC_xml/PMC2976587/unicode
COHO:0000005	owl:NamedIndividual	Advanced Study of Aortic Pathology	dbpedia:Sweden	patients undergoing aortic valve surgery and/or surgery for aortic aneurysm at the Karolinska University Hospital, Stockholm, Sweden	https://research.chalmers.se/publication/514203/file/514203_Fulltext.pdf
COHO:0000006	owl:NamedIndividual	Africa Wits-INDEPTH partnership for Genomics studies	dbpedia:Burkina_Faso|dbpedia:Ghana|dbpedia:Kenya|dbpedia:South_Africa	It has over 12,000 participants from four sub-Saharan African countries, Burkina Faso, Ghana, Kenya and South Africa	https://www.ebi.ac.uk/europepmc/webservices/rest/PMC8844072/fullTextXML
COHO:0000007	owl:NamedIndividual	Arthritis Research UK Osteoarthritis Genetics	dbpedia:United_Kingdom	Arthritis Research UK Osteoarthritis Genetics (arcOGEN) is a collection of 7410 unrelated, UK-based individuals of European ancestry with knee and/or hip osteoarthritis from the arcOGEN Consortium	https://www.ebi.ac.uk/europepmc/webservices/rest/PMC8459317/fullTextXML
COHO:0000008	owl:NamedIndividual	Asian Cancer Project	dbpedia:Thailand	Asian Cancer Project (ACP) Thailand	https://researchmgt.monash.edu/ws/portalfiles/portal/299466323/125481567_oa.pdf
COHO:0000009	owl:NamedIndividual	Aspirin for Asymptomatic Atherosclerosis Study	dbpedia:United_Kingdom	involving 28,980 men and women aged 50 to 75 years living in central Scotland, free of clinical cardiovascular disease	https://europepmc.org/abstract/MED/20197530
COHO:0000010	owl:NamedIndividual	AtheroExpress	dbpedia:Netherlands	AE enrolled patients who underwent CEA (n = 2466 until December 2020) in two tertiary referral hospitals in the Netherlands	https://pmc.ncbi.nlm.nih.gov/articles/PMC13308645/
COHO:0000011	owl:NamedIndividual	Atherosclerosis Risk in Communities Study	dbpedia:United_States	the clinical outcomes from four U.S. communities.	https://www.nhlbi.nih.gov/research/atherosclerosis
COHO:0000012	owl:NamedIndividual	Atopic Dermatitis Research Network	dbpedia:United_States	United States	https://clinicaltrials.gov/api/v2/studies/NCT00550316
COHO:0000013	owl:NamedIndividual	Australia Cancer Study	dbpedia:Australia	recruitment through the New South Wales and Victorian Cancer Registries was conducted in parallel under a separately funded study: the Australian Cancer Study	https://www.ncbi.nlm.nih.gov/research/bionlp/RESTful/pmcoa.cgi/BioC_xml/PMC2666187/unicode
COHO:0000014	owl:NamedIndividual	Australian Ovarian Cancer Study	dbpedia:Australia	AOCS gratefully acknowledges the cooperation of the participating institutions in Australia	https://www.ebi.ac.uk/europepmc/webservices/rest/PMC10711013/fullTextXML
COHO:0000015	owl:NamedIndividual	Australian Twin Registry	dbpedia:Australia	The Australian Twin Registry (ATR) is a national volunteer resource of twin pairs and higher-order multiples willing to consider participating in health, medical, and scientific research	https://europepmc.org/abstract/MED/23200298
COHO:0000016	owl:NamedIndividual	Avon Longitudinal Study of Parents and Children	dbpedia:United_Kingdom	Avon Longitudinal Study of Parents and Children (ALSPAC)recruited 14,775 babies of predominantly White ethnicity in the Avon county of south-west England	https://metadata.ega-archive.org/studies/EGAS00001005273
COHO:0000017	owl:NamedIndividual	Berlin-Frankfurt-Münster trials	dbpedia:Germany|dbpedia:Austria|dbpedia:Switzerland	Patients were treated in up to 82 centers in Germany, Austria, and Switzerland.	https://pubmed.ncbi.nlm.nih.gov/23700060/
COHO:0000018	owl:NamedIndividual	Bladder Cancer Prognosis Programme	dbpedia:United_Kingdom	Patients were recruited consecutively from 2005 to 2010 from ten hospitals in the West Midlands (UK)	https://www.ebi.ac.uk/europepmc/webservices/rest/PMC9164468/fullTextXML
COHO:0000019	owl:NamedIndividual	Brazilian Cohort	dbpedia:Brazil	sequencing the exomes of 45 babies from the State of Rio Grande do Nord in Brazil.	https://metadata.ega-archive.org/studies/EGAS00001004112
COHO:0000021	owl:NamedIndividual	Bruneck study	dbpedia:Italy	Here, we study 304 fecal samples collected from the elderly subjects in Italy.	https://metadata.ega-archive.org/studies/EGAS00001004453
COHO:0000022	owl:NamedIndividual	Cancer and Leukemia Group B	dbpedia:United_States|dbpedia:Canada	Patients were recruited from 508 study sites in the United States and Canada.	https://academic.oup.com/jncics/article/4/1/pkz078/5588850?searchresult=1
COHO:0000023	owl:NamedIndividual	Cancer Genome Atlas	dbpedia:United_States|dbpedia:Australia|dbpedia:Brazil|dbpedia:Canada|dbpedia:Germany|dbpedia:Moldova|dbpedia:Poland|dbpedia:Russia|dbpedia:South_Korea|dbpedia:Ukraine|dbpedia:United_Kingdom|dbpedia:Vietnam	the geographic collection of samples spanned 11 countries	https://pmc.ncbi.nlm.nih.gov/articles/PMC7463948/
COHO:0000024	owl:NamedIndividual	Cancer Prevention Study	dbpedia:United_States	recruited participants into the study in all 50 states, the District of Columbia, and Puerto Rico	https://www.cancer.org/research/population-science/pop-sci/prevention-studies/cps-2.html
COHO:0000025	owl:NamedIndividual	Cancer Prostate in Sweden	dbpedia:Sweden	Cases with pathologically diagnosed PCa were recruited from regional cancer registries in Sweden	https://pmc.ncbi.nlm.nih.gov/articles/PMC3364485/
COHO:0000026	owl:NamedIndividual	Candesartan in Heart failure Assessment of Reduction in Mortality and morbidity	dbpedia:Europe|dbpedia:United_States|dbpedia:Canada|dbpedia:South_Africa|dbpedia:Australia	CHARM is intended to randomize 6,500 patients with symptomatic heart failure from 26 countries in Europe, the United States, Canada, South Africa, and Australia	https://europepmc.org/abstract/MED/10496201
COHO:0000027	owl:NamedIndividual	Cardio-metabolic Genome Epidemiology Study	dbpedia:Japan|dbpedia:Vietnam|dbpedia:Sri_Lanka	The Cardio-metabolic Genome Epidemiology (CAGE) Network is an ongoing collaborative effort to investigate genetic and environmental factors, and their interactions affecting cardiometabolic traits/disorders among Asian populations, including the Japanese, Vietnamese and Sri Lankan	https://www.ebi.ac.uk/europepmc/webservices/rest/PMC4673465/fullTextXML
COHO:0000028	owl:NamedIndividual	Cardiogenics Study	dbpedia:France|dbpedia:Germany|dbpedia:United_Kingdom	recruitment process at Cambridge and Leicester (UK), Luebeck and Regensburg (Germany), and Paris (France)	https://www.nature.com/articles/srep35278
COHO:0000030	owl:NamedIndividual	Carolina Head and Neck Cancer Epidemiology	dbpedia:United_States	head and neck SCC carried out among 46 counties in central and eastern North Carolina	https://pmc.ncbi.nlm.nih.gov/articles/PMC3372316/
COHO:0000031	owl:NamedIndividual	CARTaGENE cohort (CHU Sainte-Justine, Quebec, Canada)	dbpedia:Canada	CARTaGENE is a population-based project including residents from the province of Quebec enrolled at the age of 40–69	https://www.ebi.ac.uk/europepmc/webservices/rest/PMC11282926/fullTextXML
COHO:0000032	owl:NamedIndividual	Center for Autism Research and Treatment	dbpedia:United_States	Participants were recruited through UCLA’s Center for Autism Research and Treatment, fliers distributed in the local community	https://www.ncbi.nlm.nih.gov/research/bionlp/RESTful/pmcoa.cgi/BioC_xml/PMC3272329/unicode
COHO:0000033	owl:NamedIndividual	Center on Antisocial Drug Dependence	dbpedia:United_States	individual study sample sizes ranging from n = 601 for the Colorado based CADD study to n = 40,068 for UK Biobank.	https://www.ebi.ac.uk/europepmc/webservices/rest/PMC9110300/fullTextXML
COHO:0000034	owl:NamedIndividual	Centre dEtude du Polymorphisme Humain	dbpedia:France|dbpedia:United_States|dbpedia:Venezuela	The CEPH collection includes families collected by R. White (Utah), J. Dausset (French), J. Gusella (Venezuelan), and J. Egeland (Amish).	https://www.ncbi.nlm.nih.gov/projects/gap/cgi-bin/study.cgi?study_id=phs000268.v1.p1
COHO:0000036	owl:NamedIndividual	Chicago Asthma Genetics	dbpedia:United_States	Participants were recruited through the adult and pediatric asthma clinics at the University of Chicago Medical Center	https://pmc.ncbi.nlm.nih.gov/articles/PMC3548570/
COHO:0000037	owl:NamedIndividual	Children, Allergy, Milieu, Stockholm, Epidemiology	dbpedia:Sweden	population-based prospective birth cohort including 4,089 children born between 1994 and 1996 in Stockholm, Sweden.	https://metadata.ega-archive.org/studies/EGAS00001002746
COHO:0000038	owl:NamedIndividual	Cholesterol and Atherosclerosis Pharmacogenetics	dbpedia:United_States	They were recruited from two clinical sites located in Los Angeles and San Francisco, California, respectively.	https://eprints.gla.ac.uk/135921/1/135921.pdf
COHO:0000039	owl:NamedIndividual	Cilento study	dbpedia:Italy	1600 volunteer individuals recruited through a population-based sampling strategy in three small isolated villages of the Cilento region, South Italy	https://www.ebi.ac.uk/europepmc/webservices/rest/PMC8376970/fullTextXML
COHO:0000040	owl:NamedIndividual	COIN	dbpedia:United_Kingdom|dbpedia:Republic_of_Ireland	Hospitals throughout the UK and Ireland.	https://innovative-ctu.ucl.ac.uk/studies/all-studies/c/coin-cr10/
COHO:0000041	owl:NamedIndividual	COIN-B	dbpedia:United_Kingdom|dbpedia:Cyprus	COIN-B was an open-label, multicentre, randomised, exploratory phase 2 trial done at 30 hospitals in the UK and one in Cyprus.	https://pubmed.ncbi.nlm.nih.gov/24703531/
COHO:0000042	owl:NamedIndividual	Colorectal Cancer Study of Austria	dbpedia:Austria	Additional CRC cases have been recruited at four hospitals in Vienna and a hospital in lower Austria.	https://pmc.ncbi.nlm.nih.gov/articles/PMC8389216/
COHO:0000043	owl:NamedIndividual	Consortium for the Longitudinal Evaluation of African Americans with Early Rheumatoid Arthritis	dbpedia:United_States	Participants for CLEAR were recruited from the University of Alabama at Birmingham (UAB)	https://pmc.ncbi.nlm.nih.gov/articles/PMC2652071/
COHO:0000044	owl:NamedIndividual	Consortium of Minority Population Genome-Wide Association Studies of Stroke	dbpedia:United_States|dbpedia:United_Kingdom	Black patients with stroke were consecutively recruited from South London, United Kingdom.	https://www.ebi.ac.uk/europepmc/webservices/rest/PMC5354108/fullTextXML
COHO:0000045	owl:NamedIndividual	Cooperative Health Research in the Region of Augsburg	dbpedia:Germany	The KORA F4 study is a population-based cohort of 3,080 subjects living in southern Germany.	https://www.ebi.ac.uk/europepmc/webservices/rest/PMC5333359/fullTextXML
COHO:0000046	owl:NamedIndividual	Copenhagen Hospital Biobank	dbpedia:Denmark	The Copenhagen Hospital Biobank (CHB) 23 was established in the Capital Region of Denmark	https://www.ebi.ac.uk/europepmc/webservices/rest/PMC12624164/fullTextXML
COHO:0000047	owl:NamedIndividual	CROATIA-Korcula Study	dbpedia:Croatia	adult volunteers recruited in the island of Korčula, Croatia between 2007 and 2014.	https://metadata.ega-archive.org/studies/EGAS00001008043
COHO:0000048	owl:NamedIndividual	Danish Glostrup Cohort	dbpedia:Denmark	We have evaluated 325 men and 370 women of 60 years, participating in the Danish Glostrup study	https://europepmc.org/abstract/MED/12871360
COHO:0000049	owl:NamedIndividual	Diabetes Genetics in Pakistan	dbpedia:Pakistan	Pakistan-based subjects (840 with type 2 diabetes, 1309 normoglycaemic individuals) were recruited from the Mirpur region of Azad Kashmir	https://pmc.ncbi.nlm.nih.gov/articles/PMC3317653/
COHO:0000050	owl:NamedIndividual	Diabetes in Mexico Study	dbpedia:Mexico	Diabetes in Mexico Study (DMS) Mexico City, Mexico Prospective Cohort	https://www.ncbi.nlm.nih.gov/research/bionlp/RESTful/pmcoa.cgi/BioC_xml/PMC4127086/unicode
COHO:0000051	owl:NamedIndividual	Diabetes Prevention Program	dbpedia:United_States	The DPP was a randomized, controlled clinical trial conducted at 27 clinical centers around the United States from 1996 to 2001.	https://www.niddk.nih.gov/about-niddk/research-areas/diabetes/diabetes-prevention-program-dpp
COHO:0000053	owl:NamedIndividual	Diabetes Research on Patient Stratification	dbpedia:Sweden|dbpedia:Netherlands|dbpedia:Denmark|dbpedia:Finland|dbpedia:United_Kingdom	Participants in Study 1 were recruited from existing prospective cohort studies in or around each of the following European cities: Malmö, Sweden (Malmö Diet and Cancer Study [ 12 ]); Amsterdam, The Netherlands (Hoorn Study [ 3 ]); Copenhagen, Denmark (Inter99 [ 10 ]); and Kuopio, Finland […] Participants in Study 2 of DIRECT are recruited from or nearby each of the following European cities: Malmö, Sweden; Amsterdam, the Netherlands; Copenhagen, Denmark; Exeter, UK; Newcastle, UK; Dundee, UK	https://www.ebi.ac.uk/europepmc/webservices/rest/PMC4018481/fullTextXML
COHO:0000054	owl:NamedIndividual	Dortmund Health Study	dbpedia:Germany	We included cross-sectional data of five population-based longitudinal cohort studies from different areas of Germany: the Dortmund Health Study (DHS) conducted in the city of Dortmund	https://www.ebi.ac.uk/europepmc/webservices/rest/PMC7213856/fullTextXML
COHO:0000055	owl:NamedIndividual	Duke Cognition Cohort	dbpedia:United_States	DCC Duke Cognition Cohort USA	https://www.ebi.ac.uk/europepmc/webservices/rest/PMC5322272/fullTextXML
COHO:0000056	owl:NamedIndividual	DUNDEE	dbpedia:United_Kingdom	Scottish HGSOC samples were collected via local Bioresource facilities at Edinburgh, Glasgow, Dundee and Aberdeen	https://ega-archive.org/studies/EGAS00001004410
COHO:0000057	owl:NamedIndividual	Durban Diabetes Study	dbpedia:South_Africa	residing in urban black African communities in Durban (eThekwini municipality) in KwaZulu-Natal (South Africa)	https://pmc.ncbi.nlm.nih.gov/articles/PMC4999239/
COHO:0000058	owl:NamedIndividual	Dutch and Belgian Lung Cancer Screening Trial	dbpedia:Belgium|dbpedia:Netherlands	15 822 participants from the Netherlands and Belgium were registered up until July 2006.	https://pmc.ncbi.nlm.nih.gov/articles/PMC10121576/
COHO:0000059	owl:NamedIndividual	Dutch Microbiome Project	dbpedia:Netherlands	collect and analyze gut microbiome samples in ~10,000 participants from the Northern Netherlands	https://groningenmicrobiome.org/?page_id=14
COHO:0000060	owl:NamedIndividual	Edinburgh Stroke Study	dbpedia:United_Kingdom	We prospectively recruited all consenting patients with recent stroke from the emergency department; medical, neurology, and occasionally other (e.g., surgical) wards; stroke unit; and neurovascular clinics of the Western General Hospital, Edinburgh, United Kingdom, between April 2002 and May 2005 into the Edinburgh Stroke Study	https://www.ebi.ac.uk/europepmc/webservices/rest/PMC2730573/fullTextXML
COHO:0000062	owl:NamedIndividual	EPIGEN	dbpedia:Brazil	three populations with different histories from the Northeast (African ancestry: 50%), Southeast, and South (both with European ancestry >70%) of Brazil	https://europepmc.org/abstract/MED/26124090
COHO:0000063	owl:NamedIndividual	Erasmus Rucphen Family Study	dbpedia:Netherlands	The ERF study is being conducted in a genetically isolated population located in the southwest of the Netherlands.	https://pure.eur.nl/files/46334370/Koolwijk_%20Leonieke%20Maria%20Elisabeth%20van.pdf
COHO:0000064	owl:NamedIndividual	Estonian Biobank	dbpedia:Estonia	The Estonian Biobank has established a population-based biobank of Estonia	https://genomics.ut.ee/en/content/estonian-biobank
COHO:0000065	owl:NamedIndividual	European Prospective Investigation into Cancer	dbpedia:Denmark|dbpedia:France|dbpedia:Germany|dbpedia:Greece|dbpedia:Italy|dbpedia:Netherlands|dbpedia:Norway|dbpedia:Spain|dbpedia:Sweden|dbpedia:United_Kingdom	From 1992 to 2000, EPIC recruited over 500,000 individuals aged 25–70 years across 23 centres in 10 European countries: Denmark, France, Germany, Greece, Italy, the Netherlands, Norway, Spain, Sweden, and the United Kingdom	https://www.ebi.ac.uk/europepmc/webservices/rest/PMC13235047/fullTextXML
COHO:0000066	owl:NamedIndividual	European Prospective Investigation of Cancer-Norfolk	dbpedia:United_Kingdom	The EPIC-Norfolk cohort comprises 25 639 men and women resident in Norfolk, United Kingdom	https://epic.iarc.fr/centres/uk/
COHO:0000067	owl:NamedIndividual	EuroTARGET project	dbpedia:Netherlands|dbpedia:United_Kingdom|dbpedia:Iceland|dbpedia:Germany|dbpedia:Romania|dbpedia:Spain	Patients were recruited at participating centres in the Netherlands, the United Kingdom, Iceland, Germany, Romania and Spain	https://www.ebi.ac.uk/europepmc/webservices/rest/PMC9220885/fullTextXML
COHO:0000068	owl:NamedIndividual	Extremely Low Gestational Age Newborns	dbpedia:United_States	enrolled extremely preterm newborns from 2002 to 2004 at 14 hospitals in the United States.	https://ohiostate.elsevierpure.com/en/publications/histologic-chorioamnionitis-and-risk-of-neurodevelopmental-impair/
COHO:0000069	owl:NamedIndividual	Fatty Acid Sensor Study	dbpedia:Canada	254 healthy Canadian Caucasian subjects living in the Quebec City metropolitan area were recruited into the FAS study	https://eprints.soton.ac.uk/427434/1/revised_article_1_postJuanVrai_FINAL_black.pdf
COHO:0000070	owl:NamedIndividual	Finnish Twin Cohort Study	dbpedia:Finland	both twins were living and residing in Finland at the age of 16.	https://pmc.ncbi.nlm.nih.gov/articles/PMC1521926/
COHO:0000071	owl:NamedIndividual	FINRISK	dbpedia:Finland	The FINRISK studies were cross‐sectional population surveys carried out in Finland in a systematic and standardized fashion every 5 years since 1972	https://www.ebi.ac.uk/europepmc/webservices/rest/PMC8183175/fullTextXML
COHO:0000072	owl:NamedIndividual	Flemish Gut Flora Project	dbpedia:Belgium	we studied well-phenotyped individuals from the Flemish Gut Flora Project (FGFP, N=1,106, Belgium)	https://metadata.ega-archive.org/studies/EGAS00001001689
COHO:0000073	owl:NamedIndividual	Gabriel Advanced Survey	dbpedia:Germany	A third phase was carried out in a further stratified sample only in Bavaria, southern Germany	https://europepmc.org/abstract/MED/21819425
COHO:0000074	owl:NamedIndividual	GCAT Genomes for Life	dbpedia:Spain	designed to recruit the general population of the north-east region of Spain, Catalonia	https://www.ebi.ac.uk/europepmc/webservices/rest/PMC5875652/fullTextXML
COHO:0000075	owl:NamedIndividual	GENESIS	dbpedia:France	GENESIS (GENE SISters) is a French national study designed to identify new breast cancer susceptibility genes	https://pmc.ncbi.nlm.nih.gov/articles/PMC4583250/
COHO:0000076	owl:NamedIndividual	Genetic Analysis of Multiple Sclerosis	dbpedia:United_Kingdom|dbpedia:Australia|dbpedia:Austria|dbpedia:Belgium|dbpedia:Denmark|dbpedia:Finland|dbpedia:France|dbpedia:Germany|dbpedia:Republic_of_Ireland|dbpedia:Italy|dbpedia:New_Zealand|dbpedia:Norway|dbpedia:Poland|dbpedia:Spain|dbpedia:Sweden|dbpedia:Switzerland|dbpedia:United_States	a cross-sectional population-based survey conducted in rural areas of Austria, Germany, and Switzerland	https://www.ebi.ac.uk/europepmc/webservices/rest/PMC3182531/supplementaryFiles
COHO:0000078	owl:NamedIndividual	Genetic Epidemiology of Asthma in Costa Rica	dbpedia:Costa_Rica	children aged 6–14 years with mild to moderate asthma from 140 schools across the Central Valley of Costa Rica	https://pmc.ncbi.nlm.nih.gov/articles/PMC11178010/
COHO:0000079	owl:NamedIndividual	Genetic Overlap between Metabolic and Psychiatric traits	dbpedia:Greece	in a Greek sample collection (GOMAP) comprising three patient groups	https://europepmc.org/abstract/MED/30470734
COHO:0000080	owl:NamedIndividual	Genetic Prostate cancer risk stratification for targeted screening	dbpedia:United_Kingdom	through cancer genetics and uro-oncology clinics at a National Health Service cancer hospital in London	https://www.ebi.ac.uk/europepmc/webservices/rest/PMC4912360/fullTextXML
COHO:0000081	owl:NamedIndividual	Genetic Research in Isolated	dbpedia:Netherlands	subjects from the Erasmus Rucphen Family (ERF), which is a genetically isolated community in the South-West of the Netherlands, and studied as part of the Genetic Research in Isolated Populations (GRIP) program	https://www.ebi.ac.uk/europepmc/webservices/rest/PMC5984098/fullTextXML
COHO:0000082	owl:NamedIndividual	Genetics of diabetes Audit and Research	dbpedia:United_Kingdom	Between 1996 and 2015, GoDARTS recruited 10149 type 2 diabetes patients from the Tayside region of Scotland.	https://www.frontiersin.org/journals/endocrinology/articles/10.3389/fendo.2024.1350796/full
COHO:0000083	owl:NamedIndividual	Genetics of Healthy Aging	dbpedia:Netherlands	nonagenarian sibling pairs have been recruited in eleven countries among 15 study centers.	https://www.ncbi.nlm.nih.gov/research/bionlp/RESTful/pmcoa.cgi/BioC_xml/PMC3725963/unicode
COHO:0000084	owl:NamedIndividual	GenomeAsia 100K project	dbpedia:Asia	a whole-genome sequencing reference dataset from 1,739 individuals of 219 population groups and 64 countries across Asia	https://europepmc.org/abstract/MED/31802016
COHO:0000085	owl:NamedIndividual	German Multiple Myeloma Study Group	dbpedia:Germany	658 German GMMG patients	https://www.ebi.ac.uk/europepmc/webservices/rest/PMC11300596/fullTextXML
COHO:0000086	owl:NamedIndividual	Ghana Prostate Study	dbpedia:Ghana	we recruited 676 prostate cancer cases at Korle Bu Teaching Hospital in Accra, Ghana	https://www.ncbi.nlm.nih.gov/projects/gap/cgi-bin/study.cgi?study_id=phs000838.v1.p1
COHO:0000087	owl:NamedIndividual	Glaucoma Inheritance Study in Tasmania	dbpedia:Australia	The GIST aimed to recruit all cases of glaucoma in Tasmania (an island state of Australia)	https://genepi.qimr.edu.au/contents/publications/staff/Burdon_NatGen_OSI_574-578.pdf
COHO:0000088	owl:NamedIndividual	Greece Hellenic Isolated Cohorts	dbpedia:Greece	biological samples were collected from the mountainous Mylopomatos villages in Crete, Greece	https://www.ebi.ac.uk/europepmc/webservices/rest/PMC8640022/fullTextXML
COHO:0000089	owl:NamedIndividual	Health and Retirement Study	dbpedia:United_States	The Health and Retirement Study (HRS) is a nationally representative longitudinal survey of more than 37 000 individuals over age 50 in 23 000 households in the USA	https://europepmc.org/abstract/MED/24671021
COHO:0000090	owl:NamedIndividual	Health2000 Study	dbpedia:Finland	This study was based on the data of the national Health 2000 Survey (BRIF8901) in Finland	https://europepmc.org/abstract/MED/34847907
COHO:0000091	owl:NamedIndividual	Heart Protection Study	dbpedia:United_Kingdom	20,536 UK adults (aged 40-80 years) with coronary disease, other occlusive arterial disease, or diabetes were randomly allocated	https://europepmc.org/abstract/MED/12114036
COHO:0000092	owl:NamedIndividual	Hoorn Diabetes Care System	dbpedia:Netherlands	The DCS consists of persons with T2D in primary care from the West-Friesland region of the Netherlands.	https://pubmed.ncbi.nlm.nih.gov/28588112/
COHO:0000093	owl:NamedIndividual	Hospital Discharge Register Sweden	dbpedia:Sweden	The Swedish Hospital Discharge Register, which contains information on all hospital diagnoses for all people in Sweden.	https://www.jthjournal.org/article/S1538-7836%2822%2903883-1/fulltext
COHO:0000094	owl:NamedIndividual	Human Genetics Initiative	dbpedia:United_States	in five waves at 11 sites across the United States	https://pmc.ncbi.nlm.nih.gov/articles/PMC7287780/
COHO:0000095	owl:NamedIndividual	Hunter Community Study	dbpedia:Australia	Over 7,500 people were randomly selected from the compulsory electoral roll of Newcastle, Australia, and invited to participate in the Hunter Community Study (HCS)	https://www.ebi.ac.uk/europepmc/webservices/rest/PMC4814826/fullTextXML
COHO:0000096	owl:NamedIndividual	Icelandic Cancer Registry	dbpedia:Iceland	The nationwide Icelandic Cancer Registry (ICR) was established in 1954	https://europepmc.org/abstract/MED/22974093
COHO:0000097	owl:NamedIndividual	Identification of Men with a genetic predisposition to ProstAte Cancer	dbpedia:United_Kingdom|dbpedia:Australia|dbpedia:Israel|dbpedia:Italy|dbpedia:Norway|dbpedia:Portugal|dbpedia:Spain|dbpedia:United_States	eight countries (Australia, Israel, Italy, Norway, Portugal, Spain, the UK, and the USA	https://www.ebi.ac.uk/europepmc/webservices/rest/PMC8576477/fullTextXML
COHO:0000099	owl:NamedIndividual	Indiana Sisters Study	dbpedia:United_States	Families with two or more healthy premenopausal sisters were recruited from the state of Indiana to identify genes contributing to bone mass.	https://pmc.ncbi.nlm.nih.gov/articles/PMC3153352/
COHO:0000100	owl:NamedIndividual	INfancia y Medio Ambiente Project	dbpedia:Spain	Genotypic data for unaffected controls were obtained from 1061 individuals from the INfancia y Medio Ambiente (INMA) project (Valencia, Sabadell and Menorca, Spain	https://www.ebi.ac.uk/europepmc/webservices/rest/PMC6408457/fullTextXML
COHO:0000101	owl:NamedIndividual	International Cancer Genome Consortium-Chronic Lymphocytic Leukemia	dbpedia:Spain	Aligned WGS reads from 52 Spanish CLL patients [ 38 , 39 ] were obtained from the International Cancer Genome Consortium	https://www.ebi.ac.uk/europepmc/webservices/rest/PMC11641350/fullTextXML
COHO:0000105	owl:NamedIndividual	Italian Network on Genetic Isolates Studies	dbpedia:Italy	We characterised whole-genome sequences from isolated populations localised in three different geographical areas of Italy	https://www.ebi.ac.uk/europepmc/webservices/rest/PMC7080768/fullTextXML
COHO:0000106	owl:NamedIndividual	Leeds Melanoma Cohort	dbpedia:United_Kingdom	Population-ascertained incident melanoma cases were recruited to an ethically approved case-control study in a geographically defined area of the UK	https://pmc.ncbi.nlm.nih.gov/articles/PMC4065372/
COHO:0000107	owl:NamedIndividual	Leiden Longevity Study	dbpedia:Netherlands	The LLS, initiated in 2002 in the Netherlands, is an ongoing cohort	https://www.ebi.ac.uk/europepmc/webservices/rest/PMC13548661/fullTextXML
COHO:0000108	owl:NamedIndividual	LifeLines	dbpedia:Netherlands	Lifelines population living in the Northern parts of the Netherlands, and without recent antimicrobial use and occupational livestock contact	https://metadata.ega-archive.org/studies/EGAS00001003944
COHO:0000109	owl:NamedIndividual	Living Biobank	dbpedia:Singapore	sampled from 2 population-based cohorts in Singapore: the Multi-Ethnic Cohort (MEC) (14) and the Singapore Health 2012 (SH2012)	https://academic.oup.com/jcem/article/105/12/3854/5906591
COHO:0000110	owl:NamedIndividual	Los Angeles component of The Womens Contraceptive and Reproductive Experiences Study	dbpedia:United_States	recruited women aged 35–64 years old diagnosed with invasive breast cancer between 1994–1998 from five metropolitan areas: Atlanta, Detroit, Los Angeles, Philadelphia, and Seattle.	https://pmc.ncbi.nlm.nih.gov/articles/PMC2756173/
COHO:0000111	owl:NamedIndividual	Lothian Birth Cohort	dbpedia:United_Kingdom	participants of both Surveys, mostly living in Edinburgh and the surrounding area (the Lothians) in older age, were invited to participate	https://pmc.ncbi.nlm.nih.gov/articles/PMC6124629/
COHO:0000112	owl:NamedIndividual	Lund Stroke Register	dbpedia:Sweden	416 patients included in the Lund Stroke Register, Sweden, between March 1, 2001, and February 28, 2002	https://europepmc.org/abstract/MED/24803595
COHO:0000113	owl:NamedIndividual	Marseille Thrombosis Association Study	dbpedia:France	Recruitment in MARTHA started in 1994 at Timone Hospital in Marseille (France) and is still ongoing.	https://www.nature.com/articles/s41467-023-38383-y
COHO:0000114	owl:NamedIndividual	Mexican Biobank	dbpedia:Mexico	recruited by the National Institute of Public Health (Instituto Nacional de Salud Pública) across all 32 states of Mexico.	https://www.nature.com/articles/s41586-023-06560-0
COHO:0000115	owl:NamedIndividual	MIRAGE	dbpedia:United_States|dbpedia:Canada|dbpedia:Germany|dbpedia:Greece	enrolled AD cases and unaffected sibling controls at 17 clinical centers in the United States, Canada, Germany and Greece.	https://pmc.ncbi.nlm.nih.gov/articles/PMC3365264/
COHO:0000117	owl:NamedIndividual	MOnica Risk, Genetics, Archiving and Monograph	dbpedia:Europe	Follow-up data were collected in 43 cohorts in 18 populations in 8 European countries	https://europepmc.org/abstract/MED/19520994
COHO:0000119	owl:NamedIndividual	Multi-Ethnic Study of Atherosclerosis	dbpedia:United_States	Patients were enrolled from six field centers across the United States over a two-year period.	https://www.nhlbi.nih.gov/science/multi-ethnic-study-atherosclerosis-mesa
COHO:0000121	owl:NamedIndividual	Multiethnic Cohort Study of Diet and Health	dbpedia:United_States	living in Hawaii and in California (primarily Los Angeles County)	https://pmc.ncbi.nlm.nih.gov/articles/PMC4482109/
COHO:0000122	owl:NamedIndividual	Multiple Environmental and Genetic Assessment of Risk Factors for Venous Thrombosis	dbpedia:Netherlands	Between March 1999 and September 2004, consecutive patients aged <70 years with a first episode of deep venous thrombosis (leg or arm) or pulmonary embolism were included from the files of six participating anticoagulation clinics in the Netherlands (Amersfoort, Amsterdam, The Hague, Leiden, Rotterdam, and Utrecht)	https://www.ebi.ac.uk/europepmc/webservices/rest/PMC2726929/fullTextXML
COHO:0000123	owl:NamedIndividual	National Health Service Blood and Transplant	dbpedia:United_Kingdom	blood donors aged 18 years and older were recruited at 25 centres of England’s National Health Service Blood and Transplant (NHSBT).	https://www.ncbi.nlm.nih.gov/research/bionlp/RESTful/pmcoa.cgi/BioC_xml/PMC6697541/unicode
COHO:0000124	owl:NamedIndividual	National Study of Colorectal Cancer Genetics	dbpedia:United_Kingdom	Sites of centres in the United Kingdom recruiting to NSCCG as of March 2007.	https://pmc.ncbi.nlm.nih.gov/articles/PMC2360468/
COHO:0000125	owl:NamedIndividual	Netherlands Twin Registry	dbpedia:Netherlands	recruits approximately 40% of new-born twins or higher-order multiples in the Netherlands for longitudinal research.	https://pmc.ncbi.nlm.nih.gov/articles/PMC7355279/
COHO:0000126	owl:NamedIndividual	New England-based Case-Control Study of Ovarian Cancer	dbpedia:United_States	The project recruited cases from Eastern Massachusetts and New Hampshire	https://www.ncbi.nlm.nih.gov/projects/gap/cgi-bin/study.cgi?study_id=phs001034.v1.p1
COHO:0000127	owl:NamedIndividual	NIDDK	dbpedia:United_States	The Gastroparesis Clinical Research Consortium (GpCRC) is a network of GI tertiary centers in the United States	https://www.ebi.ac.uk/europepmc/webservices/rest/PMC10576603/fullTextXML
COHO:0000128	owl:NamedIndividual	Nijmegen Biomedical Study	dbpedia:Netherlands	Subjects from the Netherlands were recruited within the ‘Nijmegen Biomedical Study’	https://pmc.ncbi.nlm.nih.gov/articles/PMC9136713/
COHO:0000129	owl:NamedIndividual	Northern Ireland Cohort for Longitudinal Study of Ageing	dbpedia:United_Kingdom	The Northern Ireland Cohort for the Longitudinal Study of Ageing (NICOLA) is Northern Ireland’s largest health and social care cohort collecting longitudinal data from a representative sample of the over-50s population	https://www.ebi.ac.uk/europepmc/webservices/rest/PMC10396407/fullTextXML
COHO:0000130	owl:NamedIndividual	Northern Sweden Population Health Study	dbpedia:Sweden	a health survey of the population in the parish of Karesuando, county of Norrbotten, Sweden	https://pmc.ncbi.nlm.nih.gov/articles/PMC3606982/
COHO:0000131	owl:NamedIndividual	Norwegian Mother and Child Cohort study	dbpedia:Norway	participants were recruited from all over Norway during 1999-2008	https://www.bmj.com/content/348/bmj.g1446
COHO:0000132	owl:NamedIndividual	Orkney Complex Disease Study	dbpedia:United_Kingdom	in the isolated archipelago of the Orkney Isles in northern Scotland	https://viking.ed.ac.uk/our-data-and-samples/cohorts
COHO:0000136	owl:NamedIndividual	Oxford Biobank	dbpedia:United_Kingdom	the Oxford BioBank study recruited 5,425 adults (aged 29‐55 years) from the general population of Oxfordshire, UK	https://pmc.ncbi.nlm.nih.gov/articles/PMC6618903/
COHO:0000137	owl:NamedIndividual	PanCareLIFE	dbpedia:Europe	PanCareLIFE is a pan-European consortium that addresses survivorship issues	https://europepmc.org/abstract/MED/30273888
COHO:0000138	owl:NamedIndividual	Parkinson Environment and Gene	dbpedia:United_States	The Parkinson Environment and Genes (PEG) study is a population-based case-control study conducted in central California.	https://www.ebi.ac.uk/europepmc/webservices/rest/PMC11915066/fullTextXML
COHO:0000139	owl:NamedIndividual	People of the British Isles	dbpedia:United_Kingdom	in 2004 researchers started to collect DNA from volunteers at rural locations throughout the UK	https://www.oum.ox.ac.uk/settlers/
COHO:0000140	owl:NamedIndividual	Physical Activity and Nutrition in Children Study	dbpedia:Finland	a population sample of primary school children from the city of Kuopio, Finland	https://www.sciencedirect.com/science/article/pii/S1526590016300190
COHO:0000141	owl:NamedIndividual	Population-based Colonoscopy study	dbpedia:Sweden	The Population-based Colonoscopy (PopCol) study is a cohort of Swedish-born individuals from Stockholm, Sweden	https://www.ebi.ac.uk/europepmc/webservices/rest/PMC8654685/fullTextXML
COHO:0000142	owl:NamedIndividual	Precocious Coronary Artery Disease Study	dbpedia:United_Kingdom|dbpedia:Sweden|dbpedia:Germany|dbpedia:Italy	CHD cases were recruited from four European countries (UK, Italy, Sweden and Germany) between 2004 and 2008	https://pmc.ncbi.nlm.nih.gov/articles/PMC5922567/
COHO:0000143	owl:NamedIndividual	Pressioni Arteriose Monitorate E Loro Associazionie	dbpedia:Italy	3200 subjects representative of the population of Monza (a town near Milan, Italy)	https://pmc.ncbi.nlm.nih.gov/articles/PMC9659864/
COHO:0000144	owl:NamedIndividual	Prospective Investigation of the Vasculature in Uppsala Seniors	dbpedia:Sweden	individuals at the age of 70 years living in the community of Uppsala, Sweden were randomly selected from the community register	https://www.ebi.ac.uk/europepmc/webservices/rest/PMC8895748/fullTextXML
COHO:0000145	owl:NamedIndividual	Psoriasis Association Genetics Extension	dbpedia:United_States|dbpedia:Canada|dbpedia:Estonia|dbpedia:Germany	USA UMich/NPF/HFH UMich/FIMR/NPF 1,351 2,694 Canada UToronto/MU UToronto 362 20 PAGE Immunochip Estonia UTartu/EGCUT EGCUT 1,295 898 Germany CAU Kiel CAU Kiel/KORA/HNR 572 2,290	https://researchonline.lshtm.ac.uk/2064717/1/NIHMS416128-supplement-1.pdf
COHO:0000147	owl:NamedIndividual	Research on Adolescent Development and Relationships	dbpedia:Netherlands	Participants were recruited via 230 randomly selected elementary schools from several medium-sized cities in the center of the Netherlands.	https://journals.sagepub.com/doi/abs/10.1177/08902070221119782
COHO:0000148	owl:NamedIndividual	Rotterdam Study	dbpedia:Netherlands	The Rotterdam Study is an ongoing prospective cohort study that started in 1990 in the city of Rotterdam, The Netherlands	https://europepmc.org/abstract/MED/32367290
COHO:0000149	owl:NamedIndividual	Saguenay-Lac-Saint-Jean asthma study	dbpedia:Canada	a familial collection was built in the Saguenay-Lac-Saint-Jean (SLSJ) region, which is localized in northeastern Quebec, Canada	https://europepmc.org/abstract/MED/24646526
COHO:0000150	owl:NamedIndividual	Sahlgrenska Academy Study on Ischemic Stroke	dbpedia:Sweden	were recruited consecutively at the stroke unit at the Sahlgrenska University Hospital, Gothenburg, Sweden during 1998–2003	https://pmc.ncbi.nlm.nih.gov/articles/PMC9684578/
COHO:0000151	owl:NamedIndividual	SardiNIA Study of Aging	dbpedia:Italy	recruited 6,148 Sardinians aged 14 and older, from a cluster of four towns in the Lanusei Valley in the Ogliastra region	https://www.ncbi.nlm.nih.gov/projects/gap/cgi-bin/study.cgi?study_id=phs000338.v1.p1
COHO:0000152	owl:NamedIndividual	Scania Diabetes Registry	dbpedia:Sweden	The Scania Diabetes Registry contains over 7000 diabetes patients recruited at hospitals in Scania, Sweden as from 1996.	https://researchdata.se/en/catalogue/dataset/ext0074-1
COHO:0000153	owl:NamedIndividual	Shanghai Study	dbpedia:China	Whole exome sequencing for gallbladder cancer in Xinhua Hospital Affiliated to Shanghai Jiao Tong University	https://ega-archive.org/studies/EGAS00001000853
COHO:0000154	owl:NamedIndividual	Short Course Oncology Treatment trial	dbpedia:United_Kingdom|dbpedia:Denmark|dbpedia:Spain|dbpedia:Sweden|dbpedia:Australia|dbpedia:New_Zealand	Patients were recruited from 244 centres in six countries (the UK, Denmark, Spain, Sweden, Australia, and New Zealand)	https://www.ebi.ac.uk/europepmc/webservices/rest/PMC5883334/fullTextXML
COHO:0000155	owl:NamedIndividual	Simons Simplex Collection	dbpedia:United_States|dbpedia:Canada	The simplex families were recruited through 12 university affiliated research clinics located in Canada and the United States.	https://doi.org/10.1371/journal.pone.0137725
COHO:0000156	owl:NamedIndividual	Singapore Chinese Study	dbpedia:Singapore	We performed genome-wide genotyping on 2,000 age- and gender-matched case-control series of Singapore Chinese (SCH) patients	https://www.ebi.ac.uk/europepmc/webservices/rest/PMC3411754/fullTextXML
COHO:0000157	owl:NamedIndividual	SORCE	dbpedia:United_Kingdom|dbpedia:Australia|dbpedia:Denmark|dbpedia:France|dbpedia:Belgium|dbpedia:Netherlands|dbpedia:Spain	SORCE was active at 82 UK hospitals, and 48 hospitals internationally in Australia, Denmark, France, Belgium, The Netherlands and Spain	https://innovative-ctu.ucl.ac.uk/studies/all-studies/s/sorce/
COHO:0000158	owl:NamedIndividual	Spit for Science	dbpedia:United_States	Students at Virginia Commonwealth University will once again be asked to fill out a follow-up survey	https://news.vcu.edu/article/spit_for_science_project_continues_at_vcu
COHO:0000159	owl:NamedIndividual	Sweden Bipolar Disorder Cohort	dbpedia:Sweden	recruited participants from two primary sources: (1) the Swedish National Quality Register for bipolar disorder (BipoläR)	https://pmc.ncbi.nlm.nih.gov/articles/PMC12144026/
COHO:0000160	owl:NamedIndividual	Swedish Twin Registry	dbpedia:Sweden	all twin births that take place and are registered in Sweden	https://ki.se/en/research/research-infrastructure-and-environments/core-facilities-for-research/the-swedish-twin-registry/information-for-twins
COHO:0000161	owl:NamedIndividual	Taiwan Type 2 Diabetes Study	dbpedia:Taiwan	We conducted a two-stage GWAS to identify genetic variants for T2D in the Han-Chinese residing in Taiwan.	https://pmc.ncbi.nlm.nih.gov/articles/PMC2824763/
COHO:0000162	owl:NamedIndividual	TEENs of Attica: Genes and Environment	dbpedia:Greece	attending public secondary schools located in the wider Athens area of Attica in Greece were recruited in the study	https://www.ebi.ac.uk/europepmc/webservices/rest/PMC3652032/fullTextXML
COHO:0000163	owl:NamedIndividual	The English Longitudinal Study of Ageing	dbpedia:United_Kingdom	a representative cohort of men and women living in England aged ≥50 years	https://pmc.ncbi.nlm.nih.gov/articles/PMC3900867/
COHO:0000164	owl:NamedIndividual	The Fenland Study	dbpedia:United_Kingdom	recruited 12,435 participants via general practices from 3 centers (Cambridge, Ely, Wisbech) in Cambridgeshire, United Kingdom	https://pmc.ncbi.nlm.nih.gov/articles/PMC7315099/
COHO:0000165	owl:NamedIndividual	The Helmholtz-Gemeinschaft Deutscher Forschungszentren	dbpedia:Germany	LUCY (LUng Cancer in the Young) is an multicenter study with 31 recruiting hospitals in Germany.	https://www.downstate.edu/research/centers-departments/henri-begleiter-neurodynamics-laboratory/_documents/2012-Hartz-IncreasedgeneticvulnerabilitytosmokingatCHRNA5inearly-onsetsmokers-Supplement.pdf
COHO:0000166	owl:NamedIndividual	The MANOLIS cohort	dbpedia:Greece	adults from isolated Mylopotamos villages, Crete, Greece, the Hellenic Isolated Cohorts MANOLIS study	https://pmc.ncbi.nlm.nih.gov/articles/PMC10261406/
COHO:0000167	owl:NamedIndividual	The Netherlands AAA GWAS dataset	dbpedia:Netherlands	The individual GWAS data sets from Iceland and the Netherlands were adjusted for genomic inflation	https://www.ebi.ac.uk/europepmc/webservices/rest/PMC5253231/fullTextXML
COHO:0000168	owl:NamedIndividual	The Norwegian Biobank for Myeloma	dbpedia:Norway	Norwegian Biobank for Myeloma (Trondheim, Norway)	https://www.ebi.ac.uk/europepmc/webservices/rest/PMC4932178/fullTextXML
COHO:0000169	owl:NamedIndividual	The Pakistan Risk Of Myocardial Infarction Study	dbpedia:Pakistan	PROMIS participants were recruited from multiple centres in urban Pakistan	https://www.ebi.ac.uk/europepmc/webservices/rest/PMC8431908/fullTextXML
COHO:0000170	owl:NamedIndividual	The Secondary Manifestations of ARTerial disease study	dbpedia:Netherlands	631 cases of AAA and 6342 AAA free controls recruited from University Medical Center Utrecht, the Netherlands	https://pmc.ncbi.nlm.nih.gov/articles/PMC3573227/
COHO:0000171	owl:NamedIndividual	The Hellenic study of Interactions between Single nucleotide polymorphisms and Eating in Atherosclerosis Susceptibility	dbpedia:Greece	The sample under study comprised 924 Greek individuals (390 cases with CAD and 534 controls) from the THISEAS study	https://europepmc.org/abstract/MED/38929788
COHO:0000173	owl:NamedIndividual	Twins Early Development Study	dbpedia:United_Kingdom	recruited over 16,000 twin pairs born between 1994 and 1996 in England and Wales through national birth records	https://pmc.ncbi.nlm.nih.gov/articles/PMC7056571/
COHO:0000174	owl:NamedIndividual	Type 1 Diabetes Genetics Consortium	dbpedia:Europe|dbpedia:Northern_America|dbpedia:United_Kingdom|dbpedia:Asia|dbpedia:Oceania	T1DGC was organized into four regional networks (Asia-Pacific, Europe, North America, and the United Kingdom)	https://europepmc.org/abstract/MED/20603248
COHO:0000175	owl:NamedIndividual	UK Adult Twin Register	dbpedia:United_Kingdom	a cohort of volunteer adult twins from all over the United Kingdom	https://pmc.ncbi.nlm.nih.gov/articles/PMC3600616/
COHO:0000176	owl:NamedIndividual	UK Biobank	dbpedia:United_Kingdom	The 500,000 participants were assessed between 2006 and 2010 in 22 assessment centres throughout the UK	https://www.ebi.ac.uk/europepmc/webservices/rest/PMC4380465/fullTextXML
COHO:0000177	owl:NamedIndividual	UK Brain Expression Consortium	dbpedia:United_Kingdom|dbpedia:United_States	Edinburgh, UK (Millar et al. 2007), and the Sun Health Research Institute (SHRI) an affiliate of Sun Health Corporation, USA	https://ukbec.wordpress.com/materials-methods/
COHO:0000178	owl:NamedIndividual	UK Childhood Cancer Study	dbpedia:United_Kingdom	An investigation into the possible causes of childhood cancer has been carried out throughout England, Scotland and Wales	https://pmc.ncbi.nlm.nih.gov/articles/PMC2374433/
COHO:0000179	owl:NamedIndividual	UK Household Longitudinal Study	dbpedia:United_Kingdom	The UKHLS is a longitudinal survey of the members of approximately 40,000 households in the UK	https://www.gov.uk/government/publications/state-of-the-nation-2024-local-to-national-mapping-opportunities-for-all/technical-annex
COHO:0000180	owl:NamedIndividual	UK Inflammatory Bowel Disease Genetics Consortium	dbpedia:United_Kingdom	building a vast database of genetic and clinical data from patients across the UK	https://www.crohnsandcolitis.org.uk/our-work/research-and-evidence/our-past-research-projects/using-genetics-to-discover-what-causes-ibd-and-why-people-react-in-different-ways-to-drugs
COHO:0000181	owl:NamedIndividual	Viking Health Study	dbpedia:United_Kingdom	Over 2,000 volunteers from the archipelago of Shetland were recruited to the Viking Health Study Shetland in 2013–2015.	https://www.nature.com/articles/s41598-019-47436-6
COHO:0000182	owl:NamedIndividual	Wellcome Trust Case Control Consortium	dbpedia:United_Kingdom	Individuals included in the study were living within England, Scotland and Wales (‘Great Britain’)	https://www.ncbi.nlm.nih.gov/research/bionlp/RESTful/pmcoa.cgi/BioC_xml/PMC2719288/unicode
COHO:0000183	owl:NamedIndividual	Basquecolon cohort	dbpedia:Spain	Basque-colon cohort included 873 participants with colon cancer, biobanked between 20092019. Participants were diagnosed and/or treated according to usual clinical practice in the Donostia University Hospital, San Sebastian, Spain	https://www.ebi.ac.uk/europepmc/webservices/rest/PMC10545678/supplementaryFiles
COHO:0000184	owl:NamedIndividual	INTERVAL study	dbpedia:United_Kingdom	we recruited whole blood donors aged 18 years or older from 25 centres across England, UK	https://pmc.ncbi.nlm.nih.gov/articles/PMC5714430/
COHO:0000185	owl:NamedIndividual	CONVERGE	dbpedia:China	from 58 provincial mental health centres and psychiatric departments of general medical hospitals in 45 cities and 23 provinces of China	https://www.ebi.ac.uk/europepmc/webservices/rest/PMC4522619/fullTextXML
COHO:0000186	owl:NamedIndividual	Gene-Environmental Interaction and phenotype study	dbpedia:South_Korea	we used data from the Gene-Environment of Interaction and phenotype (GENIE) cohort, and the Health and Prevention Enhancement (H-PEACE) cohort, at the Seoul National University Hospital Healthcare System Gangnam Center, where comprehensive health check-ups and screening are done in Korean populations	https://www.ebi.ac.uk/europepmc/webservices/rest/PMC8817039/fullTextXML
COHO:0000187	owl:NamedIndividual	China Atherosclerosis Study	dbpedia:China		
COHO:0000188	owl:NamedIndividual	Diabetes Prediction and Prevention	dbpedia:Finland	In 1994, an ongoing birth cohort study (Type 1 Diabetes prediction and prevention study [DIPP]) was launched in Finland	https://www.ebi.ac.uk/europepmc/webservices/rest/PMC2605239/fullTextXML
COHO:0000189	owl:NamedIndividual	Functional genomic diagnostic tools for coronary artery disease	dbpedia:Lebanon	Patients were recruited at two major hospitals in Lebanon, between May 2007 and June 2010 as part of a multi-center cross-sectional study for the FGENTCARD Consortium	https://www.ebi.ac.uk/europepmc/webservices/rest/PMC7993530/fullTextXML
COHO:0000190	owl:NamedIndividual	German Chronic Kidney Disease Study	dbpedia:Germany	Mehr als 5000 Patienten wurden deutschlandweit zwischen 2010 und 2012 rekrutiert.	https://www.gckd.de/studienhintergrund/
COHO:0000191	owl:NamedIndividual	German Longevity Study	dbpedia:Germany	recruited as part of the FoCus cohort [41] and as blood donors at the University Hospital Schleswig-Holstein in Kiel and Lübeck, Germany	https://pmc.ncbi.nlm.nih.gov/articles/PMC9504529/
COHO:0000192	owl:NamedIndividual	Global Registry of Acute Coronary Events	dbpedia:Northern_America|dbpedia:SouthAmerica|dbpedia:Europe|dbpedia:Australia|dbpedia:New_Zealand	A total of 18 cluster sites in 14 countries in North America, South America, Europe, Australia, and New Zealand are currently collaborating in GRACE	https://europepmc.org/abstract/MED/11174331
COHO:0000193	owl:NamedIndividual	TwinGene Study	dbpedia:Sweden	STR—Twingene | Sweden	https://www.frontiersin.org/journals/genetics/articles/10.3389/fgene.2021.716364/full
COHO:0000194	owl:NamedIndividual	Uppsala Longitudinal Study of Adult Men	dbpedia:Sweden	based on all available men, born between 1920 and 1924 and living in Uppsala County, Sweden	https://www.uu.se/en/research/ulsam
COHO:0000195	owl:NamedIndividual	Baltimore Longitudinal Study of Ageing	dbpedia:United_States	volunteers continually recruited since 1958, primarily from the Baltimore-Washington, DC, area	https://pmc.ncbi.nlm.nih.gov/articles/PMC2646088/
COHO:0000196	owl:NamedIndividual	Motor Neuron Disease Biobank study	dbpedia:United_Kingdom	We collected samples from patients with sporadic ALS from 20 UK hospitals	https://europepmc.org/abstract/MED/20801717
COHO:0000197	owl:NamedIndividual	Diabetic Cohort	dbpedia:Singapore	A total of 14 033 adult participants with type 2 diabetes were recruited from multiple public sector polyclinics and hospital outpatient clinics in Singapore	https://europepmc.org/abstract/MED/32474429
COHO:0000198	owl:NamedIndividual	Ely Study	dbpedia:United_Kingdom	We recruited from a population-based cohort in Cambridgeshire, UK, (Medical Research Council Ely Study)	https://pubmed.ncbi.nlm.nih.gov/20576086/
COHO:0000199	owl:NamedIndividual	Genetic Asthma Susceptibility to Indoor Pollution in Peru	dbpedia:Peru	the GASP study which evaluates the association between genetics, environment and asthma status among children and adolescents residing in Peru.	https://www.ncbi.nlm.nih.gov/research/bionlp/RESTful/pmcoa.cgi/BioC_xml/PMC8429514/unicode
COHO:0000200	owl:NamedIndividual	Parkinson's Progression Markers Initiative	dbpedia:United_States|dbpedia:Austria|dbpedia:France|dbpedia:Germany|dbpedia:Greece|dbpedia:Israel|dbpedia:Italy|dbpedia:Norway|dbpedia:Spain|dbpedia:United_Kingdom|dbpedia:Australia	Austria, Canada, France, Germany, Greece, Israel, Italy, the Netherlands, Norway, Spain, the UK, and the USA	https://www.sciencedirect.com/science/article/pii/S1474442223001096
COHO:0000201	owl:NamedIndividual	Psychosis Endophenotype Consortium	dbpedia:Australia|dbpedia:Germany|dbpedia:Netherlands|dbpedia:Spain|dbpedia:United_Kingdom	These samples were collected through seven centers across Australia and Europe (Germany, Holland, Spain, and United Kingdom)	https://www.ebi.ac.uk/europepmc/webservices/rest/PMC3923972/fullTextXML
COHO:0000202	owl:NamedIndividual	Study of Health in Pomerania	dbpedia:Germany	A sample of 7008 women and men aged 20 to 79 years in a north-east region of Germany	https://europepmc.org/abstract/MED/11565448
COHO:0000203	owl:NamedIndividual	The Cooperative Health Research in South Tyrol	dbpedia:Italy	baseline assessment was carried out in Vinschgau/Val Venosta (Bozen/Bolzano, Italy) between 2011 and 2018	https://www.ebi.ac.uk/europepmc/webservices/rest/PMC8615508/fullTextXML
COHO:0000204	owl:NamedIndividual	The Health Effects of Arsenic Longitudinal Study	dbpedia:Bangladesh	a cohort of adults in Araihazar, Bangladesh, a rural area east of the capital city, Dhaka.	https://www.ebi.ac.uk/europepmc/webservices/rest/PMC3285587/fullTextXML
COHO:0000206	owl:NamedIndividual	100,000 Genomes Project	dbpedia:United_Kingdom	Using WGS of UK Biobank1, we showed that rarealleles can explain	https://ega-archive.org/studies/EGAS00001004364
COHO:0000207	owl:NamedIndividual	1958 British Birth Cohort	dbpedia:United_Kingdom	using the 1958 British Birth Cohort as controls	https://ega-archive.org/studies/EGAS00000000038
COHO:0000208	owl:NamedIndividual	300BCG	dbpedia:Netherlands		
COHO:0000212	owl:NamedIndividual	African Collaborative Center for Microbiome and Genomics Research	dbpedia:Nigeria		
COHO:0000213	owl:NamedIndividual	African Genome Resource	dbpedia:Africa	Whole genome DNAseq data at 4x-8x depth from approximately 3,000 Africans of 14 distinct ethnicities	https://ega-archive.org/studies/EGAS00001001917
COHO:0000214	owl:NamedIndividual	African Genome Variation Project	dbpedia:Uganda|dbpedia:South_Africa|dbpedia:Ethiopia	As part of the AGVP we sequenced 3 African populations; Baganda from Uganda (4x), Zulu from South Africa (4x), Gumuz, Wolayta, Oromo, Somali and Amhara from Ethiopia (8x).	https://ega-archive.org/studies/EGAS00001000960
COHO:0000216	owl:NamedIndividual	ALLG ALL06	dbpedia:Australia|dbpedia:New_Zealand		
COHO:0000217	owl:NamedIndividual	Alpe-DPD study	dbpedia:Netherlands		
COHO:0000218	owl:NamedIndividual	APCDR Diabetes Case Control Study	dbpedia:South_Africa		
COHO:0000220	owl:NamedIndividual	Australian childhood AML cohort	dbpedia:Australia	Overall, 21% of the Australian cohort and 25% of the TARGET cohort presented germline variants	https://ega-archive.org/studies/EGAS00001006276
COHO:0000222	owl:NamedIndividual	Beat AML	dbpedia:United_States		
COHO:0000223	owl:NamedIndividual	Belgian Approach of Local Laboratory Extensive Tumor Testing	dbpedia:Belgium	"The project, called ""BALLETT"" (Belgian Approach of Local Laboratory Extensive Tumor Testing)"	https://ega-archive.org/studies/EGAS50000000478
COHO:0000224	owl:NamedIndividual	BELLINI trial	dbpedia:Netherlands		
COHO:0000226	owl:NamedIndividual	Born in Bradford	dbpedia:United_Kingdom	Born in Bradford (BiB) is similarly focused on a particular local area, the city of Bradford in the north of England, and recruited 13,858 babies between 2007 and 2011	https://ega-archive.org/studies/EGAS00001005273
COHO:0000227	owl:NamedIndividual	CALGB 40601	dbpedia:United_States		
COHO:0000228	owl:NamedIndividual	Cambridge Biorepository for Translational Medicine	dbpedia:United_Kingdom	donor samples provided by the Cambridge Biorepository for Translational Medicine (CBTM)	https://ega-archive.org/studies/EGAS00001008228
COHO:0000229	owl:NamedIndividual	Canadian Airways Research Group	dbpedia:Canada		
COHO:0000230	owl:NamedIndividual	Canadian Prostate Cancer Genome Network	dbpedia:Canada		
COHO:0000232	owl:NamedIndividual	CeDNN	dbpedia:Netherlands	we analysed faecal gut microbiota from two Dutch cohorts, CeDNN (128 treated CeD patients (tCeD), 106 controls)	https://ega-archive.org/studies/EGAS50000000959
COHO:0000233	owl:NamedIndividual	CENet Cohort	dbpedia:Canada	collected in CHUM Research Center in Montreal	https://ega-archive.org/studies/EGAS00001007507
COHO:0000234	owl:NamedIndividual	CHILD Cohort Study	dbpedia:Canada		
COHO:0000235	owl:NamedIndividual	City of Hope triple negative breast cancer cohort	dbpedia:United_States		
COHO:0000236	owl:NamedIndividual	CLUSTER consortium	dbpedia:United_Kingdom		
COHO:0000237	owl:NamedIndividual	COMPARE study	dbpedia:United_Kingdom	The COMPARE study enrolled 29,066 British blood between donors between February 2016 and March 2017	https://ega-archive.org/studies/EGAS00001003748
COHO:0000239	owl:NamedIndividual	CRCbiome	dbpedia:Norway	a prospective biomarker study (CRCbiome), nested within a large randomized CRC screening trial in Norway	https://ega-archive.org/studies/EGAS50000000170
COHO:0000241	owl:NamedIndividual	Diagnosis and Management of Febrile Illness using RNA Personalised Molecular Signature Diagnosis	dbpedia:United_Kingdom|dbpedia:Europe	Children presenting with MIS-C to participating hospitals in the United Kingdom and the European Union between April 2020-April 2021 were prospectively recruited.	https://ega-archive.org/studies/EGAS00001007409
COHO:0000242	owl:NamedIndividual	DKTK MASTER	dbpedia:Germany	a prospective observational study by the German Cancer Consortium, DKTK MASTER	https://ega-archive.org/studies/EGAS00001005836
COHO:0000243	owl:NamedIndividual	Donor InSight III study	dbpedia:Netherlands	The Donor InSight III study, undertaken by Sanquin research, recruited 3,046 Dutch blood donors between 2015 and 2016.	https://ega-archive.org/studies/EGAS00001003777
COHO:0000244	owl:NamedIndividual	East London Genes and Health	dbpedia:United_Kingdom	East London Genes and Health (ELGH) is a cohort of healthy British South Asians	https://ega-archive.org/studies/EGAS00001001888
COHO:0000245	owl:NamedIndividual	Egyptian Collaborative Cardiac Genomics Project	dbpedia:Egypt	Here, we present the first 391 Egyptian healthy volunteers (EHVols) recruited to establish a pilot phenotyped control cohort.	https://ega-archive.org/studies/EGAS00001004434
COHO:0000246	owl:NamedIndividual	EMC-DC-IL10R study	dbpedia:Netherlands		
COHO:0000247	owl:NamedIndividual	Emirati Genome Program	dbpedia:United_Arab_Emirates	a cohort of 43,608 Emirati genomes sequenced as part of the Emirati Genome Program (EGP)	https://ega-archive.org/studies/EGAS50000001071
COHO:0000248	owl:NamedIndividual	Entebbe Mother and Baby study	dbpedia:Uganda	the Entebbe Mother and Baby (EMaB) study, an ongoing birth cohort in southern Uganda	https://ega-archive.org/studies/EGAS00001003283
COHO:0000249	owl:NamedIndividual	EORTC-SPECTA RP1759	dbpedia:Europe	The initial pilot study, activated in February 2019 across Europe	https://ega-archive.org/studies/EGAS50000000985
COHO:0000250	owl:NamedIndividual	ESTAMPA	dbpedia:Latin_America_and_the_Caribbean	the ESTAMPA cohort, a multicentre study based in Latin America	https://ega-archive.org/studies/EGAS00001007730
COHO:0000251	owl:NamedIndividual	Estonian Microbiome Cohort	dbpedia:Estonia	As part of the Estonian Biobank, we established the Estonian Microbiome Cohort which includes stool, oral and plasma samples from 2,509 participants	https://ega-archive.org/studies/EGAS50000001181
COHO:0000252	owl:NamedIndividual	Etude des Déterminants pré et postnatals précoces du développement et de la santé de l'Enfant	dbpedia:France		
COHO:0000254	owl:NamedIndividual	European BestAgeing Study	dbpedia:Europe	in a large, multicenter European cohort	https://ega-archive.org/studies/EGAS00001008346
COHO:0000255	owl:NamedIndividual	Extended Cohort for E-health, Environment and DNA	dbpedia:United_Kingdom	Recruitment has taken place in Leicester, Leicestershire and Rutland since 2013	https://ega-archive.org/studies/EGAS00001003499
COHO:0000256	owl:NamedIndividual	Genome Database of Latvian Population	dbpedia:Latvia	sequence 502 individuals from the Genome Database of Latvian Population as representatives of the Latvian population	https://ega-archive.org/studies/EGAS00001007406
COHO:0000257	owl:NamedIndividual	Genome Diversity in Africa Project	dbpedia:Africa	we plan to carry out high depth whole genome sequencing of up to 2000 individuals across Africa	https://ega-archive.org/studies/EGAS00001000929
COHO:0000258	owl:NamedIndividual	Genome Research at Fundació ACE	dbpedia:Spain	4,120 AD cases were diagnosed at Fundació ACE Memory Clinic (Barcelona, Spain)	https://ega-archive.org/studies/EGAS00001003424
COHO:0000259	owl:NamedIndividual	Genomic Advances in Sepsis	dbpedia:United_Kingdom	recruited from 35 hospitals across the UK from 2005-2018	https://ega-archive.org/studies/EGAS00001007786
COHO:0000260	owl:NamedIndividual	German Cancer Consortium	dbpedia:Germany	a prospective observational study by the German Cancer Consortium, DKTK MASTER	https://ega-archive.org/studies/EGAS00001005836
COHO:0000261	owl:NamedIndividual	German MI cohort	dbpedia:Germany		
COHO:0000262	owl:NamedIndividual	GMMG-BIRMA trial	dbpedia:Germany		
COHO:0000263	owl:NamedIndividual	Gutenberg Health Study	dbpedia:Germany		
COHO:0000264	owl:NamedIndividual	Haematological Malignancy Research Network	dbpedia:United_Kingdom	The UK’s Haematological Malignancy Research Network (www.HMRN.org) was established in 2004	https://ega-archive.org/studies/EGAS00001005953
COHO:0000265	owl:NamedIndividual	Health, Alcohol and Psychosocial factors In Eastern Europe study	dbpedia:Russia	HAPIEE Cohort (Siberian branch)	https://ega-archive.org/studies/EGAS00001006390
COHO:0000266	owl:NamedIndividual	Healthy Life in an Urban Setting	dbpedia:Netherlands	This is a multi-ethnic population-based cohort study in Amsterdam, the Netherlands with in total over 25,000 participants.	https://ega-archive.org/studies/EGAS50000000795
COHO:0000267	owl:NamedIndividual	ICGC Gastric Cancer China project	dbpedia:China		
COHO:0000269	owl:NamedIndividual	ICGC India Project	dbpedia:India	As a part of the ICGC, India has undertaken genomic studies on gingivobuccal cancer of the oral cavity, which is the most prevalent form of cancer among men in India.	https://ega-archive.org/studies/EGAS00001000249
COHO:0000270	owl:NamedIndividual	ICGC Liver Cancer China project	dbpedia:China		
COHO:0000271	owl:NamedIndividual	ICGC MMML-Seq	dbpedia:Germany	In the framework of the German ICGC MMML-Seq	https://ega-archive.org/studies/EGAS00001000394
COHO:0000272	owl:NamedIndividual	ICGC Oesophageal Adenocarcinoma project	dbpedia:United_Kingdom	a UK-wide network of hospitals involved in a research collaboration called the OCCAMS	https://ega-archive.org/studies/EGAS00001000725
COHO:0000275	owl:NamedIndividual	ICGC Prostate Cancer UK project	dbpedia:United_Kingdom	International Cancer Genome Consortium Prostate Cancer UK consortium (CRUK-ICGC Prostate Group)	https://ega-archive.org/studies/EGAS00001000262
COHO:0000276	owl:NamedIndividual	ICR MOPOPGEN UK exome control series	dbpedia:United_Kingdom	ICR MOPOPGEN UK exome control series	https://ega-archive.org/studies/EGAS00001001667
COHO:0000280	owl:NamedIndividual	ImmunAID	dbpedia:Europe	The study integrates immunological, and molecular data from patients across several European cohorts.	https://ega-archive.org/studies/EGAS50000001393
COHO:0000281	owl:NamedIndividual	Initiative for Molecular Profiling and Advanced Cancer Therapy 2	dbpedia:United_States		
COHO:0000286	owl:NamedIndividual	Korean Genome Project	dbpedia:South_Korea	4,157 whole-genome sequences (Korea4K) coupled with 107 health check-up parameters as the largest genomic resource of the Korean Genome Project	https://ega-archive.org/studies/EGAS00001007580
COHO:0000287	owl:NamedIndividual	LifeLines-DEEP	dbpedia:Netherlands	The LifeLines-DEEP cohort is a sub-cohort of the LifeLines cohort (167,729 participants)	https://ega-archive.org/studies/EGAS00001001704
COHO:0000288	owl:NamedIndividual	Lifelines-NEXT	dbpedia:Netherlands	The cohort includes approximately 1,500 newborns and their mothers from the 3 provinces of the Northern Netherlands.	https://ega-archive.org/studies/EGAS50000000133
COHO:0000289	owl:NamedIndividual	Liverpool Preterm Birth Biomarker Study	dbpedia:United_Kingdom	recruited at the Liverpool Women’s Hospital at 16 and 20 weeks of gestation	https://ega-archive.org/studies/EGAS00001005076
COHO:0000290	owl:NamedIndividual	Low coverage Kuusamo whole genome sequencing study	dbpedia:Finland	The sampels in this study have all been collected in Kuusamo.	https://ega-archive.org/studies/EGAS00001000143
COHO:0000291	owl:NamedIndividual	Lung Cancer Diagnostic Study	dbpedia:Denmark		
COHO:0000293	owl:NamedIndividual	Maastricht IBS studies	dbpedia:Netherlands	Metagenomic sequencing of the human gut in Maastricht IBS studies, cases and controls.	https://ega-archive.org/studies/EGAS00001001924
COHO:0000295	owl:NamedIndividual	Malaysian Breast Cancer cohort	dbpedia:Malaysia	94 TNBC samples from a Malaysian hospital-based cohort (MyBrCa)	https://ega-archive.org/studies/EGAS00001006518
COHO:0000296	owl:NamedIndividual	Malmö Diet and Cancer Study	dbpedia:Sweden	the Malmö Diet and Cancer (MDC) study	https://ega-archive.org/studies/EGAS00001000936
COHO:0000298	owl:NamedIndividual	Medical Genome Reference Bank	dbpedia:Australia	recruited from two Australian community based cohorts	https://ega-archive.org/studies/EGAS00001003511
COHO:0000299	owl:NamedIndividual	MESOMICS	dbpedia:France	the MESOMICS project, the French project of molecular characterization of malignant pleural mesothelioma	https://ega-archive.org/studies/EGAS00001004812
COHO:0000300	owl:NamedIndividual	Milan cohort	dbpedia:Italy	Subtype specific studies of breast cancer progression. Milan cohort.	https://ega-archive.org/studies/EGAS00001004390
COHO:0000301	owl:NamedIndividual	Milieu Intérieur	dbpedia:France	The Milieu Intérieur project is a population-based study coordinated by the Institut Pasteur, Paris.	https://ega-archive.org/studies/EGAS00001003419
COHO:0000302	owl:NamedIndividual	MITO16A/MaNGO-OV2 trial	dbpedia:Italy		
COHO:0000304	owl:NamedIndividual	Molecular Taxonomy of Breast Cancer International Consortium	dbpedia:United_Kingdom|dbpedia:Canada		
COHO:0000306	owl:NamedIndividual	MultiMuTHER	dbpedia:United_Kingdom		
COHO:0000307	owl:NamedIndividual	Multiple Tissue Human Expression Resource	dbpedia:United_Kingdom		
COHO:0000309	owl:NamedIndividual	NCI China cohort	dbpedia:China		
COHO:0000310	owl:NamedIndividual	NCI Taiwan cohort	dbpedia:Taiwan		
COHO:0000312	owl:NamedIndividual	NIHR BioResource	dbpedia:United_Kingdom	Genomic data includes 845487 snps collected using the UK BioBank V1 Affymetrix array.	https://ega-archive.org/studies/EGAS00001004870
COHO:0000314	owl:NamedIndividual	PANDA trial	dbpedia:Netherlands		
COHO:0000315	owl:NamedIndividual	PELICAN	dbpedia:United_States		
COHO:0000316	owl:NamedIndividual	PETAL trial	dbpedia:Germany		
COHO:0000318	owl:NamedIndividual	Polish glioma cohort	dbpedia:Poland	In four patients from the Polish glioma cohort	https://ega-archive.org/studies/EGAS00001004556
COHO:0000319	owl:NamedIndividual	Posthumous Evaluation of Advanced Cancer Environment	dbpedia:United_Kingdom		
COHO:0000320	owl:NamedIndividual	PRedicting Outcomes For Crohn's disease using a moLecular biomarker	dbpedia:United_Kingdom	Crossreplicate microbiome associations and predictive algorithms in an independent UK-based cohort (IBD-RESPONSE)	https://ega-archive.org/studies/EGAS00001007958
COHO:0000321	owl:NamedIndividual	Pregnancy Outcome Prediction study	dbpedia:United_Kingdom	a prospective cohort study of nulliparous women attending the Rosie Hospital (Cambridge, UK)	https://ega-archive.org/studies/EGAS00001002205
COHO:0000322	owl:NamedIndividual	Premature Atherosclerosis Study pedigrees	dbpedia:Netherlands		
COHO:0000323	owl:NamedIndividual	PrevANZ trial	dbpedia:Australia|dbpedia:New_Zealand		
COHO:0000324	owl:NamedIndividual	Prevention and Incidence of Asthma and Mite Allergy	dbpedia:Netherlands		
COHO:0000325	owl:NamedIndividual	Princess Margaret Cancer Centre acute myeloid leukemia patient cohort	dbpedia:Canada	Leukemia Tissue Bank at Princess Margaret Cancer Centre/ University Health Network	https://ega-archive.org/studies/EGAS00001004792
COHO:0000327	owl:NamedIndividual	Research on Obesity and Diabetes among African Migrants	dbpedia:Ghana|dbpedia:Netherlands	Fecal samples from RODAM participants in rural, urban Ghana and Amsterdam, the Netherlands	https://ega-archive.org/studies/EGAS50000000805
COHO:0000329	owl:NamedIndividual	SARS-CoV-2 Vaccine Response in Cancer trial	dbpedia:Italy	All participants were vaccinated under the Italian national campaign	https://ega-archive.org/studies/EGAS50000001205
COHO:0000331	owl:NamedIndividual	Severe Childhood Onset Obesity Project	dbpedia:United_Kingdom	The SCOOP cohort (PMID: 23563609) is a UK Caucasian subset of the Genetics of ObesityStudy (GOOS)	https://ega-archive.org/studies/EGAS00001000922
COHO:0000332	owl:NamedIndividual	SG10K Pilot	dbpedia:Singapore	By whole-genome sequencing of 4,810 Singapore Chinese, Malays, and Indians	https://ega-archive.org/studies/EGAS00001003875
COHO:0000333	owl:NamedIndividual	STRAT-PARK	dbpedia:Norway		
COHO:0000334	owl:NamedIndividual	STREP GENE	dbpedia:United_Kingdom	This study investigated host genetic susceptibility to invasive group A streptococcal disease in the UK.	https://ega-archive.org/studies/EGAS00001003421
COHO:0000335	owl:NamedIndividual	Stroke Investigative Research and Education Network	dbpedia:Ghana|dbpedia:Nigeria		
COHO:0000336	owl:NamedIndividual	Study Into Lean and Thin Subjects	dbpedia:United_Kingdom	have been recruited through primary care with the involvement of UKPrimary Care Research Networks (PCRNs)	https://ega-archive.org/studies/EGAS00001000923
COHO:0000337	owl:NamedIndividual	SweGen	dbpedia:Sweden	The SweGen project represents a comprehensive map of genetic variation in the Swedish population.	https://ega-archive.org/studies/EGAS50000000906
COHO:0000339	owl:NamedIndividual	Therapeutically Applicable Research to Generate Effective Treatments	dbpedia:United_States		
COHO:0000340	owl:NamedIndividual	TRACERx	dbpedia:United_Kingdom		
COHO:0000341	owl:NamedIndividual	TransplantLines	dbpedia:Netherlands		
COHO:0000342	owl:NamedIndividual	TrypanoGEN	dbpedia:Uganda|dbpedia:Democratic_Republic_of_the_Congo|dbpedia:Ivory_Coast|dbpedia:Guinea|dbpedia:Cameroon|dbpedia:Zambia	Nilo-Saharan speakers from North-West Uganda and Niger-Congo speakers from South-East Uganda, DRC, Ivory Coast, Guinea, Cameroon and Zambia	https://ega-archive.org/studies/EGAS00001002602
COHO:0000343	owl:NamedIndividual	Tumor Profiler	dbpedia:Switzerland		
COHO:0000345	owl:NamedIndividual	Uganda General Population Cohort	dbpedia:Uganda	a population-based study of 6,400 individuals from a geographically defined rural community in South-West Uganda	https://ega-archive.org/studies/EGAS00001000545
COHO:0000346	owl:NamedIndividual	UK BHF CAD/MI cohort	dbpedia:United_Kingdom		
COHO:0000347	owl:NamedIndividual	UK Blood Service Control Group	dbpedia:United_Kingdom	Controls used were data from the Wellcome Trust Case Control Consortium 2 (WTCCC2) 1958 birth cohort and the UK Blood Service Control Group	https://ega-archive.org/studies/EGAS00001002336
COHO:0000348	owl:NamedIndividual	UK10K	dbpedia:United_Kingdom		
COHO:0000349	owl:NamedIndividual	UK10K Rare Neuromuscular Disorders cohort	dbpedia:United_Kingdom		
COHO:0000350	owl:NamedIndividual	University of Washington ovarian carcinoma cohort	dbpedia:United_States		
COHO:0000351	owl:NamedIndividual	UPTIDER	dbpedia:Belgium		
COHO:0000352	owl:NamedIndividual	VIVO Biobank	dbpedia:United_Kingdom		
COHO:0000353	owl:NamedIndividual	West Coast Prostate Cancer Dream Team	dbpedia:United_States		
COHO:0000354	owl:NamedIndividual	WTCCC case-control study for Ankylosing Spondylitis	dbpedia:United_Kingdom	using the 1958 British Birth Cohort collection as controls	https://ega-archive.org/studies/EGAS00000000018
COHO:0000355	owl:NamedIndividual	WTCCC case-control study for Autoimmune Thyroid Disease	dbpedia:United_Kingdom	using the 1958 British Birth Cohort collection as controls	https://ega-archive.org/studies/EGAS00000000020
COHO:0000356	owl:NamedIndividual	WTCCC case-control study for Bipolar Disorder	dbpedia:United_Kingdom	using the 1958 British Birth Cohort and the UK National Blood Service collections as controls	https://ega-archive.org/studies/EGAS00000000001
COHO:0000357	owl:NamedIndividual	WTCCC case-control study for Breast cancer	dbpedia:United_Kingdom	using the 1958 British Birth Cohort collection as controls	https://ega-archive.org/studies/EGAS00000000024
COHO:0000358	owl:NamedIndividual	WTCCC case-control study for Coronary Artery Disease	dbpedia:United_Kingdom	using the 1958 British Birth Cohort and the UK National Blood Service collections as controls	https://ega-archive.org/studies/EGAS00000000003
COHO:0000359	owl:NamedIndividual	WTCCC case-control study for Hypertension	dbpedia:United_Kingdom	using the 1958 British Birth Cohort and the UK National Blood Service collections as controls	https://ega-archive.org/studies/EGAS00000000009
COHO:0000360	owl:NamedIndividual	WTCCC case-control study for Inflammatory Bowel Disease	dbpedia:United_Kingdom	using the 1958 British Birth Cohort and the UK National Blood Service collections as controls	https://ega-archive.org/studies/EGAS00000000006
COHO:0000361	owl:NamedIndividual	WTCCC case-control study for Multiple Sclerosis	dbpedia:United_Kingdom	using the 1958 British Birth Cohort collection as controls	https://ega-archive.org/studies/EGAS00000000022
COHO:0000362	owl:NamedIndividual	WTCCC case-control study for Rheumatoid Arthritis	dbpedia:United_Kingdom	using the 1958 British Birth Cohort and the UK National Blood Service collections as controls	https://ega-archive.org/studies/EGAS00000000011
COHO:0000363	owl:NamedIndividual	WTCCC case-control study for Tuberculosis	dbpedia:Africa	using the African samples as controls	https://ega-archive.org/studies/EGAS00000000027
COHO:0000364	owl:NamedIndividual	WTCCC case-control study for Type 1 Diabetes	dbpedia:United_Kingdom	using the 1958 British Birth Cohort and the UK National Blood Service collections as controls	https://ega-archive.org/studies/EGAS00000000014
COHO:0000365	owl:NamedIndividual	WTCCC case-control study for Type 2 Diabetes	dbpedia:United_Kingdom	using the 1958 British Birth Cohort and the UK National Blood Service collections as controls	https://ega-archive.org/studies/EGAS00000000016
COHO:0000366	owl:NamedIndividual	Charles F. and Joanne Knight Alzheimer Disease Research Center	dbpedia:United_States	The Knight-Alzheimer Disease Research Center (Knight-ADRC) at Washington University in St. Louis has pioneered and led worldwide seminal studies that have expanded our clinical, social, pathological, and molecular understanding of Alzheimer Disease.	https://www.ebi.ac.uk/europepmc/webservices/rest/search?query=EXT_ID%3A38997326+AND+SRC%3AMED&format=json&resultType=core
COHO:0000367	owl:NamedIndividual	Alzheimer's Disease Neuroimaging Initiative	dbpedia:United_States|dbpedia:Canada	Researchers at over 60 clinical sites in the USA and Canada collect data to study the progression of AD in the human brain across normal aging, mild cognitive impairment (MCI), and Alzheimer’s disease and dementia.	https://adni.loni.usc.edu/about/
COHO:0000368	owl:NamedIndividual	Dominantly Inherited Alzheimer Network	dbpedia:United_States|dbpedia:United_Kingdom|dbpedia:Australia	Washington University (St. Louis, Missouri, USA) is the coordinating center for DIAN, which has 11 current performance sites in the US, United Kingdom, and Australia.	https://www.ncbi.nlm.nih.gov/research/bionlp/RESTful/pmcoa.cgi/BioC_xml/PMC3489185/unicode
COHO:0000369	owl:NamedIndividual	Barcelona-1	dbpedia:Spain	Barcelona -1 is a longitudinal observational study consisting of ~300 subjects at baseline carried out in the Memory and Disorder unit at the University Hospital Mutua de Terrassa, Terrassa, Barcelona, Spain.	https://www.ncbi.nlm.nih.gov/research/bionlp/RESTful/pmcoa.cgi/BioC_xml/PMC9562128/unicode
COHO:0000370	owl:NamedIndividual	Stockholm-Tartu Atherosclerosis Reverse Networks Engineering Task	dbpedia:Estonia	Coronary artery disease (CAD) patients eligible for coronary artery by-pass grafting (CABG) surgery (n = 200) and controls eligible for other open-heart surgeries (e.g. valve replacement, n = 84), verified to be CAD-free in pre-operative coronary angiograms, were enrolled at the Department of Cardiac Surgery, Tartu University Hospital.	https://www.ebi.ac.uk/europepmc/webservices/rest/PMC12824914/fullTextXML
COHO:0000371	owl:NamedIndividual	Million Veteran Program	dbpedia:United_States	We present genome-wide associations for 2068 traits from 635,969 participants in the Department of Veterans Affairs Million Veteran Program, a longitudinal study of diverse United States Veterans.	https://www.ebi.ac.uk/europepmc/webservices/rest/search?query=EXT_ID%3A39024449+AND+SRC%3AMED&format=json&resultType=core
COHO:0000372	owl:NamedIndividual	Chinese Imaging Genetics study	dbpedia:China	The aim of this study was to collect genomic, neuroimaging, environmental, and behavioral data from 10,000 healthy Chinese Han participants aged 18–30 years in 30 research centers from 21 mainland cities in China.	https://www.ebi.ac.uk/europepmc/webservices/rest/PMC7042768/fullTextXML
COHO:0000373	owl:NamedIndividual	African American Study of Kidney Disease and Hypertension	dbpedia:United_States	The African American Study of Kidney Disease and Hypertension (AASK) was conducted over a 7-year period at 21 clinical centers across the United States to investigate whether one of two levels of blood pressure control and/or one of three classes of antihypertensive medications was more effective at slowing the rate of renal disease in African Americans with renal insufficiency presumed secondary to hypertension.	https://www.ebi.ac.uk/europepmc/webservices/rest/search?query=EXT_ID%3A18472682+AND+SRC%3AMED&format=json&resultType=core
COHO:0000374	owl:NamedIndividual	Amsterdam Dementia Cohort	dbpedia:Netherlands	The ADC started collecting samples in the year 2000 and is an ongoing, observational follow-up study of patients who visited the memory clinic of the Alzheimer Center at Amsterdam UMC, location VU University medical center (VUmc).	https://www.ncbi.nlm.nih.gov/research/bionlp/RESTful/pmcoa.cgi/BioC_xml/PMC13502291/unicode
COHO:0000375	owl:NamedIndividual	Protein Aggregation and Neurotransmitter Deficits Study	dbpedia:United_States	Protein Aggregation and Neurotransmitter Deficits (PAND) Study | Campbell Research Lab | Washington University in St. Louis	https://campbellresearchlab.wustl.edu/items/protein-aggregation-and-neurotransmitter-deficits-pand-study/
COHO:0000376	owl:NamedIndividual	Protein and Imaging Biomarkers of Parkinson Disease Study	dbpedia:United_States	Protein and Imaging Biomarkers of Parkinson Disease (PIB) Study | Campbell Research Lab | Washington University in St. Louis	https://campbellresearchlab.wustl.edu/items/protein-and-imaging-biomarkers-of-parkinson-disease-pib-study/
COHO:0000377	owl:NamedIndividual	BioBank Japan	dbpedia:Japan	Patients were enrolled at 12 cooperative medical institutes all over Japan from June 2003 to March 2008.	https://www.ebi.ac.uk/europepmc/webservices/rest/search?query=EXT_ID%3A28189464+AND+SRC%3AMED&format=json&resultType=core
COHO:0000378	owl:NamedIndividual	Age, Gene/Environment Susceptibility-Reykjavik Study	dbpedia:Iceland	This cohort of men and women born between 1907 and 1935 has been followed in Iceland since 1967 by the Icelandic Heart Association.	https://www.ebi.ac.uk/europepmc/webservices/rest/search?query=EXT_ID%3A17351290+AND+SRC%3AMED&format=json&resultType=core
COHO:0000379	owl:NamedIndividual	Stanford Alzheimer's Disease Research Center	dbpedia:United_States	The Stanford Alzheimer’s Disease Research Center (ADRC) is part of a nationwide network of congressionally mandated Centers of Excellence supported by the National Institutes of Health.	https://med.stanford.edu/adrc.html
COHO:0000380	owl:NamedIndividual	Canadian Longitudinal Study on Aging	dbpedia:Canada	In the Tracking cohort, participants were recruited across the 10 provinces, and all questionnaire measures are collected by computer-assisted telephone interviews (CATI) administered through CLSA CATI sites established in four regions across Canada to accommodate different time zones and language (English or French) requirements for questionnaire administration.	https://www.ebi.ac.uk/europepmc/webservices/rest/PMC6929533/fullTextXML
COHO:0000381	owl:NamedIndividual	Jackson Heart Study	dbpedia:United_States	Participants were enrolled from the three counties that make up the Jackson, Mississippi metropolitan area.	https://www.ebi.ac.uk/europepmc/webservices/rest/search?query=EXT_ID%3A16320381+AND+SRC%3AMED&format=json&resultType=core
COHO:0000382	owl:NamedIndividual	UK Biobank Pharma Proteomics Project	dbpedia:United_Kingdom		
COHO:0000383	owl:NamedIndividual	Mass General Brigham Biobank	dbpedia:United_States	Mass General Brigham, an integrated healthcare system based in the Greater Boston area of Massachusetts, annually serves 1.5 million patients.	https://www.ebi.ac.uk/europepmc/webservices/rest/search?query=EXT_ID%3A41298473+AND+SRC%3AMED&format=json&resultType=core
COHO:0000384	owl:NamedIndividual	Cardiovascular Health Study	dbpedia:United_States	The study design called for enrollment of 1250 men and women in each of four communities: Forsyth County, North Carolina;	https://www.ebi.ac.uk/europepmc/webservices/rest/search?query=EXT_ID%3A1669507+AND+SRC%3AMED&format=json&resultType=core
COHO:0000385	owl:NamedIndividual	Framingham Heart Study	dbpedia:United_States	Framingham Heart Study, which is a longitudinal, multi-generational community-based cohort based in Framingham, Massachusetts, USA.	https://www.ebi.ac.uk/europepmc/webservices/rest/search?query=EXT_ID%3A39350372+AND+SRC%3AMED&format=json&resultType=core
COHO:0000386	owl:NamedIndividual	Rhineland Study	dbpedia:Germany	We used data from the Rhineland Study, an ongoing population-based cohort study in Bonn, Germany, to perform a GWAS on circulating complex lipid levels and composition measured using the Metabolon Complex Lipids Platform.	https://www.ebi.ac.uk/europepmc/webservices/rest/PMC13135507/fullTextXML
COHO:0000387	owl:NamedIndividual	European Prospective Investigation into Cancer and Nutrition-Potsdam	dbpedia:Germany	The European Prospective Investigation into Cancer and Nutrition (EPIC)-Potsdam is part of the ongoing multicenter EPIC study and comprises 27,548 participants from the general population in the area of Potsdam in eastern Germany who were mainly 35–65 years of age at time of recruitment between 1994 and 1998 (17).	https://www.ebi.ac.uk/europepmc/webservices/rest/PMC3554384/fullTextXML
COHO:0000388	owl:NamedIndividual	Hispanic Community Health Study/Study of Latinos	dbpedia:United_States	PurposeThe Hispanic Community Health Study (HCHS)/Study of Latinos (SOL) is a comprehensive multicenter community based cohort study of Hispanics/Latinos in the United States.MethodsThe Study rationale, objectives, design, and implementation are described in this report.ResultsThe HCHS/SOL will recruit 16,000 men and women who self-identify as Hispanic or Latino, 18 to 74 years of age, from a random sample of households in defined communities in the Bronx, Chicago, Miami, and San Diego.	https://www.ebi.ac.uk/europepmc/webservices/rest/search?query=EXT_ID%3A20609343+AND+SRC%3AMED&format=json&resultType=core
COHO:0000389	owl:NamedIndividual	Busselton Health Study	dbpedia:Australia	The BHS is a community-based study in Western Australia that includes both related and unrelated individuals (predominantly of European ancestry) and has been described in more detail elsewhere46–48.	https://www.ebi.ac.uk/europepmc/webservices/rest/PMC9170690/fullTextXML
COHO:0000390	owl:NamedIndividual	Swedish Infrastructure for Medical Population-Based Life-Course and Environmental Research	dbpedia:Sweden	c, Map with the study sites for the discovery studies in Sweden (SCAPIS, SIMPLER-V, SIMPLER-U and MOS) and the replication cohort in Norway (HUNT), including the sample size and proportion of female participants in each study.	https://www.ebi.ac.uk/europepmc/webservices/rest/PMC12987725/fullTextXML
COHO:0000391	owl:NamedIndividual	Swedish CArdioPulmonary bioImage Study	dbpedia:Sweden	The Swedish CArdioPulmonarybioImage Study (SCAPIS) combines the use of new imaging technologies, advances in large-scale 'omics' and epidemiological analyses to extensively characterize a Swedish cohort of 30 000 men and women aged between 50 and 64 years.	https://www.ebi.ac.uk/europepmc/webservices/rest/search?query=EXT_ID%3A26096600+AND+SRC%3AMED&format=json&resultType=core
COHO:0000392	owl:NamedIndividual	Malmö Offspring Study	dbpedia:Sweden	c, Map with the study sites for the discovery studies in Sweden (SCAPIS, SIMPLER-V, SIMPLER-U and MOS) and the replication cohort in Norway (HUNT), including the sample size and proportion of female participants in each study.	https://www.ebi.ac.uk/europepmc/webservices/rest/PMC12987725/fullTextXML
COHO:0000393	owl:NamedIndividual	Metabolic Syndrome in Men Study	dbpedia:Finland	The Metabolic Syndrome in Men (METSIM) study is a population-based study including 10,197 Finnish men examined in 2005-2010.	https://www.ebi.ac.uk/europepmc/webservices/rest/search?query=EXT_ID%3A28119442+AND+SRC%3AMED&format=json&resultType=core
COHO:0000394	owl:NamedIndividual	Qatar Genome Program	dbpedia:Qatar	The study cohort consists of 6218 subjects from the Qatar Biobank project [30, 31], a national project that collects phenotype data and biological samples from the local population of Qatar.	https://www.ebi.ac.uk/europepmc/webservices/rest/PMC11000384/fullTextXML
COHO:0000395	owl:NamedIndividual	Trøndelag Health Study	dbpedia:Norway	In the HUNT Study, all residents aged ≥20 years in the Nord-Trøndelag region, Norway, have been invited to repeated surveys since 1984-86.	https://www.ebi.ac.uk/europepmc/webservices/rest/PMC9908054/fullTextXML
COHO:0000396	owl:NamedIndividual	Simons Foundation Powering Autism Research for Knowledge	dbpedia:United_States	Any individual living in the United States with a professional diagnosis (by a physician, psychologist, or therapist) of ASD plus their parents and an unaffected sibling are eligible to participate in SPARK.	https://www.ncbi.nlm.nih.gov/research/bionlp/RESTful/pmcoa.cgi/BioC_xml/PMC7444276/unicode
COHO:0000397	owl:NamedIndividual	Chronic Renal Insufficiency Cohort Study	dbpedia:United_States	The Chronic Renal Insufficiency Cohort (CRIC) Study is an ongoing, multicenter, longitudinal study of nearly 5500 adults with CKD in the United States.	https://www.ebi.ac.uk/europepmc/webservices/rest/search?query=EXT_ID%3A33177074+AND+SRC%3AMED&format=json&resultType=core
COHO:0000399	owl:NamedIndividual	China Medical University Hospital Biobank	dbpedia:Taiwan	CMUH is an extensive academic medical center located in Taichung, Taiwan.	https://www.ncbi.nlm.nih.gov/research/bionlp/RESTful/pmcoa.cgi/BioC_xml/PMC12136033/unicode
COHO:0000400	owl:NamedIndividual	Religious Orders Study and Rush Memory and Aging Project	dbpedia:United_States	ROS started in 1994 and enrolls nuns priests and brothers from across the United States.	https://www.ncbi.nlm.nih.gov/research/bionlp/RESTful/pmcoa.cgi/BioC_xml/PMC6380522/unicode
COHO:0000401	owl:NamedIndividual	Mayo Clinic Biobank	dbpedia:United_States	Participants were all Mayo Clinic patients, 18 years of age or older and US residents.	https://www.ebi.ac.uk/europepmc/webservices/rest/search?query=EXT_ID%3A31699749+AND+SRC%3AMED&format=json&resultType=core
COHO:0000402	owl:NamedIndividual	HOLBAEK Study	dbpedia:Denmark	The study population consisted of children and adolescents from the HOLBAEK Study (previously known as The Danish Childhood Obesity Biobank),17 including an obesity clinic cohort with a BMI above the 90th percentile for sex and age (BMI standard deviation score [SDS] > 1.28) according to a Danish reference; and a population-based cohort, recruited from schools in 11 municipalities in Zealand, Denmark.18	https://www.ebi.ac.uk/europepmc/webservices/rest/PMC11754075/fullTextXML
COHO:0000403	owl:NamedIndividual	FinnGen	dbpedia:Finland	The FinnGen study (https://www.finngen.fi/en) is an ongoing research project that utilizes samples from a nationwide network of Finnish biobanks and digital healthcare data from national health registers.	https://www.ebi.ac.uk/europepmc/webservices/rest/PMC9849126/fullTextXML
COHO:0000404	owl:NamedIndividual	NIHR BioResource Rare Diseases Study	dbpedia:United_Kingdom	We performed WGS of 13,037 individuals enrolled at 57 National Health Service (NHS) hospitals in the United Kingdom and 26 hospitals in other countries (Fig. 1a, Extended Data Fig. 1a, Supplementary Table 1), in three batches, to clinical standard (Fig. 1b).	https://www.ncbi.nlm.nih.gov/research/bionlp/RESTful/pmcoa.cgi/BioC_xml/PMC7610553/unicode
COHO:0000405	owl:NamedIndividual	Australian Imaging, Biomarker & Lifestyle Flagship Study of Ageing	dbpedia:Australia	The data were collected over a maximum of 10 time points spanned up to 18 months apart at the study centers in Perth or Melbourne.	https://www.ebi.ac.uk/europepmc/webservices/rest/PMC11103763/fullTextXML
COHO:0000406	owl:NamedIndividual	PopGen Biobank	dbpedia:Germany	The PopGen project uses the most northern part of Germany as a target region for such a pursuit.	https://www.ebi.ac.uk/europepmc/webservices/rest/search?query=EXT_ID%3A16490960+AND+SRC%3AMED&format=json&resultType=core
COHO:0000407	owl:NamedIndividual	Diabetic Nephropathy Cohort	dbpedia:Singapore	Participants for this study were recruited in the diabetes centres in Singapore as described previously in our Diabetic Nephropathy (DN) cohort9.	https://www.ebi.ac.uk/europepmc/webservices/rest/PMC5865208/fullTextXML
COHO:0000408	owl:NamedIndividual	Singapore Study of Macro-Angiopathy and Micro-Vascular Reactivity in Type 2 Diabetes	dbpedia:Singapore	It is a prospective cohort study that recruited T2DM patients from a public hospital and primary care polyclinics in the northern region of Singapore.	https://www.ebi.ac.uk/europepmc/webservices/rest/PMC10704954/fullTextXML
COHO:0000409	owl:NamedIndividual	Women's Health Initiative	dbpedia:United_States	A nationwide prospective cohort study of 156 624 postmenopausal women enrolled in the Women's Health Initiative at 40 clinical centers in the United States between 1993 and 1998.	https://www.ebi.ac.uk/europepmc/webservices/rest/search?query=EXT_ID%3A31339542+AND+SRC%3AMED&format=json&resultType=core
COHO:0000410	owl:NamedIndividual	SHIP-TREND	dbpedia:Germany	Cohorts are sampled from Western Pomerania, a rural region of north-eastern Germany.	https://www.ebi.ac.uk/europepmc/webservices/rest/search?query=EXT_ID%3A39085387+AND+SRC%3AMED&format=json&resultType=core
COHO:0000411	owl:NamedIndividual	Korean Genome and Epidemiology Study	dbpedia:South_Korea	Baseline participants were 10,030 subjects aged 40 to 69 years who were from Ansan or Anseong in Gyeonggi-do, South Korea.	https://www.ebi.ac.uk/europepmc/webservices/rest/search?query=EXT_ID%3A36573383+AND+SRC%3AMED&format=json&resultType=core
COHO:0000412	owl:NamedIndividual	Netherlands Epidemiology of Obesity Study	dbpedia:Netherlands	Briefly, men and women aged between 45 and 65 years with a self-reported body mass index (BMI) of 27 kg/m2 or higher living in the greater area of Leiden (in the west of the Netherlands) were eligible to participate in NEO.	https://www.ebi.ac.uk/europepmc/webservices/rest/PMC13352909/fullTextXML
COHO:0000413	owl:NamedIndividual	Wisconsin Registry for Alzheimer's Prevention	dbpedia:United_States	Wisconsin Alzheimer's Institute, University of Wisconsin School of Medicine and Public Health, Madison, WI, USA	https://www.ebi.ac.uk/europepmc/webservices/rest/PMC5755749/fullTextXML
COHO:0000414	owl:NamedIndividual	Wisconsin Alzheimer's Disease Research Center	dbpedia:United_States	Wisconsin Alzheimer’s Disease Research Center, University of Wisconsin-Madison, 600 Highland Avenue, J5/1 Mezzanine, Madison, WI 53792 USA	https://www.ebi.ac.uk/europepmc/webservices/rest/PMC7803963/fullTextXML
COHO:0000415	owl:NamedIndividual	Food Chain Plus	dbpedia:Germany	The cohort was set-up to represent a Northern German population of the Kiel region.	https://www.ebi.ac.uk/europepmc/webservices/rest/search?query=EXT_ID%3A36245062+AND+SRC%3AMED&format=json&resultType=core
COHO:0000416	owl:NamedIndividual	Amish Complex Disease Research Program	dbpedia:United_States	The Old Order Amish (OOA) population of Lancaster County, PA immigrated to the Colonies from Central Europe in the early 1700’s.	https://www.ebi.ac.uk/europepmc/webservices/rest/PMC8989972/fullTextXML
COHO:0000417	owl:NamedIndividual	BioVU	dbpedia:United_States	The biobank at Vanderbilt (BioVU) is one of the largest practice-based biobanks in the U.S.	https://www.ebi.ac.uk/europepmc/webservices/rest/PMC9512962/fullTextXML
COHO:0000418	owl:NamedIndividual	Southall and Brent Revisited	dbpedia:United_Kingdom	It recruited predominantly European (EA), South Asian (SA) and African Caribbean (AC) participants living in West and North London; details have been previously described [20].	https://www.ebi.ac.uk/europepmc/webservices/rest/PMC10874717/fullTextXML
COHO:0000419	owl:NamedIndividual	Gut-and-Liver Axis in Alcoholic Liver Fibrosis	dbpedia:Denmark	For replication of the genetic effects on plasma protein levels, we included 1,000 additional children and adolescents from the HOLBAEK Study and 558 adults with alcohol-related liver disease aged 19–82 years, matched with healthy controls recruited from the Region of Southern Denmark5.	https://www.ebi.ac.uk/europepmc/webservices/rest/PMC11906355/fullTextXML
COHO:0000420	owl:NamedIndividual	Cardiovascular Risk in Young Finns Study	dbpedia:Finland		
COHO:0000421	owl:NamedIndividual	Study of Colorectal Cancer in Scotland	dbpedia:United_Kingdom	from a population‐based case–control study (Study of Colorectal Cancer in Scotland, SOCCS; 1999‐current)	https://www.ebi.ac.uk/europepmc/webservices/rest/PMC6771941/fullTextXML
COHO:0000422	owl:NamedIndividual	China Kadoorie Biobank	dbpedia:China	The China Kadoorie Biobank (CKB) is a population-based prospective cohort of >512,000 adults recruited from 2004 to 2008 from 10 geographically diverse regions across China.	https://www.ebi.ac.uk/europepmc/webservices/rest/search?query=EXT_ID%3A37601966+AND+SRC%3AMED&format=json&resultType=core
COHO:0000423	owl:NamedIndividual	All of Us Research Program	dbpedia:United_States	The All of Us Research Program plans to enroll a diverse group of at least 1 million persons in the United States in order to accelerate biomedical research and improve health.	https://www.ebi.ac.uk/europepmc/webservices/rest/search?query=EXT_ID%3A31412182+AND+SRC%3AMED&format=json&resultType=core
COHO:0000424	owl:NamedIndividual	BioMe Biobank	dbpedia:United_States	We identified 16 groups with shared ancestry, based on genomic segments that are shared through identity by descent (IBD), in New York City using the genomic data of 25,366 residents from the All Of Us Research Program and the Mount Sinai BioMe biobank.	https://www.ebi.ac.uk/europepmc/webservices/rest/search?query=EXT_ID%3A40554605+AND+SRC%3AMED&format=json&resultType=core
COHO:0000425	owl:NamedIndividual	Coronary Artery Risk Development in Young Adults Study	dbpedia:United_States	The longitudinal CARDIA study was initiated in 1985 with the recruitment of young adult participants (aged 18-30 years) equally balanced by female and male sex and black and white race at 4 field centers located in Birmingham, AL, Chicago, IL, Minneapolis, MN, and Oakland, CA.	https://www.ebi.ac.uk/europepmc/webservices/rest/search?query=EXT_ID%3A32692748+AND+SRC%3AMED&format=json&resultType=core
COHO:0000426	owl:NamedIndividual	Health for Life in Singapore	dbpedia:Singapore	Participants were recruited from the Singapore general population11,13,14.	https://www.ebi.ac.uk/europepmc/webservices/rest/PMC12764833/fullTextXML
COHO:0000427	owl:NamedIndividual	Cleveland Family Study	dbpedia:United_States	Overall, a total of 2284 individuals from 361 families were recruited from the Cleveland metropolitan area.	https://www.ebi.ac.uk/europepmc/webservices/rest/PMC3498243/fullTextXML
COHO:0000428	owl:NamedIndividual	deCODE genetics Icelandic cohort	dbpedia:Iceland	This study is based on whole-genome sequence data from the whole blood of 15,220 Icelanders participating in various disease projects at deCODE genetics.	https://www.ebi.ac.uk/europepmc/webservices/rest/PMC5465083/fullTextXML
COHO:0000429	owl:NamedIndividual	PainOMICS Retrospective Study	dbpedia:Italy|dbpedia:Croatia|dbpedia:Belgium|dbpedia:Australia|dbpedia:United_States	The project includes six clinical centres from Italy, Croatia, Belgium, Australia and the USA, and four centres for scientific analyses from Croatia, France, Germany and UK.	https://www.ebi.ac.uk/europepmc/webservices/rest/PMC5073566/fullTextXML
COHO:0000430	owl:NamedIndividual	The Pomak cohort	dbpedia:Greece	For MANOLIS, biological samples were collected from the mountainous Mylopomatos villages in Crete, Greece; whereas, Pomak refers to a set of mountainous villages in the North of Greece.	https://www.ebi.ac.uk/europepmc/webservices/rest/PMC8640022/fullTextXML
COHO:0000431	owl:NamedIndividual	Genetic Epidemiology Research on Adult Health and Aging	dbpedia:United_States	Cohort members reside primarily in a 22-county service area in northern and central California that encompasses over 28,000 square miles and includes urban, suburban, rural and agricultural land use (supplementary Figure 1; http://links.lww.com/EE/A39).	https://www.ebi.ac.uk/europepmc/webservices/rest/PMC7939422/fullTextXML
COHO:0000432	owl:NamedIndividual	Correlated Expression and Disease Association Research	dbpedia:Belgium	We collected peripheral blood as well as intestinal biopsies (ileum, transverse colon, rectum) from 323 healthy Europeans visiting the Academic Hospital of the University of Liège as part of a national screening campaign for colon cancer.	https://www.ebi.ac.uk/europepmc/webservices/rest/PMC6013502/fullTextXML
COHO:0000433	owl:NamedIndividual	Generation Scotland: Scottish Family Health Study	dbpedia:United_Kingdom	Generation Scotland is a collaboration between the University Medical School and NHS in Aberdeen, Dundee, Edinburgh and Glasgow, Scotland, UK	https://www.ebi.ac.uk/europepmc/webservices/rest/PMC6361928/fullTextXML
COHO:0000434	owl:NamedIndividual	Genetic Epidemiology Network of Arteriopathy	dbpedia:United_States	GENOA is a community-based study in Rochester, MN and Jackson, MS that was established to identify genes influencing blood pressure [33].	https://www.ebi.ac.uk/europepmc/webservices/rest/PMC8764761/fullTextXML
COHO:0000435	owl:NamedIndividual	Northern Finland Birth Cohorts	dbpedia:Finland	The Northern Finland Birth Cohort 1986 (NFBC1986) [19] was initiated 20 years after the NFBC1966 in the same two northernmost provinces of Finland.	https://www.ebi.ac.uk/europepmc/webservices/rest/PMC12095082/fullTextXML
COHO:0000436	owl:NamedIndividual	Taiwan Biobank	dbpedia:Taiwan	The Taiwan Biobank (TWB) is an ongoing prospective study of >150,000 individuals aged 20-70 in Taiwan.	https://www.ebi.ac.uk/europepmc/webservices/rest/search?query=EXT_ID%3A36776991+AND+SRC%3AMED&format=json&resultType=core
COHO:0000437	owl:NamedIndividual	GeneRISK study	dbpedia:Finland	The cohort includes 7292 participants (4642 women, 2624 men), who were recruited from Southern Finland during 2015–2017 at age of 45–66 years.	https://www.ebi.ac.uk/europepmc/webservices/rest/PMC10618167/fullTextXML
COHO:0000438	owl:NamedIndividual	Healthy Aging in Neighborhoods of Diversity across the Life Span	dbpedia:United_States	We recruited 3722 participants from Baltimore, Md.	https://www.ebi.ac.uk/europepmc/webservices/rest/search?query=EXT_ID%3A20828101+AND+SRC%3AMED&format=json&resultType=core
COHO:0000439	owl:NamedIndividual	Mount Sinai Crohn's and Colitis Registry	dbpedia:United_States	Patients with UC (n=484) or CD (n=464) and HCs (ages 18+, n=365) were recruited as part of a cross-sectional study, the Mount Sinai Crohn’s and Colitis Registry (MSCCR), between December 2013 and September 2016 from the outpatient and endoscopy units of the Mount Sinai Hospital.	https://www.ncbi.nlm.nih.gov/research/bionlp/RESTful/pmcoa.cgi/BioC_xml/PMC9214725/unicode
COHO:0000440	owl:NamedIndividual	Netherlands Study of Depression and Anxiety	dbpedia:Netherlands		
COHO:0000441	owl:NamedIndividual	Health, Aging and Body Composition Study	dbpedia:United_States	SettingThe population-based study took place in two US communities in Memphis, Tennessee, and Pittsburgh, Pennsylvania.	https://www.ebi.ac.uk/europepmc/webservices/rest/search?query=EXT_ID%3A40044514+AND+SRC%3AMED&format=json&resultType=core
COHO:0000442	owl:NamedIndividual	Michigan Genomics Initiative	dbpedia:United_States	An alternative biobank design is localized recruitment within a single healthcare system.7,8,9 In this article, we describe the Michigan Genomics Initiative (MGI), a single-health-system biobank recruited from adult patients receiving care at Michigan Medicine, the University of Michigan’s health system.	https://www.ebi.ac.uk/europepmc/webservices/rest/PMC9932985/fullTextXML
COHO:0000443	owl:NamedIndividual	Immune and Metabolic Markers during Pregnancy and Child Development Study	dbpedia:United_States	The study population for the IMPaCT (Immune and Metabolic Markers during Pregnancy and Child Development) Study was selected from children born at Kaiser Permanente Northern California (KPNC) from January 2011 to January 2016, who survived to age 2 years and whose mothers received health care during the 2 years prior to delivery.	https://www.ebi.ac.uk/europepmc/webservices/rest/PMC10689278/fullTextXML
COHO:0000445	owl:NamedIndividual	Helsinki Birth Cohort Study	dbpedia:Finland	Our study sample is a part of the Helsinki Birth Cohort Study (HBCS), comprising all 13345 individuals (52.3% male) born singleton in one of the two maternity hospitals in Helsinki, Finland, between 1934 and 1944.	https://www.ebi.ac.uk/europepmc/webservices/rest/PMC6416302/fullTextXML
COHO:0000446	owl:NamedIndividual	Generation R Study	dbpedia:Netherlands	The Generation R Study is conducted in Rotterdam, the second largest city in the Netherlands.	https://www.ebi.ac.uk/europepmc/webservices/rest/PMC5233749/fullTextXML
COHO:0000447	owl:NamedIndividual	500 Functional Genomics	dbpedia:Netherlands	The inclusion of the volunteers took place between 8/2013 until 12/2014 in the Radboud University Medical Center, the Netherlands.	https://www.ncbi.nlm.nih.gov/research/bionlp/RESTful/pmcoa.cgi/BioC_xml/PMC5787854/unicode
COHO:0000448	owl:NamedIndividual	MyCode Community Health Initiative	dbpedia:United_States	The GHS MyCode study is a health system-based cohort of patients from Central and Eastern Pennsylvania (USA) recruited in 2007–201941.	https://www.ebi.ac.uk/europepmc/webservices/rest/PMC9529959/fullTextXML
COHO:0000450	owl:NamedIndividual	LIFE-Adult-Study	dbpedia:Germany	BackgroundThe LIFE-Adult-Study is a population-based cohort study, which has recently completed the baseline examination of 10,000 randomly selected participants from Leipzig, a major city with 550,000 inhabitants in the east of Germany.	https://www.ebi.ac.uk/europepmc/webservices/rest/search?query=EXT_ID%3A26197779+AND+SRC%3AMED&format=json&resultType=core
COHO:0000451	owl:NamedIndividual	Red Blood Cell-Omics Study	dbpedia:United_States	As part of this study, genomics approaches were used to characterize 12,353 volunteer donors enrolled at four different blood centers across the United States of America (29, 30).	https://www.ebi.ac.uk/europepmc/webservices/rest/PMC9763692/fullTextXML
COHO:0000452	owl:NamedIndividual	Corogene Study	dbpedia:Finland	Corogene is a prospective, consecutive cohort study of Finnish patients referred for coronary angiography to the Helsinki University Central Hospital between 2006 and 2008.	https://www.ebi.ac.uk/europepmc/webservices/rest/PMC4929378/fullTextXML
COHO:0000453	owl:NamedIndividual	Health 2000 GenMets Study	dbpedia:Finland	GenMets is a subset from the Health 2000 survey collected in 2000–2001 to obtain information on the most important public health problems in Finland [30].	https://www.ebi.ac.uk/europepmc/webservices/rest/PMC3916240/fullTextXML
COHO:0000454	owl:NamedIndividual	Qatar Metabolomics Study on Diabetes	dbpedia:Qatar	All study participants were enrolled between February 2012 and June 2012 at the Dermatology Department of Hamad Medical Corporation (HMC) in Doha, Qatar.	https://www.ebi.ac.uk/europepmc/webservices/rest/PMC4499109/fullTextXML
COHO:0000455	owl:NamedIndividual	Genetic Study of Atherosclerosis Risk	dbpedia:United_States	Participants came from EA and AA families identified from 1983 to 2006 from probands with a premature coronary disease event before 60 years of age who were identified at the time of hospitalization in any of 10 Baltimore area hospitals.	https://www.ebi.ac.uk/europepmc/webservices/rest/PMC9086181/fullTextXML
COHO:0000456	owl:NamedIndividual	Nurses' Health Study	dbpedia:United_States	The third replication dataset was derived from two prospective cohort studies in the US: the Nurses’ Health Study and the Health Professionals Follow-up Study [13, 55].	https://www.ebi.ac.uk/europepmc/webservices/rest/PMC11046907/fullTextXML
COHO:0000457	owl:NamedIndividual	Penn Medicine BioBank	dbpedia:United_States	The Penn Medicine BioBank (PMBB) is an electronic health record (EHR)-linked biobank at the University of Pennsylvania (Penn Medicine).	https://www.ebi.ac.uk/europepmc/webservices/rest/search?query=EXT_ID%3A36556195+AND+SRC%3AMED&format=json&resultType=core
COHO:0000458	owl:NamedIndividual	Epidemiological Investigation of Rheumatoid Arthritis	dbpedia:Sweden	EIRA, a case–control study established in 1996, currently contains >5000 incident RA cases from the middle and southern regions of Sweden [18].	https://www.ebi.ac.uk/europepmc/webservices/rest/PMC11065441/fullTextXML
COHO:0000459	owl:NamedIndividual	Ludwigshafen Risk and Cardiovascular Health Study	dbpedia:Germany	We thank the LURIC study team who were either temporarily or permanently involved in patient recruitment as well as sample and data handling, in addition to the laboratory staff at the Ludwigshafen General Hospital and the Universities of Freiburg and Ulm, Germany.	https://www.ebi.ac.uk/europepmc/webservices/rest/PMC10964567/fullTextXML
COHO:0000460	owl:NamedIndividual	Diabetes Heart Study	dbpedia:United_States	The Diabetes Heart Study (DHS) is a community-based study of the genetic and epidemiological contributions to diabetic heart disease in which siblings concordant for type 2 diabetes mellitus (T2DM), as well as unaffected family members, were recruited from internal medicine and endocrinology clinics in western North Carolina.	https://www.ebi.ac.uk/europepmc/webservices/rest/PMC3609509/fullTextXML
COHO:0000462	owl:NamedIndividual	Genetic Risk Assessment for Chinese Eaglet-T1D	dbpedia:China	Ncontrols=427,069) and in a Chinese case–control cohort across multiple paediatric centres named Genetic Risk Assessment for Chinese Eaglet-T1D (GRACE, N=597;	https://www.ebi.ac.uk/europepmc/webservices/rest/PMC13109230/fullTextXML
COHO:0000463	owl:NamedIndividual	Academic Medical Center Amsterdam Premature Atherosclerosis Study	dbpedia:Netherlands	PAS, Premature Atherosclerosis Study—Academic Medical Center—Amsterdam;	https://www.ncbi.nlm.nih.gov/research/bionlp/RESTful/pmcoa.cgi/BioC_xml/PMC4889017/unicode
COHO:0000464	owl:NamedIndividual	Bogalusa Heart Study	dbpedia:United_States	Bogalusa, LA, is a biracial (black/white) rural community 70 miles north of New Orleans, comparable to many other communities in southeastern United States.	https://www.ebi.ac.uk/europepmc/webservices/rest/search?query=EXT_ID%3A11876192+AND+SRC%3AMED&format=json&resultType=core
COHO:0000465	owl:NamedIndividual	Cleveland Family Speech and Reading Study	dbpedia:United_States	Children with a diagnosis of SSD were referred to the study from the clinical caseloads of SLPs in Ohio.	https://www.ebi.ac.uk/europepmc/webservices/rest/PMC12614917/fullTextXML
COHO:0000467	owl:NamedIndividual	Genetics of Opioid Addiction Study	dbpedia:Canada	Briefly, participants (nGENOA = 1536, nPOST = 3319) were recruited from 76 CATC sites across Ontario, Canada (GENOA, 2013–2016, POST, 2018–present).	https://www.ebi.ac.uk/europepmc/webservices/rest/PMC10724251/fullTextXML
COHO:0000468	owl:NamedIndividual	deCODE Health Study	dbpedia:Iceland	Speech samples were obtained from 14,144 Icelandic participants as a part of the deCODE Health Study in Iceland, which involves comprehensive phenotyping of a general population sample.	https://www.ebi.ac.uk/europepmc/webservices/rest/PMC10256171/fullTextXML
COHO:0000469	owl:NamedIndividual	Qatar Biobank	dbpedia:Qatar	Qatar Biobank will provide a powerful resource to investigate the major determinants of ill-health and well-being in Qatar, providing valuable insights into the current and future public health burden that faces the country.	https://www.ebi.ac.uk/europepmc/webservices/rest/search?query=EXT_ID%3A26635005+AND+SRC%3AMED&format=json&resultType=core
COHO:0000470	owl:NamedIndividual	Reykjavik Study	dbpedia:Iceland	This cohort of men and women born between 1907 and 1935 has been followed in Iceland since 1967 by the Icelandic Heart Association.	https://www.ebi.ac.uk/europepmc/webservices/rest/search?query=EXT_ID%3A17351290+AND+SRC%3AMED&format=json&resultType=core
COHO:0000471	owl:NamedIndividual	Human Functional Genomics Project	dbpedia:Netherlands	The cohort comprises 197 healthy adults working as foresters from the ‘Geldersch Landschap’, ‘Hoge Veluwe’, ‘Twickel’, and ‘Kroondomein het Loo’ in the Netherlands.	https://humanfunctionalgenomics.org/projects/
COHO:0000472	owl:NamedIndividual	Recipient Epidemiology and Donor Evaluation Study-III	dbpedia:United_States|dbpedia:Brazil|dbpedia:China|dbpedia:South_Africa	The international component consists of distinct programs in Brazil, China, and South Africa, which involve US and in-country investigators.	https://www.ebi.ac.uk/europepmc/webservices/rest/search?query=EXT_ID%3A24188564+AND+SRC%3AMED&format=json&resultType=core
COHO:0000473	owl:NamedIndividual	Research Program on Genes, Environment and Health	dbpedia:United_States	The GERA cohort is part of the Kaiser Permanente Northern California (KPNC) Research Program on Genes, Environment and Health (RPGEH).	https://www.ebi.ac.uk/europepmc/webservices/rest/PMC7939422/fullTextXML
