ID	TYPE	label	participants	participants evidence	participants source	participants note	cases	cases evidence	cases source	cases note	controls	controls evidence	controls source	controls note
ID	TYPE		AT coho:numberOfParticipants^^xsd:integer	>A rdfs:comment	>A oio:hasDbXref	>A IAO:0000116	AT coho:numberOfCases^^xsd:integer	>A rdfs:comment	>A oio:hasDbXref	>A IAO:0000116	AT coho:numberOfControls^^xsd:integer	>A rdfs:comment	>A oio:hasDbXref	>A IAO:0000116
COHO:0000002	owl:NamedIndividual	1000 Genomes	2504	Here we report completion of the project, having reconstructed the genomes of 2,504 individuals from 26 populations using a combination of low-coverage whole-genome sequencing, deep exome sequencing, and dense microarray genotyping.	PMID:26432245	individuals from 26 populations with reconstructed genomes (final phase 3), 2015								
COHO:0000003	owl:NamedIndividual	AddNeuroMed Cohort	781	The AddNeuroMed study was established in 2006 and enrolled 781 individuals at baseline.	PMID:31650008	individuals enrolled at baseline								
COHO:0000004	owl:NamedIndividual	Adenoma Prevention with Celecoxib trial	2035	The trial randomized 2,035 subjects to receive either placebo, celecoxib 200 mg twice daily, or celecoxib 400 mg twice daily.	PMID:19336730	subjects randomised to placebo or celecoxib								
COHO:0000005	owl:NamedIndividual	Advanced Study of Aortic Pathology	600	Analysis of the clinical outcomes (aortic events and survival) was performed in 566 of the original 600 patients.	PMID:40207537	patients in the original ASAP study population (operated 2007-2013)								
COHO:0000006	owl:NamedIndividual	Africa Wits-INDEPTH partnership for Genomics studies	12032	During Wave 1 (2013–17), 12 032 participants were enrolled.	PMID:39899987	participants enrolled in Wave 1 (baseline), 2017								
COHO:0000007	owl:NamedIndividual	Arthritis Research UK Osteoarthritis Genetics	7410	We undertook a large genome-wide association study (GWAS) in 7410 unrelated and retrospectively and prospectively selected patients with severe osteoarthritis in the arcOGEN study, 80% of whom had undergone total joint replacement, and 11 009 unrelated controls from the UK.	PMID:22763110	arcOGEN osteoarthritis cases in the GWAS (controls came from other UK studies), 2012	7410	We undertook a large genome-wide association study (GWAS) in 7410 unrelated and retrospectively and prospectively selected patients with severe osteoarthritis in the arcOGEN study, 80% of whom had undergone total joint replacement, and 11 009 unrelated controls from the UK.	PMID:22763110	arcOGEN osteoarthritis cases in the GWAS (controls came from other UK studies), 2012	11009	We undertook a large genome-wide association study (GWAS) in 7410 unrelated and retrospectively and prospectively selected patients with severe osteoarthritis in the arcOGEN study, 80% of whom had undergone total joint replacement, and 11 009 unrelated controls from the UK.	PMID:22763110	arcOGEN osteoarthritis cases in the GWAS (controls came from other UK studies), 2012
COHO:0000008	owl:NamedIndividual	Asian Cancer Project					423	Asian Cancer Project (ACP) Thailand 636 423 92 53	https://pmc.ncbi.nlm.nih.gov/articles/PMC4204770/	cases and controls contributed to the BCAC COGS genotyping (analysed subset), 2014	636	Asian Cancer Project (ACP) Thailand 636 423 92 53	https://pmc.ncbi.nlm.nih.gov/articles/PMC4204770/	cases and controls contributed to the BCAC COGS genotyping (analysed subset), 2014
COHO:0000009	owl:NamedIndividual	Aspirin for Asymptomatic Atherosclerosis Study	3350	The 3350 remaining were randomly assigned to aspirin or placebo.	PMID:18762476	participants randomly assigned to aspirin or placebo								
COHO:0000010	owl:NamedIndividual	AtheroExpress	3500	The current number of included AE patients is over 3,500, some 2,400 patients underwent carotid endarterectomy, almost 700 “femoral” patients had surgery, and well over 70 other types of arteries were operated on.	https://research.umcutrecht.nl/athero-express/	patients included in the biobank (stated as a lower bound, 'over 3,500')								
COHO:0000011	owl:NamedIndividual	Atherosclerosis Risk in Communities Study	15792	The ARIC is a population-based epidemiologic study among a total of 15,792 Black and White participants recruited from 4 communities (17).	PMID:35769078	Black and White participants recruited from the 4 communities								
COHO:0000012	owl:NamedIndividual	Atopic Dermatitis Research Network	2862	Participants with AD (N = 2862) whose disease was categorized as mild (11.6%), moderate (58.0%), or severe (30.4%) based on Rajka-Langeland scoring were enrolled.	PMID:37182563	participants with atopic dermatitis enrolled in the ADRN registry at 9 academic centres								
COHO:0000014	owl:NamedIndividual	Australian Ovarian Cancer Study					1859	Between 2002 and 2006, a total of 2,456 women with suspected epithelial ovarian cancer from all Australian states consented to take part in the study, of whom 1859 had invasive or borderline ovarian tumours.	http://www.aocstudy.org/background.html	women with invasive or borderline ovarian tumours among 2,456 consenting cases (2002-2006); controls enrolled	1065	Between 2002 and 2006, a total of 2,456 women with suspected epithelial ovarian cancer from all Australian states consented to take part in the study, of whom 1859 had invasive or borderline ovarian tumours.	http://www.aocstudy.org/background.html	women with invasive or borderline ovarian tumours among 2,456 consenting cases (2002-2006); controls enrolled
COHO:0000015	owl:NamedIndividual	Australian Twin Registry	75000	We are non-profit with our research made possible through the incredible volunteer efforts of our 75,000 twin members Australia-wide.	https://www.twins.org.au/	twin members of Twins Research Australia (the renamed Australian Twin Registry), current website								
COHO:0000016	owl:NamedIndividual	Avon Longitudinal Study of Parents and Children	14775	The ‘Children of the 90s’ ‘enrolled sample’ consists of 14 775 (75.7% of the 19 600 eligible live births) live-born children from the 15 247 pregnancies (15 458 foetuses) where an individual, either the mother/primary caregiver or the child, has provided data.	PMID:22507743	live-born index children in the enrolled sample (from 15 247 enrolled pregnancies, by age 18), 2012								
COHO:0000017	owl:NamedIndividual	Berlin-Frankfurt-Münster trials	6609	Between 1981 and 2000, 6609 children (<18 years of age) were treated in five consecutive trials of the Berlin-Frankfurt-Münster (BFM) study group for childhood acute lymphoblastic leukemia (ALL).	PMID:20010625	children treated in the five consecutive ALL-BFM trials 1981-2000 (pooled long-term analysis)								
COHO:0000018	owl:NamedIndividual	Bladder Cancer Prognosis Programme	1550	Briefly, during the enrolment period (December 2005–October 2011), a total of 1,550 male and female patients (age ≥18 years) were enrolled based on abnormal cystoscopic findings suggestive of bladder cancer.	PMID:30112441	patients enrolled December 2005-October 2011 on cystoscopic findings suggestive of bladder cancer								
COHO:0000019	owl:NamedIndividual	Brazilian Cohort	45	Here we provide a catalogue of variants called after sequencing the exomes of 45 babies from Rio Grande do Nord in Brazil.	PMID:33087711	babies whose exomes were sequenced								
COHO:0000020	owl:NamedIndividual	Breast Cancer Association Consortium	35568	We pooled tumor marker and epidemiological risk factor data from 35568 invasive breast cancer case patients from 34 studies participating in the Breast Cancer Association Consortium.	PMID:21191117	invasive breast cancer cases from 34 member studies pooled in the 2011 risk-factor and tumour-subtype analysis	35568	We pooled tumor marker and epidemiological risk factor data from 35568 invasive breast cancer case patients from 34 studies participating in the Breast Cancer Association Consortium.	PMID:21191117	invasive breast cancer cases from 34 member studies pooled in the 2011 risk-factor and tumour-subtype analysis				
COHO:0000021	owl:NamedIndividual	Bruneck study	933	A total of 933 women and men participated in the baseline examination in 1990 (participation rate, 93.3%); 703 of 764 individuals being alive in 2000 participated in the 2000 re‐evaluation (participation rate, 92.0%).	PMID:32172649	women and men examined at the 1990 baseline (of 1,000 invited)								
COHO:0000023	owl:NamedIndividual	Cancer Genome Atlas	11160	By the end of this 10-year project, TCGA network investigators had characterized the molecular landscape of tumors from 11,160 patients across 33 cancer types and defined their many molecular subtypes.	https://pmc.ncbi.nlm.nih.gov/articles/PMC6066282/	patients whose tumours TCGA characterised across 33 cancer types (TCGA-CDR, whole program), 2018								
COHO:0000024	owl:NamedIndividual	Cancer Prevention Study	1200000	The Cancer Prevention Study II (CPS-II), which began in 1982, is a prospective mortality study of approximately 1.2 million American men and women.	https://www.cancer.org/research/population-science/pop-sci/prevention-studies/cps-2.html	American men and women enrolled in CPS-II in 1982								
COHO:0000025	owl:NamedIndividual	Cancer Prostate in Sweden					3161	The CAPS (Cancer of the Prostate in Sweden) study represents a large Swedish population- based cancer study, comprising 3,161 cases and 2,149 controls, recruited between 2001 and 2003.	https://media.springernature.com/original/springer-static/esm/art%3A10.1038%2Fng.3094/MediaObjects/41588_2014_BFng3094_MOESM58_ESM.pdf	prostate cancer cases and controls recruited 2001-2003	2149	The CAPS (Cancer of the Prostate in Sweden) study represents a large Swedish population- based cancer study, comprising 3,161 cases and 2,149 controls, recruited between 2001 and 2003.	https://media.springernature.com/original/springer-static/esm/art%3A10.1038%2Fng.3094/MediaObjects/41588_2014_BFng3094_MOESM58_ESM.pdf	prostate cancer cases and controls recruited 2001-2003
COHO:0000026	owl:NamedIndividual	Candesartan in Heart failure Assessment of Reduction in Mortality and morbidity	7601	Overall, 7601 patients (7599 with data) were randomly assigned candesartan (n=3803, titrated to 32 mg once daily) or matching placebo (n=3796), and followed up for at least 2 years.	PMID:13678868	patients randomised across the three CHARM trials (CHARM-Overall), 2003								
COHO:0000028	owl:NamedIndividual	Cardiogenics Study	918	This initiative recruited 918 participants (459 patients with myocardial infarction and 459 normal controls) in five centres: Cambridge (UK), Leicester (UK), Lübeck (Germany), Regensburg (Germany), and Paris (France).	https://pmc.ncbi.nlm.nih.gov/articles/PMC3314981/	participants recruited in five centres (MI patients and controls)	459	This initiative recruited 918 participants (459 patients with myocardial infarction and 459 normal controls) in five centres: Cambridge (UK), Leicester (UK), Lübeck (Germany), Regensburg (Germany), and Paris (France).	https://pmc.ncbi.nlm.nih.gov/articles/PMC3314981/	participants recruited in five centres (MI patients and controls)	459	This initiative recruited 918 participants (459 patients with myocardial infarction and 459 normal controls) in five centres: Cambridge (UK), Leicester (UK), Lübeck (Germany), Regensburg (Germany), and Paris (France).	https://pmc.ncbi.nlm.nih.gov/articles/PMC3314981/	participants recruited in five centres (MI patients and controls)
COHO:0000029	owl:NamedIndividual	CARDIoGRAMplusC4D	185000	Leveraging phased haplotypes from the 1000 Genomes Project, we report a GWAS meta-analysis of ∼185,000 CAD cases and controls, interrogating 6.7 million common (minor allele frequency (MAF) > 0.05) and 2.7 million low-frequency (0.005 < MAF < 0.05) variants.	PMID:26343387	CAD cases and controls in the 2015 1000 Genomes-based meta-analysis (approximate)	60801	Leveraging phased haplotypes from the 1000 Genomes Project, we report a GWAS meta-analysis of ∼185,000 CAD cases and controls, interrogating 6.7 million common (minor allele frequency (MAF) > 0.05) and 2.7 million low-frequency (0.005 < MAF < 0.05) variants.	PMID:26343387	CAD cases and controls in the 2015 1000 Genomes-based meta-analysis (approximate)	123504	Leveraging phased haplotypes from the 1000 Genomes Project, we report a GWAS meta-analysis of ∼185,000 CAD cases and controls, interrogating 6.7 million common (minor allele frequency (MAF) > 0.05) and 2.7 million low-frequency (0.005 < MAF < 0.05) variants.	PMID:26343387	CAD cases and controls in the 2015 1000 Genomes-based meta-analysis (approximate)
COHO:0000030	owl:NamedIndividual	Carolina Head and Neck Cancer Epidemiology					1389	Interview data were available for 1,389 cases and 1,396 controls.	https://pmc.ncbi.nlm.nih.gov/articles/PMC2925153/	interviewed head and neck cancer cases and controls, 2002-2006	1396	Interview data were available for 1,389 cases and 1,396 controls.	https://pmc.ncbi.nlm.nih.gov/articles/PMC2925153/	interviewed head and neck cancer cases and controls, 2002-2006
COHO:0000031	owl:NamedIndividual	CARTaGENE cohort (CHU Sainte-Justine, Quebec, Canada)	43000	CARTaGENE recruited over 43 000 men and women aged 40-69 in two phases (A and B).	PMID:39153764	men and women aged 40-69 recruited in phases A and B (over 43 000)								
COHO:0000037	owl:NamedIndividual	Children, Allergy, Milieu, Stockholm, Epidemiology	4093	In November 1996, this number was reached (4,093).	PMID:12688617	children enrolled at 3-4 months of age, 1994-1996								
COHO:0000038	owl:NamedIndividual	Cholesterol and Atherosclerosis Pharmacogenetics	944	We enrolled 944 African-American and white men and women who completed an open-label, 6-week pharmacogenetics trial of 40 mg of simvastatin.	PMID:16516587	African-American and white adults enrolled who completed the 6-week simvastatin trial								
COHO:0000039	owl:NamedIndividual	Cilento study	2137	The sample for this study was based on the initial cohort of 2,137 participants, which were recruited in the Genetic Park of Cilento and Vallo di Diano Project between 2003 and 2008.	https://pmc.ncbi.nlm.nih.gov/articles/PMC6411969/	participants recruited in Campora, Gioi and Cardile, 2003-2008								
COHO:0000040	owl:NamedIndividual	COIN	2445	Between March 9, 2005, and May 9, 2008, 2445 patients were randomly allocated to treatment groups at 111 centres in the UK and Ireland, with 1630 patients assigned to the comparison of continuous versus intermittent treatment.	https://www.ebi.ac.uk/europepmc/webservices/rest/PMC3159416/fullTextXML	patients randomised to the three COIN arms, 2005-2008								
COHO:0000041	owl:NamedIndividual	COIN-B	226	We registered 401 patients, 226 of whom were enrolled.	https://pmc.ncbi.nlm.nih.gov/articles/PMC4012566/	patients enrolled (randomised) in COIN-B, of 401 registered								
COHO:0000042	owl:NamedIndividual	Colorectal Cancer Study of Austria	13000	In the ongoing CRC study of Austria (CORSA), more than 13,000 Caucasian participants have been recruited within the province-wide screening project “Burgenland Prevention Trial of Colorectal Disease with Immunological Testing” (B-PREDICT) since 200313 .	https://media.springernature.com/original/springer-static/esm/art%3A10.1038%2Fs41588-018-0286-6/MediaObjects/41588_2018_286_MOESM1_ESM.pdf	participants recruited since 2003 (more than 13,000; cases, adenomas and colonoscopy-negative controls)								
COHO:0000044	owl:NamedIndividual	Consortium of Minority Population Genome-Wide Association Studies of Stroke					3734	The COMPASS (Consortium of Minority Population Genome-Wide Association Studies of Stroke) has conducted a genome-wide association meta-analysis of stroke in >22 000 individuals of African ancestry (3734 cases, 18 317 controls) from 13 cohorts.	PMID:32693751	cases and controls of African ancestry in the 2020 COMPASS meta-analysis of 13 cohorts	18317	The COMPASS (Consortium of Minority Population Genome-Wide Association Studies of Stroke) has conducted a genome-wide association meta-analysis of stroke in >22 000 individuals of African ancestry (3734 cases, 18 317 controls) from 13 cohorts.	PMID:32693751	cases and controls of African ancestry in the 2020 COMPASS meta-analysis of 13 cohorts
COHO:0000045	owl:NamedIndividual	Cooperative Health Research in the Region of Augsburg	17602	In total, 17.602 participants were randomly selected from population registries in the study region.	https://www.helmholtz-munich.de/en/epi/cohort/kora	participants of the four baseline surveys S1-S4 (1984-2001)								
COHO:0000046	owl:NamedIndividual	Copenhagen Hospital Biobank	425000	At present, the biobank counts ~425,000 patients (Table 4).	PMID:36852012	patients in the biobank (approximate), 2023								
COHO:0000047	owl:NamedIndividual	CROATIA-Korcula Study	2701	This study describes whole genome sequencing (TruSeq Nano, Illumina) run on a HiSeqX  platform at 30X coverage on 200 individuals best capturing the genetic variation of the entire cohort (N= 2701); they were selected using ANCHAP, an identity by descent inference tool (PMID 23361219).	https://metadata.ega-archive.org/studies/EGAS00001008043	adult volunteers recruited 2007-2014 (entire cohort)								
COHO:0000049	owl:NamedIndividual	Diabetes Genetics in Pakistan	1988	All subjects (UKADS, n = 1274; DGP, n = 1988; total, n = 3262) were genotyped for the 16 SNPs using the KASPar method (KBioscience, Hoddesdon, UK).	PMID:21949744	DGP participants genotyped in this study (type 2 diabetes cases and normoglycaemic controls), 2011	821	All subjects (UKADS, n = 1274; DGP, n = 1988; total, n = 3262) were genotyped for the 16 SNPs using the KASPar method (KBioscience, Hoddesdon, UK).	PMID:21949744	DGP participants genotyped in this study (type 2 diabetes cases and normoglycaemic controls), 2011	1167	All subjects (UKADS, n = 1274; DGP, n = 1988; total, n = 3262) were genotyped for the 16 SNPs using the KASPar method (KBioscience, Hoddesdon, UK).	PMID:21949744	DGP participants genotyped in this study (type 2 diabetes cases and normoglycaemic controls), 2011
COHO:0000050	owl:NamedIndividual	Diabetes in Mexico Study					762	Diabetes in Mexico Study (DMS) Mexico City, Mexico Prospective Cohort Controls 472 (505) 25.8% 52.5 ± 7.7 – 28.0 ± 4.4 5.0 ± 0.4 T2D Cases 690 (762)	https://pmc.ncbi.nlm.nih.gov/articles/PMC4127086/	DMS type 2 diabetes cases and controls in the SIGMA T2D dataset, before QC (table row), 2014	505	Diabetes in Mexico Study (DMS) Mexico City, Mexico Prospective Cohort Controls 472 (505) 25.8% 52.5 ± 7.7 – 28.0 ± 4.4 5.0 ± 0.4 T2D Cases 690 (762)	https://pmc.ncbi.nlm.nih.gov/articles/PMC4127086/	DMS type 2 diabetes cases and controls in the SIGMA T2D dataset, before QC (table row), 2014
COHO:0000051	owl:NamedIndividual	Diabetes Prevention Program	3234	We randomly assigned 3234 nondiabetic persons with elevated fasting and post-load plasma glucose concentrations to placebo, metformin (850 mg twice daily), or a lifestyle-modification program with the goals of at least a 7 percent weight loss and at least 150 minutes of physical activity per week.	PMID:11832527	participants randomised								
COHO:0000052	owl:NamedIndividual	Diabetes Reduction Assessment with Ramipril and Rosiglitazone Medication	5269	During this period a total of 191 clinical sites in 21 countries screened 24,872 individuals and randomised 5269 participants using a variety of recruitment strategies (Table 2).	https://doi.org/10.1007/s00125-004-1485-5	participants randomised								
COHO:0000054	owl:NamedIndividual	Dortmund Health Study	2291	From 2003 to 2004 overall 2,291 participants were recruited into the study, 1,312 attended the study centre and the others participated by answering a mailed questionnaire.	PMID:22736161	participants recruited 2003-2004								
COHO:0000055	owl:NamedIndividual	Duke Cognition Cohort	1193	DCC Duke Cognition Cohort USA 1193 27.1 11.6 18 77 558 0.47	https://europepmc.org/api/getPdf?pmcid=PMC5322272	DCC participants in the COGENT meta-analysis (analysed subset, table row), 2017								
COHO:0000057	owl:NamedIndividual	Durban Diabetes Study	1204	Of the 1204 participants recruited to date, 28.3% (341) are men compared with 48.2% found in the general population census data.	PMID:29276614	participants recruited to date (interim, recruitment ongoing)								
COHO:0000058	owl:NamedIndividual	Dutch and Belgian Lung Cancer Screening Trial	15428	Until October 18, 2005 11,103 (first recruitment round) and 4,325 (second recruitment round) (total = 15,428) participants have been randomised.	PMID:17131307	participants randomised by 18 October 2005 (two recruitment rounds)								
COHO:0000059	owl:NamedIndividual	Dutch Microbiome Project	8208	The Dutch Microbiome Project (DMP) data includes raw data generated by shotgun metagenomic sequencing of faecal samples of 8,208 Dutch individuals, processed microbiome data analysed using Biobakery2 tools (including taxonomy, pathway, virulence factors and antibiotic resistance gene profiles), and basic phenotypes (age and sex, BMI).	https://metadata.ega-archive.org/studies/EGAS00001005027	Lifelines participants with sequenced faecal metagenomes (2021)								
COHO:0000060	owl:NamedIndividual	Edinburgh Stroke Study	1408	We assessed 1,408 patients, of whom 844 (60%) had blood drawn for markers of inflammation.	PMID:19901973	stroke patients assessed April 2002 - May 2005								
COHO:0000061	owl:NamedIndividual	ENGAGE AF-TIMI 48	21105	We conducted a randomized, double-blind, double-dummy trial comparing two once-daily regimens of edoxaban with warfarin in 21,105 patients with moderate-to-high-risk atrial fibrillation (median follow-up, 2.8 years).	PMID:24251359	patients randomised								
COHO:0000062	owl:NamedIndividual	EPIGEN	6487	A population-based genome-wide analysis of 6,487 individuals was performed in the context of worldwide genomic diversity to elucidate how ancestry, kinship, and inbreeding interact in three populations with different histories from the Northeast (African ancestry: 50%), Southeast, and South (both with European ancestry >70%) of Brazil.	PMID:26124090	genotyped individuals from the three member cohorts in the flagship 2015 analysis								
COHO:0000063	owl:NamedIndividual	Erasmus Rucphen Family Study	2065	Data collection started in June 2002 and was finished in February 2005 (n=2065).	https://dss.niagads.org/cohorts/erasmus-rucphen-family-erf/	participants examined June 2002 to February 2005								
COHO:0000064	owl:NamedIndividual	Estonian Biobank	212000	Because the Estonian Biobank is an open cohort, the sample size has now expanded to >212 000 individuals since the publication of the previous cohort profile,1 covering ∼20% of the adult population in Estonia.	https://www.ebi.ac.uk/europepmc/webservices/rest/PMC10881104/fullTextXML	individuals enrolled in the open cohort (stated as more than 212 000), 2024								
COHO:0000065	owl:NamedIndividual	European Prospective Investigation into Cancer	519978	The study currently includes 519 978 participants (366 521 women and 153 457 men, mostly aged 35-70 years) in 23 centres located in 10 European countries, to be followed for cancer incidence and cause-specific mortality for several decades.	PMID:12639222	participants recruited in 23 centres, 10 countries (2002)								
COHO:0000066	owl:NamedIndividual	European Prospective Investigation of Cancer-Norfolk	30445	Of these, 30 445 consented to take part and completed a health questionnaire.	https://www.ebi.ac.uk/europepmc/webservices/rest/PMC4121549/fullTextXML	people who consented and completed the baseline health questionnaire, 1993-1997								
COHO:0000067	owl:NamedIndividual	EuroTARGET project	1210	In total, 1,210 patients with mRCC were included.	PMID:28385611	patients with metastatic renal cell cancer included (prospective plus previous studies)								
COHO:0000068	owl:NamedIndividual	Extremely Low Gestational Age Newborns	1506	We enrolled 1506 ELGANs born before 28 weeks gestation at 14 sites; 1201 (80%) survived to 2 years corrected age.	PMID:19765918	infants born before 28 weeks enrolled at 14 sites								
COHO:0000069	owl:NamedIndividual	Fatty Acid Sensor Study	254	A total of 254 healthy Canadian Caucasian subjects living in the Quebec City metropolitan area were recruited into the FAS study from September 2009 to December 2011 using announcements in local newspapers, as well as electronic messages sent to students and employees of Université Laval (Quebec).	https://europepmc.org/api/getPdf?pmcid=PMC6358031	healthy subjects recruited September 2009 to December 2011								
COHO:0000072	owl:NamedIndividual	Flemish Gut Flora Project	5000	We collect and examine stool samples from more than 5000 participants.	https://vib.be/en/research-and-impact/research-areas/microbiology/flemish-gut-flora-project	participants providing stool samples (stated as more than 5000)								
COHO:0000073	owl:NamedIndividual	Gabriel Advanced Survey	103219	In a first-screening phase, a comprehensive population-based survey was conducted to assess the prevalence of exposure to farming environments and of asthma and atopic diseases (n = 103,219).	PMID:21819425	children in the phase I screening survey								
COHO:0000074	owl:NamedIndividual	GCAT Genomes for Life	20000	The GCAT cohort comprises 20,000 volunteers, recruited between 2014 and 2018, from Catalan general population, aged between 40 and 65 years old at the time of recruitment, and 59.16% women.	https://www.ebi.ac.uk/europepmc/webservices/rest/PMC11515386/fullTextXML	volunteers recruited 2014-2018								
COHO:0000075	owl:NamedIndividual	GENESIS	6000	This is a large study including over 6000 participants, and the biological, clinical and epidemiological data collected are detailed and complete.	https://www.ebi.ac.uk/europepmc/webservices/rest/PMC4711059/fullTextXML	participants included 2007-2013 (stated as over 6000)	1721	This is a large study including over 6000 participants, and the biological, clinical and epidemiological data collected are detailed and complete.	https://www.ebi.ac.uk/europepmc/webservices/rest/PMC4711059/fullTextXML	participants included 2007-2013 (stated as over 6000)	1419	This is a large study including over 6000 participants, and the biological, clinical and epidemiological data collected are detailed and complete.	https://www.ebi.ac.uk/europepmc/webservices/rest/PMC4711059/fullTextXML	participants included 2007-2013 (stated as over 6000)
COHO:0000076	owl:NamedIndividual	Genetic Analysis of Multiple Sclerosis					9772	We introduced a number of novel quality control (QC) methods for processing these datasets (see Supplementary Information), which ultimately provided reliable information from 9772 cases and 17376 controls (see Figure 1A).	https://www.ebi.ac.uk/europepmc/webservices/rest/PMC3182531/fullTextXML	cases and controls after QC in the 2011 IMSGC/WTCCC2 GWAS; no total stated	17376	We introduced a number of novel quality control (QC) methods for processing these datasets (see Supplementary Information), which ultimately provided reliable information from 9772 cases and 17376 controls (see Figure 1A).	https://www.ebi.ac.uk/europepmc/webservices/rest/PMC3182531/fullTextXML	cases and controls after QC in the 2011 IMSGC/WTCCC2 GWAS; no total stated
COHO:0000077	owl:NamedIndividual	Genetic Consortium for Anorexia Nervosa					2907	We performed a GWAS in 2907 cases with AN from 14 countries (15 sites) and 14 860 ancestrally matched controls as part of the Genetic Consortium for AN (GCAN) and the Wellcome Trust Case Control Consortium 3 (WTCCC3).	PMID:24514567	AN cases and matched controls in the 2014 GCAN/WTCCC3 discovery GWAS; no total stated	14860	We performed a GWAS in 2907 cases with AN from 14 countries (15 sites) and 14 860 ancestrally matched controls as part of the Genetic Consortium for AN (GCAN) and the Wellcome Trust Case Control Consortium 3 (WTCCC3).	PMID:24514567	AN cases and matched controls in the 2014 GCAN/WTCCC3 discovery GWAS; no total stated
COHO:0000078	owl:NamedIndividual	Genetic Epidemiology of Asthma in Costa Rica	4283	Total number of consented subjects: 4283	https://www.ncbi.nlm.nih.gov/projects/gap/cgi-bin/study.cgi?study_id=phs000988.v6.p1	consented subjects in the dbGaP/TOPMed release (pedigrees and trios)								
COHO:0000079	owl:NamedIndividual	Genetic Overlap between Metabolic and Psychiatric traits	2747	The GOMAP (Genetic Overlap between Metabolic and Psychiatric disorders) study comprises a collection of 2,747 DNA samples from four different patient categories: T2D patients, SCZ patients, individuals with both SCZ and T2D (referred to from here on as SCZplusT2D), and individuals with a different psychiatric diagnosis (this last group is not used in further analyses reported here) (Table 1).	https://www.ebi.ac.uk/europepmc/webservices/rest/PMC6251918/fullTextXML	patients' DNA samples in the GOMAP collection (cases only)								
COHO:0000080	owl:NamedIndividual	Genetic Prostate cancer risk stratification for targeted screening	115	The enrollment was closed in January 2013 when 115 men had entered the study and 100 had agreed to undergo PB (Table 1).	https://www.ebi.ac.uk/europepmc/webservices/rest/PMC4912360/fullTextXML	men who entered the PROFILE pilot study, December 2010 to January 2013								
COHO:0000082	owl:NamedIndividual	Genetics of diabetes Audit and Research	18306	This gives a current total GoDARTS cohort of 18 306 participants, 10 149 of whom have T2D ( ∼ 44.8% of the DARTS study, representing the diabetic population in Tayside) and 8157 of whom were healthy controls at baseline.	https://www.ebi.ac.uk/europepmc/webservices/rest/PMC5913637/fullTextXML	participants recruited 1998-2015 (T2D patients and healthy controls)	10149	This gives a current total GoDARTS cohort of 18 306 participants, 10 149 of whom have T2D ( ∼ 44.8% of the DARTS study, representing the diabetic population in Tayside) and 8157 of whom were healthy controls at baseline.	https://www.ebi.ac.uk/europepmc/webservices/rest/PMC5913637/fullTextXML	participants recruited 1998-2015 (T2D patients and healthy controls)	8157	This gives a current total GoDARTS cohort of 18 306 participants, 10 149 of whom have T2D ( ∼ 44.8% of the DARTS study, representing the diabetic population in Tayside) and 8157 of whom were healthy controls at baseline.	https://www.ebi.ac.uk/europepmc/webservices/rest/PMC5913637/fullTextXML	participants recruited 1998-2015 (T2D patients and healthy controls)
COHO:0000083	owl:NamedIndividual	Genetics of Healthy Aging	7918	The central DNA extraction centre in Helsinki received a total of 11392 samples belonging to 7918 participants from the recruitment centres.	https://pmc.ncbi.nlm.nih.gov/articles/PMC3622890/	participants (nonagenarian siblings and younger controls) whose samples reached the central DNA extraction centre, recruitment 2004-2008	5319	The central DNA extraction centre in Helsinki received a total of 11392 samples belonging to 7918 participants from the recruitment centres.	https://pmc.ncbi.nlm.nih.gov/articles/PMC3622890/	participants (nonagenarian siblings and younger controls) whose samples reached the central DNA extraction centre, recruitment 2004-2008	2548	The central DNA extraction centre in Helsinki received a total of 11392 samples belonging to 7918 participants from the recruitment centres.	https://pmc.ncbi.nlm.nih.gov/articles/PMC3622890/	participants (nonagenarian siblings and younger controls) whose samples reached the central DNA extraction centre, recruitment 2004-2008
COHO:0000084	owl:NamedIndividual	GenomeAsia 100K project	6442	After standard quality control filters and the removal of one individual from each first-degree relative pair, we obtained a set of 6442 high-coverage genomes (average 25×) for downstream analyses (Supplementary Data 1).	https://www.ebi.ac.uk/europepmc/webservices/rest/PMC10250394/fullTextXML	high-coverage genomes in the GenomeAsia Phase 2 dataset after QC and relative removal (2023)								
COHO:0000085	owl:NamedIndividual	German Multiple Myeloma Study Group	5300	> 5300 IN GMMG-STUDIEN REKRUTIERTE PATIENTEN	https://gmmg.info/	patients recruited across GMMG trials (stated as more than 5300), 2026								
COHO:0000086	owl:NamedIndividual	Ghana Prostate Study					749	The Ghana Prostate Study is a case-control study of PCa that was conducted from 2004 to 2012 in 749 cases and 964 controls.	PMID:30530485	prostate cancer cases and population controls, 2004-2012 (no stated overall total)	964	The Ghana Prostate Study is a case-control study of PCa that was conducted from 2004 to 2012 in 749 cases and 964 controls.	PMID:30530485	prostate cancer cases and population controls, 2004-2012 (no stated overall total)
COHO:0000087	owl:NamedIndividual	Glaucoma Inheritance Study in Tasmania	2062	Of 2062 participants examined, 1700 were classified as POAG.	PMID:18173405	probands and family members examined								
COHO:0000088	owl:NamedIndividual	Greece Hellenic Isolated Cohorts	2893	We use whole-genome sequencing (WGS) to capture the entire allele frequency spectrum in 2,893 samples from two Greek population-based cohorts, MANOLIS and Pomak.	https://www.ebi.ac.uk/europepmc/webservices/rest/PMC8640022/fullTextXML	analysed subset: whole-genome-sequenced samples from MANOLIS and Pomak combined (2021)								
COHO:0000089	owl:NamedIndividual	Health and Retirement Study	37000	The Health and Retirement Study (HRS) is a nationally representative longitudinal survey of more than 37 000 individuals over age 50 in 23 000 households in the USA.	https://pmc.ncbi.nlm.nih.gov/articles/PMC3997380/	individuals over age 50 surveyed since 1992 (stated as more than 37 000), in 23 000 households (2014)								
COHO:0000090	owl:NamedIndividual	Health2000 Study	8028	In Health 2000 Survey, conducted in Finland in 2000–2001, a nationally representative sample of 8,028 persons aged 30 years or over was drawn from the population register and invited to take part in a two-phased study.	https://www.ebi.ac.uk/europepmc/webservices/rest/PMC4653280/fullTextXML	nationally representative sample of persons aged 30 or over drawn and invited, 2000-2001								
COHO:0000091	owl:NamedIndividual	Heart Protection Study	20536	20,536 UK adults (aged 40-80 years) with coronary disease, other occlusive arterial disease, or diabetes were randomly allocated to receive 40 mg simvastatin daily (average compliance: 85%) or matching placebo (average non-study statin use: 17%).	PMID:12114036	UK adults aged 40-80 randomised, 1994-1997								
COHO:0000092	owl:NamedIndividual	Hoorn Diabetes Care System	12673	In 2015, 12 673 individuals with T2D and at least one annual examination at the DCS centre had been enrolled in the study, of which 2497 had died during follow-up.	https://www.ebi.ac.uk/europepmc/webservices/rest/PMC5729999/fullTextXML	people with type 2 diabetes enrolled with at least one annual examination, 1998-2015								
COHO:0000094	owl:NamedIndividual	Human Genetics Initiative	120000	Currently, clinical data and biomaterials from approximately 120,000 participants are available, with more than 200,000 to be available soon.	https://www.nimh.nih.gov/about/advisory-boards-and-groups/namhc/2016/may/namhc-minutes-of-the-245th-meeting	participants with clinical data and biomaterials available in the NIMH repository (approximately), 2016								
COHO:0000095	owl:NamedIndividual	Hunter Community Study	3253	The first phase of this study sampled 3253 people representing a response rate of 44.5%.	https://researchdata.edu.au/health-ageing-hunter-nsw-australia/11563	men and women aged 55-85 recruited in the first phase								
COHO:0000097	owl:NamedIndividual	Identification of Men with a genetic predisposition to ProstAte Cancer	3063	Between 2005 and 2015, 3063 participants aged 40-69 yr (median 54 yr) were recruited from 65 centres in 20 countries in two cohorts: (1) BRCA1/BRCA2 PGV carriers (915 BRCA1, 901 BRCA2); and (2) age-matched noncarriers for a familial PGV (727 BRCA1 and 520 BRCA2 noncarriers).	PMID:41714267	men aged 40-69 recruited 2005-2015 (BRCA1/2 carriers and non-carrier controls)								
COHO:0000098	owl:NamedIndividual	IIBDGC genotyped CD study	10856	We used 55 immunochip-wide data sets that included 19,735 IBD cases (10,856 CD cases and 8879 UC cases) of known smoking status.	https://pmc.ncbi.nlm.nih.gov/articles/PMC5526723/	analysed subset: genotyped Crohn's disease cases of known smoking status (2017)	10856	We used 55 immunochip-wide data sets that included 19,735 IBD cases (10,856 CD cases and 8879 UC cases) of known smoking status.	https://pmc.ncbi.nlm.nih.gov/articles/PMC5526723/	analysed subset: genotyped Crohn's disease cases of known smoking status (2017)				
COHO:0000099	owl:NamedIndividual	Indiana Sisters Study	1692	Healthy premenopausal white sisters (age 33.1+/-7.2, n=1692) and healthy white brothers (age 33.6+/-10.9, n=715) were studied.	PMID:18755304	healthy premenopausal white (European-American) sisters studied; excludes the extended and African-American samples (2008)								
COHO:0000100	owl:NamedIndividual	INfancia y Medio Ambiente Project	3768	INMA 21471022 http://www.proyectoinma.org/ Population-based birth cohort Spain 1997–2008 3768 >90% European	https://www.ebi.ac.uk/europepmc/webservices/rest/PMC5837319/fullTextXML	total N of the base study (mother-child pairs recruited in the seven cohorts, 1997-2008)								
COHO:0000101	owl:NamedIndividual	International Cancer Genome Consortium-Chronic Lymphocytic Leukemia	452	Here we describe a comprehensive evaluation of the genomic landscape of 452 CLL cases and 54 patients with monoclonal B-lymphocytosis, a precursor disorder.	PMID:26200345	CLL cases in the project's comprehensive genomic evaluation (excludes 54 patients with monoclonal B-lymphocytosis), 2015								
COHO:0000102	owl:NamedIndividual	International Headache Genetics Consortium	375000	Meta-analysis of 375,000 individuals identifies 38 susceptibility loci for migraine.	PMID:27322543	migraine cases and controls in the 2016 IHGC meta-analysis of 22 GWA studies (as rounded in the title)	59674	Meta-analysis of 375,000 individuals identifies 38 susceptibility loci for migraine.	PMID:27322543	migraine cases and controls in the 2016 IHGC meta-analysis of 22 GWA studies (as rounded in the title)	316078	Meta-analysis of 375,000 individuals identifies 38 susceptibility loci for migraine.	PMID:27322543	migraine cases and controls in the 2016 IHGC meta-analysis of 22 GWA studies (as rounded in the title)
COHO:0000103	owl:NamedIndividual	International Multiple Sclerosis Genetics Consortium					9772	We introduced a number of novel quality control (QC) methods for processing these datasets (see Supplementary Information), which ultimately provided reliable information from 9772 cases and 17376 controls (see Figure 1A).	PMID:21833088	cases and controls passing QC in the 2011 IMSGC/WTCCC2 GWAS discovery analysis	17376	We introduced a number of novel quality control (QC) methods for processing these datasets (see Supplementary Information), which ultimately provided reliable information from 9772 cases and 17376 controls (see Figure 1A).	PMID:21833088	cases and controls passing QC in the 2011 IMSGC/WTCCC2 GWAS discovery analysis
COHO:0000104	owl:NamedIndividual	International Schizophrenia Consortium					3322	We performed a genome-wide association study of 3,322 European individuals with schizophrenia and 3,587 controls.	PMID:19571811	European cases and controls in the 2009 ISC GWAS after QC	3587	We performed a genome-wide association study of 3,322 European individuals with schizophrenia and 3,587 controls.	PMID:19571811	European cases and controls in the 2009 ISC GWAS after QC
COHO:0000105	owl:NamedIndividual	Italian Network on Genetic Isolates Studies	3292	GWAS analyses using the different imputation panels comprised a total of 3292 individuals (Supplementary Table 8).	PMID:31784700	individuals of the INGI cohorts in the 2019 GWAS meta-analysis (analysed subset)								
COHO:0000106	owl:NamedIndividual	Leeds Melanoma Cohort	2183	2183 patients were recruited to the Leeds Melanoma Cohort (LMC) between 2000 and 2012 (Newton-Bishop et al., 2015).	PMID:31425707	melanoma patients recruited 2000-2012								
COHO:0000108	owl:NamedIndividual	LifeLines	167729	Baseline data were collected for 167 729 participants, aged from 6 months to 93 years.	PMID:25502107	participants with baseline data, recruited 2006-2013								
COHO:0000109	owl:NamedIndividual	Living Biobank	2452	Using genotypes across 435,314 SNPs, we compared the ancestry backgrounds of 2,452 individuals in the Singapore Living Biobank with 268 individuals previously reported by the Singapore Genome Variation Project (SGVP) [ 54 ].	PMID:28961250	individuals with array genotypes analysed in 2017 (analysed subset)								
COHO:0000110	owl:NamedIndividual	Los Angeles component of The Womens Contraceptive and Reproductive Experiences Study					380	Cases in Los Angeles County were diagnosed from July 1, 1994 through April 30, 1998, and controls were sampled by random-digit dialing (RDD) from the same population and time period; 380 African American cases and 224 African American controls were included in Stage 1 of the scan.	https://media.springernature.com/original/springer-static/esm/art%3A10.1038%2Fng.2608/MediaObjects/41588_2013_BFng2608_MOESM1_ESM.pdf	African American cases and controls in the AABC GWAS scan (analysed subset)	224	Cases in Los Angeles County were diagnosed from July 1, 1994 through April 30, 1998, and controls were sampled by random-digit dialing (RDD) from the same population and time period; 380 African American cases and 224 African American controls were included in Stage 1 of the scan.	https://media.springernature.com/original/springer-static/esm/art%3A10.1038%2Fng.2608/MediaObjects/41588_2013_BFng2608_MOESM1_ESM.pdf	African American cases and controls in the AABC GWAS scan (analysed subset)
COHO:0000112	owl:NamedIndividual	Lund Stroke Register	456	A total of 456 patients with first-ever stroke (n = 412 prospective screening methods, n = 17 primary care, n = 12 hospital registers, n = 10 death register, n = 2 autopsy registers, n = 3 other).	PMID:17156265	patients with first-ever stroke found in the register's first year of screening (2001-2002)								
COHO:0000113	owl:NamedIndividual	Marseille Thrombosis Association Study	1592	MARTHA patients (n = 1,592) are unrelated VT patients, mainly of French origin, consecutively recruited at the Thrombophilia center of La Timone hospital (Marseille, France) between January 1994 and October 2005.	PMID:21980494	unrelated venous thrombosis patients recruited 1994-2005								
COHO:0000114	owl:NamedIndividual	Mexican Biobank	6057	To fill this gap, the Mexican Biobank project genotyped 6,057 individuals from 898 rural and urban localities across all 32 states in Mexico at a resolution of 1.8 million genome-wide markers with linked complex trait and disease information creating a valuable nationwide genotype–phenotype database.	PMID:37821706	individuals genotyped from 898 localities in all 32 states (2023)								
COHO:0000116	owl:NamedIndividual	Molecular Genetics of Schizophrenia Collaboration					2681	Because the frequencies of tag SNPs and disease susceptibility alleles can vary across populations, we carried out a primary analysis of the larger MGS European-ancestry sample (2,681 cases, 2,653 controls) and then additional analyses of the African American sample (1,286 cases, 973 controls) and of both of these samples combined, to test the hypothesis that there are alleles that influence susceptibility in both populations.	PMID:19571809	European-ancestry cases and controls in the primary 2009 MGS GWAS (African American sample separate)	2653	Because the frequencies of tag SNPs and disease susceptibility alleles can vary across populations, we carried out a primary analysis of the larger MGS European-ancestry sample (2,681 cases, 2,653 controls) and then additional analyses of the African American sample (1,286 cases, 973 controls) and of both of these samples combined, to test the hypothesis that there are alleles that influence susceptibility in both populations.	PMID:19571809	European-ancestry cases and controls in the primary 2009 MGS GWAS (African American sample separate)
COHO:0000117	owl:NamedIndividual	MOnica Risk, Genetics, Archiving and Monograph	93695	In 93 695 persons aged 19 to 77 years and free of major cardiovascular disease at baseline, total observation years were 1 234 252 and the number of stroke events analyzed was 3142.	PMID:19520994	persons free of cardiovascular disease at baseline in the 2009 MORGAM stroke analysis (43 cohorts, 18 populations)								
COHO:0000119	owl:NamedIndividual	Multi-Ethnic Study of Atherosclerosis	6814	Between 2000 and 2002, MESA recruited 6,814 men and women 45 to 84 years of age from Forsyth County, North Carolina; New York City; Baltimore;	https://media.springernature.com/original/springer-static/esm/art%3A10.1038%2Fs41588-023-01314-0/MediaObjects/41588_2023_1314_MOESM1_ESM.pdf	men and women aged 45-84 recruited 2000-2002								
COHO:0000120	owl:NamedIndividual	Multicenter Family Study	2461	The family sample included 2,461 individuals from 631 pedigrees (581 in the primary European-ancestry analyses).	PMID:22885689	genotyped individuals from 631 pedigrees in the 2012 family GWAS								
COHO:0000121	owl:NamedIndividual	Multiethnic Cohort Study of Diet and Health	215251	The cohort consists of 215,251 adult men and women (age 45-75 years at baseline) living in Hawaii and in California (primarily Los Angeles County) with the following ethnic distribution: African-American (16.3%), Latino (22.0%), Japanese-American (26.4%), Native Hawaiian (6.5%), White (22.9%), and other ancestry (5.8%).	PMID:10695593	men and women aged 45-75 enrolled 1993-1996								
COHO:0000122	owl:NamedIndividual	Multiple Environmental and Genetic Assessment of Risk Factors for Venous Thrombosis					5184	Of the remaining 6257 patients, 5184 participated (83%).	PMID:19679614	participating patients with first venous thrombosis, 1999-2004 (controls in two groups, no stated total)				
COHO:0000124	owl:NamedIndividual	National Study of Colorectal Cancer Genetics					8722	To date, blood samples and completed questionnaires have been collected from 8722 cases and 2185 controls.	https://www.ebi.ac.uk/europepmc/webservices/rest/PMC2360468/fullTextXML	cases and spouse/partner controls entered by 2007	2185	To date, blood samples and completed questionnaires have been collected from 8722 cases and 2185 controls.	https://www.ebi.ac.uk/europepmc/webservices/rest/PMC2360468/fullTextXML	cases and spouse/partner controls entered by 2007
COHO:0000125	owl:NamedIndividual	Netherlands Twin Registry	200000	NTR collects longitudinal data from over 200,000 participants, including twins (40%) and their family.	https://www.amsterdamumc.org/en/about/organization/nederlands-tweelingen-register-netherlands-twin-register-ntr	twins and family members with longitudinal data (lower bound), 2024								
COHO:0000126	owl:NamedIndividual	New England-based Case-Control Study of Ovarian Cancer					2465	From the four study phases, 2,465 eligible women with ovarian cancer consented for participation and were subsequently enrolled as cases.	https://www.ncbi.nlm.nih.gov/research/bionlp/RESTful/pmcoa.cgi/BioC_xml/PMC8720374/unicode	cases and controls enrolled across the four phases, 1984-2008	2339	From the four study phases, 2,465 eligible women with ovarian cancer consented for participation and were subsequently enrolled as cases.	https://www.ncbi.nlm.nih.gov/research/bionlp/RESTful/pmcoa.cgi/BioC_xml/PMC8720374/unicode	cases and controls enrolled across the four phases, 1984-2008
COHO:0000127	owl:NamedIndividual	Gastroparesis Clinical Research Consortium cohort	1400	We have enrolled approximately 1400 participants to date, with both delayed and normal emptying, in an approximately 3:1 ratio.	https://www.ncbi.nlm.nih.gov/research/bionlp/RESTful/pmcoa.cgi/BioC_xml/PMC9691520/unicode	participants enrolled in the GpCRC studies (approximate), 2022								
COHO:0000128	owl:NamedIndividual	Nijmegen Biomedical Study	9350	The first phase of NBS was started in 2002: 22 451 inhabitants of the municipality of Nijmegen were invited, of whom 9350 filled out the questionnaire and 6468 donated a blood sample.	https://europepmc.org/api/getPdf?pmcid=PMC5837647	NBS-1 questionnaire responders, 2002								
COHO:0000129	owl:NamedIndividual	Northern Ireland Cohort for Longitudinal Study of Ageing	8283	8283 participants aged ≥50 years and living in private residential accommodation were recruited, from a randomized, stratified sample of Northern Ireland addresses, to the Wave 1 cohort between December 2013 and March 2016.	https://www.ebi.ac.uk/europepmc/webservices/rest/PMC10396407/fullTextXML	Wave 1 participants aged 50 and over, 2013-2016								
COHO:0000130	owl:NamedIndividual	Northern Sweden Population Health Study	1068	The study was conducted in Karesuando and Soppero in Northern Sweden as part of the Northern Sweden Population Health Study (n=1,068).	https://www.ebi.ac.uk/europepmc/webservices/rest/search?query=EXT_ID%3A23986895+AND+SRC%3AMED&format=json&resultType=core	NSPHS participants in the 2013 allergy study (may be the analysed subset), 2009								
COHO:0000131	owl:NamedIndividual	Norwegian Mother and Child Cohort study	114000	The cohort includes more than 114 000 children, 95 000 mothers and 75 000 fathers.	PMID:27063603	children only (lower bound); parents counted separately (2009)								
COHO:0000132	owl:NamedIndividual	Orkney Complex Disease Study	2078	2078 participants aged 16-100 years were recruited between 2005 and 2011, most having three or four grandparents from Orkney, the remainder with two Orcadian grandparents.	https://viking.ed.ac.uk/our-data-and-samples/cohorts	participants aged 16-100 recruited 2005-2011								
COHO:0000133	owl:NamedIndividual	Outcome Reduction With Initial Glargine Intervention Trial	12612	A total of 12,612 (mean age 64, 35% women) people in 40 countries were randomized during a 2-year period ending December 2005.	PMID:18082485	randomised participants (2005)								
COHO:0000134	owl:NamedIndividual	Ovarian Cancer Association Consortium					25509	Genetic association analyses were performed using genotype data from 25,509 population-based EOC cases and 40,941 controls from OCAC and meta-analysis of these data with 19,036 BRCA1 and 12,412 BRCA2 mutation carriers from CIMBA, of whom 2,933 and 954, respectively, were affected with EOC.	https://www.ncbi.nlm.nih.gov/research/bionlp/RESTful/pmcoa.cgi/BioC_xml/PMC5612337/unicode	OCAC cases and controls in the 2017 histotype GWAS	40941	Genetic association analyses were performed using genotype data from 25,509 population-based EOC cases and 40,941 controls from OCAC and meta-analysis of these data with 19,036 BRCA1 and 12,412 BRCA2 mutation carriers from CIMBA, of whom 2,933 and 954, respectively, were affected with EOC.	https://www.ncbi.nlm.nih.gov/research/bionlp/RESTful/pmcoa.cgi/BioC_xml/PMC5612337/unicode	OCAC cases and controls in the 2017 histotype GWAS
COHO:0000136	owl:NamedIndividual	Oxford Biobank	7640	The 7640 participants recruited so far in the OBB have a wide range of phenotypes that allow studying specific disease characteristics in relation to both their genotype and their phenotype.	https://www.ebi.ac.uk/europepmc/webservices/rest/PMC5837504/fullTextXML	participants recruited by 2017								
COHO:0000138	owl:NamedIndividual	Parkinson Environment and Gene	1367	PEG included 1367 participants (634 PD cases and 733 controls) (Table 1) with a mean (SD) age of 66.7 (11.2) years (623 [45.6%] female and 744 [54.4%] male; 27 [2.0%] African American, 64 [4.7%] American Indian or Alaska Native, 37 [2.7%] Asian, 263 [19.2%] Latino, and 976 [71.4%] White).	https://www.ebi.ac.uk/europepmc/webservices/rest/PMC11915066/fullTextXML	cases and controls in a 2025 analysis (analysed subset), 2017	634	PEG included 1367 participants (634 PD cases and 733 controls) (Table 1) with a mean (SD) age of 66.7 (11.2) years (623 [45.6%] female and 744 [54.4%] male; 27 [2.0%] African American, 64 [4.7%] American Indian or Alaska Native, 37 [2.7%] Asian, 263 [19.2%] Latino, and 976 [71.4%] White).	https://www.ebi.ac.uk/europepmc/webservices/rest/PMC11915066/fullTextXML	cases and controls in a 2025 analysis (analysed subset), 2017	733	PEG included 1367 participants (634 PD cases and 733 controls) (Table 1) with a mean (SD) age of 66.7 (11.2) years (623 [45.6%] female and 744 [54.4%] male; 27 [2.0%] African American, 64 [4.7%] American Indian or Alaska Native, 37 [2.7%] Asian, 263 [19.2%] Latino, and 976 [71.4%] White).	https://www.ebi.ac.uk/europepmc/webservices/rest/PMC11915066/fullTextXML	cases and controls in a 2025 analysis (analysed subset), 2017
COHO:0000139	owl:NamedIndividual	People of the British Isles	4371	In total 4,371 samples were collected as part of the PoBI project.	https://www.ncbi.nlm.nih.gov/research/bionlp/RESTful/pmcoa.cgi/BioC_xml/PMC4632200/unicode	samples (people) collected in the whole PoBI project (2015)								
COHO:0000140	owl:NamedIndividual	Physical Activity and Nutrition in Children Study	504	A total of 504 children aged 7–9 years participated in the baseline examinations in 2007–2009 and underwent extensive phenotypic assessments and blood sampling for biomarker analyses.	https://www.panicstudy.fi/front-page/about-the-panic-study/	children at baseline, 2007-2009								
COHO:0000141	owl:NamedIndividual	Population-based Colonoscopy study	745	In the Swedish population-based colonoscopy (PopCol) study, 745 individuals from the general population underwent a colonoscopy of which 130 had diverticulosis, and none had diverticulitis.	PMID:39962642	general-population participants who underwent the research colonoscopy								
COHO:0000142	owl:NamedIndividual	Precocious Coronary Artery Disease Study					4073	The LPA null allele (rs41272114) was genotyped in the PROCARDIS (Precocious Coronary Artery Disease) case-control cohort (4073 CAD cases and 4225 controls).	PMID:24925971	CAD cases and controls in the case-control cohort (2014 genotyping)	4225	The LPA null allele (rs41272114) was genotyped in the PROCARDIS (Precocious Coronary Artery Disease) case-control cohort (4073 CAD cases and 4225 controls).	PMID:24925971	CAD cases and controls in the case-control cohort (2014 genotyping)
COHO:0000143	owl:NamedIndividual	Pressioni Arteriose Monitorate E Loro Associazionie	2051	Office, home, and 24-hour ambulatory BP values were obtained in 2051 subjects between 25 and 74 years of age who were representative of the general population of Monza (Milan, Italy).	PMID:15809377	adults aged 25-74 with office, home and ambulatory BP (baseline)								
COHO:0000144	owl:NamedIndividual	Prospective Investigation of the Vasculature in Uppsala Seniors	1016	Of 2025 invited, 1016 participants were recruited.	https://www.ebi.ac.uk/europepmc/webservices/rest/PMC8895748/fullTextXML	70-year-olds recruited at baseline								
COHO:0000145	owl:NamedIndividual	Psoriasis Association Genetics Extension	9482	PAGE 3,580 5,902 9,482 0.992	https://media.springernature.com/original/springer-static/esm/art%3A10.1038%2Fng.2467/MediaObjects/41588_2012_BFng2467_MOESM43_ESM.pdf	cases and controls genotyped on the Immunochip (after QC, as used in the 2012 meta-analysis)	3580	PAGE 3,580 5,902 9,482 0.992	https://media.springernature.com/original/springer-static/esm/art%3A10.1038%2Fng.2467/MediaObjects/41588_2012_BFng2467_MOESM43_ESM.pdf	cases and controls genotyped on the Immunochip (after QC, as used in the 2012 meta-analysis)	5902	PAGE 3,580 5,902 9,482 0.992	https://media.springernature.com/original/springer-static/esm/art%3A10.1038%2Fng.2467/MediaObjects/41588_2012_BFng2467_MOESM43_ESM.pdf	cases and controls genotyped on the Immunochip (after QC, as used in the 2012 meta-analysis)
COHO:0000146	owl:NamedIndividual	Psychiatric GWAS Consortium					33332	The final dataset consisted of 33 332 cases and 27 888 controls (including pseudocontrols formed from non-transmitted alleles) distributed among the five disorder groups: autism spectrum disorders (4788 trio cases, 4788 trio pseudocontrols, 161 cases, 526 controls), attention deficit-hyperactivity disorder (1947 trio cases, 1947 trio pseudocontrols, 840 cases, 688 controls), bipolar disorder (6990 cases, 4820 controls), major depressive disorder (9227 cases, 7383 controls), and schizophrenia (9379 cases, 7736 controls).	https://pmc.ncbi.nlm.nih.gov/articles/PMC3714010/	cases and controls (controls include trio pseudocontrols) across the five disorders in the 2013 cross-disorder analysis	27888	The final dataset consisted of 33 332 cases and 27 888 controls (including pseudocontrols formed from non-transmitted alleles) distributed among the five disorder groups: autism spectrum disorders (4788 trio cases, 4788 trio pseudocontrols, 161 cases, 526 controls), attention deficit-hyperactivity disorder (1947 trio cases, 1947 trio pseudocontrols, 840 cases, 688 controls), bipolar disorder (6990 cases, 4820 controls), major depressive disorder (9227 cases, 7383 controls), and schizophrenia (9379 cases, 7736 controls).	https://pmc.ncbi.nlm.nih.gov/articles/PMC3714010/	cases and controls (controls include trio pseudocontrols) across the five disorders in the 2013 cross-disorder analysis
COHO:0000148	owl:NamedIndividual	Rotterdam Study	17931	The study currently includes 17,931 participants (overall response rate 65%), aged 40 years and over, who are examined in-person every 3 to 5 years in a dedicated research facility, and who are followed-up continuously through automated linkage with health care providers, both regionally and nationally.	PMID:38324224	participants aged 40 and over across the four sub-cohorts (RS-I to RS-IV), 2024								
COHO:0000149	owl:NamedIndividual	Saguenay-Lac-Saint-Jean asthma study	1394	The collection includes 1394 individuals distributed in 271 families.	PMID:24646526	individuals in 271 families (2014)								
COHO:0000150	owl:NamedIndividual	Sahlgrenska Academy Study on Ischemic Stroke					600	Six hundred consecutive white participants with ischemic stroke (18 to 69 years) and 600 age- and sex-matched controls were examined for vascular risk factors and family history of stroke and myocardial infarction (MI).	PMID:15933254	consecutive ischaemic stroke cases aged 18-69 and age- and sex-matched controls	600	Six hundred consecutive white participants with ischemic stroke (18 to 69 years) and 600 age- and sex-matched controls were examined for vascular risk factors and family history of stroke and myocardial infarction (MI).	PMID:15933254	consecutive ischaemic stroke cases aged 18-69 and age- and sex-matched controls
COHO:0000151	owl:NamedIndividual	SardiNIA Study of Aging	6148	We recruited a cohort of 6,148 participants, aged 14-102 y, from four clustered towns in Sardinia.	PMID:16934002	participants aged 14-102 recruited at baseline from four towns (2006)								
COHO:0000152	owl:NamedIndividual	Scania Diabetes Registry	7400	Number of individuals/objects: 7400	https://researchdata.se/en/catalogue/dataset/ext0074-1	individuals with diabetes in the registry (catalogue metadata field)								
COHO:0000153	owl:NamedIndividual	Shanghai Study	57	Here, we report our identification of somatic mutations of GBCs in 57 tumor-normal pairs by use of a combination of exome sequencing and ultra-deep sequencing of cancer-related genes.	https://metadata.ega-archive.org/studies/EGAS00001000853	gallbladder carcinoma patients with sequenced tumour-normal pairs (2014)								
COHO:0000154	owl:NamedIndividual	Short Course Oncology Treatment trial	6088	6088 patients underwent randomisation between March 27, 2008, and Nov 29, 2013.	PMID:29611518	patients randomised, March 2008 to November 2013								
COHO:0000156	owl:NamedIndividual	Singapore Chinese Study	2000	Mucosa specimens from 1,000 sporadic Chinese CRC patients (defined as age 50 or more at date of operation and without dominant family history of FAP and HNPCC) archived over the past ten years were selected as cases for the study.Blood samples from 1,000 age- and gender-matched healthy donors from the Singapore Chinese Health Study (SCHS) (n = 931) [10] and the SGH Health Screening Unit (n = 69) constituted the controls of the study.	https://www.ebi.ac.uk/europepmc/webservices/rest/PMC3411754/fullTextXML	age- and sex-matched cases and controls genotyped (1,000 cases, 1,000 controls), 2012	1000	Mucosa specimens from 1,000 sporadic Chinese CRC patients (defined as age 50 or more at date of operation and without dominant family history of FAP and HNPCC) archived over the past ten years were selected as cases for the study.Blood samples from 1,000 age- and gender-matched healthy donors from the Singapore Chinese Health Study (SCHS) (n = 931) [10] and the SGH Health Screening Unit (n = 69) constituted the controls of the study.	https://www.ebi.ac.uk/europepmc/webservices/rest/PMC3411754/fullTextXML	age- and sex-matched cases and controls genotyped (1,000 cases, 1,000 controls), 2012	1000	Mucosa specimens from 1,000 sporadic Chinese CRC patients (defined as age 50 or more at date of operation and without dominant family history of FAP and HNPCC) archived over the past ten years were selected as cases for the study.Blood samples from 1,000 age- and gender-matched healthy donors from the Singapore Chinese Health Study (SCHS) (n = 931) [10] and the SGH Health Screening Unit (n = 69) constituted the controls of the study.	https://www.ebi.ac.uk/europepmc/webservices/rest/PMC3411754/fullTextXML	age- and sex-matched cases and controls genotyped (1,000 cases, 1,000 controls), 2012
COHO:0000157	owl:NamedIndividual	SORCE	1711	1711 patients were randomised into the SORCE trial.	https://innovative-ctu.ucl.ac.uk/studies/all-studies/s/sorce/	patients randomised, July 2007 to April 2013								
COHO:0000158	owl:NamedIndividual	Spit for Science	12358	The project began in fall 2011, and new cohorts were recruited in 2012, 2013, 2014, and 2017 ( N = 12,358).	https://www.ebi.ac.uk/europepmc/webservices/rest/PMC8856034/fullTextXML	students enrolled across five entering cohorts (2011, 2012, 2013, 2014, 2017)								
COHO:0000159	owl:NamedIndividual	Sweden Bipolar Disorder Cohort	8580	Across the two waves, SWEBIC recruited 8580 individuals diagnosed with bipolar disorder, 89 percent from BipoläR.	PMID:40478381	individuals with bipolar disorder recruited across two waves (2009-2013 and 2017-2022); controls not counted	8580	Across the two waves, SWEBIC recruited 8580 individuals diagnosed with bipolar disorder, 89 percent from BipoläR.	PMID:40478381	individuals with bipolar disorder recruited across two waves (2009-2013 and 2017-2022); controls not counted				
COHO:0000160	owl:NamedIndividual	Swedish Twin Registry	160000	The registry currently holds data on more than 160,000 twins, with ongoing ascertainment at 9 months and 9 years with follow-ups at ages 15, 18, and 24.	PMID:42178973	twins the registry currently holds data on (stated as 'more than 160,000'), 2026								
COHO:0000161	owl:NamedIndividual	Taiwan Type 2 Diabetes Study					2798	There were a total of 2,798 cases and 2,367 normal controls (995 cases and 894 controls in stage 1, 1,803 cases and 1,473 controls in stage 2).	https://www.ebi.ac.uk/europepmc/webservices/rest/PMC2824763/fullTextXML	type 2 diabetes cases and normal controls across the two GWAS stages (2010)	2367	There were a total of 2,798 cases and 2,367 normal controls (995 cases and 894 controls in stage 1, 1,803 cases and 1,473 controls in stage 2).	https://www.ebi.ac.uk/europepmc/webservices/rest/PMC2824763/fullTextXML	type 2 diabetes cases and normal controls across the two GWAS stages (2010)
COHO:0000162	owl:NamedIndividual	TEENs of Attica: Genes and Environment	857	A random sample of 857 adolescent students (Table S1) attending public secondary schools located in the wider Athens area of Attica in Greece were recruited in the study from 2008 to 2010.	https://www.ebi.ac.uk/europepmc/webservices/rest/PMC3652032/fullTextXML	adolescent students recruited 2008-2010								
COHO:0000163	owl:NamedIndividual	The English Longitudinal Study of Ageing	11391	The original sample consisted of 11 391 members ranging in age from 50 to 100 years.	PMID:23143611	core members aged 50-100 at wave 1 (2002)								
COHO:0000164	owl:NamedIndividual	The Fenland Study	12435	The Fenland Study recruited 12,435 participants born between 1950 and 1975, via general practices from 3 centres (Cambridge, Ely, and Wisbech) in Cambridgeshire, UK, between 2005 and 2015.	https://www.ebi.ac.uk/europepmc/webservices/rest/PMC13049541/fullTextXML	participants recruited at baseline (phase 1), 2005-2015								
COHO:0000166	owl:NamedIndividual	The MANOLIS cohort	1553	Adults (n 1553).	PMID:27989266	adults recruited in the Mylopotamos villages								
COHO:0000167	owl:NamedIndividual	The Netherlands AAA GWAS dataset					840	We performed a GWAS using 452 Icelandic and 840 Dutch individuals with AAA, and 27,712 Icelandic and 2,791 Dutch controls, genotyped with the Illumina HumanHap370 or HumanHap610 SNP chips.	https://pmc.ncbi.nlm.nih.gov/articles/PMC4157066/	AAA cases (Utrecht, 8 Dutch centres, 2007-2009) and Nijmegen controls in the Dutch GWAS	2791	We performed a GWAS using 452 Icelandic and 840 Dutch individuals with AAA, and 27,712 Icelandic and 2,791 Dutch controls, genotyped with the Illumina HumanHap370 or HumanHap610 SNP chips.	https://pmc.ncbi.nlm.nih.gov/articles/PMC4157066/	AAA cases (Utrecht, 8 Dutch centres, 2007-2009) and Nijmegen controls in the Dutch GWAS
COHO:0000168	owl:NamedIndividual	The Norwegian Biobank for Myeloma	3000	This biobank represents one of the largest collections of samples from patients with Multiple Myeloma with approximately 3000 unique donors.	https://web.archive.org/web/20260115145901/https://biobanknorge.no/norwegian-research-biobank-multiple-myeloma/patients	unique myeloma patient donors (approximate), 2026								
COHO:0000169	owl:NamedIndividual	The Pakistan Risk Of Myocardial Infarction Study					16700	Our primary analyses involved a subset of participants from the Pakistan Risk of Myocardial Infarction Study (PROMIS), a case-control study of first-ever acute myocardial infarction (MI) in nine urban centres in Pakistan consisting of approximately 16,700 cases and 18,600 controls.	PMID:34503513	first-ever acute MI cases and controls in nine urban centres (approximate)	18600	Our primary analyses involved a subset of participants from the Pakistan Risk of Myocardial Infarction Study (PROMIS), a case-control study of first-ever acute myocardial infarction (MI) in nine urban centres in Pakistan consisting of approximately 16,700 cases and 18,600 controls.	PMID:34503513	first-ever acute MI cases and controls in nine urban centres (approximate)
COHO:0000170	owl:NamedIndividual	Second Manifestations of ARTerial disease study	14830	By May 2022, a total of 14 830 patients have been included ( figure 3 ).	https://www.ebi.ac.uk/europepmc/webservices/rest/PMC9944278/fullTextXML	patients included since September 1996 (2022)								
COHO:0000171	owl:NamedIndividual	The Hellenic study of Interactions between Single nucleotide polymorphisms and Eating in Atherosclerosis Susceptibility					1221	We consecutively enrolled 1221 adult patients with coronary artery disease and 1344 adult controls.	PMID:26223368	consecutively enrolled adult CAD patients and adult controls	1344	We consecutively enrolled 1221 adult patients with coronary artery disease and 1344 adult controls.	PMID:26223368	consecutively enrolled adult CAD patients and adult controls
COHO:0000172	owl:NamedIndividual	Treating to New Targets	10001	A total of 10,001 patients with clinically evident CHD and LDL cholesterol levels of less than 130 mg per deciliter (3.4 mmol per liter) were randomly assigned to double-blind therapy and received either 10 mg or 80 mg of atorvastatin per day.	PMID:15755765	patients randomised to atorvastatin 10 or 80 mg								
COHO:0000173	owl:NamedIndividual	Twins Early Development Study	16000	The Twins Early Development Study (TEDS) is a longitudinal twin study that recruited over 16,000 twin pairs born between 1994 and 1996 in England and Wales through national birth records.	https://pmc.ncbi.nlm.nih.gov/articles/PMC7056571/	twin PAIRS recruited (not individuals); 'over 16,000'								
COHO:0000174	owl:NamedIndividual	Type 1 Diabetes Genetics Consortium	13412	We obtained DNA samples from 13 412 subjects recruited by the T1DGC (Supplementary Table 1).	https://www.ebi.ac.uk/europepmc/webservices/rest/PMC11102596/fullTextXML	subjects recruited by the T1DGC whose DNA the 2024 study used (families, cases, controls)								
COHO:0000175	owl:NamedIndividual	UK Adult Twin Register	14838	The registry comprises over 14,000 volunteer twins (14,838 including mixed, single and triplets); it is predominantly female (82%) and middle-aged (mean age 59).	PMID:31526404	registered volunteer twins, including mixed, single and triplets (2019)								
COHO:0000176	owl:NamedIndividual	UK Biobank	500000	Recruitment of 500,000 participants and the collection of an unprecedented wealth of baseline data and samples were completed in 2010.	https://www.ebi.ac.uk/europepmc/webservices/rest/PMC4380465/fullTextXML	participants recruited and assessed 2006-2010 (round figure)								
COHO:0000177	owl:NamedIndividual	UK Brain Expression Consortium	134	Central nervous system (CNS) tissues originating from 134 control individuals was collected by the Medical Research Council (MRC) Sudden Death Brain and Tissue Bank, Edinburgh, UK (Millar et al. 2007), and the Sun Health Research Institute (SHRI) an affiliate of Sun Health Corporation, USA (Beach et al. 2008).	https://ukbec.wordpress.com/materials-methods/	neuropathologically normal post-mortem brain donors (Edinburgh and Sun Health banks combined)								
COHO:0000178	owl:NamedIndividual	UK Childhood Cancer Study					3838	Altogether 3,838 children with cancer, including 1,736 with leukaemia, and 7,629 unaffected children have been studied.	PMID:10737392	children with cancer and unaffected control children studied	7629	Altogether 3,838 children with cancer, including 1,736 with leukaemia, and 7,629 unaffected children have been studied.	PMID:10737392	children with cancer and unaffected control children studied
COHO:0000180	owl:NamedIndividual	UK Inflammatory Bowel Disease Genetics Consortium	15000	Together we have recruited nearly 15000 British patients with CD and UC to our studies.	https://www.ibdresearch.co.uk/	British CD and UC patients recruited to the consortium's studies ('nearly')								
COHO:0000181	owl:NamedIndividual	Viking Health Study	2105	The 2105 participants were recruited between 2013 and 2015, 95% of them having at least three grandparents from Shetland.	https://www.ebi.ac.uk/europepmc/webservices/rest/PMC6901239/fullTextXML	participants recruited 2013-2015								
COHO:0000182	owl:NamedIndividual	Wellcome Trust Case Control Consortium	16179	We excluded 809 samples after checks for contamination, false identity, non-Caucasian ancestry and relatedness (see Methods and Supplementary Table 4); 16,179 individuals remained in the study.	https://europepmc.org/api/getPdf?pmcid=PMC2719288	cases of 7 diseases and shared controls retained after QC in the 2007 WTCCC1 GWAS					2938	We excluded 809 samples after checks for contamination, false identity, non-Caucasian ancestry and relatedness (see Methods and Supplementary Table 4); 16,179 individuals remained in the study.	https://europepmc.org/api/getPdf?pmcid=PMC2719288	cases of 7 diseases and shared controls retained after QC in the 2007 WTCCC1 GWAS
COHO:0000183	owl:NamedIndividual	Basquecolon cohort					873	Basque-colon cohort included 873 participants with colon cancer, biobanked between 2009- 2019. Participants were diagnosed and/or treated according to usual clinical practice in the Donostia University Hospital, San Sebastian, Spain, including follow-up to this date. Controls (n = 945) came from the blood donor biobank of the same geographical area.	https://media.springernature.com/original/springer-static/esm/art%3A10.1038%2Fs41467-023-41819-0/MediaObjects/41467_2023_41819_MOESM1_ESM.pdf	colon cancer cases biobanked 2009-2019 at Donostia University Hospital and blood-donor controls	945	Basque-colon cohort included 873 participants with colon cancer, biobanked between 2009- 2019. Participants were diagnosed and/or treated according to usual clinical practice in the Donostia University Hospital, San Sebastian, Spain, including follow-up to this date. Controls (n = 945) came from the blood donor biobank of the same geographical area.	https://media.springernature.com/original/springer-static/esm/art%3A10.1038%2Fs41467-023-41819-0/MediaObjects/41467_2023_41819_MOESM1_ESM.pdf	colon cancer cases biobanked 2009-2019 at Donostia University Hospital and blood-donor controls
COHO:0000184	owl:NamedIndividual	INTERVAL study	45263	45 263 whole blood donors (22 466 men, 22 797 women) were recruited between June 11, 2012, and June 15, 2014.	PMID:28941948	whole blood donors recruited and randomised 2012-2014								
COHO:0000185	owl:NamedIndividual	CONVERGE	11670	The CONVERGE (China, Oxford and Virginia Commonwealth University Experimental Research on Genetic Epidemiology) consortium recruited 11,670 Han Chinese women through a collaboration involving 58 hospitals in China.	https://www.ebi.ac.uk/europepmc/webservices/rest/PMC4522619/fullTextXML	Han Chinese women recruited (cases and controls)								
COHO:0000186	owl:NamedIndividual	Gene-Environmental Interaction and phenotype study	10349	At the time of this study, a total of 10,349 individuals had been genotyped using the Affymetrix Axiom KORV 1.0–96 Array (Thermo Fisher Scientific, Santa Clara, CA, USA) by DNA Link, Inc.	https://www.ebi.ac.uk/europepmc/webservices/rest/PMC8817039/fullTextXML	individuals genotyped at the time of the 2022 study								
COHO:0000187	owl:NamedIndividual	China Atherosclerosis Study	5008	After these quality control procedures, 5,008 samples and 613,724 autosomal SNPs were retained for subsequent analyses.	https://www.ncbi.nlm.nih.gov/research/bionlp/RESTful/pmcoa.cgi/BioC_xml/PMC3927410/unicode	CAD cases and controls retained after QC in the discovery GWAS (2012)	1010	After these quality control procedures, 5,008 samples and 613,724 autosomal SNPs were retained for subsequent analyses.	https://www.ncbi.nlm.nih.gov/research/bionlp/RESTful/pmcoa.cgi/BioC_xml/PMC3927410/unicode	CAD cases and controls retained after QC in the discovery GWAS (2012)	3998	After these quality control procedures, 5,008 samples and 613,724 autosomal SNPs were retained for subsequent analyses.	https://www.ncbi.nlm.nih.gov/research/bionlp/RESTful/pmcoa.cgi/BioC_xml/PMC3927410/unicode	CAD cases and controls retained after QC in the discovery GWAS (2012)
COHO:0000188	owl:NamedIndividual	Diabetes Prediction and Prevention	104111	By June 6, 2006, 104,111 consecutive newborn infants had been screened, and 8,026 children with genetic risk continued in the follow up.	https://www.ebi.ac.uk/europepmc/webservices/rest/PMC2605239/fullTextXML	newborn infants screened for HLA risk by June 2006								
COHO:0000189	owl:NamedIndividual	Functional genomic diagnostic tools for coronary artery disease	7710	The initial cohort consists of 7710 individuals.	https://europepmc.org/api/getPdf?pmcid=PMC7993530	patients undergoing angiography recruited 2007-2010 (initial cohort)								
COHO:0000190	owl:NamedIndividual	German Chronic Kidney Disease Study	5217	The GCKD study is an ongoing prospective observational study that enrolled 5,217 adult persons with CKD between 2010 and 2012.	https://www.ebi.ac.uk/europepmc/webservices/rest/PMC10260405/fullTextXML	adults with CKD enrolled 2010-2012								
COHO:0000191	owl:NamedIndividual	German Longevity Study					1351	The examined sample comprised 1351 German LLI (≥94 years, including 643 centenarians) and 4680 German younger controls.	https://www.ebi.ac.uk/europepmc/webservices/rest/PMC9504529/fullTextXML	long-lived individuals (cases) and younger controls in the 2022 GSA-genotyped sample	4680	The examined sample comprised 1351 German LLI (≥94 years, including 643 centenarians) and 4680 German younger controls.	https://www.ebi.ac.uk/europepmc/webservices/rest/PMC9504529/fullTextXML	long-lived individuals (cases) and younger controls in the 2022 GSA-genotyped sample
COHO:0000192	owl:NamedIndividual	Global Registry of Acute Coronary Events	70395	Between 1999 and 2007, 70,395 patients with a suspected acute coronary syndrome were enrolled.	PMID:25554379	patients with suspected ACS enrolled 1999-2007								
COHO:0000193	owl:NamedIndividual	TwinGene Study	12648	TwinGene is a subcohort study within the Swedish Twin Registry, which collected blood sample from 12,648 older Swedish twins in 2004–2008	https://www.ebi.ac.uk/europepmc/webservices/rest/PMC10410014/fullTextXML	twins who gave blood samples 2004-2008								
COHO:0000194	owl:NamedIndividual	Uppsala Longitudinal Study of Adult Men	2322	In the Uppsala Longitudinal Study of Adult Men study, 2322 men, all aged 50 years, were assessed for CVD risk factors and then followed for four decades regarding incident CVDs.	PMID:34518286	men aged 50 examined at baseline 1970-1974								
COHO:0000195	owl:NamedIndividual	Baltimore Longitudinal Study of Ageing	3200	This is thanks to its more than 3,200 volunteers who made the lifelong commitment to be part of the research.	https://www.nia.nih.gov/research/labs/blsa/about	volunteers since 1958 (stated as 'more than 3,200', a lower bound), 2018								
COHO:0000196	owl:NamedIndividual	Motor Neuron Disease Biobank study	3159	In October 2012, at the end of the collection period, the UK MND DNA Bank comprised 3159 high quality DNA samples.	https://www.ebi.ac.uk/europepmc/webservices/rest/PMC4501191/fullTextXML	DNA samples in the bank at end of collection (patients, family members and controls), 2012					1085	In October 2012, at the end of the collection period, the UK MND DNA Bank comprised 3159 high quality DNA samples.	https://www.ebi.ac.uk/europepmc/webservices/rest/PMC4501191/fullTextXML	DNA samples in the bank at end of collection (patients, family members and controls), 2012
COHO:0000197	owl:NamedIndividual	Singapore Diabetic Cohort Study	14033	A total of 14 033 adult participants with type 2 diabetes were recruited from multiple public sector polyclinics and hospital outpatient clinics in Singapore between November 2004 and November 2010.	https://www.ebi.ac.uk/europepmc/webservices/rest/search?query=EXT_ID%3A32474429+AND+SRC%3AMED&format=json&resultType=core	adults with type 2 diabetes recruited 2004-2010								
COHO:0000198	owl:NamedIndividual	Ely Study	1040	Population-based longitudinal study (1990-2000) with clinical, anthropometric and biochemical measurements, including an oral glucose tolerance test (OGTT), in 1040 non-diabetic adults aged 40-69 years at baseline.	PMID:17257284	non-diabetic adults aged 40-69 at baseline analysed for 1990-2000 incidence (analysed subset)								
COHO:0000199	owl:NamedIndividual	Genetic Asthma Susceptibility to Indoor Pollution in Peru	1177	Of 1177 children enrolled, 884 (413 with asthma, 471 without asthma) had serum available for analysis of 25(OH)D levels.	https://www.ebi.ac.uk/europepmc/webservices/rest/PMC5457560/fullTextXML	children aged 9-19 enrolled in the case-control study (with and without asthma), 2014								
COHO:0000200	owl:NamedIndividual	Parkinson's Progression Markers Initiative					423	A total of 423 untreated PD, 196 Healthy Control (HC) and 64 SWEDD (scans without evidence of dopaminergic deficit) subjects were enrolled at 24 sites.	https://www.ebi.ac.uk/europepmc/webservices/rest/search?query=EXT_ID%3A30564614+AND+SRC%3AMED&format=json&resultType=core	untreated PD (cases) and healthy controls enrolled in the original de novo cohort; plus 64 SWEDD (2018)	196	A total of 423 untreated PD, 196 Healthy Control (HC) and 64 SWEDD (scans without evidence of dopaminergic deficit) subjects were enrolled at 24 sites.	https://www.ebi.ac.uk/europepmc/webservices/rest/search?query=EXT_ID%3A30564614+AND+SRC%3AMED&format=json&resultType=core	untreated PD (cases) and healthy controls enrolled in the original de novo cohort; plus 64 SWEDD (2018)
COHO:0000201	owl:NamedIndividual	Psychosis Endophenotype Consortium	6935	Before any exclusion, the full data set included 6935 participants with 1820 patients, 1224 of their unaffected relatives, and 3891 healthy control subjects.	https://www.ebi.ac.uk/europepmc/webservices/rest/PMC3923972/fullTextXML	pooled participants (patients, unaffected relatives, controls) in the 2013 psychosis GWAS before exclusions	1820	Before any exclusion, the full data set included 6935 participants with 1820 patients, 1224 of their unaffected relatives, and 3891 healthy control subjects.	https://www.ebi.ac.uk/europepmc/webservices/rest/PMC3923972/fullTextXML	pooled participants (patients, unaffected relatives, controls) in the 2013 psychosis GWAS before exclusions	3891	Before any exclusion, the full data set included 6935 participants with 1820 patients, 1224 of their unaffected relatives, and 3891 healthy control subjects.	https://www.ebi.ac.uk/europepmc/webservices/rest/PMC3923972/fullTextXML	pooled participants (patients, unaffected relatives, controls) in the 2013 psychosis GWAS before exclusions
COHO:0000202	owl:NamedIndividual	Study of Health in Pomerania	8727	In total, 8,727 individuals underwent baseline investigations in SHIP-START (n = 4308) and SHIP-TREND (n = 4420).	https://www.ebi.ac.uk/europepmc/webservices/rest/PMC11291685/fullTextXML	adults examined at the SHIP-START-0 and SHIP-TREND-0 baselines combined (2012)								
COHO:0000203	owl:NamedIndividual	The Cooperative Health Research in South Tyrol	13393	The Cooperative Health Research In South Tyrol (CHRIS) study completed the baseline recruitment of 13,393 adults from the Venosta/Vinschgau rural district in 2018, collecting extensive phenotypic and biomarker data, metabolomic data, densely imputed genotype and whole-exome sequencing data.	PMID:34637685	adults recruited at baseline 2011-2018								
COHO:0000204	owl:NamedIndividual	The Health Effects of Arsenic Longitudinal Study	11746	From 12 050 residents who met our eligibility criteria from an enumerated total of 65 876 in the study area, 11 746 (97% response rate) men and women (4801 married couples and 2144 married individuals whose spouses did not participate) were enrolled in the HEALS cohort.	https://www.ncbi.nlm.nih.gov/research/bionlp/RESTful/pmcoa.cgi/BioC_xml/PMC3951449/unicode	adults aged 18-75 enrolled 2000-2002 (original cohort)								
COHO:0000206	owl:NamedIndividual	100,000 Genomes Project	85000	Genomics England's very first initiative – sequencing 100,000 genomes from around 85,000 NHS patients affected by rare disease or cancer – is leading to groundbreaking insights and continued findings into the role genomics can play in healthcare.	https://www.genomicsengland.co.uk/initiatives/100000-genomes-project	NHS patients with rare disease or cancer whose genomes were sequenced (approximate), 2018								
COHO:0000207	owl:NamedIndividual	1958 British Birth Cohort	17638	In brief, participants were drawn up from 17 638 individuals born in England, Scotland and Wales within 1 week of March 1958.	https://www.ebi.ac.uk/europepmc/webservices/rest/PMC4572074/fullTextXML	individuals born in England, Scotland and Wales in one week of March 1958 (original birth cohort)								
COHO:0000208	owl:NamedIndividual	300BCG	325	Of the 325 individuals vaccinated, 18 participants were vaccinated in the evening and 307 were vaccinated in the morning.	https://pmc.ncbi.nlm.nih.gov/articles/PMC7641012/	healthy adult volunteers vaccinated with BCG, 2017-2018								
COHO:0000209	owl:NamedIndividual	AACR Project GENIE	242000		https://aacrprojectgenie.org/data/	patients with sequenced tumours in the public registry release 20.0 (stated as 'more than'), 2026								
COHO:0000210	owl:NamedIndividual	AC-ANGIOPREDICT Phase II trial	76	"""enrollmentInfo"":{""count"":76,""type"":""ACTUAL""}"	https://clinicaltrials.gov/api/v2/studies/NCT01822444?fields=protocolSection.identificationModule,protocolSection.designModule.enrollmentInfo,protocolSection.statusModule.completionDateStruct	patients enrolled in the phase II trial (actual enrolment, ClinicalTrials.gov), 2017								
COHO:0000211	owl:NamedIndividual	Adjuvant Lapatinib and/or Trastuzumab Treatment Optimisation trial	8381		PMID:26598744	women with HER2-positive early breast cancer randomised, June 2007 to July 2011								
COHO:0000212	owl:NamedIndividual	African Collaborative Center for Microbiome and Genomics Research	11500	From commencement of enrolment in February 2014 to July 2016, 11 500 women had been enrolled in the ACCME cohort.	PMID:28419249	women enrolled in the ACCME HPV and cervical cancer cohort, February 2014 to July 2016								
COHO:0000213	owl:NamedIndividual	African Genome Resource	3000	Whole genome DNAseq data at 4x-8x depth from approximately 3,000 Africans of 14 distinct ethnicities, which is the largest and most diverse set of haplotypes for the continent.	https://ega-archive.org/studies/EGAS00001001917	Africans with low-depth whole-genome sequence in the African Diversity Reference Panel (approximate)								
COHO:0000214	owl:NamedIndividual	African Genome Variation Project	1481	The African Genome Variation Project represents dense genotypes from 1,481 individuals and whole-genome sequences from 320 individuals across sub-Saharan Africa.	PMID:25470054	individuals from 18 ethno-linguistic groups with dense genotypes (whole-genome sequenced individuals given separately), 2015								
COHO:0000216	owl:NamedIndividual	ALLG ALL06	82	ALLG-ALL06 was a prospective, single-arm phase 2 study that enrolled 82 patients aged 15 to 39 years, with newly diagnosed Philadelphia-negative ALL.	PMID:40546727	patients aged 15-39 with newly diagnosed Ph-negative ALL enrolled in the ALL06 trial, 2012-2018								
COHO:0000217	owl:NamedIndividual	Alpe-DPD study	1181	In total, 1181 were included in the Alpe-DPD study, of which 1103 were evaluable (Fig. 2 ).	PMID:39148102	cancer patients included in the prospective Alpe-DPD study								
COHO:0000218	owl:NamedIndividual	APCDR Diabetes Case Control Study	1542	The Diabetes Case Control study is a study of individuals with diabetes recruited from a tertiary hospital in Durban (n = 1,542).	PMID:31675503	individuals of Zulu descent with type 2 diabetes recruited at a tertiary hospital in Durban	1542	The Diabetes Case Control study is a study of individuals with diabetes recruited from a tertiary hospital in Durban (n = 1,542).	PMID:31675503	individuals of Zulu descent with type 2 diabetes recruited at a tertiary hospital in Durban				
COHO:0000221	owl:NamedIndividual	BEACON eczema drug trial	536	BEACON is a UK-wide randomised, controlled, 12-month assessor-blind trial in 536 adults who require systemic treatment for their eczema.	https://www.beacontrial.org/	adults needing systemic eczema treatment in the BEACON randomised trial (the trial's stated size; may be the planned target)								
COHO:0000222	owl:NamedIndividual	Beat AML	805	Here, we present a dataset that has been harmonized with our initial report to yield a cumulative cohort of 805 patients (942 specimens).	PMID:35868306	AML patients in the harmonised cumulative Beat AML cohort (942 specimens), 2022								
COHO:0000223	owl:NamedIndividual	Belgian Approach of Local Laboratory Extensive Tumor Testing	872	This multi-center study enrolled 872 patients from 12 Belgian hospitals.	PMID:40065106	patients with advanced cancers enrolled from 12 Belgian hospitals (2023)								
COHO:0000224	owl:NamedIndividual	BELLINI trial	46	Treatment-related AEs of any grade occurred in 41 of 46 patients (89%).	PMID:39284953	patients treated in stage I of cohorts A, B and C (safety population), 2024								
COHO:0000226	owl:NamedIndividual	Born in Bradford	12453	Born in Bradford (BiB) is a multi-ethnic birth cohort in Bradford, UK, which recruited 12 453 women with 13 776 pregnancies and 3448 of their partners between 2007 and 2011.	https://www.ebi.ac.uk/europepmc/webservices/rest/PMC11065350/fullTextXML	women recruited in pregnancy 2007-2011								
COHO:0000227	owl:NamedIndividual	CALGB 40601	305	Among 305 randomly assigned patients (THL, n = 118; TH, n = 120; TL, n = 67), the pCR rate was 56% (95% CI, 47% to 65%) with THL and 46% (95% CI, 37% to 55%) with TH (P = .13)	PMID:26527775	patients randomised in the phase III trial								
COHO:0000229	owl:NamedIndividual	Canadian Airways Research Group					126	We prospectively enrolled 126 patients with iSGS, 104 controls, and 13 patients with traumatic SGS.	https://www.ebi.ac.uk/europepmc/webservices/rest/PMC11924928/fullTextXML	patients with iSGS (cases) and controls enrolled to 1 August 2023	104	We prospectively enrolled 126 patients with iSGS, 104 controls, and 13 patients with traumatic SGS.	https://www.ebi.ac.uk/europepmc/webservices/rest/PMC11924928/fullTextXML	patients with iSGS (cases) and controls enrolled to 1 August 2023
COHO:0000231	owl:NamedIndividual	Cancer Genomics of the Kidney	943	In this multinational study, comprising final data from a total of 943 patients, we have examined the role of targeted gene sequencing to improve individual risk stratification.	https://www.ebi.ac.uk/europepmc/webservices/rest/PMC10068441/fullTextXML	ccRCC patients with targeted sequencing, multinational CAGEKID cohort (2023)								
COHO:0000232	owl:NamedIndividual	Celiac Disease Northern Netherlands cohort					128	The Celiac Disease Northern Netherlands cohort (CeDNN, currently unpublished) comprises 128 CeD patients and 106 controls who provided fecal samples at project onset, with complete metadata including age and sex.	https://www.ebi.ac.uk/europepmc/webservices/rest/PMC12036492/fullTextXML	coeliac disease patients (cases) and controls with faecal samples	106	The Celiac Disease Northern Netherlands cohort (CeDNN, currently unpublished) comprises 128 CeD patients and 106 controls who provided fecal samples at project onset, with complete metadata including age and sex.	https://www.ebi.ac.uk/europepmc/webservices/rest/PMC12036492/fullTextXML	coeliac disease patients (cases) and controls with faecal samples
COHO:0000233	owl:NamedIndividual	CENet Cohort					247	We used WGS from 377 controls and 247 patients, 123 GGE, 112 NAFE and 12 mixed patients ( Table 1 ).	https://www.ebi.ac.uk/europepmc/webservices/rest/PMC10529579/fullTextXML	analysed subset: whole-genome sequenced patients (cases) and controls	377	We used WGS from 377 controls and 247 patients, 123 GGE, 112 NAFE and 12 mixed patients ( Table 1 ).	https://www.ebi.ac.uk/europepmc/webservices/rest/PMC10529579/fullTextXML	analysed subset: whole-genome sequenced patients (cases) and controls
COHO:0000234	owl:NamedIndividual	CHILD Cohort Study	3624	The Canadian Healthy Infant Longitudinal Development (CHILD) birth cohort study recruited 3624 pregnant women, most partners and 3542 eligible offspring.	PMID:26069286	pregnant women recruited (with 3542 eligible offspring), 2012								
COHO:0000235	owl:NamedIndividual	City of Hope triple negative breast cancer cohort	42	This cohort comprises 42 female patients with pathologically confirmed diagnosis of locally advanced and inflammatory TNBC, who were enrolled in a phase II trial testing the safety and efficacy of carboplatin and NAB-paclitaxel in the neoadjuvant setting ( NCT01525966 , ( 17 )) at the City of Hope Comprehensive Cancer Center.	https://pmc.ncbi.nlm.nih.gov/articles/PMC9585706/	women with TNBC in the COH phase II neoadjuvant trial cohort								
COHO:0000236	owl:NamedIndividual	CLUSTER consortium	5435	A total of 7013 records (from 5435 individuals) were identified; of which 2882 (41%, corresponding to 1304 individuals) represented the same child across >1 study.	https://www.ebi.ac.uk/europepmc/webservices/rest/PMC9515876/fullTextXML	individuals in harmonised data of 4 member studies (2022)								
COHO:0000237	owl:NamedIndividual	COMPARE study	29029	A total of 29 029 participants were consented to participate in the COMPARE study (17 861 in Stage 1 and 11 168 in Stage 2), of whom 21 840 (75.2%) provided data for the current analysis (Figure 1 ).	https://www.ebi.ac.uk/europepmc/webservices/rest/PMC8048787/fullTextXML	blood donors consented to COMPARE (stages 1 and 2), 2017								
COHO:0000238	owl:NamedIndividual	COVID-19 Host Genetics Initiative					49562	Finally, seven loci reached genome-wide significance in the analysis using data for all available 49,562 reported cases of SARS-CoV-2 infection and 1,770,206 controls, using data from a total of 44 studies (Fig. 2a, bottom).	https://www.ebi.ac.uk/europepmc/webservices/rest/PMC8674144/fullTextXML	cases and controls in the 2021 reported-infection meta-analysis (44 studies)	1770206	Finally, seven loci reached genome-wide significance in the analysis using data for all available 49,562 reported cases of SARS-CoV-2 infection and 1,770,206 controls, using data from a total of 44 studies (Fig. 2a, bottom).	https://www.ebi.ac.uk/europepmc/webservices/rest/PMC8674144/fullTextXML	cases and controls in the 2021 reported-infection meta-analysis (44 studies)
COHO:0000239	owl:NamedIndividual	CRCbiome	1640	Those with a positive FIT test (>15 microgram Hb/g feces) were invited to participate in the CRCbiome study ( N = 2700), and 1640 consented.	https://www.ebi.ac.uk/europepmc/webservices/rest/PMC13507204/fullTextXML	FIT-positive screening participants who consented								
COHO:0000242	owl:NamedIndividual	DKTK MASTER	1310	We analyzed the molecular profiles and clinical outcomes of 1,310 patients (rare cancers, 75.5%) enrolled in a prospective observational study by the German Cancer Consortium that applies whole-genome/exome and RNA sequencing to inform the care of adults with incurable cancers.	PMID:34112699	patients enrolled and analysed (first MASTER report), 2021								
COHO:0000243	owl:NamedIndividual	Donor InSight III study	3046	In total 3046 (50%) participants provided blood samples and/or questionnaire information for DIS‐III of whom 2868 (47%) participants provided informed consent.	https://www.ebi.ac.uk/europepmc/webservices/rest/PMC7379571/fullTextXML	donors who took part in DIS-III (2015-2016)								
COHO:0000244	owl:NamedIndividual	East London Genes and Health	38899	Between April 2015 and mid-June 2019, ELGH recruited 38 899 volunteers to Stage 1.	https://pmc.ncbi.nlm.nih.gov/articles/PMC7124496/	volunteers recruited to Stage 1, April 2015 to mid-June 2019								
COHO:0000245	owl:NamedIndividual	Egyptian Collaborative Cardiac Genomics Project	391	Here, we report data from an initial cohort of 391 volunteers recruited from December 2015 to June 2018 via national advertisement (brochures, flyers, and public events) and assessed at the Aswan Heart Centre (AHC).	https://www.ebi.ac.uk/europepmc/webservices/rest/PMC7584615/fullTextXML	healthy volunteers recruited Dec 2015 to June 2018 (initial cohort)								
COHO:0000247	owl:NamedIndividual	Emirati Genome Program	815000	The latest figures of 815,000 samples, announced at Abu Dhabi Global Health Week, mark a significant rise on the 600,000 which had been collected as of June last year.	https://www.thenationalnews.com/news/uae/2025/04/17/more-than-800000-emiratis-contribute-to-uae-genome-programme-to-boost-health-of-the-nation/	samples collected from Emirati citizens by April 2025								
COHO:0000248	owl:NamedIndividual	Entebbe Mother and Baby study	2345	They were then followed to delivery and 2345 resulting liveborn children, born between 17 April 2003 and 19 April 2006, were enrolled into the EMaBS birth cohort.	https://www.ebi.ac.uk/europepmc/webservices/rest/PMC13536125/fullTextXML	live-born children enrolled in the birth cohort, 2003-2006								
COHO:0000249	owl:NamedIndividual	EORTC-SPECTA RP1759	50	50 AYAs aged 12-29 with newly diagnosed or recurrent HGG and other high risk central nervous system (CNS) tumours were prospectively recruited to the EORTC SPECTA platform study and underwent whole exome sequencing, RNA sequencing and methylation profiling, with central pathological review.	https://www.ebi.ac.uk/europepmc/webservices/rest/search?query=EXT_ID:40393126%20AND%20SRC:MED&format=json&resultType=core	AYA patients with high-grade glioma or other high-risk CNS tumours recruited								
COHO:0000250	owl:NamedIndividual	ESTAMPA	42502	From December 2012 to December 2021, 42,502 women aged 30–64 years had valid screening tests results in the ESTAMPA study.	https://www.ebi.ac.uk/europepmc/webservices/rest/PMC10520426/fullTextXML	women aged 30-64 with valid screening results, 2012-2021								
COHO:0000251	owl:NamedIndividual	Estonian Microbiome Cohort	2509	As part of the Estonian Biobank, we established the Estonian Microbiome Cohort which includes stool, oral and plasma samples from 2,509 participants and is supplemented with multi-omic measurements, questionnaires, and regular linkages to national electronic health records.	https://ega-archive.org/studies/EGAS50000001181	Estonian Biobank participants who gave stool, oral and plasma samples								
COHO:0000252	owl:NamedIndividual	Etude des Déterminants pré et postnatals précoces du développement et de la santé de l'Enfant	2002	Briefly, the study included 2002 pregnant women recruited from 2003 to 2006 in two French university hospitals (Poitiers and Nancy), before 24 weeks of amenorrhoea.	https://www.ebi.ac.uk/europepmc/webservices/rest/PMC11574648/fullTextXML	pregnant women recruited 2003-2006 in Nancy and Poitiers								
COHO:0000254	owl:NamedIndividual	European BestAgeing Study	2057	Two thousand fifty seven participants were enrolled from 11 major centers across Europe from 2013 to 2017.	https://www.ebi.ac.uk/europepmc/webservices/rest/PMC12670801/fullTextXML	participants enrolled at 11 European centres 2013-2017 (cases and controls with miRNA profiles)	1209	Two thousand fifty seven participants were enrolled from 11 major centers across Europe from 2013 to 2017.	https://www.ebi.ac.uk/europepmc/webservices/rest/PMC12670801/fullTextXML	participants enrolled at 11 European centres 2013-2017 (cases and controls with miRNA profiles)	848	Two thousand fifty seven participants were enrolled from 11 major centers across Europe from 2013 to 2017.	https://www.ebi.ac.uk/europepmc/webservices/rest/PMC12670801/fullTextXML	participants enrolled at 11 European centres 2013-2017 (cases and controls with miRNA profiles)
COHO:0000255	owl:NamedIndividual	Extended Cohort for E-health, Environment and DNA	10156	In total, 10 156 participants have been recruited to 4 December 2018.	https://www.ebi.ac.uk/europepmc/webservices/rest/PMC6659362/fullTextXML	participants recruited to 4 December 2018 (first recruitment wave)								
COHO:0000256	owl:NamedIndividual	Genome Database of Latvian Population	31504	Since its start in 2006, the LGDB is comprised of biosamples and associated phenotypic and clinical information from over 31,504 participants, constituting approximately 1.5% of the Latvian population.	https://www.ebi.ac.uk/europepmc/webservices/rest/PMC6048300/fullTextXML	biobank participants since 2006 (stated as 'over'), 2018								
COHO:0000257	owl:NamedIndividual	Genome Diversity in Africa Project	585	Currently, 25 individuals from 24 ethnolinguistic groups have been whole-genome sequenced at high depth totalling 585 individuals.	https://ega-archive.org/studies/EGAS00001003602	individuals whole-genome sequenced at high depth (analysed subset of the project so far)								
COHO:0000258	owl:NamedIndividual	Genome Research at Fundació ACE	7409	The GR@ACE study comprises 7,409 unrelated individuals. 4,120 AD cases were diagnosed at Fundació ACE Memory Clinic (Barcelona, Spain). 3,289 Controls were obtained from three collections (Fundació ACE, Barcelona; DNA National Biobank, Salamanca and HU Valme, Seville).	https://ega-archive.org/studies/EGAS00001003424	unrelated individuals genotyped in GR@ACE stage I (AD cases and controls)	4120	The GR@ACE study comprises 7,409 unrelated individuals. 4,120 AD cases were diagnosed at Fundació ACE Memory Clinic (Barcelona, Spain). 3,289 Controls were obtained from three collections (Fundació ACE, Barcelona; DNA National Biobank, Salamanca and HU Valme, Seville).	https://ega-archive.org/studies/EGAS00001003424	unrelated individuals genotyped in GR@ACE stage I (AD cases and controls)	3289	The GR@ACE study comprises 7,409 unrelated individuals. 4,120 AD cases were diagnosed at Fundació ACE Memory Clinic (Barcelona, Spain). 3,289 Controls were obtained from three collections (Fundació ACE, Barcelona; DNA National Biobank, Salamanca and HU Valme, Seville).	https://ega-archive.org/studies/EGAS00001003424	unrelated individuals genotyped in GR@ACE stage I (AD cases and controls)
COHO:0000259	owl:NamedIndividual	Genomic Advances in Sepsis	1400	The UK Genomic Advances in Sepsis (GAinS) study has recruited a cohort of >1,400 patients with sepsis due to community-acquired pneumonia (CAP) and fecal peritonitis (FP), admitted to adult intensive care units (ICUs) across the United Kingdom.	https://www.ebi.ac.uk/europepmc/webservices/rest/PMC11293594/fullTextXML	adult sepsis patients recruited 2005-2018 (stated as '>1,400', a lower bound)								
COHO:0000260	owl:NamedIndividual	German Cancer Consortium	1310	We analyzed the molecular profiles and clinical outcomes of 1,310 patients (rare cancers, 75.5%) enrolled in a prospective observational study by the German Cancer Consortium that applies whole-genome/exome and RNA sequencing to inform the care of adults with incurable cancers.	https://www.ebi.ac.uk/europepmc/webservices/rest/search?query=TITLE:%22Guiding%20Therapeutic%20Decisions%20in%20Patients%20with%20Rare%20Cancers%22&format=json&resultType=core	patients in the flagship DKTK MASTER analysis (2021)								
COHO:0000262	owl:NamedIndividual	GMMG-BIRMA trial	12	Twelve RRMM patients with a median of five prior lines of therapy were enrolled.	https://ega-archive.org/studies/EGAS00001005973	RRMM patients with BRAF V600E enrolled in the phase II trial								
COHO:0000263	owl:NamedIndividual	Gutenberg Health Study	15010	The Gutenberg Health Study (GHS) is a population-based, prospective, observational cohort study in Germany that includes 15,010 participants between 35 and 74 years of age.	https://www.ebi.ac.uk/europepmc/webservices/rest/search?query=EXT_ID%3A34424371+AND+SRC%3AMED&format=json&resultType=core	participants aged 35-74 at baseline								
COHO:0000264	owl:NamedIndividual	Haematological Malignancy Research Network	38000	Providing generalizable information on clinically meaningful cancer subtypes ( Figure 1 ), ∼38 000 patients newly diagnosed in 2004–2019 with a haematological malignancy or related disorder have entered HMRN’s patient cohort, with a further 2500 new diagnoses being added each year.	https://www.ebi.ac.uk/europepmc/webservices/rest/PMC9189975/fullTextXML	patients newly diagnosed 2004-2019 in the patient cohort (approximate)								
COHO:0000265	owl:NamedIndividual	Health, Alcohol and Psychosocial factors In Eastern Europe study	36106	Altogether 36,106 individuals were recruited at baseline, of whom 24,944 met the inclusion criteria (Fig. 1 ).	https://www.ebi.ac.uk/europepmc/webservices/rest/PMC9334616/fullTextXML	people recruited at baseline in the four country cohorts								
COHO:0000266	owl:NamedIndividual	Healthy Life in an Urban Setting	24780	Between 2011 and 2015, 24 780 individuals (aged 18–70 years) participated in the baseline examination that consisted of a questionnaire, physical examination, and collection of biological material.	PMID:40483003	participants in the baseline examination (HELIUS-1), 2011-2015								
COHO:0000267	owl:NamedIndividual	ICGC Gastric Cancer China project	340	There are 340 cases belongs to ICGC GACA-CN project.	https://ega-archive.org/studies/EGAS00001002313	gastric cancer cases in the ICGC GACA-CN project								
COHO:0000268	owl:NamedIndividual	ICGC Gynecological Carcinosarcoma project	20	The aim of ICGC GCS program is to genomically characterize C and S components of 20 tumors, from endometrium or ovary, through an integrative analysis of whole genome sequencing, RNA sequencing and methylome array.	https://ega-archive.org/studies/EGAS00001002271	carcinosarcomas (tumours) to be characterised								
COHO:0000269	owl:NamedIndividual	ICGC India Project	50	With informed consent, blood and tumour tissues were collected at the time of surgical excision, from 50 treatment-naive OSCC-GB patients (discovery set) who underwent a comprehensive staging, curative resection, post-operative radiotherapy±chemotherapy and follow-up at ACTREC.	PMID:24292195	treatment-naive gingivobuccal cancer patients, discovery set								
COHO:0000270	owl:NamedIndividual	ICGC Liver Cancer China project	88	Whole genome shotgun sequencing (WGS) and the landscaple of somatic mutations in 88 paired samples from HCC patients including tumors and matched adjacent normal tissues using Illumina HiSeq 2000 platform were performed.	https://ega-archive.org/studies/EGAS00001002218	HCC patients' tumour/normal pairs sequenced								
COHO:0000271	owl:NamedIndividual	ICGC MMML-Seq	219	We identified 4538 clusters of very high mutation density (termed kataegis clusters) [27, 28] in 219 lymphoma genomes (consisting of 179 genomes from this study plus 39 pediatric BLs [17] and one adult BL, Supplementary Table S2), using a definition of a maximal intermutation distance of 1000 bp and a minimum of five mutations per cluster.	PMID:33953289	lymphoma genomes with matched normals analysed (adult cohort plus Burkitt lymphomas), analysed subset								
COHO:0000272	owl:NamedIndividual	ICGC Oesophageal Adenocarcinoma project	997	To this end, we survey a cohort of 997 patients across different stages of OAC progression, from pre-malignant to advanced disease (Fig. 1, Supplementary Tables 1, 2).	PMID:37454136	patients with whole-genome sequenced Barrett's, primary OAC or metastatic samples (OCCAMS/ICGC), as surveyed in 2023								
COHO:0000273	owl:NamedIndividual	ICGC Pancreatic Cancer project	112	Pancreatic Cancer whole genome sequencing of 112 samples	https://ega-archive.org/studies/EGAS00001002311	pancreatic cancer samples whole-genome sequenced								
COHO:0000274	owl:NamedIndividual	ICGC PedBrain Tumor Project	96	To investigate the full range of genetic alterations in pilocytic astrocytoma, we performed whole-genome sequencing of tumor and blood DNA from 96 patients (Supplementary Table 1).	PMID:23817572	pilocytic astrocytoma patients whole-genome sequenced (one tumour type only), analysed subset								
COHO:0000275	owl:NamedIndividual	ICGC Prostate Cancer UK project	112	For the 112 cancer-normal pairs in our cohort, we identified 392,753 SNVs, 54,952 indels and 10,921 chromosomal rearrangements (Fig. 1).	PMID:29662167	prostate cancer-normal pairs whole-genome sequenced, analysed subset								
COHO:0000276	owl:NamedIndividual	ICR MOPOPGEN UK exome control series	648	WES data on the 1,006 CRC cases and 648 controls have been deposited at the European Genome-phenome Archive, which is hosted by the European Bioinformatics Institute, accession numbers EGAS00001001666 and EGAS00001001667, respectively.	PMID:27329137	UK 1958 Birth Cohort controls whose exomes were deposited as EGAS00001001667								
COHO:0000277	owl:NamedIndividual	IMI-RHAPSODY	68000	Started in 2016, within the RHAPSODY project, we federated 12 patient cohorts totalling over 68000 diabetes patients.	PMID:38510703	diabetes patients in the 12 cohorts federated by RHAPSODY (stated as 'over 68000'), 2016								
COHO:0000278	owl:NamedIndividual	IMMUcan	2500	Here, we present two such workflows for multiplexed immunofluorescence and imaging mass cytometry of cancer tissues, which are applied to a total of roughly 10,000 samples from more than 2,500 patients over 6 years.	PMID:40930089	cancer patients across five cancer types profiled by the consortium (stated as 'more than 2,500')								
COHO:0000279	owl:NamedIndividual	IMMUcan SCCHN1 cohort	253	After quality control, a total of 253 patients with WES datasets were included, of which 223 had RNA-seq.	PMID:41870278	R/M SCCHN patients with WES passing QC in the IMMUcan SCCHN cohorts, analysed subset								
COHO:0000280	owl:NamedIndividual	ImmunAID	450	450 patients with different systemic autoinflammatory disorders (SAID) and healthy controls were enrolled from 30 clinical centers throughout Europe and Turkey, to assure a broad inclusion of SAID subtypes and a sufficient number of individuals for rare diseases.	PMID:41917006	patients with systemic autoinflammatory disorders and healthy controls enrolled at 30 centres								
COHO:0000281	owl:NamedIndividual	Initiative for Molecular Profiling and Advanced Cancer Therapy 2	829	Of 829 patients with advanced metastatic cancer enrolled in the IMPACT2 study, 692 completed molecular testing.	PMID:41963611	patients with advanced metastatic cancer enrolled in IMPACT2 (Parts A and B)								
COHO:0000282	owl:NamedIndividual	International Cancer Genome Consortium	2658	Here we report the integrative analysis of 2,658 whole-cancer genomes and their matching normal tissues across 38 tumour types from the Pan-Cancer Analysis of Whole Genomes (PCAWG) Consortium of the International Cancer Genome Consortium (ICGC) and The Cancer Genome Atlas (TCGA).	PMID:32025007	cancer donors (tumour and matched normal genomes) in the 2020 PCAWG flagship analysis, ICGC and TCGA								
COHO:0000283	owl:NamedIndividual	International Genetics of Parkinson Disease Progression Consortium	8099	Out of the total of 8099 patients represented in the 24 cohorts, 7745 participants had the genetic and covariate data available for inclusion in the downstream analyses (Supplementary Fig. 1).	PMID:42135313	Parkinson's disease patients represented in the 24 IGPP cohorts pooled in the 2026 meta-analysis								
COHO:0000284	owl:NamedIndividual	International HapMap Project	1184	To inform the design and interpretation of such studies, we genotyped 1.6 million common single nucleotide polymorphisms (SNPs) in 1,184 reference individuals from 11 global populations, and sequenced ten 100-kilobase regions in 692 of these individuals.	PMID:20811451	reference individuals from 11 populations genotyped in HapMap 3 (2010)								
COHO:0000285	owl:NamedIndividual	InterPregGen					9515	Preeclamptic women from Europe and Central Asia (9515 cases and 157,719 controls)	PMID:33239696	maternal cases and controls in the 2020 maternal preeclampsia GWAS meta-analysis (Europe and Central Asia); no total stated	157719	Preeclamptic women from Europe and Central Asia (9515 cases and 157,719 controls)	PMID:33239696	maternal cases and controls in the 2020 maternal preeclampsia GWAS meta-analysis (Europe and Central Asia); no total stated
COHO:0000286	owl:NamedIndividual	Korean Genome Project	4157	Here, we present the second phase of the Korean Genome Project (KGP) with 4,157 sets of whole genome data, Korea4K.	https://www.ebi.ac.uk/europepmc/webservices/rest/PMC11020240/fullTextXML	Korean whole genomes in the Korea4K phase of the project (2024)								
COHO:0000287	owl:NamedIndividual	LifeLines-DEEP	1539	Initially, 1539 participants were included in the LifeLines DEEP study.	https://www.ebi.ac.uk/europepmc/webservices/rest/PMC4554905/fullTextXML	LifeLines participants enrolled in LifeLines DEEP, April-August 2013								
COHO:0000288	owl:NamedIndividual	Lifelines-NEXT	1450	From 2016 to 2023, we included 1450 pregnant Lifelines participants in Lifelines NEXT and intensively followed them, their partners and their children up to at least 1 year after birth.	https://www.ebi.ac.uk/europepmc/webservices/rest/PMC10908809/fullTextXML	pregnant Lifelines participants included 2016-2023 (mothers; partners and children also followed)								
COHO:0000289	owl:NamedIndividual	Liverpool Preterm Birth Biomarker Study	567	Whole blood samples were obtained from women with singleton pregnancies (N=567) recruited at the Liverpool Women’s Hospital at 16 and 20 weeks of gestation.	https://ega-archive.org/studies/EGAS00001005076	women with singleton pregnancies recruited at Liverpool Women's Hospital								
COHO:0000291	owl:NamedIndividual	Lung Cancer Diagnostic Study	365	We examined patient blood samples from a prospective observational trial of 365 individuals examined consecutively at Bispebjerg Hospital in Copenhagen, Denmark (LUCAS cohort) during a seven-month period.	https://www.ebi.ac.uk/europepmc/webservices/rest/PMC8379179/fullTextXML	individuals at risk of lung cancer examined consecutively at Bispebjerg Hospital over seven months								
COHO:0000292	owl:NamedIndividual	lungNENomics	259	The lungNENomics series is a multicentre, international, retrospective cohort of 259 patients diagnosed with an LNET, whose clinical data are summarised in Table 1 .	https://www.ebi.ac.uk/europepmc/webservices/rest/PMC11233924/fullTextXML	patients with a lung neuroendocrine tumour in the lungNENomics series (pathological review), 2024								
COHO:0000293	owl:NamedIndividual	Maastricht IBS studies	313	an IBS case–control cohort with 313 participants from Maastricht University Medical Center + (MUMC + ) 37 – 39 .	https://www.ebi.ac.uk/europepmc/webservices/rest/PMC6969170/fullTextXML	IBS cases and controls from Maastricht UMC+ with faecal metagenomes								
COHO:0000294	owl:NamedIndividual	Malaria Genomic Epidemiology Network	17056	A total of 17,056 samples had PCs and assigned case/control status, and were included in association analyses.	https://www.ebi.ac.uk/europepmc/webservices/rest/PMC6914791/fullTextXML	severe malaria cases and population controls in the 2019 genome-wide association analysis								
COHO:0000295	owl:NamedIndividual	Malaysian Breast Cancer cohort	934	The MyBrCa tumour cohort comprises of 934 female breast cancer patients of self-reported Malaysian nationality who were sequentially recruited from two Malaysian hospitals, Subang Jaya Medical Centre and Universiti Malaya Medical Centre.	https://www.ebi.ac.uk/europepmc/webservices/rest/PMC11035138/fullTextXML	female breast cancer patients in the MyBrCa tumour cohort (recruited 2012-2018)								
COHO:0000296	owl:NamedIndividual	Malmö Diet and Cancer Study	30446	All residents in Malmö, Sweden born between 1923 and 1950 without exclusions were invited to an initial screening 1991–1996 and 30,446 participated [ 25 ].	https://www.ebi.ac.uk/europepmc/webservices/rest/PMC9004064/fullTextXML	Malmö residents born 1923-1950 who attended baseline screening 1991-1996								
COHO:0000297	owl:NamedIndividual	Mechanisms of the Development of Allergy	44000	The MeDALL knowledge base integrates historical and newly collected data from around 44 000 participants on 398 clinical and phenotypic attributes (harmonized from 7495 individual cohort variables) and 160 different follow‐ups at 25 different time points between pregnancy and age 20.	https://www.ebi.ac.uk/europepmc/webservices/rest/PMC5248602/fullTextXML	participants of the 14 member birth cohorts in the MeDALL knowledge base (approximate), 2016								
COHO:0000298	owl:NamedIndividual	Medical Genome Reference Bank	4000	The MGRB is comprised of 4000 healthy, older individuals, mostly of European descent, recruited from two Australian community-based cohorts.	https://www.ebi.ac.uk/europepmc/webservices/rest/PMC6336775/fullTextXML	healthy older individuals from ASPREE and the 45 and Up Study selected for whole-genome sequencing (2019)								
COHO:0000299	owl:NamedIndividual	MESOMICS	120	In the context of the MESOMICS project, we have performed the most comprehensive molecular characterization of MPM to date, with the underlying dataset made of the largest whole-genome sequencing series yet reported, together with transcriptome sequencing and methylation arrays for 120 MPM patients.	https://www.ebi.ac.uk/europepmc/webservices/rest/PMC9881451/fullTextXML	malignant pleural mesothelioma patients with multi-omic data (2022)								
COHO:0000301	owl:NamedIndividual	Milieu Intérieur	1000	To identify the determinants of immune variability, the Milieu Intérieur (MI) population cohort study 14 was established in 2012–2013, consisting of 1000 well-defined healthy donors equally stratified by age and sex (100 male and 100 female donors in each decade of life between 20 and 69 years old).	https://www.ebi.ac.uk/europepmc/webservices/rest/PMC13354573/fullTextXML	healthy donors aged 20-69 recruited 2012-2013, stratified by sex and decade								
COHO:0000302	owl:NamedIndividual	MITO16A/MaNGO-OV2 trial	398	Among 398 patients enrolled in the MITO‐16A/MaNGO‐OV2 study, the following patients were excluded from the final p53 IHC evaluation: 13 patients because the samples were not available for research; 12 patients who underwent neo‐adjuvant chemotherapy and could not provide treatment‐naïve tissue; 15 because of inadequate tumor sample; 42 because the samples had inadequate morphology for TMA; 5 because tumor samples were exhausted after nucleic acid extraction.	https://www.ebi.ac.uk/europepmc/webservices/rest/PMC11701406/fullTextXML	patients with ovarian cancer enrolled in the phase IV trial								
COHO:0000304	owl:NamedIndividual	Molecular Taxonomy of Breast Cancer International Consortium	2000	We assembled a collection of over 2,000 clinically annotated primary fresh-frozen breast cancer specimens from tumour banks in the UK and Canada ( Supplementary Tables 1 – 3 ).	https://www.ebi.ac.uk/europepmc/webservices/rest/PMC3440846/fullTextXML	primary breast tumour specimens from UK and Canadian tumour banks (stated as 'over 2,000'; one tumour per patient not stated), 2012								
COHO:0000305	owl:NamedIndividual	MRCE family panel	950	The second sample (MRCE) of 950 individuals from 320 families of British descent was genotyped using the Illumina Sentrix HumanHap300 Genotyping BeadChip.	https://www.ebi.ac.uk/europepmc/webservices/rest/PMC3613588/fullTextXML	individuals from 320 British families in the MRCE panel, genotyped (2013)								
COHO:0000306	owl:NamedIndividual	MultiMuTHER	335	We profiled longitudinal whole-blood gene expression and metabolite levels in 335 females over 8 years.	PMID:42691178	TwinsUK women with longitudinal whole-blood expression and metabolite profiles (2026)								
COHO:0000307	owl:NamedIndividual	Multiple Tissue Human Expression Resource	856	In total of 856 female twins (154 monozygotic (MZ) twin pairs, 232 dizygotic (DZ) twin pairs and 84 singletons) aged 38.7-84.6 years were recruited from the TwinsUK resource 17and adipose (subcutaneous fat) and skin tissue biopsies as well as peripheral blood samples (for generation of lymphoblastoid cell lines or LCLs) were collected for subsequent genome-wide expression profiling.	https://www.ebi.ac.uk/europepmc/webservices/rest/PMC3784328/fullTextXML	female TwinsUK twins recruited to MuTHER								
COHO:0000311	owl:NamedIndividual	NeoALTTO	455	The NeoALTTO phase III trial randomized 455 HER2-positive early-stage BC patients to receive neoadjuvant trastuzumab (T), lapatinib (L) or T + L1,3,4.	https://www.ebi.ac.uk/europepmc/webservices/rest/PMC10624889/fullTextXML	patients randomised in the NeoALTTO trial								
COHO:0000312	owl:NamedIndividual	NIHR BioResource	250000	The NIHR BioResource is a recallable resource of over 250,000 volunteers, with and without health conditions who have agreed to take part in health-related research.	https://media.springernature.com/original/springer-static/esm/art%3A10.1038%2Fs41586-025-08771-z/MediaObjects/41586_2025_8771_MOESM1_ESM.pdf	"volunteers in the recallable resource (""over"", a lower bound), 2025"								
COHO:0000313	owl:NamedIndividual	Pan-Cancer Analysis of Whole Genomes	2658	Across the 2,658 white- and grey-listed donors, whole-genome sequencing data were available from 2,605 primary tumours and 173 metastases or local recurrences.	https://www.ebi.ac.uk/europepmc/webservices/rest/PMC7025898/fullTextXML	cancer donors (white- and grey-listed) in the 2020 PCAWG marker paper (2014)								
COHO:0000314	owl:NamedIndividual	PANDA trial	21	A total of 21 patients were included, of whom 20 patients underwent surgery and were evaluable for the secondary pathologic response and survival endpoints, while 19 were evaluable for exploratory translational analyses.	https://ega-archive.org/studies/EGAS50000000168	patients included in the phase 2 PANDA trial (2024)								
COHO:0000315	owl:NamedIndividual	PELICAN	33	We analyzed deep longitudinal clinical, neuroendocrine expression, and autopsy data of 33 men who died from mPC between 1995 and 2004 (PELICAN33), and related findings to mPC biomarkers reported in the literature.	PMID:34337548	men who died of metastatic prostate cancer 1995-2004 and consented to rapid autopsy (PELICAN33)								
COHO:0000316	owl:NamedIndividual	PETAL trial	609	Of 609 DLBCL belonging to the intention-to-treat population of the PETAL trial, 546 (89.7%) were iPET-negative and 63 (10.3%) were iPET-positive 2 .	https://www.ebi.ac.uk/europepmc/webservices/rest/PMC6700149/fullTextXML	DLBCL patients in the PETAL trial's intention-to-treat population								
COHO:0000317	owl:NamedIndividual	PHOENIX trial	838	A total of 838 patients were randomly assigned to ibrutinib plus R-CHOP (n = 419) or placebo plus R-CHOP (n = 419).	PMID:30901302	patients randomised in the PHOENIX trial								
COHO:0000318	owl:NamedIndividual	Polish glioma cohort	182	Most of the patients from our cohort suffered from glioblastoma (132/182).	https://www.biorxiv.org/content/10.1101/2020.06.17.158477v1.full	glioma patients/samples analysed (analysed set, not all Polish), 2020								
COHO:0000320	owl:NamedIndividual	PRedicting Outcomes For Crohn's disease using a moLecular biomarker	386	Between Dec 29, 2017, and Jan 5, 2022, 386 patients (mean age 33·6 years [SD 13·2]; 179 [46%] female, 207 [54%] male) were randomised: 193 to the top-down group and 193 to the accelerated step-up group.	PMID:38402895	adults with newly diagnosed Crohn's disease randomised in PROFILE (2022)								
COHO:0000321	owl:NamedIndividual	Pregnancy Outcome Prediction study	4512	The study included 4512 women with a viable singleton pregnancy; study participants provided written informed consent and were recruited between January 2008 and July 2012.	https://ega-archive.org/studies/EGAS00001002205	nulliparous women with a viable singleton pregnancy, recruited 2008-2012								
COHO:0000323	owl:NamedIndividual	PrevANZ trial	204	Between 2013 and 2021, we enrolled 204 participants.	PMID:38085047	people with a clinically isolated syndrome enrolled in PrevANZ (2021)								
COHO:0000324	owl:NamedIndividual	Prevention and Incidence of Asthma and Mite Allergy	3963	The study started with 3,963 newborns.	https://media.springernature.com/original/springer-static/esm/art%3A10.1038%2Fs41467-023-41180-2/MediaObjects/41467_2023_41180_MOESM1_ESM.pdf	newborns at the start of the birth cohort (recruited 1996-1997)								
COHO:0000325	owl:NamedIndividual	Princess Margaret Cancer Centre acute myeloid leukemia patient cohort	81	The PMCC AML RNAseq dataset consists of 81 AML patient samples (clinical data in Supplemental Table 11 of manuscript), processed in two batches.	https://ega-archive.org/studies/EGAS00001004792	AML patient samples RNA-sequenced (analysed subset of the Leukemia Tissue Bank)								
COHO:0000326	owl:NamedIndividual	Radar cohort	110	We recruited 110 offspring of former German radar operators, who were likely to have been exposed to IR (Radar cohort, exposure = 0-353 mGy), and reanalyzed sequencing data of 130 offspring of Chernobyl cleanup workers (CRU, exposure = 0-4080 mGy) from Yeager, et al.	PMID:40550869	offspring of former German radar operators (children, not counting parents)								
COHO:0000327	owl:NamedIndividual	Research on Obesity and Diabetes among African Migrants	5114	Participants All the participants in the RODAM cross-sectional study that completed the baseline assessment (n=5114) were eligible for the follow-up of which 2165 participants (n=638 from rural-Ghana, n=608 from urban-Ghana, and n=919 Ghanaian migrants in Amsterdam, the Netherlands) were included in the RODAM-Pros cohort study.	PMID:36521887	Ghanaian participants who completed the RODAM baseline assessment (2012-2015)								
COHO:0000328	owl:NamedIndividual	ROBUST trial	570	Results A total of 570 patients with ABC-DLBCL (n = 285 per arm) were stratified by International Prognostic Index score, age, and bulky disease, and randomly assigned to R2-CHOP or placebo/R-CHOP.	PMID:33621109	patients with ABC-DLBCL randomised (285 per arm), 2017								
COHO:0000329	owl:NamedIndividual	SARS-CoV-2 Vaccine Response in Cancer trial	77	Results Hematological patients show severe impairment of anti-SARS-CoV-2 antibodies after COVID-19 vaccination The CORSA trial ( NCT04345315 ) enrolled 77 hematological patients from April to June 2021 who received at least one dose of vaccine (73 patients received Comirnaty and 4 received Spikevax).	https://www.ebi.ac.uk/europepmc/webservices/rest/PMC13230124/fullTextXML	patients with haematological malignancies enrolled April-June 2021 (healthy controls not counted)								
COHO:0000330	owl:NamedIndividual	Schizophrenia Exome Sequencing Meta-analysis consortium					24248	Here, we generated, aggregated, harmonized variant identification, and meta-analyzed the exome sequences of 24,248 individuals with schizophrenia and 97,322 controls from seven continental populations.	https://pmc.ncbi.nlm.nih.gov/articles/PMC9805802/	schizophrenia cases and controls in the 2022 exome meta-analysis (no total stated)	97322	Here, we generated, aggregated, harmonized variant identification, and meta-analyzed the exome sequences of 24,248 individuals with schizophrenia and 97,322 controls from seven continental populations.	https://pmc.ncbi.nlm.nih.gov/articles/PMC9805802/	schizophrenia cases and controls in the 2022 exome meta-analysis (no total stated)
COHO:0000331	owl:NamedIndividual	Severe Childhood Onset Obesity Project	4800	The Severe Childhood Onset Obesity Project (SCOOP) cohort (Wheeler et al., 2013), includes ∼4800 British individuals of European ancestry with childhood onset obesity (BMI standard deviation score (SDS) > 3; onset of obesity before the age of 10 years).	https://pmc.ncbi.nlm.nih.gov/articles/PMC7267775/	British individuals of European ancestry with severe childhood-onset obesity (approximate)								
COHO:0000332	owl:NamedIndividual	SG10K Pilot	4810	By whole-genome sequencing of 4,810 Singapore Chinese, Malays, and Indians, we found 98.3 million SNPs and small insertions or deletions, over half of which are novel.	PMID:31626772	Singapore Chinese, Malays and Indians whole-genome sequenced (2019)								
COHO:0000333	owl:NamedIndividual	STRAT-PARK	252	By March 2023, 252 participants were included, comprising 204 cases and 48 controls.	PMID:38604582	participants included by March 2023 (recruitment ongoing)	204	By March 2023, 252 participants were included, comprising 204 cases and 48 controls.	PMID:38604582	participants included by March 2023 (recruitment ongoing)	48	By March 2023, 252 participants were included, comprising 204 cases and 48 controls.	PMID:38604582	participants included by March 2023 (recruitment ongoing)
COHO:0000334	owl:NamedIndividual	STREP GENE	43	Results and Discussion After quality control, we included 43 cases of European ancestry aged less than 65 years without comorbidity ( Supplementary Table 1 ).	https://www.ebi.ac.uk/europepmc/webservices/rest/PMC7039814/fullTextXML	invasive GAS cases genotyped and analysed after quality control (2019)								
COHO:0000335	owl:NamedIndividual	Stroke Investigative Research and Education Network	7368	To ensure accurate comparisons and minimize confounding, stroke cases were matched with stroke-free controls at a 1:1 ratio on key demographic factors known to confound stroke epidemiology, including age (± 5 years), sex, and ethnicity, for a total of 7368 participants (3684 cases and 3684 controls) in this study.	https://www.ebi.ac.uk/europepmc/webservices/rest/PMC13169920/fullTextXML	1:1 matched stroke cases and stroke-free controls analysed in a 2026 SIREN report	3684	To ensure accurate comparisons and minimize confounding, stroke cases were matched with stroke-free controls at a 1:1 ratio on key demographic factors known to confound stroke epidemiology, including age (± 5 years), sex, and ethnicity, for a total of 7368 participants (3684 cases and 3684 controls) in this study.	https://www.ebi.ac.uk/europepmc/webservices/rest/PMC13169920/fullTextXML	1:1 matched stroke cases and stroke-free controls analysed in a 2026 SIREN report	3684	To ensure accurate comparisons and minimize confounding, stroke cases were matched with stroke-free controls at a 1:1 ratio on key demographic factors known to confound stroke epidemiology, including age (± 5 years), sex, and ethnicity, for a total of 7368 participants (3684 cases and 3684 controls) in this study.	https://www.ebi.ac.uk/europepmc/webservices/rest/PMC13169920/fullTextXML	1:1 matched stroke cases and stroke-free controls analysed in a 2026 SIREN report
COHO:0000336	owl:NamedIndividual	Study Into Lean and Thin Subjects	2000	We were able to take advantage of the UK National Health Service (NHS) research infrastructure to recruit from primary care ( Methods ) using body mass index (BMI: weight in kg/height in metres 2 ) criteria and personal review of individual case files to identify a cohort of approximately 2000 UK European descent thin adults (Study Into Lean and Thin Subjects, STILTS cohort; mean BMI = 17.6 kg/m 2 ) who are well, without medical conditions or eating disorders ( Methods ).	https://www.ebi.ac.uk/europepmc/webservices/rest/PMC6345421/fullTextXML	UK thin healthy adults in the cohort (approximate), 2019								
COHO:0000337	owl:NamedIndividual	SweGen	1000	A total of 1000 individuals, reflecting a cross-section of the population and capturing the main genetic structure, were selected for whole-genome sequencing.	PMID:28832569	Swedish individuals selected for whole-genome sequencing (2017)								
COHO:0000338	owl:NamedIndividual	Sys4MS cohort	322	Results The Sys4MS cohort We recruited 322 consecutive MS patients (age 41 ± 10 years, 71% female), of which 271 (82%) had Relapsing–Remitting MS (RRMS), and 57 (18%) had Progressive MS (PMS; 28 had SPMS and 29 had PPMS), as well as 98 healthy controls matched by sex and age with the RRMS group (Table 1 ).	https://www.ebi.ac.uk/europepmc/webservices/rest/PMC10896787/fullTextXML	consecutive MS patients recruited at four centres (98 healthy controls not counted)								
COHO:0000339	owl:NamedIndividual	Therapeutically Applicable Research to Generate Effective Treatments	1699	Here we present a pan-cancer study of somatic alterations, including single nucleotide variants, small insertions or deletions, structural variations, copy number alterations, gene fusions and internal tandem duplications in 1,699 paediatric leukaemias and solid tumours across six histotypes, with whole-genome, whole-exome and transcriptome sequencing data processed under a uniform analytical framework.	PMID:29489755	paediatric leukaemia and solid tumour cases in the 2018 TARGET pan-cancer analysis								
COHO:0000340	owl:NamedIndividual	TRACERx	814	"""enrollmentInfo"":{""count"":814,""type"":""ACTUAL""}"	https://clinicaltrials.gov/api/v2/studies/NCT01888601	patients enrolled (actual enrolment in the trial registry record), 2026								
COHO:0000341	owl:NamedIndividual	TransplantLines	5143	TransplantLines, initiated in 2015, consists of 5143 participants as of October 2024, among 2312 (45%) females.	PMID:40601244	participants (transplant recipients, candidates and donors) as of October 2024								
COHO:0000342	owl:NamedIndividual	TrypanoGEN	3813	We have undertaken a genome wide association study (GWAS) using 3813 samples from T. b. gambiense and T.b. rhodesiense HAT foci in Guinea, Côte d’Ivoire, Cameroon, DRC, Malawi and Uganda.	https://www.ebi.ac.uk/europepmc/webservices/rest/search?query=TITLE%3A%22Genome-Wide+Association+Study+Reveals+Novel+Genetic+Markers+Associated+with+Human+African+Trypanosomiasis%22&format=json&resultType=core	samples (one per individual) used in the 2024 TrypanoGEN GWAS, discovery plus validation								
COHO:0000344	owl:NamedIndividual	Type 2 Diabetes Genetic Exploration by Next-generation sequencing in multi-Ethnic Samples	12940	This created a joint data set (after all QC) comprised of 12,940 individuals (6,504 cases; 6,436 controls) drawn from five ancestry groups: 4,541 of European origin, and ~2,000 [range: 1,943-2,217] each of South Asian, East Asian, Hispanic, and African American origin (Extended Data Fig. 1; Extended Data Table 2; Supplementary 4).	https://www.ncbi.nlm.nih.gov/research/bionlp/RESTful/pmcoa.cgi/BioC_xml/PMC5034897/unicode	T2D cases and controls in the joint T2D-GENES/GoT2D exome data set after QC (2016)	6504	This created a joint data set (after all QC) comprised of 12,940 individuals (6,504 cases; 6,436 controls) drawn from five ancestry groups: 4,541 of European origin, and ~2,000 [range: 1,943-2,217] each of South Asian, East Asian, Hispanic, and African American origin (Extended Data Fig. 1; Extended Data Table 2; Supplementary 4).	https://www.ncbi.nlm.nih.gov/research/bionlp/RESTful/pmcoa.cgi/BioC_xml/PMC5034897/unicode	T2D cases and controls in the joint T2D-GENES/GoT2D exome data set after QC (2016)	6436	This created a joint data set (after all QC) comprised of 12,940 individuals (6,504 cases; 6,436 controls) drawn from five ancestry groups: 4,541 of European origin, and ~2,000 [range: 1,943-2,217] each of South Asian, East Asian, Hispanic, and African American origin (Extended Data Fig. 1; Extended Data Table 2; Supplementary 4).	https://www.ncbi.nlm.nih.gov/research/bionlp/RESTful/pmcoa.cgi/BioC_xml/PMC5034897/unicode	T2D cases and controls in the joint T2D-GENES/GoT2D exome data set after QC (2016)
COHO:0000345	owl:NamedIndividual	Uganda General Population Cohort	22000	The General Population Cohort (GPC) is an open population-based cohort of over 22,000 individuals living in rural south-western Uganda [ 29 ].	https://www.ebi.ac.uk/europepmc/webservices/rest/PMC10543268/fullTextXML	individuals in the open population cohort (stated as 'over 22,000', a lower bound)								
COHO:0000346	owl:NamedIndividual	British Heart Foundation Family Heart Study	6285	In total, we collected 6,285 subjects.	https://europepmc.org/api/getPdf?pmcid=PMC1285159	subjects collected (affected and unaffected siblings), 1998-2003								
COHO:0000347	owl:NamedIndividual	UK Blood Service Control Group	3622	The latter collection was established specifically for this study and is a UK national repository of anonymized DNA samples from 3,622 consenting blood donors.	https://europepmc.org/api/getPdf?pmcid=PMC2719288	consenting blood donors in the UK Blood Services repository set up for the WTCCC								
COHO:0000348	owl:NamedIndividual	UK10K	10000	Here we describe insights from sequencing whole genomes (low read depth, 7×) or exomes (high read depth, 80×) of nearly 10,000 individuals from population-based and disease collections.	https://www.ebi.ac.uk/europepmc/webservices/rest/PMC4773891/fullTextXML	individuals whole-genome or exome sequenced, stated as 'nearly 10,000' (2015)								
COHO:0000349	owl:NamedIndividual	UK10K Rare Neuromuscular Disorders cohort	140	EGAD00001000418 UK10K_RARE_NEUROMUSCULAR REL-2013-04-20 Illumina HiSeq 2000 140	https://ega-archive.org/studies/EGAS00001000101	samples in the latest EGA release of the dataset (REL-2013-04-20)								
COHO:0000350	owl:NamedIndividual	University of Washington ovarian carcinoma cohort	56	RNAseq data relative to 56 primary and treatment-naive ovarian carcinomas, from independent donors.	https://ega-archive.org/studies/EGAS00001006012	patients (independent donors) with primary treatment-naive ovarian carcinoma, RNA sequenced								
COHO:0000351	owl:NamedIndividual	UPTIDER	45	In this regard, as of May 2025, the UPTIDER OSE helped facilitate the acquisition and annotation of >15000 samples from 39/45 enroled patients.	https://www.ebi.ac.uk/europepmc/webservices/rest/PMC12592526/fullTextXML	patients enrolled in UPTIDER as of May 2025 (39 with samples acquired)								
COHO:0000352	owl:NamedIndividual	VIVO Biobank	600	The VIVO biobank currently stores pathological samples from over 600 patients with RMS.	https://ega-archive.org/studies/EGAS00001008019	patients with rhabdomyosarcoma whose samples the biobank stores, stated as 'over 600' (lower bound; RMS only)								
COHO:0000353	owl:NamedIndividual	West Coast Prostate Cancer Dream Team	202		https://europepmc.org/api/getPdf?pmcid=PMC6366813	patients with mCRPC enrolled December 2012 to April 2016 in the prospective biopsy study (NCT02432001)								
COHO:0000354	owl:NamedIndividual	WTCCC case-control study for Ankylosing Spondylitis	1000	Here we report several new replicated associations in our scan of nsSNPs in 1500 shared controls and 1000 individuals from each of 4 different diseases: Ankylosing Spondylitis (AS), Autoimmune Thyroid Disease/Graves’ Disease (AITD), Breast Cancer (BC) and Multiple Sclerosis (MS).	https://europepmc.org/api/getPdf?pmcid=PMC2680141	ankylosing spondylitis cases in the WTCCC nsSNP scan (design number per disease), 2007	1000	Here we report several new replicated associations in our scan of nsSNPs in 1500 shared controls and 1000 individuals from each of 4 different diseases: Ankylosing Spondylitis (AS), Autoimmune Thyroid Disease/Graves’ Disease (AITD), Breast Cancer (BC) and Multiple Sclerosis (MS).	https://europepmc.org/api/getPdf?pmcid=PMC2680141	ankylosing spondylitis cases in the WTCCC nsSNP scan (design number per disease), 2007				
COHO:0000355	owl:NamedIndividual	WTCCC case-control study for Autoimmune Thyroid Disease	1000	Here we report several new replicated associations in our scan of nsSNPs in 1500 shared controls and 1000 individuals from each of 4 different diseases: Ankylosing Spondylitis (AS), Autoimmune Thyroid Disease/Graves’ Disease (AITD), Breast Cancer (BC) and Multiple Sclerosis (MS).	https://europepmc.org/api/getPdf?pmcid=PMC2680141	autoimmune thyroid disease cases in the WTCCC nsSNP scan (design number per disease), 2007	1000	Here we report several new replicated associations in our scan of nsSNPs in 1500 shared controls and 1000 individuals from each of 4 different diseases: Ankylosing Spondylitis (AS), Autoimmune Thyroid Disease/Graves’ Disease (AITD), Breast Cancer (BC) and Multiple Sclerosis (MS).	https://europepmc.org/api/getPdf?pmcid=PMC2680141	autoimmune thyroid disease cases in the WTCCC nsSNP scan (design number per disease), 2007				
COHO:0000356	owl:NamedIndividual	WTCCC case-control study for Bipolar Disorder	2000	Case series came from previously established collections with nationally representative recruitment: 2,000 samples were genotyped for each.	https://europepmc.org/api/getPdf?pmcid=PMC2719288	bipolar disorder cases genotyped for WTCCC1 (before quality control), 2007	2000	Case series came from previously established collections with nationally representative recruitment: 2,000 samples were genotyped for each.	https://europepmc.org/api/getPdf?pmcid=PMC2719288	bipolar disorder cases genotyped for WTCCC1 (before quality control), 2007				
COHO:0000357	owl:NamedIndividual	WTCCC case-control study for Breast cancer	1000	Here we report several new replicated associations in our scan of nsSNPs in 1500 shared controls and 1000 individuals from each of 4 different diseases: Ankylosing Spondylitis (AS), Autoimmune Thyroid Disease/Graves’ Disease (AITD), Breast Cancer (BC) and Multiple Sclerosis (MS).	https://europepmc.org/api/getPdf?pmcid=PMC2680141	breast cancer cases in the WTCCC nsSNP scan (design number per disease), 2007	1000	Here we report several new replicated associations in our scan of nsSNPs in 1500 shared controls and 1000 individuals from each of 4 different diseases: Ankylosing Spondylitis (AS), Autoimmune Thyroid Disease/Graves’ Disease (AITD), Breast Cancer (BC) and Multiple Sclerosis (MS).	https://europepmc.org/api/getPdf?pmcid=PMC2680141	breast cancer cases in the WTCCC nsSNP scan (design number per disease), 2007				
COHO:0000358	owl:NamedIndividual	WTCCC case-control study for Coronary Artery Disease	2000	Case series came from previously established collections with nationally representative recruitment: 2,000 samples were genotyped for each.	https://europepmc.org/api/getPdf?pmcid=PMC2719288	coronary artery disease cases genotyped for WTCCC1 (before quality control), 2007	2000	Case series came from previously established collections with nationally representative recruitment: 2,000 samples were genotyped for each.	https://europepmc.org/api/getPdf?pmcid=PMC2719288	coronary artery disease cases genotyped for WTCCC1 (before quality control), 2007				
COHO:0000359	owl:NamedIndividual	WTCCC case-control study for Hypertension	2000	Case series came from previously established collections with nationally representative recruitment: 2,000 samples were genotyped for each.	https://europepmc.org/api/getPdf?pmcid=PMC2719288	hypertension cases genotyped for WTCCC1 (before quality control), 2007	2000	Case series came from previously established collections with nationally representative recruitment: 2,000 samples were genotyped for each.	https://europepmc.org/api/getPdf?pmcid=PMC2719288	hypertension cases genotyped for WTCCC1 (before quality control), 2007				
COHO:0000360	owl:NamedIndividual	WTCCC case-control study for Inflammatory Bowel Disease	2000	Case series came from previously established collections with nationally representative recruitment: 2,000 samples were genotyped for each.	https://europepmc.org/api/getPdf?pmcid=PMC2719288	inflammatory bowel disease (the WTCCC1 collection was Crohn's disease cases) cases genotyped for WTCCC1 (before quality control), 2007	2000	Case series came from previously established collections with nationally representative recruitment: 2,000 samples were genotyped for each.	https://europepmc.org/api/getPdf?pmcid=PMC2719288	inflammatory bowel disease (the WTCCC1 collection was Crohn's disease cases) cases genotyped for WTCCC1 (before quality control), 2007				
COHO:0000361	owl:NamedIndividual	WTCCC case-control study for Multiple Sclerosis	1000	Here we report several new replicated associations in our scan of nsSNPs in 1500 shared controls and 1000 individuals from each of 4 different diseases: Ankylosing Spondylitis (AS), Autoimmune Thyroid Disease/Graves’ Disease (AITD), Breast Cancer (BC) and Multiple Sclerosis (MS).	https://europepmc.org/api/getPdf?pmcid=PMC2680141	multiple sclerosis cases in the WTCCC nsSNP scan (design number per disease), 2007	1000	Here we report several new replicated associations in our scan of nsSNPs in 1500 shared controls and 1000 individuals from each of 4 different diseases: Ankylosing Spondylitis (AS), Autoimmune Thyroid Disease/Graves’ Disease (AITD), Breast Cancer (BC) and Multiple Sclerosis (MS).	https://europepmc.org/api/getPdf?pmcid=PMC2680141	multiple sclerosis cases in the WTCCC nsSNP scan (design number per disease), 2007				
COHO:0000362	owl:NamedIndividual	WTCCC case-control study for Rheumatoid Arthritis	2000	Case series came from previously established collections with nationally representative recruitment: 2,000 samples were genotyped for each.	https://europepmc.org/api/getPdf?pmcid=PMC2719288	rheumatoid arthritis cases genotyped for WTCCC1 (before quality control), 2007	2000	Case series came from previously established collections with nationally representative recruitment: 2,000 samples were genotyped for each.	https://europepmc.org/api/getPdf?pmcid=PMC2719288	rheumatoid arthritis cases genotyped for WTCCC1 (before quality control), 2007				
COHO:0000363	owl:NamedIndividual	WTCCC case-control study for Tuberculosis					1316	The Gambian WTCCC GWA study included 1,316 cases and 1,382 controls who were genotyped using the Affymetrix GeneChip 500K array with 354,607 autosomal SNPs ( Supplementary Methods ) (WTCCC, unpublished).	https://www.ebi.ac.uk/europepmc/webservices/rest/PMC4975513/fullTextXML	Gambian tuberculosis cases and controls in the WTCCC GWA study (total not stated), 2010	1382	The Gambian WTCCC GWA study included 1,316 cases and 1,382 controls who were genotyped using the Affymetrix GeneChip 500K array with 354,607 autosomal SNPs ( Supplementary Methods ) (WTCCC, unpublished).	https://www.ebi.ac.uk/europepmc/webservices/rest/PMC4975513/fullTextXML	Gambian tuberculosis cases and controls in the WTCCC GWA study (total not stated), 2010
COHO:0000364	owl:NamedIndividual	WTCCC case-control study for Type 1 Diabetes	2000	Case series came from previously established collections with nationally representative recruitment: 2,000 samples were genotyped for each.	https://europepmc.org/api/getPdf?pmcid=PMC2719288	type 1 diabetes cases genotyped for WTCCC1 (before quality control), 2007	2000	Case series came from previously established collections with nationally representative recruitment: 2,000 samples were genotyped for each.	https://europepmc.org/api/getPdf?pmcid=PMC2719288	type 1 diabetes cases genotyped for WTCCC1 (before quality control), 2007				
COHO:0000365	owl:NamedIndividual	WTCCC case-control study for Type 2 Diabetes	2000	Case series came from previously established collections with nationally representative recruitment: 2,000 samples were genotyped for each.	https://europepmc.org/api/getPdf?pmcid=PMC2719288	type 2 diabetes cases genotyped for WTCCC1 (before quality control), 2007	2000	Case series came from previously established collections with nationally representative recruitment: 2,000 samples were genotyped for each.	https://europepmc.org/api/getPdf?pmcid=PMC2719288	type 2 diabetes cases genotyped for WTCCC1 (before quality control), 2007				
COHO:0000366	owl:NamedIndividual	Charles F. and Joanne Knight Alzheimer Disease Research Center	6625	Out of the 6,625 Knight-ADRC participants (Table 1) recruited during the last 30 years, 2,746 of them are classified at the last assessment as AD (with 29 of them being Autosomal Dominant AD), 2,369 are considered cognitively unimpaired, and 1,510 are considered to suffer from other dementias (1,285 AD Related Dementias (ADRD), 153 FTD, and 72 DLB - Table 1.	https://www.ebi.ac.uk/europepmc/webservices/rest/PMC11245521/fullTextXML	Knight-ADRC participants recruited during the last 30 years (2024)								
COHO:0000367	owl:NamedIndividual	Alzheimer's Disease Neuroimaging Initiative	819	A total of 819 subjects (229 cognitively normal, 398 with MCI, and 192 with AD) were enrolled at baseline and followed for 12 months using standard cognitive and functional measures typical of clinical trials.	PMID:20042704	subjects enrolled at baseline in ADNI-1 (229 cognitively normal, 398 MCI, 192 AD)								
COHO:0000368	owl:NamedIndividual	Dominantly Inherited Alzheimer Network	255	255 DIAN participants were enrolled as of May 15, 2012, the largest international cohort of ADAD individuals in the world.	PMID:23139856	participants enrolled as of 15 May 2012								
COHO:0000369	owl:NamedIndividual	Barcelona-1	300	Barcelona -1 is a longitudinal observational study consisting of ~300 subjects at baseline carried out in the Memory and Disorder unit at the University Hospital Mutua de Terrassa, Terrassa, Barcelona, Spain.	https://pmc.ncbi.nlm.nih.gov/articles/PMC9562128/	subjects at baseline (approximate)								
COHO:0000370	owl:NamedIndividual	Stockholm-Tartu Atherosclerosis Reverse Networks Engineering Task	600	We genotyped and RNA-sequenced vascular and metabolic tissues from 600 coronary artery disease patients in the Stockholm-Tartu Atherosclerosis Reverse Networks Engineering Task study (STARNET).	PMID:27540175	coronary artery disease patients genotyped and RNA-sequenced	600	We genotyped and RNA-sequenced vascular and metabolic tissues from 600 coronary artery disease patients in the Stockholm-Tartu Atherosclerosis Reverse Networks Engineering Task study (STARNET).	PMID:27540175	coronary artery disease patients genotyped and RNA-sequenced				
COHO:0000371	owl:NamedIndividual	Million Veteran Program	1000000	Since launching in 2011, 1 million Veterans have joined MVP.	https://www.research.va.gov/mvp/	Veterans who have joined since 2011								
COHO:0000372	owl:NamedIndividual	Chinese Imaging Genetics study	7000	To date, we have recruited more than 7000 participants, becoming the largest and most integrative Chinese neuroimaging genetics cohort.	https://www.ebi.ac.uk/europepmc/webservices/rest/PMC7042768/fullTextXML	participants recruited to date (more than 7000)								
COHO:0000373	owl:NamedIndividual	African American Study of Kidney Disease and Hypertension	1094	Of 1,094 persons enrolled in the AASK Trial (June 1995 to September 2001; mean age, 55 years; 61% men), 691 enrolled in the AASK Cohort Study (April 2002 to present), 299 died or reached dialysis therapy or transplantation, and 104 declined to participate in the AASK Cohort Study.	PMID:17591527	African American adults randomized in the AASK Trial								
COHO:0000374	owl:NamedIndividual	Amsterdam Dementia Cohort	7000	This patients population comprises the Amsterdam Dementia Cohort, which currently consists of almost 7000 individuals.	https://www.alzheimercentrum.nl/wetenschap/amsterdam-dementia-cohort/	memory-clinic patients in the cohort (almost 7000), 2019								
COHO:0000377	owl:NamedIndividual	BioBank Japan	267000	4th Phase (FY 2018 to 2022) – Growth to 267,000 collaborators and 51 diseases; converting samples into dataWe promoted utilization of the DNA, serum, and clinical information of a total of 267,000 collaborators with 51 diseases (440,000 cases) in the first and second cohorts, as well as the conversion of biological samples into data to entrench the BBJ as a much-used biobank.	https://biobankjp.org/en/about/1990	patients (collaborators) with 51 diseases in the first and second cohorts								
COHO:0000378	owl:NamedIndividual	Age, Gene/Environment Susceptibility-Reykjavik Study	5764	Between 2002 and 2006, 5,764 individuals randomly selected from survivors of the Reykjavik Study were included.	https://www.ebi.ac.uk/europepmc/webservices/rest/PMC10463542/fullTextXML	Reykjavik Study survivors examined at the AGES-Reykjavik baseline, 2002-2006								
COHO:0000380	owl:NamedIndividual	Canadian Longitudinal Study on Aging	51338	The CLSA cohort is a national stratified sample of 51 338 women and men aged 45–85 years at the time of recruitment.	https://www.ebi.ac.uk/europepmc/webservices/rest/PMC6929533/fullTextXML	women and men aged 45-85 recruited at baseline, 2011-2015								
COHO:0000381	owl:NamedIndividual	Jackson Heart Study	5302	Data and biologic materials have been collected from 5302 adult African Americans, including 1499 members of 291 families.	PMID:16320381	adult African Americans enrolled at baseline, including 1499 family members								
COHO:0000382	owl:NamedIndividual	UK Biobank Pharma Proteomics Project	54219	The Pharma Proteomics Project is a precompetitive biopharmaceutical consortium characterizing the plasma proteomic profiles of 54,219 UK Biobank participants.	PMID:37794186	UK Biobank participants with plasma proteomic profiles								
COHO:0000383	owl:NamedIndividual	Mass General Brigham Biobank	142238	Since 2010, 142,238 individuals within the Mass General Brigham (MGB) network, the largest healthcare system in Massachusetts, have consented to participate in the MGBB as of May 11, 2023 (Fig. 1a, Supplementary Table 1).	https://www.ebi.ac.uk/europepmc/webservices/rest/PMC12749686/fullTextXML	individuals consented since 2010, as of 11 May 2023								
COHO:0000384	owl:NamedIndividual	Cardiovascular Health Study	5888	Between 1992 and 1993, an additional 687 mostly Black participants were recruited for a total cohort of 5888.	https://www.ebi.ac.uk/europepmc/webservices/rest/PMC9673628/fullTextXML	total cohort: original 5201 (1989-1990 recruitment) plus 687 mostly Black participants (1992-1993)								
COHO:0000385	owl:NamedIndividual	Framingham Heart Study	5209	The Original Cohort of the Framingham Heart Study consisted of 5,209 respondents of a random sample of 2/3 of the adult population of Framingham, Massachusetts, 30 to 62 years of age by household, in 1948.	https://www.framinghamheartstudy.org/fhs-about/	Original Cohort only (1948); not the whole multi-generation study								
COHO:0000386	owl:NamedIndividual	Rhineland Study	8318	We included Rhineland Study participants who enrolled before the 26th of November 2021 (n = 8318), and who had complete lipidomic and genetic data available (n = 6096).	https://www.ebi.ac.uk/europepmc/webservices/rest/PMC13135507/fullTextXML	participants enrolled before 26 November 2021 (interim; recruitment ongoing)								
COHO:0000387	owl:NamedIndividual	European Prospective Investigation into Cancer and Nutrition-Potsdam	27548	The European Prospective Investigation into Cancer and Nutrition (EPIC)-Potsdam is part of the ongoing multicenter EPIC study and comprises 27,548 participants from the general population in the area of Potsdam in eastern Germany who were mainly 35–65 years of age at time of recruitment between 1994 and 1998 (17).	https://www.ebi.ac.uk/europepmc/webservices/rest/PMC3554384/fullTextXML	adults from the general population recruited 1994-1998								
COHO:0000388	owl:NamedIndividual	Hispanic Community Health Study/Study of Latinos	16415	A total of 16,415 participants of Mexican, Puerto Rican, Dominican, Cuban, and Central and South American background aged 18–74 years were recruited from four U.S. cities between 2008 and 2011: Bronx, NY; Chicago, IL; Miami, FL; and San Diego, CA.	https://www.ebi.ac.uk/europepmc/webservices/rest/PMC11751521/fullTextXML	adults aged 18-74 recruited 2008-2011								
COHO:0000389	owl:NamedIndividual	Busselton Health Study	20000	Since its inception in 1966, more than 20,000 Busselton residents have participated in surveys and clinical assessments, contributing to over 600 scientific publications and major medical breakthroughs, including early genetic insights into asthma and hereditary haemochromatosis.	https://bpmri.org.au/about-us.html	Busselton residents who took part in surveys and clinical assessments since 1966 (stated as 'more than 20,000', a lower bound)								
COHO:0000390	owl:NamedIndividual	Swedish Infrastructure for Medical Population-Based Life-Course and Environmental Research	107000	In total, the two cohorts consist of approximately 107,000 participants, and at the assessment in 2019, approximately 38,000 participants responded.	https://www.simpler4health.se/w/sh/en/about-us	participants of the two member cohorts (SMC and COSM) combined (approximately)								
COHO:0000391	owl:NamedIndividual	Swedish CArdioPulmonary bioImage Study	30154	Between 2013 and 2018, 30,154 subjects aged 50–64 were randomly recruited from the national population register in six areas adjacent to six Swedish university hospitals.	https://www.ebi.ac.uk/europepmc/webservices/rest/PMC11958696/fullTextXML	men and women aged 50-64 recruited 2013-2018								
COHO:0000392	owl:NamedIndividual	Malmö Offspring Study	4721	Data collection in MOS began in 2013 and included 4,721 participants by 2020.	https://www.ebi.ac.uk/europepmc/webservices/rest/PMC12987725/fullTextXML	participants examined 2013-2020								
COHO:0000393	owl:NamedIndividual	Metabolic Syndrome in Men Study	10197	The Metabolic Syndrome in Men (METSIM) study is a population-based study including 10,197 Finnish men examined in 2005-2010.	https://www.ebi.ac.uk/europepmc/webservices/rest/search?query=EXT_ID%3A28119442+AND+SRC%3AMED&format=json&resultType=core	Finnish men examined at baseline 2005-2010								
COHO:0000394	owl:NamedIndividual	Qatar Genome Program	14392	This study was based on a cohort of 14,392 Qatari participants from the population based QGP [16].	https://www.ebi.ac.uk/europepmc/webservices/rest/PMC11576737/fullTextXML	Qatari participants with whole genomes analysed in a 2024 study (the latest stated QGP sequenced set; not stated as the programme's total)								
COHO:0000395	owl:NamedIndividual	Trøndelag Health Study	230617	With the completion of HUNT4-S, 230 617 individuals have participated in one or more of the HUNT surveys.	https://www.ebi.ac.uk/europepmc/webservices/rest/PMC9908054/fullTextXML	individuals who participated in one or more HUNT surveys (HUNT1-HUNT4, including HUNT4-S), 2019								
COHO:0000397	owl:NamedIndividual	Chronic Renal Insufficiency Cohort Study	5499	The Chronic Renal Insufficiency Cohort (CRIC) Study is a multicenter observational cohort study that enrolled 5499 adults from 7 clinical centers across the US.	https://www.ebi.ac.uk/europepmc/webservices/rest/PMC8855239/fullTextXML	adults with CKD enrolled in phases 1 (2003-2008) and 3 (2013-2015)								
COHO:0000398	owl:NamedIndividual	Systematic and Combined Analysis of Olink Proteins	78664	We performed a proteogenomic meta-analysis of 1,161 protein targets measured in blood across 38 cohorts, including up to 78,664 participants of European ancestry (Table S1A; for study design see Figure S1).	https://www.ebi.ac.uk/europepmc/webservices/rest/PMC13343581/fullTextXML	participants of European ancestry in the consortium's largest pQTL meta-analysis (38 cohorts, including UK Biobank), 2026								
COHO:0000399	owl:NamedIndividual	China Medical University Hospital Biobank	413210	As of the time of this study, a total of 413,210 patients were enrolled.	https://www.ebi.ac.uk/europepmc/webservices/rest/PMC12136033/fullTextXML	patients enrolled 2018-2021 (Precision Medicine Project, genotyped on TPMv1)								
COHO:0000400	owl:NamedIndividual	Religious Orders Study and Rush Memory and Aging Project	3414	Through December 31, 2017, the studies enrolled 3,414 persons of whom 72.6% are female, 88.2% are non-Latino White, 6.3% are African American, 5.5% are Latino (including African American Latinos), and the remainder are other racial groups.	https://pmc.ncbi.nlm.nih.gov/articles/PMC6380522/	persons enrolled in ROS and MAP combined, through 31 December 2017								
COHO:0000401	owl:NamedIndividual	Mayo Clinic Biobank	56862	Prior to the close of the active enrolment, 159 participants withdrew from the Biobank, leaving a total of 56 862 participants enrolled in the Mayo Clinic Biobank as of 31 March 2016.	https://www.ebi.ac.uk/europepmc/webservices/rest/PMC6858142/fullTextXML	adult patients enrolled 2009 to 31 March 2016 (after 159 withdrawals)								
COHO:0000403	owl:NamedIndividual	FinnGen	520210	Current data freeze 520 210 combined genotype and health registry data	https://www.finngen.fi/en	individuals with combined genotype and health registry data in the current data freeze								
COHO:0000404	owl:NamedIndividual	NIHR BioResource Rare Diseases Study	13037	We performed WGS of 13,037 individuals enrolled at 57 National Health Service (NHS) hospitals in the United Kingdom and 26 hospitals in other countries (Fig. 1a, Extended Data Fig. 1a, Supplementary Table 1), in three batches, to clinical standard (Fig. 1b).	https://europepmc.org/api/getPdf?pmcid=PMC7610553	individuals enrolled and whole-genome sequenced (9,802 with a rare disease or extreme trait), 2017								
COHO:0000405	owl:NamedIndividual	Australian Imaging, Biomarker & Lifestyle Flagship Study of Ageing	2359	The evolution of the Inception cohort at baseline, 18, 36, 54, 72, 90, 108, and 126 months follow-up, was enriched with recruitment of 1,247 new participants to compensate for attrition (Enrichment cohort), yielding the current database of 2,359 participants with 8,592 person-contact years.	https://www.ebi.ac.uk/europepmc/webservices/rest/PMC8293663/fullTextXML	participants of the Inception (1,112) and Enrichment (1,247) cohorts, as of 10 April 2019								
COHO:0000407	owl:NamedIndividual	Diabetic Nephropathy Cohort	2080	DN cohort recruited 2080 outpatient participants with T2D from the diabetes centre (Chinese N = 1309, Malay = 411, Asian Indian = 360) in a regional hospital between March 2004 and December 2015 with the primary aim to study the development and progression of DN and the secondary aim to study the major cardiovascular diseases (CVD) in T2D patients.	PMID:31146758	outpatients with type 2 diabetes recruited 2004-2015								
COHO:0000408	owl:NamedIndividual	Singapore Study of Macro-Angiopathy and Micro-Vascular Reactivity in Type 2 Diabetes	2258	A total of 2258 patients with type 2 diabetes mellitus (T2DM) were recruited at baseline.	PMID:38059349	patients with type 2 diabetes recruited at baseline (2011-2014)								
COHO:0000409	owl:NamedIndividual	Women's Health Initiative	161808	161,808 postmenopausal women enrolled in the WHI.	https://www.whi.org/about-whi	postmenopausal women enrolled in the clinical trials and observational study, 1993-1998								
COHO:0000410	owl:NamedIndividual	Study of Health in Pomerania-TREND	4420	In total, 8,727 individuals underwent baseline investigations in SHIP-START (n = 4308) and SHIP-TREND (n = 4420).	PMID:39085387	individuals examined at baseline (SHIP-TREND-0, 2008-2012)								
COHO:0000411	owl:NamedIndividual	Korean Genome and Epidemiology Study	245000	The Korean Genome and Epidemiology Study (KoGES) has undergone a strategic transformation towards ageing research with its 245 000 participants, now in their sixties and seventies, providing an invaluable long-term resource for studying healthy ageing and longevity.	PMID:42753719	participants enrolled across the six KoGES cohorts since 2001 (a round figure), 2026								
COHO:0000412	owl:NamedIndividual	Netherlands Epidemiology of Obesity Study	6673	In total, 6,673 participants have been included, of whom 5,217 with a BMI of 27 kg/m2 or higher.	PMID:23576214	individuals aged 45-65 included 2008-2012								
COHO:0000413	owl:NamedIndividual	Wisconsin Registry for Alzheimer's Prevention	1561	Since late 2001, Wisconsin Registry for Alzheimer's Prevention has enrolled 1561 people at a mean baseline age of 54 years.	PMID:29322089	people enrolled since late 2001 (as of the 2017 profile)								
COHO:0000414	owl:NamedIndividual	Wisconsin Alzheimer's Disease Research Center	1151		https://adrc.wisc.edu/sites/default/files/styles/max_650x650/public/2026-06/Wisconsin%20ADRC%20By%20the%20Numbers%20%281%29.jpg?itok=OHMophYE	Clinical Core participants, April 2009 to March 2026								
COHO:0000415	owl:NamedIndividual	Food Chain Plus	1811	During the first recruitment phase referred to as baseline in the following, data were collected between 2011 and 2014 from 1811 adults (18–83 years).	https://www.ebi.ac.uk/europepmc/webservices/rest/PMC9630232/fullTextXML	adults recruited at baseline, 2011-2014								
COHO:0000416	owl:NamedIndividual	Amish Complex Disease Research Program	7000	To date, over 7000 Amish adults have participated in one or more of our studies as part of the Amish Complex Disease Research Program72.	https://www.ebi.ac.uk/europepmc/webservices/rest/PMC8989972/fullTextXML	Amish adults who have taken part in one or more of the programme's studies (a lower bound, 'over 7000'), 2022								
COHO:0000417	owl:NamedIndividual	BioVU	300000	BioVU now accrues 500-1000 samples per week, totaling more than 300,000 DNA samples as of January 2023.	https://victr.vumc.org/biovu-description/	DNA samples banked (a lower bound, 'more than 300,000'), one per patient (2023)								
COHO:0000418	owl:NamedIndividual	Southall and Brent Revisited	4857	SABRE is a population-based cohort initiated in 4,857 people of European, South Asian and African Caribbean origin aged 40 to 69 living in West London, UK9 .	https://media.springernature.com/original/springer-static/esm/art%3A10.1038%2Fs41467-025-60431-y/MediaObjects/41467_2025_60431_MOESM1_ESM.pdf	people of European, South Asian and African Caribbean origin aged 40-69 at baseline (1988-91), 1991								
COHO:0000419	owl:NamedIndividual	Gut-and-Liver Axis in Alcoholic Liver Fibrosis					462	We investigated BA homeostasis in a cross-sectional ALD cohort (n = 462), alongside matched healthy controls (n = 148), and validated key findings in two independent ALD cohorts (n = 34 and n = 52).	https://www.ebi.ac.uk/europepmc/webservices/rest/PMC13233754/fullTextXML	patients with alcohol-related liver disease (GALA-ALD) and matched healthy controls (GALA-HC); no total stated (2018)	148	We investigated BA homeostasis in a cross-sectional ALD cohort (n = 462), alongside matched healthy controls (n = 148), and validated key findings in two independent ALD cohorts (n = 34 and n = 52).	https://www.ebi.ac.uk/europepmc/webservices/rest/PMC13233754/fullTextXML	patients with alcohol-related liver disease (GALA-ALD) and matched healthy controls (GALA-HC); no total stated (2018)
COHO:0000420	owl:NamedIndividual	Cardiovascular Risk in Young Finns Study	3596	The baseline study was conducted in 1980 when 3596 randomly selected children and adolescents aged 3, 6, 9, 12, 15 and 18 years participated.	PMID:38115890	children and adolescents aged 3-18 at baseline, 1980								
COHO:0000421	owl:NamedIndividual	Study of Colorectal Cancer in Scotland					2057	SOCCS SOCCS study7,8 comprised 2,057 colorectal cancer cases (CRC) (61% male; mean age at diagnosis (65.8 ± 8.4) years) and 2,111 population controls (60% males; mean age 67.9±9.0 years) as ascertained in Scotland.	https://media.springernature.com/original/springer-static/esm/art%3A10.1038%2Fs41467-025-60431-y/MediaObjects/41467_2025_60431_MOESM1_ESM.pdf	cases and controls of one genotyped SOCCS sample (analysed subset); no total stated	2111	SOCCS SOCCS study7,8 comprised 2,057 colorectal cancer cases (CRC) (61% male; mean age at diagnosis (65.8 ± 8.4) years) and 2,111 population controls (60% males; mean age 67.9±9.0 years) as ascertained in Scotland.	https://media.springernature.com/original/springer-static/esm/art%3A10.1038%2Fs41467-025-60431-y/MediaObjects/41467_2025_60431_MOESM1_ESM.pdf	cases and controls of one genotyped SOCCS sample (analysed subset); no total stated
COHO:0000422	owl:NamedIndividual	China Kadoorie Biobank	512726	Briefly, 512,726 adults aged 30–79 years were enrolled during 2004–2008 from ten urban and rural areas across China.	https://www.ebi.ac.uk/europepmc/webservices/rest/PMC10435379/fullTextXML	adults aged 30-79 enrolled 2004-2008								
COHO:0000423	owl:NamedIndividual	All of Us Research Program	800000	Since its inception in 2018, the AoU program has consented to over 800,000 participants, with more than 560,000 completing the initial enrollment process, including health questionnaires and biospecimen collection.	https://pmc.ncbi.nlm.nih.gov/articles/PMC13092120/	participants consented since 2018 (a lower bound, 'over 800,000'), 2026								
COHO:0000424	owl:NamedIndividual	BioMe Biobank	60000	The Mount Sinai BioMe Biobank, founded in 2007, is an ongoing electronic health record-linked biorepository that enrols participants non-selectively from the Mount Sinai Health System, comprising approximately 60,000 participants.	PMID:36216889	participants enrolled (approximate, 'approximately 60,000')								
COHO:0000425	owl:NamedIndividual	Coronary Artery Risk Development in Young Adults Study	5115	The CARDIA study began in 1985 with recruitment of 5,115 participants aged 18 to 30 years at field centers located in Birmingham, AL, Chicago, IL, Minneapolis, MN, and Oakland, CA.	https://www.ncbi.nlm.nih.gov/research/bionlp/RESTful/pmcoa.cgi/BioC_xml/PMC7373261/unicode	participants aged 18-30 recruited at baseline, 1985-1986								
COHO:0000426	owl:NamedIndividual	Health for Life in Singapore	10004	We recruited 10,004 Asian men and women aged 30 to 84 years to the HELIOS Study between 2018 and 2022 (www.healthforlife.sg).	PMID:41469377	Asian men and women aged 30-84 recruited 2018-2022								
COHO:0000427	owl:NamedIndividual	Cleveland Family Study	2284	Overall, a total of 2284 individuals from 361 families were recruited from the Cleveland metropolitan area.	PMID:23155414	individuals from 361 families recruited								
COHO:0000428	owl:NamedIndividual	deCODE genetics Icelandic cohort	173025	We genotyped 173,025 Icelanders using Illumina SNP chips, and their genotypes were phased using long-range phasing (90).	PMID:37294764	Icelanders chip-genotyped by deCODE genetics (2023)								
COHO:0000429	owl:NamedIndividual	PainOMICS Retrospective Study	3400		https://www.ebi.ac.uk/europepmc/webservices/rest/PMC12218978/supplementaryFiles	participants enrolled Sep 2014-Feb 2016 (the source says patients)								
COHO:0000430	owl:NamedIndividual	The Pomak cohort	1702	We contacted the local Health Centre in Echinos and, with the cooperation of the local doctors and nurses, a total of 1702 volunteers were recruited between July 2010 and March 2013.	PMID:31847144	adult volunteers recruited 2010-2013								
COHO:0000431	owl:NamedIndividual	Genetic Epidemiology Research on Adult Health and Aging	110266	The cohort included 110,266 subjects to ensure that at least 100,000 individuals were successfully genotyped by the end of the project.	https://europepmc.org/api/getPdf?pmcid=PMC4574249	RPGEH participants forming the GERA cohort (genotyped), 2011								
COHO:0000432	owl:NamedIndividual	Correlated Expression and Disease Association Research	323	We collected peripheral blood as well as intestinal biopsies (ileum, transverse colon, rectum) from 323 healthy Europeans visiting the Academic Hospital of the University of Liège as part of a national screening campaign for colon cancer.	PMID:29930244	healthy Europeans with blood and intestinal biopsies								
COHO:0000433	owl:NamedIndividual	Generation Scotland: Scottish Family Health Study	24084	A total of 24 084 adult participants, including 5501 families, were recruited between 2006 and 2011.	PMID:38908846	adult participants recruited 2006-2011								
COHO:0000436	owl:NamedIndividual	Taiwan Biobank	151406	As of August 2021, a total of 151,406 volunteers have joined the biobank, among which 37,508 have completed the first round of follow-up.	PMID:36776991	volunteers who had joined the biobank (2021)								
COHO:0000437	owl:NamedIndividual	GeneRISK study	7342	We collected a prospective cohort of 7342 individuals (64% women, mean age 56 years) and estimated their 10-year risk for atherosclerotic cardiovascular disease both by a traditional risk score and a composite score combining the effect of a polygenic risk score and clinical risk factors.	PMID:35130028	individuals collected into the prospective cohort								
COHO:0000438	owl:NamedIndividual	Healthy Aging in Neighborhoods of Diversity across the Life Span	3722	We accrued 3,722 participants (Table 1): 2,200 African Americans (59%) and 1,522 whites (41%), 1,536 (41%) with household incomes below 125% of the poverty level and 2,186 (59%) above the poverty level.	https://pmc.ncbi.nlm.nih.gov/articles/PMC3040595/	participants accrued at baseline 2004-2009								
COHO:0000439	owl:NamedIndividual	Mount Sinai Crohn's and Colitis Registry	1500	The Mount Sinai Crohn’s and Colitis registry (MSCCR is a prospective cross-sectional cohort consisting of ~1500 IBD patients and controls recruited during their endoscopy visit from December 2013–September 2016.	https://www.ebi.ac.uk/europepmc/webservices/rest/PMC9873918/fullTextXML	approximately 1500 IBD patients and controls recruited Dec 2013-Sep 2016								
COHO:0000440	owl:NamedIndividual	Netherlands Study of Depression and Anxiety	3348	The NESDA sample recruited initially 2329 persons with a remitted or current DSM-IV based depressive (major depressive disorder, dysthymia) and/or anxiety disorder (panic disorder, social phobia, agoraphobia, generalized anxiety disorder), 367 of their siblings and 652 healthy controls, yielding a total of 3348 participants.	PMID:33773360	participants recruited: 2329 with depressive/anxiety disorder, 367 siblings, 652 healthy controls	2329	The NESDA sample recruited initially 2329 persons with a remitted or current DSM-IV based depressive (major depressive disorder, dysthymia) and/or anxiety disorder (panic disorder, social phobia, agoraphobia, generalized anxiety disorder), 367 of their siblings and 652 healthy controls, yielding a total of 3348 participants.	PMID:33773360	participants recruited: 2329 with depressive/anxiety disorder, 367 siblings, 652 healthy controls	652	The NESDA sample recruited initially 2329 persons with a remitted or current DSM-IV based depressive (major depressive disorder, dysthymia) and/or anxiety disorder (panic disorder, social phobia, agoraphobia, generalized anxiety disorder), 367 of their siblings and 652 healthy controls, yielding a total of 3348 participants.	PMID:33773360	participants recruited: 2329 with depressive/anxiety disorder, 367 siblings, 652 healthy controls
COHO:0000441	owl:NamedIndividual	Health, Aging and Body Composition Study	3075	The study cohort included 3,075 men and women, aged 70-79 at baseline; 45 percent of the women and 33 percent of the men are African American.	https://healthabc.nia.nih.gov/	men and women aged 70-79 at baseline (1998)								
COHO:0000442	owl:NamedIndividual	Michigan Genomics Initiative	91695	As of April 30, 2022, 91,695 patients receiving care at the Michigan Medicine health system have consented to participate in the MGI.	PMID:36819667	Michigan Medicine patients consented to MGI (2022)								
COHO:0000443	owl:NamedIndividual	Immune and Metabolic Markers during Pregnancy and Child Development Study	2569	Table 1Characteristics of the IMPaCT Case-Control Study Sample, Kaiser Permanente Northern CaliforniaCharacteristicAll, N = 2569ASD, n = 311DD, n = 1291GP, n = 967	https://www.ebi.ac.uk/europepmc/webservices/rest/PMC10689278/fullTextXML	children (with their mothers) in the case-control sample: ASD 311, DD 1291, general-population controls 967 (2016)					967	Table 1Characteristics of the IMPaCT Case-Control Study Sample, Kaiser Permanente Northern CaliforniaCharacteristicAll, N = 2569ASD, n = 311DD, n = 1291GP, n = 967	https://www.ebi.ac.uk/europepmc/webservices/rest/PMC10689278/fullTextXML	children (with their mothers) in the case-control sample: ASD 311, DD 1291, general-population controls 967 (2016)
COHO:0000444	owl:NamedIndividual	Cohorts for Heart and Aging Research in Genomic Epidemiology Consortium	38000	With genome-wide data on a total of about 38 000 individuals, these cohort studies have a large number of health-related phenotypes measured in similar ways.	PMID:20031568	individuals with genome-wide data across the 5 founding cohorts (approximate), 2009								
COHO:0000445	owl:NamedIndividual	Helsinki Birth Cohort Study	13345	Our study sample is a part of the Helsinki Birth Cohort Study (HBCS), comprising all 13345 individuals (52.3% male) born singleton in one of the two maternity hospitals in Helsinki, Finland, between 1934 and 1944.	https://www.ebi.ac.uk/europepmc/webservices/rest/PMC6416302/fullTextXML	singletons born in two Helsinki maternity hospitals 1934-1944								
COHO:0000446	owl:NamedIndividual	Generation R Study	9778	In total, 9778 mothers with a delivery date from April 2002 until January 2006 were enrolled in the study.	PMID:28070760	mothers enrolled (delivery dates Apr 2002-Jan 2006)								
COHO:0000447	owl:NamedIndividual	500 Functional Genomics	534	The 500FG cohort consists of 534 healthy individuals of Caucasian origin and is part of the Human Functional Genomics Project (HFGP).	PMID:27814508	healthy volunteers in the cohort								
COHO:0000448	owl:NamedIndividual	MyCode Community Health Initiative	90000	By the end of September, 2015 more than 90,000 Geisinger patients had enrolled, including more than 3,600 pediatric patients enrolled through parental or guardian consent.	PMID:26866580	patients enrolled by end of September 2015 (stated as more than 90,000; lower bound)								
COHO:0000449	owl:NamedIndividual	23andMe research cohort	7194265	Results Demographics Out of 7,194,265 consented participants, 116,517 (1.6%) were heterozygous for pathogenic variants in genes associated with ACOG-AJ conditions (commonly referred to as “carriers” in the context of reproductive risk) ( Table 1 ).	PMID:39669632	research-consented genotyped 23andMe participants screened in a 2024 carrier study								
COHO:0000450	owl:NamedIndividual	LIFE-Adult-Study	10000	The LIFE-Adult-Study is a population-based cohort study, which has recently completed the baseline examination of 10,000 randomly selected participants from Leipzig, a major city with 550,000 inhabitants in the east of Germany.	PMID:26197779	randomly selected adults examined at baseline, 2011-2014								
COHO:0000451	owl:NamedIndividual	Red Blood Cell-Omics Study	13403	A total of 13,403 racially/ethnically diverse (12% African American, 12% Asian, 8% Hispanic, 64% white, and 5% multiracial/other) donors of both sexes were enrolled and ranged from 18 to 90 years of age; 15% were high-intensity donors (nine or more donations in the prior 24 mo without low hemoglobin deferral).	PMID:30267427	blood donors enrolled December 2013 to October 2015								
COHO:0000452	owl:NamedIndividual	Corogene Study	5330	For the COROGENE cohort, initially, all consecutive Finnish patients undergoing coronary angiogram between June, 2006, and March, 2008 (n=5330), in the Helsinki University Central Hospital were included and a questionnaire, information about previous medical conditions and cardiovascular risk factors, hospital records for patients' history, laboratory measurements, electrocardiogram, echocardiogram, and medication were obtained.	PMID:20971364	consecutive Finnish patients undergoing coronary angiography, June 2006 to March 2008								
COHO:0000453	owl:NamedIndividual	Health 2000 GenMets Study	2212	The Genmets sample is subset of 2,212 individuals of the Health2000 study ( http://www.terveys2000.fi/doc/methodologyrep.pdf ) collected as metabolic syndrome cases and their matched controls.	PMID:19554302	Health 2000 participants collected as metabolic syndrome cases and matched controls								
COHO:0000454	owl:NamedIndividual	Qatar Metabolomics Study on Diabetes	374	This study was embedded in the Qatar Metabolomics Study on Diabetes (QMDiab), a cross-sectional case–control study with 374 participants [13, 20].	PMID:26049400	participants with and without type 2 diabetes enrolled February-June 2012								
COHO:0000455	owl:NamedIndividual	Genetic Study of Atherosclerosis Risk	3003	Of the 3003 participants in the aspirin trial, 1786 were selected for whole-genome sequencing (WGS) in the Trans-Omics for Precision Medicine (TOPMed) Program based on 1) complete platelet function phenotyping and 2) largest family size.	PMID:34131117	family members in the GeneSTAR aspirin trial, 2003-2006								
COHO:0000456	owl:NamedIndividual	Nurses' Health Study	121700	We have summarized the evolution of the Nurses' Health Study (NHS), a prospective cohort study of 121 700 married registered nurses launched in 1976; NHS II, which began in 1989 and enrolled 116 430 nurses; and NHS3, which began in 2010 and has ongoing enrollment.	PMID:27459450	married female registered nurses enrolled in 1976								
COHO:0000457	owl:NamedIndividual	Penn Medicine BioBank	174000	As of September 2022, the PMBB had enrolled over 174,000 participants, obtained biospecimens on >70,000 participants, and generated genomic data on ~44,000 of its participants.	PMID:36556195	participants enrolled as of September 2022 (stated as over 174,000; lower bound)								
COHO:0000458	owl:NamedIndividual	Epidemiological Investigation of Rheumatoid Arthritis					3515	This case–control study involved 3515 incident RA cases and 5429 controls recruited to the EIRA study between 1995 and 2016, within 1 year since RA symptom onset.	PMID:35168998	incident RA cases and population controls recruited 1995-2016; no total stated	5429	This case–control study involved 3515 incident RA cases and 5429 controls recruited to the EIRA study between 1995 and 2016, within 1 year since RA symptom onset.	PMID:35168998	incident RA cases and population controls recruited 1995-2016; no total stated
COHO:0000459	owl:NamedIndividual	Ludwigshafen Risk and Cardiovascular Health Study	3808	Zwischen Juli 1997 und März 2002 wurden 3.808 Personen aus dem Großraum Ludwigshafen · Mannheim · Heidelberg eingeschlossen.	https://www.luric.online	patients enrolled July 1997 to March 2002 (whole cohort)								
COHO:0000460	owl:NamedIndividual	Diabetes Heart Study	1443	The Diabetes Heart Study (DHS) is a genetic and epidemiological study of 1443 European American and African American participants from 564 families with multiple cases of type 2 diabetes.	PMID:21409311	European American and African American participants from 564 families								
COHO:0000461	owl:NamedIndividual	Genetics of Personality Consortium	63661	Here we report results of the largest GWA study for neuroticism so far, conducted in 63,661 participants from 29 cohorts.	PMID:25993607	participants from 29 cohorts in the 2015 neuroticism GWAS meta-analysis								
COHO:0000462	owl:NamedIndividual	Genetic Risk Assessment for Chinese Eaglet-T1D	597	Specifically, in the multi-ancestry All of Us Biobank (AoU, N=89,699; Ncases=1084; Ncontrols=88,635), in a case–control multi-ancestry cohort from the Children's Hospital of Philadelphia, Center for Applied Genomics (CHOP-CAG, N=6498; Ncases=1094; Ncontrols=5404), in the UK Biobank (UKB, N=427,847; Ncases=778; Ncontrols=427,069) and in a Chinese case–control cohort across multiple paediatric centres named Genetic Risk Assessment for Chinese Eaglet-T1D (GRACE, N=597; Ncases=294; Ncontrols=303).	PMID:41795035	type 1 diabetes cases and controls from paediatric centres used for PRS validation	294	Specifically, in the multi-ancestry All of Us Biobank (AoU, N=89,699; Ncases=1084; Ncontrols=88,635), in a case–control multi-ancestry cohort from the Children's Hospital of Philadelphia, Center for Applied Genomics (CHOP-CAG, N=6498; Ncases=1094; Ncontrols=5404), in the UK Biobank (UKB, N=427,847; Ncases=778; Ncontrols=427,069) and in a Chinese case–control cohort across multiple paediatric centres named Genetic Risk Assessment for Chinese Eaglet-T1D (GRACE, N=597; Ncases=294; Ncontrols=303).	PMID:41795035	type 1 diabetes cases and controls from paediatric centres used for PRS validation	303	Specifically, in the multi-ancestry All of Us Biobank (AoU, N=89,699; Ncases=1084; Ncontrols=88,635), in a case–control multi-ancestry cohort from the Children's Hospital of Philadelphia, Center for Applied Genomics (CHOP-CAG, N=6498; Ncases=1094; Ncontrols=5404), in the UK Biobank (UKB, N=427,847; Ncases=778; Ncontrols=427,069) and in a Chinese case–control cohort across multiple paediatric centres named Genetic Risk Assessment for Chinese Eaglet-T1D (GRACE, N=597; Ncases=294; Ncontrols=303).	PMID:41795035	type 1 diabetes cases and controls from paediatric centres used for PRS validation
COHO:0000463	owl:NamedIndividual	Academic Medical Center Amsterdam Premature Atherosclerosis Study	979	We included a total of 979 unique patients from the previously described prospective cohort AMC-PAS[6], with symptomatic Coronary Artery Disease (CAD) before the age of 51 years, defined as Myocardial Infarction (MI), coronary revascularization, or evidence of at least 70% stenosis in a major epicardial artery.	PMID:28245255	AMC-PAS patients genotyped on one or more platforms (analysed subset), 2017								
COHO:0000464	owl:NamedIndividual	Bogalusa Heart Study	8385	The total number of different individuals recruited in these surveys was 8385 children and 3780 adults.	PMID:36197664	different children recruited in 9 childhood surveys, 1973-2016 (3780 re-examined as adults)								
COHO:0000467	owl:NamedIndividual	Genetics of Opioid Addiction Study	1536	Briefly, participants (nGENOA = 1536, nPOST = 3319) were recruited from 76 CATC sites across Ontario, Canada (GENOA, 2013–2016, POST, 2018–present).	https://www.ebi.ac.uk/europepmc/webservices/rest/PMC10724251/fullTextXML	participants recruited in the main GENOA phase (2013-2016)								
COHO:0000468	owl:NamedIndividual	deCODE Health Study	14144	Speech samples were obtained from 14,144 Icelandic participants as a part of the deCODE Health Study in Iceland, which involves comprehensive phenotyping of a general population sample.	https://www.ebi.ac.uk/europepmc/webservices/rest/PMC10256171/fullTextXML	analysed subset: participants with speech samples								
COHO:0000469	owl:NamedIndividual	Qatar Biobank	17065	Currently, QBB has reached 28% (n = 17,065) of the targeted enrollee population and more than 2 million biological samples.	PMID:30927351	participants enrolled by the 2019 design paper								
COHO:0000470	owl:NamedIndividual	Reykjavik Study	18903	At the start of the study, there were 18 903 participants, of whom 68 (0.36%) were lost to follow-up for cause specific mortality and 110 (0.58%) had missing data on blood pressure, cholesterol concentration, or body mass index (BMI) and were omitted.	https://www.ebi.ac.uk/europepmc/webservices/rest/PMC2927696/fullTextXML	participants examined at entry (1967-1991)								
COHO:0000473	owl:NamedIndividual	Research Program on Genes, Environment and Health	200000	The RPGEH cohort includes about 400,000 survey participants of whom about 200,000 have provided broad consent and a sample of saliva or blood for use in studies of genetic and environmental factors in health and disease.	https://www.ncbi.nlm.nih.gov/projects/gap/cgi-bin/study.cgi?study_id=phs000674.v3.p3	participants with broad consent and a saliva or blood sample (approximate)								
COHO:0000474	owl:NamedIndividual	Africa America Diabetes Mellitus Study	5993	We studied 5993 individuals ( Table 1 ) including 2784 T2D cases (39% men) who had a mean age of 56 (SD 11) years and median known duration of T2D of 5 (IQR 2–10) years.	https://www.ebi.ac.uk/europepmc/webservices/rest/PMC6890980/fullTextXML	T2D cases and controls studied (analysed set of participants enrolled 2000-2016)	2784	We studied 5993 individuals ( Table 1 ) including 2784 T2D cases (39% men) who had a mean age of 56 (SD 11) years and median known duration of T2D of 5 (IQR 2–10) years.	https://www.ebi.ac.uk/europepmc/webservices/rest/PMC6890980/fullTextXML	T2D cases and controls studied (analysed set of participants enrolled 2000-2016)	3209	We studied 5993 individuals ( Table 1 ) including 2784 T2D cases (39% men) who had a mean age of 56 (SD 11) years and median known duration of T2D of 5 (IQR 2–10) years.	https://www.ebi.ac.uk/europepmc/webservices/rest/PMC6890980/fullTextXML	T2D cases and controls studied (analysed set of participants enrolled 2000-2016)
COHO:0000475	owl:NamedIndividual	Danish Blood Donor Study	138491	As of February 2022, DBDS includes 138491 participants (51% women, age span at inclusion 18–70 years) who have completed a total of 371589 questionnaires and with 1091499 person-years of follow-up.	https://europepmc.org/api/getPdf?pmcid=PMC10244044	participants included by February 2022								
COHO:0000476	owl:NamedIndividual	Howard University Family Study	1976	Methods We analyzed 1,976 African Americans from Washington, D.C, including 1,322 individuals from 328 pedigrees and 654 unrelated individuals, enrolled in the Howard University Family Study.	https://www.ebi.ac.uk/europepmc/webservices/rest/PMC4684912/fullTextXML	analysed subset: genotyped participants (pedigree members and unrelated)								
COHO:0000477	owl:NamedIndividual	Stabilization of Atherosclerotic Plaque by Initiation of Darapladib Therapy Trial	15828	Darapladib is a selective oral inhibitor of lipoprotein-associated phospholipase A2.MethodsIn a double-blind trial, we randomly assigned 15,828 patients with stable coronary heart disease to receive either once-daily darapladib (at a dose of 160 mg) or placebo.	PMID:24678955	patients randomised								
COHO:0000478	owl:NamedIndividual	Swedish BioFINDER Study	1600	More than 1600 patients with mild cognitive symptoms, dementia and parkinsonian symptoms as well as cognitively healthy elderly was enrolled in the study with longitudnal follow-up up to 10 years.	https://biofinder.se/one/	participants enrolled 2009-2014 (stated as 'more than 1600', a lower bound)								
COHO:0000479	owl:NamedIndividual	CROATIA-Vis Study	1008	The CROATIA-Vis study includes 1,008 Croatians, aged 18–93 years, who were recruited from the villages of Vis and Komiza on the Dalmatian island of Vis during spring of 2003 and 2004.	https://www.ebi.ac.uk/europepmc/webservices/rest/PMC7337286/fullTextXML	adults recruited 2003-2004								
COHO:0000480	owl:NamedIndividual	National Alzheimer's Coordinating Center	56000	56,000+ Participants with Data at NACC (20,000+ active participants)	https://naccdata.org/	participants with data at NACC (stated as '56,000+', a lower bound), 2026								
COHO:0000481	owl:NamedIndividual	Singapore Prospective Study Program	7742	A total of 10 633 individuals were invited; 7742 subjects (response rate 74.1%) completed the health questionnaire, of which 5157 (66.6% of those who completed the questionnaire or 49.4% of all eligible subjects) also attended the health examination.	https://www.ebi.ac.uk/europepmc/webservices/rest/PMC3504343/fullTextXML	participants who completed the questionnaire (2004-2007); 5157 also examined								
COHO:0000482	owl:NamedIndividual	Colorado Center for Personalized Medicine Biobank	200673	As of March 2022, 200,673 participants have enrolled in the CCPM Biobank and 103,600 have provided a blood (n = 100,542) or saliva (n = 3,058) sample (Figure 1).	https://www.ebi.ac.uk/europepmc/webservices/rest/PMC10806731/fullTextXML	participants enrolled by March 2022								
COHO:0000483	owl:NamedIndividual	Adult Changes in Thought Study	5763	As of the most recent data freeze (25 November 2022), total cumulative enrollment in the ACT study was 5763 people with 49,422 person-years of follow-up (mean 8.6, SD = 6.1 years per person).	https://www.ebi.ac.uk/europepmc/webservices/rest/PMC11592130/fullTextXML	cumulative enrolment to November 2022								
COHO:0000484	owl:NamedIndividual	Hypertension Genetic Epidemiology Network	2407	The projected sample size of 2244 hypertensive participants was surpassed, as 2407 hypertensive individuals (1262 African-Americans and 1145 whites) from 917 sibships were examined.	PMID:10964005	hypertensive siblings examined 1995-2000 (sibship component only; offspring and random samples not included)								
COHO:0000485	owl:NamedIndividual	Prostate, Lung, Colorectal, and Ovarian Cancer Screening Trial	154887	Initially, 154,887 participants enrolled.	https://www.ebi.ac.uk/europepmc/webservices/rest/PMC12520953/fullTextXML	participants enrolled (as stated in a secondary analysis)								
COHO:0000486	owl:NamedIndividual	Korean Cancer Prevention Study-II Biobank	156701	The cohort includes data from 156,701 participants (94,840 men and 61,861 women) recruited from 18 health promotion centers throughout Korea (Supplementary Material 1).	https://www.ebi.ac.uk/europepmc/webservices/rest/PMC12673288/fullTextXML	participants recruited at baseline 2004-2013								
COHO:0000487	owl:NamedIndividual	Leipzig Research Center for Civilization Diseases-Heart Study	6994	A total of 6,994 patients were recruited with suspected or confirmed stable coronary artery disease (CAD) or myocardial infarction.	https://www.ebi.ac.uk/europepmc/webservices/rest/PMC12626291/fullTextXML	patients recruited 2006-2014								
COHO:0000488	owl:NamedIndividual	Bandim Health Project	100000	Bandim Health Project (BHP; www.bandim.org) maintains a Health and Demographic Surveillance System (HDSS) covering approximately 100 000 inhabitants in Bissau, the capital of Guinea-Bissau.	https://www.ebi.ac.uk/europepmc/webservices/rest/PMC10946234/fullTextXML	inhabitants covered by the urban HDSS in Bissau (rural HDSS not included)								
COHO:0000489	owl:NamedIndividual	Center for Applied Genomics Biobank	85000	The cohort from the Center for Applied Genomics is composed of approximately 85,000 juvenile subjects below 18 years of age and of a diverse set of ancestries.	https://www.ebi.ac.uk/europepmc/webservices/rest/PMC11958703/fullTextXML	juvenile subjects (under 18) in the CAG cohort (2025)								
COHO:0000490	owl:NamedIndividual	Danish Twin Registry	175518	By May 2019, the population in the DTR comprised of 175,518 individuals: 86,402 pairs of twins born from 1870 to 2009, and 874 sets of triplets and 23 sets of quadruplets born from 1931 to 2009.	https://www.ncbi.nlm.nih.gov/research/bionlp/RESTful/pmcoa.cgi/BioC_xml/PMC8039015/unicode	individuals in the register (twins, triplets, quadruplets born 1870-2009), 2019								
COHO:0000491	owl:NamedIndividual	Electronic Medical Records and Genomics Network	105108	The array data were imputed and merged at each phase, and the latest effort utilized the Michigan Imputation Server and HRC version 1.1, thus allowing the aggregation of data from 105,108 eMERGE participants for ∼40 million variants, both common and rare.	https://www.ebi.ac.uk/europepmc/webservices/rest/PMC8756524/fullTextXML	participants in the pooled network-wide HRC-imputed GWAS dataset (phase III)								
COHO:0000492	owl:NamedIndividual	Sorbs Study	1000	At present, about 1000 Sorbian individuals are enrolled in the study.	https://europepmc.org/api/getPdf?pmcid=PMC2773272	Sorbian individuals enrolled (approximate), 2009								
COHO:0000493	owl:NamedIndividual	Dose-Responses to Exercise Training	1410	After these exclusions, 1410 individuals aged 57–78 y at baseline in 2005–2006 were randomly assigned to the resistance exercise, aerobic exercise, diet, combined resistance exercise and diet, combined aerobic exercise and diet, or control group.	https://www.ebi.ac.uk/europepmc/webservices/rest/PMC8244125/fullTextXML	individuals randomised to the six study groups (2006)								
COHO:0000494	owl:NamedIndividual	Genetics of Lipid-Lowering Drugs and Diet Network	1048	The GOLDN sample consisted of 1048 Caucasian individuals belonging to 184 pedigrees (average family size 6.2).	https://www.ebi.ac.uk/europepmc/webservices/rest/PMC8617762/fullTextXML	Caucasian individuals in 184 pedigrees								
COHO:0000495	owl:NamedIndividual	Study of Women's Health Across the Nation	3302	Of these, a total of 3302 women, comprising 1550 Caucasian, 935 African American, 286 Hispanic, 250 Chinese and 281 Japanese, were deemed eligible and subsequently enrolled into the SWAN cohort for the longitudinal survey, completing the baseline study from January 1996 to December 1997.	https://www.ebi.ac.uk/europepmc/webservices/rest/PMC12459529/fullTextXML	women enrolled at baseline 1996-1997								
COHO:0000496	owl:NamedIndividual	Finnish Diabetic Nephropathy Study	9000	Starting as a small‐scale pilot project with the goal of recruiting a few hundred individuals, the FinnDiane Study has evolved over the years into one of the largest well‐characterized cohorts of individuals with type 1 diabetes, now encompassing nearly 9000 participants from across the country.	https://www.ebi.ac.uk/europepmc/webservices/rest/PMC11733665/fullTextXML	participants with type 1 diabetes (approximate, 'nearly 9000'), 2024								
COHO:0000497	owl:NamedIndividual	IMAGEN study	2223	Neuroimaging and clinical data were obtained from an existing large European multi-site longitudinal study of adolescent development ( https://imagen-project.org ) across eight European sites in France, United Kingdom, Ireland, and Germany, which includes 2,223 adolescents recruited in schools around age 14 (standard deviation = 0.41; age range: 12.9–15.7).	https://www.ebi.ac.uk/europepmc/webservices/rest/PMC10827811/fullTextXML	adolescents recruited in schools around age 14								
COHO:0000498	owl:NamedIndividual	Munich Antidepressant Response Signature	842	Of the 842 participants recruited by 2008, 339 were included in a previously reported genome-wide pharmacogenetic study, and additional samples from this cohort have been genotyped since then, resulting in 604 (72%) samples from patients with unipolar depression available for the present meta-analysis.	https://www.ncbi.nlm.nih.gov/research/bionlp/RESTful/pmcoa.cgi/BioC_xml/PMC10416089/unicode	participants recruited by 2008								
COHO:0000499	owl:NamedIndividual	Minority Aging Research Study	366	After discussing the study in detail with each potential participant, 223 were found to be inelligible because they were either too young, had a prior dementia diagnosis, or were taking AD medications, 112 refused, 71 were reluctant, and 366 persons enrolled in the study.	https://www.ncbi.nlm.nih.gov/research/bionlp/RESTful/pmcoa.cgi/BioC_xml/PMC3409294/unicode	persons enrolled by the time of the 2012 design paper								
COHO:0000500	owl:NamedIndividual	Older Australian Twins Study	623	OATS recruited 623 twins and their siblings, aged 65 years and older and residing in New South Wales, Victoria or Queensland from the Australian Twin Registry.	https://www.ebi.ac.uk/europepmc/webservices/rest/PMC9896753/fullTextXML	twins and their siblings aged 65+ recruited								
COHO:0000501	owl:NamedIndividual	LymeProspect	1138	The LymeProspect cohort consisted of 1138 patients with a new physician-confirmed LB (either EM or disseminated manifestation) who were included at the initiation of antibiotic therapy and followed for one year, between April 2015 and October 2018	https://www.ebi.ac.uk/europepmc/webservices/rest/PMC11076587/fullTextXML	adult patients with confirmed Lyme borreliosis included April 2015-October 2018								
COHO:0000502	owl:NamedIndividual	300-Tanzania-FG	323	The Tanzanian cohort comprised 323 healthy individuals (159 males, 164 females) aged 18–65 years, residing in the Kilimanjaro region of Northern Tanzania.	https://www.ebi.ac.uk/europepmc/webservices/rest/PMC13071459/fullTextXML	healthy adults aged 18-65 in the Tanzanian cohort (2017)								
COHO:0000503	owl:NamedIndividual	UCLA ATLAS Community Health Initiative	104516	From these, 104,516 individuals consented to participate in the ATLAS Initiative and comprised the enrolled group, with the remainder of the individuals labeled as unenrolled.	https://www.ebi.ac.uk/europepmc/webservices/rest/PMC13087405/fullTextXML	UCLA Health patients who consented to ATLAS (enrolled group), as of December 2024								
COHO:0000505	owl:NamedIndividual	WHI Genomics and Randomized Trials Network	4894	Of the approximately 27,000 women who participated in the HT trial, 4,894 were genotyped on the Illumina Omni-Quad as part of WHI GARNET, a genome-wide association study (GWAS) to identify genetic components involved in differential responses from the HT trial.	https://www.ncbi.nlm.nih.gov/projects/gap/cgi-bin/study.cgi?study_id=phs000315.v8.p3	WHI hormone-trial women genotyped in the GARNET nested case-control sample					2344	Of the approximately 27,000 women who participated in the HT trial, 4,894 were genotyped on the Illumina Omni-Quad as part of WHI GARNET, a genome-wide association study (GWAS) to identify genetic components involved in differential responses from the HT trial.	https://www.ncbi.nlm.nih.gov/projects/gap/cgi-bin/study.cgi?study_id=phs000315.v8.p3	WHI hormone-trial women genotyped in the GARNET nested case-control sample
COHO:0000506	owl:NamedIndividual	ALS Utrecht	158		https://static-content.springer.com/esm/art%3A10.1038%2Fs41593-022-01042-4/MediaObjects/41593_2022_1042_MOESM3_ESM.xlsx	subjects (ALS patients and healthy controls) contributed to the ENIGMA Plasticity GWAS					27		https://static-content.springer.com/esm/art%3A10.1038%2Fs41593-022-01042-4/MediaObjects/41593_2022_1042_MOESM3_ESM.xlsx	subjects (ALS patients and healthy controls) contributed to the ENIGMA Plasticity GWAS
COHO:0000507	owl:NamedIndividual	Brain Imaging Genetics study	2337	At the time of this study the BIG subject-pool consisted of 2337 self-reported healthy individuals (1248 females) who had undergone anatomical (T1-weighted) MRI scans, usually as part of their involvement in diverse smaller-scale studies at the DCCN, and who had given their consent to participate in BIG.	PMID:24734025	healthy volunteers in the BIG subject pool with anatomical MRI (2014)								
COHO:0000509	owl:NamedIndividual	Norwegian Cognitive NeuroGenetics sample	670	The sample on which the GWA study was successfully performed consists of 670 persons recruited through newspaper advertisements in the Oslo and Bergen urban areas.	PMID:22856377	participants genome-wide genotyped (GWA sample), 2012								
COHO:0000510	owl:NamedIndividual	NeuroIMAGE study	1069	Combined with newly recruited participants the NeuroIMAGE study comprehends an assessment of 1,069 children (751 from ADHD families; 318 from CON families) and 848 parents (582 from ADHD families; 266 from CON families).	PMID:25012461	children assessed (848 parents assessed in addition), 2009-2012								
COHO:0000511	owl:NamedIndividual	Inter99 Study	6784	The Inter99 cohort is a randomized, non-pharmacological intervention study for the prevention of ischaemic heart disease, conducted on 6,784 randomly ascertained participants aged 30 to 60 years at the Research Centre for Prevention and Health in Glostrup, Denmark [45] (ClinicalTrials.gov: NCT00289237).	PMID:23754956	participants examined at baseline (intervention groups), 1999-2001								
COHO:0000512	owl:NamedIndividual	iPSYCH case-cohort study	141265	The newly updated cohort, named iPSYCH2015, expands the study base with 56,233 samples, to a combined total of 141,265 samples.	https://www.ebi.ac.uk/europepmc/webservices/rest/search?query=EXT_ID:PPR247289%20AND%20SRC:PPR&resultType=core&format=json	samples in iPSYCH2015 (cases plus population-based cohort)	93608	The newly updated cohort, named iPSYCH2015, expands the study base with 56,233 samples, to a combined total of 141,265 samples.	https://www.ebi.ac.uk/europepmc/webservices/rest/search?query=EXT_ID:PPR247289%20AND%20SRC:PPR&resultType=core&format=json	samples in iPSYCH2015 (cases plus population-based cohort)	50615	The newly updated cohort, named iPSYCH2015, expands the study base with 56,233 samples, to a combined total of 141,265 samples.	https://www.ebi.ac.uk/europepmc/webservices/rest/search?query=EXT_ID:PPR247289%20AND%20SRC:PPR&resultType=core&format=json	samples in iPSYCH2015 (cases plus population-based cohort)
COHO:0000513	owl:NamedIndividual	Long Life Family Study	4953	LLFS successfully enrolled and extensively phenotyped 4,953 individuals from 539 two-generational families that demonstrated clustering for exception longevity in the upper generation (ie, with a sibship FLoSS > 7) from 3 US field sites (Boston University, Boston, MA; Columbia University, New York, NY; and University of Pittsburgh, Pittsburgh, PA) and one field site in Denmark (University of Southern Denmark, Odense, Denmark; Table 1).	PMID:34739053	individuals enrolled at Visit 1 from 539 families (2006-2009)								
COHO:0000514	owl:NamedIndividual	Genetic Epidemiology of COPD	10198	COPDGene enrolled 10,198 former and current smokers aged 45–80 years with a history of ≥10 pack-year smoking with and without COPD from initiation in P1 from 21 clinical centers across the United States (Figure 1) [4].	PMID:37241208	current and former smokers enrolled in Phase 1 (2008-2011)								
COHO:0000515	owl:NamedIndividual	Genetic and phenotypic determinants of blood pressure and other cardiovascular risk factors	2170	Briefly, the cohort is composed of a representative population of 2170 healthy adults aged 25–41 with residence in the Principality of Liechtenstein.	https://www.ebi.ac.uk/europepmc/webservices/rest/PMC6085127/fullTextXML	healthy adults enrolled at baseline (2010-2013)								
COHO:0000516	owl:NamedIndividual	Women's Genome Health Study	23294	Analysis was performed in the Women's Genome Health Study (WGHS), including 23,294 women of European ancestry who were cancer-free at baseline and followed for 20 years for incident cancer.	PMID:29315215	genotyped women of European ancestry (analysed GWAS sample)								
COHO:0000517	owl:NamedIndividual	Cameron County Hispanic Cohort	2000	From 2004 through 2007, we recruited 2,000 participants to the CCHC who are residents of Brownsville, Texas, which has 8 international crossing points to Matamoros, Mexico.	PMID:20394692	participants recruited 2004-2007								
COHO:0000518	owl:NamedIndividual	Alzheimer's Disease Genetics Consortium	56000	To identify novel loci and explore differences in genetic association across these groups, the Alzheimer’s Disease Genetics Consortium (ADGC) initiated the first large-scale multi-ancestry GWAS meta-analysis with direct genotyping and either clinical evaluation of or pathological confirmation of AD status on over 56,000 individuals across four genetic similarity groups (GSGs) with diverse ancestral genetic backgrounds, including 6728 AFA, 8899 HIS, 3232 EAS, and 37,382 NHW participants.	PMID:40676597	individuals (stated as 'over 56,000') in the 2025 ADGC multi-ancestry GWAS meta-analysis	24388	To identify novel loci and explore differences in genetic association across these groups, the Alzheimer’s Disease Genetics Consortium (ADGC) initiated the first large-scale multi-ancestry GWAS meta-analysis with direct genotyping and either clinical evaluation of or pathological confirmation of AD status on over 56,000 individuals across four genetic similarity groups (GSGs) with diverse ancestral genetic backgrounds, including 6728 AFA, 8899 HIS, 3232 EAS, and 37,382 NHW participants.	PMID:40676597	individuals (stated as 'over 56,000') in the 2025 ADGC multi-ancestry GWAS meta-analysis	31853	To identify novel loci and explore differences in genetic association across these groups, the Alzheimer’s Disease Genetics Consortium (ADGC) initiated the first large-scale multi-ancestry GWAS meta-analysis with direct genotyping and either clinical evaluation of or pathological confirmation of AD status on over 56,000 individuals across four genetic similarity groups (GSGs) with diverse ancestral genetic backgrounds, including 6728 AFA, 8899 HIS, 3232 EAS, and 37,382 NHW participants.	PMID:40676597	individuals (stated as 'over 56,000') in the 2025 ADGC multi-ancestry GWAS meta-analysis
COHO:0000519	owl:NamedIndividual	Consortium for the Analysis of the Diversity and Evolution of Latin America	7342	We estimated individual ancestry proportions in a sample of 7,342 subjects ascertained in five countries (Brazil, Chile, Colombia, México and Perú).	PMID:25254375	volunteers sampled in five Latin American countries (2014)								
COHO:0000520	owl:NamedIndividual	Mexico City Prospective Study	159755	Of the 159,755 participants recruited, 22,364 (14%) were excluded.	https://www.ebi.ac.uk/europepmc/webservices/rest/PMC7618473/fullTextXML	adults recruited 1998-2004								
COHO:0000521	owl:NamedIndividual	Airwave Health Monitoring Study	53245	Briefly, the study enrolled 53,245 participants between 2004 and 2015, and collected information on socio‐demographic, health, occupational and lifestyle factors via surveys and/or health screenings.	https://www.ebi.ac.uk/europepmc/webservices/rest/PMC12963709/fullTextXML	police officers and staff enrolled 2004-2015								
COHO:0000522	owl:NamedIndividual	Cohorte Lausannoise	6188	Single-center, cross-sectional study including a random sample of 6,188 extensively phenotyped Caucasian subjects (3,251 women and 2,937 men) aged 35 to 75 years living in Lausanne, and genotyped using the 500 K Affymetrix chip technology.	PMID:18366642	Caucasian adults aged 35-75 examined at baseline (2003-2006)								
COHO:0000523	owl:NamedIndividual	Melbourne Collaborative Cohort Study	41513	We used data from the Melbourne Collaborative Cohort Study (MCCS), a prospective study that recruited 41,513 middle-aged and older Australians (99 % aged between 40 and 69 years, 59 % females) of white European origin between 1990 and 1994 (baseline) (Milne et al., 2017).	https://www.ebi.ac.uk/europepmc/webservices/rest/PMC12490524/fullTextXML	adults recruited at baseline 1990-1994								
COHO:0000524	owl:NamedIndividual	TRacking Adolescents' Individual Lives Survey	2230	TRAILS consists of a population cohort (N=2230) and a clinical cohort (N=543), both of which were followed from about age 11 years onwards.	PMID:25431468	children in the population cohort at wave 1 (clinical cohort of 543 in addition), 2001								
COHO:0000525	owl:NamedIndividual	ADDITION-PRO Study	2082	All individuals with impaired glucose regulation at screening, those who developed diabetes following screening, and a random sub-sample of those at lower levels of diabetes risk were invited to attend a follow-up health assessment in 2009–2011 (n = 4,188), of whom 2,082 (50%) attended.	PMID:23241242	participants attending the 2009-2011 health assessment								
COHO:0000526	owl:NamedIndividual	Finnish Cardiovascular Study	4178	A study population of 4178 patients (2537 men and 1641 women) was recruited.	https://www.ebi.ac.uk/europepmc/webservices/rest/PMC6330693/fullTextXML	patients recruited for exercise testing, October 2001 - December 2008 (2001-2008)								
COHO:0000527	owl:NamedIndividual	Health Professionals Follow-up Study	51529	The HPFS began in 1986 and enrolled 51,529 male health professionals, aged 40 to 75 years [18].	https://www.ebi.ac.uk/europepmc/webservices/rest/PMC10173489/fullTextXML	male health professionals enrolled in 1986								
COHO:0000528	owl:NamedIndividual	ARGO study	1500	More than 1,500 patients with severe OA, undergoing hip and/or knee total joint replacement were recruited from the cities of Athens and Larissa.	PMID:34450027	severe-OA patients undergoing joint replacement, Athens and Larissa (stated as more than 1,500; controls not included), 2017								
COHO:0000530	owl:NamedIndividual	Ansan and Ansung Study	10030	Out of the 10 030 baseline participants, 633 cumulative deaths were recorded between baseline and the 5th follow-up (2001 to 2012), and the 6th follow-up was conducted in 5906 participants (out of 9397 survivor; Figure 1, and Supplementary Figure 1, available as Supplementary data at IJE online).	PMID:27085081	baseline participants recruited 2001-2002								
COHO:0000531	owl:NamedIndividual	Nagahama Prospective Cohort for Comprehensive Human Bioscience	9809	A total of 9,809 residents voluntarily participated in the study.	PMID:26444713	residents aged 30-74 who participated at baseline (2008-2010)								
COHO:0000532	owl:NamedIndividual	Chronic Kidney Disease Genetics Consortium	765348	We performed 121 GWAS encompassing 765,348 individuals of European (n = 567,460), East Asian (n = 165,726), African-American (n = 13,842), South Asian (n = 13,359) and Hispanic (n = 4,961) ancestry (median age, 54 years; 50% female; Supplementary Table 1).	PMID:31152163	individuals in 121 GWAS of the 2019 trans-ancestry eGFR discovery meta-analysis								
COHO:0000533	owl:NamedIndividual	Tohoku Medical Megabank Project	157000	More than 157 000 individuals voluntarily participated in the TMM study by March 2016, and approximately 33 000 individuals received detailed physiological examinations, including ophthalmic examination.	PMID:36246171	individuals who participated in the TMM cohort studies (stated as more than 157 000), 2016								
COHO:0000534	owl:NamedIndividual	Fred Hutchinson Prostate Cancer Study					1754		https://www.ncbi.nlm.nih.gov/research/bionlp/RESTful/pmcoa.cgi/BioC_json/PMC2707085/unicode	interviewed cases and controls of Study I (1993-1996) and Study II (2002-2005); no stated total	1645		https://www.ncbi.nlm.nih.gov/research/bionlp/RESTful/pmcoa.cgi/BioC_json/PMC2707085/unicode	interviewed cases and controls of Study I (1993-1996) and Study II (2002-2005); no stated total
COHO:0000535	owl:NamedIndividual	Whole Genome Association Analysis of Hematopoietic Cell Transplant (HCT) Outcomes	9088	Total number of consented subjects: 9088	https://www.ncbi.nlm.nih.gov/projects/gap/cgi-bin/study.cgi?study_id=phs001918.v1.p1	consented subjects in dbGaP phs001918.v1 (transplant recipients and their donors)								
COHO:0000536	owl:NamedIndividual	Meta-Analyses of Glucose and Insulin-related traits Consortium	281416	Here we aggregated genome-wide association studies comprising up to 281,416 individuals without diabetes (30% non-European ancestry) for whom fasting glucose, 2-h glucose after an oral glucose challenge, glycated hemoglobin and fasting insulin data were available.	PMID:34059833	individuals without diabetes in the 2021 trans-ancestry glycaemic-trait GWAS meta-analysis (up to)								
COHO:0000537	owl:NamedIndividual	Molecular Genetics of Adverse Drug Reactions in Childhood Study	248	Therefore, a genome-wide association study was performed in the Genetics of Childhood Cancer Treatment (GO-CAT) cohort (n = 261) and the United Kingdom Molecular Genetics of Adverse Drug Reactions in Children Study (United Kingdom MAGIC) cohort (n = 248).	PMID:36699085	platinum-treated children of the MAGIC cisplatin cohort in the GWAS (a subset of the whole study), 2018								
COHO:0000538	owl:NamedIndividual	Raine Study	2900	A total of 2900 women (‘Generation 1’) were enrolled into the study.	PMID:28064197	pregnant women enrolled 1989-1991 (Generation 1); their 2868 live-born offspring are the index participants								
COHO:0000539	owl:NamedIndividual	Prospective Study of Pravastatin in the Elderly at Risk	5804	We did a randomised controlled trial in which we assigned 5804 men (n=2804) and women (n=3000) aged 70-82 years with a history of, or risk factors for, vascular disease to pravastatin (40 mg per day; n=2891) or placebo (n=2913).	PMID:12457784	men and women aged 70-82 randomised to pravastatin or placebo								
COHO:0000540	owl:NamedIndividual	Genetic Epidemiology Network of Salt Sensitivity	3153	Overall, 3,153 study participants from 658 families were enrolled in the study (Table 3).	PMID:17443206	participants from 658 families recruited (2003-2005)								
COHO:0000541	owl:NamedIndividual	Kaiser Permanente Research Bank	396000	Approximately 396,000 KP members have consented to join the KPRB as of July 2021, and biospecimens have been collected on approximately 371,000 adults (94% of those consented).	PMID:35216576	KP members consented to join (approximately 396,000), 2021								
COHO:0000543	owl:NamedIndividual	Relationship between Insulin Sensitivity and Cardiovascular disease	1538	A total of 1,538 men and women participated in the RISC cohort.	https://www.ebi.ac.uk/europepmc/webservices/rest/PMC2699728/fullTextXML	men and women who participated at baseline (2002-2005)								
COHO:0000544	owl:NamedIndividual	Rotterdam Study I	7983	The first cohort (RS-I) started in 1990 and included 7,983 inhabitants, aged ≥55 years from Ommoord, a suburb of Rotterdam in the Netherlands.	PMID:33717105	inhabitants of Ommoord aged 55 and over included at the start in 1990								
COHO:0000545	owl:NamedIndividual	Adolescent Brain Cognitive Development Study	11878	Out of the 11,878 participants in the study 127 (1.1%) withdrew.	https://www.ebi.ac.uk/europepmc/webservices/rest/PMC8844713/fullTextXML	children aged 9-10 enrolled at baseline (2016-2018)								
COHO:0000546	owl:NamedIndividual	Study to Understand the Genetics of the Acute Response to Metformin and Glipizide in Humans	1000	SUGAR-MGH is a pharmacogenetic study in which 1000 individuals who were naive to type 2 diabetes medications received a single-dose glipizide challenge and a short course of metformin.	https://www.ncbi.nlm.nih.gov/research/bionlp/RESTful/pmcoa.cgi/BioC_xml/PMC10790310/unicode	individuals naive to diabetes medication who received the glipizide and metformin challenges								
COHO:0000547	owl:NamedIndividual	Colon Cancer Family Registry	42489	The 42 489 study participants from 15 049 families were recruited between 1998 and 2012 in the USA, Canada, Australia and New Zealand.	https://europepmc.org/api/getPdf?pmcid=PMC5913593	participants (cases, relatives and controls) from 15,049 families recruited 1998-2012								
COHO:0000548	owl:NamedIndividual	DIAbetes COhoRtE	3000	We thus established the DIAbetes COhoRtE study (DIACORE) [21], a cohort study of 3000 patients with DM2.	https://www.ebi.ac.uk/europepmc/webservices/rest/PMC6428304/fullTextXML	adult type 2 diabetes outpatients recruited at baseline (2010-2014)								
COHO:0000549	owl:NamedIndividual	Osteoporotic Fractures in Men Study	5995	5995 men enrolled with a mean (+/-SD) age of 73.7 (+/-5.9) years, 11% of which were minorities.	PMID:16084776	men aged 65 or older enrolled at baseline (2000-2002)								
COHO:0000550	owl:NamedIndividual	Prevention of Renal and Vascular End-stage Disease study	8592	PREVEND is a population-based cohort with 8592 participants enrolled between 1997 and 1998.	https://www.ebi.ac.uk/europepmc/webservices/rest/PMC12902255/fullTextXML	participants enrolled at baseline (1997-1998)								
COHO:0000551	owl:NamedIndividual	European Alzheimer & Dementia Biobank	487511	Colocalization between the EGFR eQTL signal (MayoRNAseq TCX, n = 259 individuals) and the EADB GWAS stage I (n = 487,511) signal (eQTL coloc PP4 = 98.3%)	https://www.ebi.ac.uk/europepmc/webservices/rest/PMC9005347/fullTextXML	cases, proxy cases and controls in the 2022 EADB stage I GWAS meta-analysis								
COHO:0000552	owl:NamedIndividual	INTERSTROKE Study	26950	With the sample size to 26,950 participants from 32 countries, we reported the association of stroke subtypes with active and environmental tobacco smoking in men and women, young and old, with regions of world and by level of income in countries.	https://www.ebi.ac.uk/europepmc/webservices/rest/PMC10955659/fullTextXML	first acute stroke cases and matched controls recruited 2007-2015	13462	With the sample size to 26,950 participants from 32 countries, we reported the association of stroke subtypes with active and environmental tobacco smoking in men and women, young and old, with regions of world and by level of income in countries.	https://www.ebi.ac.uk/europepmc/webservices/rest/PMC10955659/fullTextXML	first acute stroke cases and matched controls recruited 2007-2015	13488	With the sample size to 26,950 participants from 32 countries, we reported the association of stroke subtypes with active and environmental tobacco smoking in men and women, young and old, with regions of world and by level of income in countries.	https://www.ebi.ac.uk/europepmc/webservices/rest/PMC10955659/fullTextXML	first acute stroke cases and matched controls recruited 2007-2015
COHO:0000553	owl:NamedIndividual	Shanghai Women's Health Study	74942	From 1996 to 2000, the Shanghai Women's Health Study recruited 74,942 adult Chinese women from selected urban communities, with a 92% response rate.	PMID:16236996	women aged 40-70 recruited 1996-2000								
COHO:0000554	owl:NamedIndividual	Montreal Heart Institute Biobank phase2	3397	We generated the MHI Biobank phase 2 data set by genotyping 3397 participants on the Illumina MEGA array.	https://www.ebi.ac.uk/europepmc/webservices/rest/PMC6201388/fullTextXML	MHI Biobank participants genotyped on the Illumina MEGA array (phase 2 data set), 2018	2534	We generated the MHI Biobank phase 2 data set by genotyping 3397 participants on the Illumina MEGA array.	https://www.ebi.ac.uk/europepmc/webservices/rest/PMC6201388/fullTextXML	MHI Biobank participants genotyped on the Illumina MEGA array (phase 2 data set), 2018	863	We generated the MHI Biobank phase 2 data set by genotyping 3397 participants on the Illumina MEGA array.	https://www.ebi.ac.uk/europepmc/webservices/rest/PMC6201388/fullTextXML	MHI Biobank participants genotyped on the Illumina MEGA array (phase 2 data set), 2018
COHO:0000555	owl:NamedIndividual	Montreal Heart Institute Biobank phase1	1970	Specifically, we sequenced at ~5.6× coverage the whole genome of 1970 French Canadians recruited by the Montreal Heart Institute Biobank and identified 29 million bi-allelic variants (31 % novel), including 19 million variants with a minor allele frequency (MAF) <0.5 %.	PMID:27376640	French Canadians of the MHI Biobank whose whole genomes were sequenced at low depth (phase 1 data set), 2016								
COHO:0000556	owl:NamedIndividual	Darmkrebs: Chancen der Verhütung durch Screening					6264	Smoking history and other known or suspected CRC risk factors were ascertained in detail in personal interviews among 6264 CRC patients and 6866 controls (frequency matched for age, sex, and county of residence) who were recruited in 2003-2020 in the DACHS study (Darmkrebs: Chancen der Verhütung durch Screening [German]; Colorectal Cancer: Chances for Prevention Through Screening [English]), a population-based case-control study from Germany.	https://www.ebi.ac.uk/europepmc/webservices/rest/PMC9940696/fullTextXML	colorectal cancer patients and frequency-matched controls interviewed, recruited 2003-2020	6866	Smoking history and other known or suspected CRC risk factors were ascertained in detail in personal interviews among 6264 CRC patients and 6866 controls (frequency matched for age, sex, and county of residence) who were recruited in 2003-2020 in the DACHS study (Darmkrebs: Chancen der Verhütung durch Screening [German]; Colorectal Cancer: Chances for Prevention Through Screening [English]), a population-based case-control study from Germany.	https://www.ebi.ac.uk/europepmc/webservices/rest/PMC9940696/fullTextXML	colorectal cancer patients and frequency-matched controls interviewed, recruited 2003-2020
COHO:0000558	owl:NamedIndividual	Genetic Investigation of ANthropometric Traits consortium	5380080	We performed genetic analysis of up to 5,380,080 individuals from 281 studies from the GIANT consortium and 23andMe.	https://www.ebi.ac.uk/europepmc/webservices/rest/PMC9605867/fullTextXML	individuals in the 2022 GIANT height GWAS meta-analysis (281 studies, GIANT and 23andMe)								
COHO:0000559	owl:NamedIndividual	Hong Kong Degenerative Disc Disease Population Cohort	2943	A cross-sectional study was conducted consisting of 2,943 volunteers of Southern Chinese origin (mean age: 41.1 years; range: 15-55 years; 59.6% women).	PMID:27157501	volunteers of Southern Chinese origin aged 15-55 with lumbar MRI								
COHO:0000560	owl:NamedIndividual	International Lung Cancer Consortium	36000	In this study, we analyzed OncoArray genotypic data of 36,000 subjects of European descent in ILCCO; among them, 17,037 provided individual epidemiological data and were of European descent.	https://www.ebi.ac.uk/europepmc/webservices/rest/PMC5619832/fullTextXML	European-descent subjects genotyped in the ILCCO OncoArray project (2017)								
COHO:0000561	owl:NamedIndividual	Alzheimer's Disease Sequencing Project	57302	Population breakdown for 57,302 unique subjects: 6,875 African Ancestry, 5,523 Asian, 15,390 Hispanic/Latino, 29,107 Non-Hispanic White, and 307 Other/Unknown.	https://adsp.niagads.org/data/data-summary/	unique subjects with whole genomes in ADSP release 5 (58,507 genomes, 57 cohorts), 2024								
COHO:0000562	owl:NamedIndividual	Cebu Longitudinal Health and Nutrition Survey	3080	Singletons born in a one-year (1983−84) period (n = 3080) form the cohort of index children followed to age 35 years, with surveys every 2 months for the first 2 years, and follow-up surveys in 1991, 1994, 1998, 2002, 2005, 2009 and 2018.	https://www.ebi.ac.uk/europepmc/webservices/rest/PMC8222184/fullTextXML	index children: singletons born 1983-1984 (mothers counted separately)								
COHO:0000563	owl:NamedIndividual	HerediGene Population Study	174595	As of March 20, 2023, 174,595 participants have enrolled in the study (from all 50 US states) and 165,119 samples have been shipped to deCODE or to IPG for analysis.	https://europepmc.org/api/getPdf?pmcid=PMC10785925	participants enrolled as of 20 March 2023 (enrolment ongoing, target up to 500,000)								
COHO:0000565	owl:NamedIndividual	Intermountain Heart Collaborative Study	19000	The INSPIRE biobank registry began in 1993 (19) and had a total of 19,000 unique subjects enrolled from 1994 to 2012.	https://www.ebi.ac.uk/europepmc/webservices/rest/PMC10482040/fullTextXML	unique subjects enrolled in the registry 1994-2012 (catheterisation patients)								
COHO:0000566	owl:NamedIndividual	Johnston County Osteoarthritis Project	3187	Civilian, non-institutionalized residents aged 45+ years from six townships in Johnston County were enrolled between 1991 and 1998 (n = 3187, Original Cohort), and additional residents were enrolled from 2003 to 2004 (n = 1015, Enrichment Cohort).	https://www.ebi.ac.uk/europepmc/webservices/rest/PMC9387345/fullTextXML	original cohort enrolled 1991-1998 only; the 2003-2004 enrichment cohort (n = 1015) is additional								
COHO:0000567	owl:NamedIndividual	London Life Sciences Prospective Population Study	28000	The London Life Sciences Prospective Population Study (LOLIPOP) is a prospective cohort study of ~ 28000 Indian Asian and European men and women, recruited from the lists of 58 General Practitioners in West London, UK, between 2003 and 2008.	https://www.ebi.ac.uk/europepmc/webservices/rest/PMC7789600/fullTextXML	Indian Asian and European men and women recruited 2003-2008 (approximate)								
COHO:0000568	owl:NamedIndividual	Asian Skin Traits and Genetics Research	2762	In this study, we established the ASTAGR (Asian Skin Traits and Genetics Research) cohort, comprising 2762 female participants from 4 Asian countries (Korea, Vietnam, Thailand, and Indonesia).	PMID:40010489	women from Korea, Vietnam, Thailand and Indonesia								
COHO:0000569	owl:NamedIndividual	Diet, Activity and Lifestyle Study					1993	Of the cases who were asked to participate in the study, 76% (n = 1,993) cooperated, of whom 83% (n = 1,676) provided a blood sample for DNA extraction. Controls in DALS were frequency matched to cases by 5-year age groups and sex. Controls from KPMCP were randomly selected from membership lists. In Utah, controls who were under 65 years of age were randomly selected from lists generated using random-digit dialing and driver license lists, and those 65 years of age and older were randomly selected from Health Care Financing Administration lists. In Minnesota, control participants were identified from drivers license or state identification lists. Of the controls asked to participate, 64% (n = 2,410) cooperated, of whom 85% (n = 2,004) provided a blood sample for DNA extraction.	https://www.ebi.ac.uk/europepmc/webservices/rest/PMC3017062/fullTextXML	colon cancer cases and controls who took part (1991-1994 colon study)	2410	Of the cases who were asked to participate in the study, 76% (n = 1,993) cooperated, of whom 83% (n = 1,676) provided a blood sample for DNA extraction. Controls in DALS were frequency matched to cases by 5-year age groups and sex. Controls from KPMCP were randomly selected from membership lists. In Utah, controls who were under 65 years of age were randomly selected from lists generated using random-digit dialing and driver license lists, and those 65 years of age and older were randomly selected from Health Care Financing Administration lists. In Minnesota, control participants were identified from drivers license or state identification lists. Of the controls asked to participate, 64% (n = 2,410) cooperated, of whom 85% (n = 2,004) provided a blood sample for DNA extraction.	https://www.ebi.ac.uk/europepmc/webservices/rest/PMC3017062/fullTextXML	colon cancer cases and controls who took part (1991-1994 colon study)
COHO:0000570	owl:NamedIndividual	Invecchiare in Chianti	1453	In brief, a total of 1453 participants spanning various age groups were recruited at baseline in 1998–2000 via two-stage sampling methods and then followed longitudinally.	PMID:40981293	participants recruited at baseline, aged 20-102 (1998-2000)								
COHO:0000571	owl:NamedIndividual	Japan Multi-Institutional Collaborative Cohort Study	92610	After excluding 8,294 respondents under 35 or over 70 years of age and 578 who withdrew consent or became ineligible, the remaining 92,610 participants (40,880 men and 51,730 women with an average age of 55.2 [standard deviation, 9.4] years) in the baseline survey were included in the present analysis (the dataset was fixed on February 2, 2020).	PMID:32963210	adults aged 35-69 in the baseline survey (2005-2014)								
COHO:0000572	owl:NamedIndividual	Nijmegen Bladder Cancer Study					1809	This study included 1809 UBC patients (81% male) and 4370 controls (45% male).	PMID:25429525	analysed subset: Caucasian bladder cancer patients and Nijmegen Biomedical Study controls	4370	This study included 1809 UBC patients (81% male) and 4370 controls (45% male).	PMID:25429525	analysed subset: Caucasian bladder cancer patients and Nijmegen Biomedical Study controls
COHO:0000574	owl:NamedIndividual	QSkin Sun and Health Study	43794	The QSkin Sun and Health Study comprises a cohort of 43 794 men and women aged 40-69 years randomly sampled from the population of Queensland, Australia in 2011.	PMID:22933644	men and women aged 40-69 sampled in 2011								
COHO:0000575	owl:NamedIndividual	RIKEN Study					906	We examined 906 individuals with knee OA and 3,396 control individuals (Table 1) using Illumina HumanHap550v3 Genotyping BeadChip.	PMID:20305777	knee osteoarthritis cases and controls genotyped in the GWAS	3396	We examined 906 individuals with knee OA and 3,396 control individuals (Table 1) using Illumina HumanHap550v3 Genotyping BeadChip.	PMID:20305777	knee osteoarthritis cases and controls genotyped in the GWAS
COHO:0000576	owl:NamedIndividual	RIKEN cohort	219	For the RIKEN cohort, a total of 219 mRCC patients treated with sunitinib were recruited from 15 Japanese medical institutes.	PMID:35740506	sunitinib-treated metastatic renal cell carcinoma patients recruited								
COHO:0000577	owl:NamedIndividual	Swedish Mammography Cohort	66651	Ultimately, 66,651 women participated in SMC in 1987–1990 (74% response rate).	https://www.ebi.ac.uk/europepmc/webservices/rest/PMC11663681/fullTextXML	women who took part at the 1987-1990 baseline								
COHO:0000578	owl:NamedIndividual	Shanghai Men's Health Study	61480	By June 2006, 83033 potential eligible men had been approached for the study; 61480 were enrolled, an overall response rate of 74.0%.	https://europepmc.org/api/getPdf?pmcid=PMC4521127	men aged 40-74 enrolled 2002-2006								
COHO:0000579	owl:NamedIndividual	VITamins And Lifestyle Study	77719	Of these, 77 719 questionnaires passed quality control checks in the VITAL study.	https://www.ebi.ac.uk/europepmc/webservices/rest/PMC4705892/fullTextXML	baseline questionnaires passing quality control, 2000-2002								
COHO:0000581	owl:NamedIndividual	European Medical Information Framework for Alzheimer's Disease Multimodal Biomarker Discovery study	1221	In total, 1221 subjects were included in the study, with a mean age of 67.9 (SD 8.3) years.	PMID:29980228	people with normal cognition, MCI or AD-type dementia pooled from 11 cohorts								
COHO:0000582	owl:NamedIndividual	NHLBI Family Heart Study	5710	In short, a total of 5710 subjects participated in baseline clinical examinations from 1993 to 1995.	https://www.ebi.ac.uk/europepmc/webservices/rest/PMC8224703/fullTextXML	family members examined at baseline (1993-1995)								
COHO:0000583	owl:NamedIndividual	Hyperglycemia and Adverse Pregnancy Outcome Study	25505	Of the eligible women across 15 centers in nine countries, 28,562 agreed to participate, 25,505 of whom completed the OGTT, leaving 23,316 available for analysis following further filtering [ 19 ].	https://www.ebi.ac.uk/europepmc/webservices/rest/PMC12590762/fullTextXML	pregnant women who completed the 75 g OGTT, 2000-2006								
COHO:0000584	owl:NamedIndividual	Catheterization Genetics	9334	The Institutional Review Board for an academic medical center in the southeastern U.S. approved the primary CATHGEN cohort biorepository (N = 9334) [19], the GWAS substudy of the first 2203 participants >18 years of age enrolled in CATHGEN [20], [21], and the present sex-stratified GWAS screen (N = 684).	https://www.ebi.ac.uk/europepmc/webservices/rest/PMC9365120/fullTextXML	patients in the CATHGEN biorepository								
COHO:0000585	owl:NamedIndividual	Colorectal Cancer Genetics & Genomics	1801	This study population consisted of 3619 participants from 2 observational studies for whom genetic data were available: Colorectal Cancer Genetics & Genomics (CRCGEN; n = 1801) and Colorectal Cancer Screening (COLSCREEN; n = 1818).	https://www.ebi.ac.uk/europepmc/webservices/rest/PMC8574048/fullTextXML	CRCGEN cases and controls with genetic data (both component case-control studies), 1996-2015								
COHO:0000586	owl:NamedIndividual	Italian Network of Genetic Isolates - Carlantino	1000		https://www.ebi.ac.uk/europepmc/webservices/rest/PMC9436946/supplementaryFiles	people from Carlantino (approximate), 1998-2005								
COHO:0000587	owl:NamedIndividual	EPIC-InterAct Study					12403	A total of 12,403 verified incident cases of type 2 diabetes occurred during 3.99 million person-years of follow-up of 340,234 EPIC participants eligible for InterAct. We defined a centre-stratified subcohort of 16,154 individuals for comparative analyses.	PMID:21717116	case-cohort: verified incident type 2 diabetes cases and a random subcohort (1991-2007)				
COHO:0000588	owl:NamedIndividual	Leipzig Adults	1005	Leipzig Adults Leipzig adults Population- based 1005 ≥95% 1) ethnic outliers 2) gender discordance 1,005 measured	https://media.springernature.com/original/springer-static/esm/art%3A10.1038%2Fng.3097/MediaObjects/41588_2014_BFng3097_MOESM4_ESM.pdf	Metabochip-genotyped adults passing QC in a height GWAS supplement (analysed subset)								
COHO:0000589	owl:NamedIndividual	Swiss Study on Air Pollution and Lung Diseases in Adults	9651	The pattern of participation and the 9651 participants of the study, representing 59.3% of the sample, are described.	PMID:9151378	adults examined at baseline in 1991 (SAPALDIA 1)								
COHO:0000590	owl:NamedIndividual	Bunkyo Health Study	1629	The Bunkyo Health Study registry initially enrolled 1629 individuals.	PMID:39346030	older adults enrolled in the registry (2015-2018)								
COHO:0000592	owl:NamedIndividual	Fangchenggang Area Male Health and Examination Survey	4303	A comprehensive demographic and health survey was conducted among a consecutive series of 4303 men participating in the routine physical examination at the Medical Centre in Fangchenggang First People’s Hospital from September 2009 to December 2009.	PMID:22737230	men surveyed at routine physical examination, Sept-Dec 2009								
COHO:0000593	owl:NamedIndividual	Italian Network of Genetic Isolates - Friuli Venezia Giulia	1700	The INGI-FVG cohort consisted of about 1700 subjects drawn from the project “Genetic Park of Friuli Venezia Giulia”.	https://static-content.springer.com/esm/art%3A10.1038%2Fs41467-022-32821-z/MediaObjects/41467_2022_32821_MOESM1_ESM.pdf	subjects from the Genetic Park of Friuli Venezia Giulia project (approximate)								
COHO:0000594	owl:NamedIndividual	Osteoarthritis Initiative	4796	The OAI cohort of 4,796 participants is 58% female and ranged in age from 45-79 at time of recruitment.	https://www.niams.nih.gov/grants-funding/funded-research/osteoarthritis-initiative	men and women aged 45-79 recruited 2004-2006								
COHO:0000596	owl:NamedIndividual	Leeds Colorectal Cancer Study					1910	Overall, the UK-CCSG dataset consisted of 1910 cases and 1275 controls and the NIH-CCFR dataset consisted of 1415 cases and 986 controls.	https://www.ebi.ac.uk/europepmc/webservices/rest/PMC5806861/fullTextXML	cases and controls in the UK-CCSG dataset, recruitment 1997-2013	1275	Overall, the UK-CCSG dataset consisted of 1910 cases and 1275 controls and the NIH-CCFR dataset consisted of 1415 cases and 986 controls.	https://www.ebi.ac.uk/europepmc/webservices/rest/PMC5806861/fullTextXML	cases and controls in the UK-CCSG dataset, recruitment 1997-2013
COHO:0000598	owl:NamedIndividual	Alpha-Tocopherol, Beta-Carotene Cancer Prevention Study	29133	Male Finnish smokers (N = 29,133) ages 50–69 years were assigned to receive either alpha-tocopherol (dl-α-tocopheryl-acetate, 50 mg/day), beta-carotene (20 mg/day), both vitamins, or placebo for 5–8 years (a median of 6.1 years).	https://www.ebi.ac.uk/europepmc/webservices/rest/PMC9992367/fullTextXML	male smokers aged 50-69 randomised 1985-1988								
COHO:0000599	owl:NamedIndividual	Growth and Obesity Chilean Cohort Study	1195	This is a longitudinal follow-up of 1195 individuals recruited in 2006 (aged 3.5 years old) at different childcare centers from the South East Area of Santiago, Chile.	PMID:34047840	children recruited in 2006 at about 3.5 years								
COHO:0000600	owl:NamedIndividual	Health Examinees Study	173357	KoGES_HEXA (n¼173357)	https://europepmc.org/api/getPdf?pmcid=PMC5837648	participants at baseline, 2004-2013								
COHO:0000601	owl:NamedIndividual	Newfoundland Colorectal Cancer Registry	730	In a 5-year period we examined every case of CRC diagnosed under the age of 75 years and obtained consent from 730 cases.	PMID:17039269	consenting colorectal cancer cases diagnosed under 75 in a 5-year period (1999-2003)								
COHO:0000602	owl:NamedIndividual	Toshiba cohort	11605	We recruited study participants from 11 605 employees who had already provided genetic samples to the company.	PMID:41100086	employees who had provided genetic samples to the company (by 2024)								
COHO:0000603	owl:NamedIndividual	Women's Health Initiative Memory Study	5740	"""cnt_subjects"":{""loaded"":5740"	https://www.ncbi.nlm.nih.gov/gap/sstr/api/v1/study/phs000675/summary	genotyped subjects released in dbGaP phs000675 (WHIMS+ GWAS)								
COHO:0000605	owl:NamedIndividual	Isle of Wight Whole Population Birth Cohort	1456	Parental consent was obtained from 1456 of the 1536 children for inclusion into a longitudinal study of asthma and allergic disease (Figure 1).	PMID:29547889	children enrolled with parental consent for the longitudinal study (born 1989-1990)								
COHO:0000606	owl:NamedIndividual	Starr County Health Studies	5230	Household screening of 5230 individuals aged 20 years and above followed by direct physical assessment of 1610 identified 23.7 % of men and 26.7 % of women with type 2 diabetes, 46.2 and 49.5 % of men and women, respectively with obesity and 32.1 and 32.4 % with hypertension.	https://www.ebi.ac.uk/europepmc/webservices/rest/PMC4897940/fullTextXML	individuals aged 20+ screened in the 2002-2006 household survey (one component of the programme)								
COHO:0000607	owl:NamedIndividual	International Multicentre ADHD Genetics project	1068	Behavioural data were collected from 1068 probands with the combined type of attention deficit/hyperactivity disorder (ADHD-CT) and 1446 'unselected' siblings.	PMID:21473745	probands with combined-type ADHD (IMAGE I), besides siblings and parents (2007)								
COHO:0000608	owl:NamedIndividual	Family Blood Pressure Program	13592	The FBPP pooled database (version 3) of 13,592 participants from 4 different networks represents one of the largest compilations of ethnically diverse data.	https://www.ebi.ac.uk/europepmc/webservices/rest/PMC1201342/fullTextXML	participants in the FBPP pooled database (version 3) from the 4 networks (2005)								
COHO:0000609	owl:NamedIndividual	Women's Health Study	39876	The Women’s Health Study (WHS) was a randomized, double-blind, clinical trial of low-dose aspirin and vitamin E in the primary prevention of CVD and cancer among 39,876 apparently healthy women age ≥45 years.	https://www.ebi.ac.uk/europepmc/webservices/rest/PMC1852917/fullTextXML	women randomised in the aspirin and vitamin E trial								
COHO:0000610	owl:NamedIndividual	Genetics and Epidemiology of Colorectal Cancer Consortium	130000	The GECCO coordinating center manages individual level genetic and epidemiological data of over 130,000 participants from 70 studies from North America, Australia, Asia, and Europe.	https://www.fredhutch.org/en/research/divisions/public-health-sciences-division/research/cancer-prevention/genetics-epidemiology-colorectal-cancer-consortium-gecco.html	participants with individual-level data managed by the coordinating center, from 70 studies (stated as over 130,000)								
COHO:0000611	owl:NamedIndividual	Prostate Cancer Association Group to Investigate Cancer-Associated Alterations in the Genome					79194	We performed a fixed-effects meta-analysis combining the summary statistics from our OncoArray analysis and seven previous PrCa GWAS or high-density SNP panels of European ancestry imputed to the 1KGP The final meta-analysis included 79,194 PrCa cases and 61,112 controls without a known diagnosis of PrCa (Fig. 1).	https://www.ncbi.nlm.nih.gov/research/bionlp/RESTful/pmcoa.cgi/BioC_xml/PMC6568012/unicode	prostate cancer cases and controls of European ancestry in the 2018 OncoArray GWAS meta-analysis	61112	We performed a fixed-effects meta-analysis combining the summary statistics from our OncoArray analysis and seven previous PrCa GWAS or high-density SNP panels of European ancestry imputed to the 1KGP The final meta-analysis included 79,194 PrCa cases and 61,112 controls without a known diagnosis of PrCa (Fig. 1).	https://www.ncbi.nlm.nih.gov/research/bionlp/RESTful/pmcoa.cgi/BioC_xml/PMC6568012/unicode	prostate cancer cases and controls of European ancestry in the 2018 OncoArray GWAS meta-analysis
COHO:0000612	owl:NamedIndividual	Singapore Multi-Ethnic Cohort	14530	Results Among 14530 participants enrolled in the MEC study, 11101 individuals completed survey questionnaires and attended the health examination.	https://europepmc.org/api/getPdf?pmcid=PMC6530395	participants enrolled 2004-2010								
COHO:0000613	owl:NamedIndividual	ADDITION-Denmark	1615	Between 2001 and 2006, 1615 individuals were found with screen-detected diabetes in ADDITION-Denmark practices.	https://www.ebi.ac.uk/europepmc/webservices/rest/PMC7330202/fullTextXML	people with screen-detected type 2 diabetes in the trial, 2001-2006								
COHO:0000614	owl:NamedIndividual	Anglo-Danish-Dutch Study of Intensive Treatment in People with Screen Detected Diabetes in Primary Care	3057	Screening identified 3233 patients with type 2 diabetes, of whom 3057 agreed to take part (Denmark, n=1533; Cambridge, UK, n=867; Netherlands, n=498; and Leicester, UK, n=159).	https://www.ebi.ac.uk/europepmc/webservices/rest/PMC3136726/fullTextXML	screen-detected patients with type 2 diabetes who agreed to take part								
COHO:0000615	owl:NamedIndividual	Montreal Heart Institute Biobank	20000	a 26-year-old patient, has become the 20,000th participant in the Montreal Heart Institute Biobank.	https://www.longwoods.com/newsdetail/4960	participants recruited by February 2015 (the 20,000th participant milestone; recruitment ongoing, target 30,000)								
COHO:0000617	owl:NamedIndividual	Global Lipids Genetics Consortium	1654960	The Global Lipids Genetics Consortium aggregated GWAS results from 1,654,960 individuals from 201 primary studies representing five genetic ancestry groups: Admixed African or African (AdmAFR, N=99.4k, 6.0% of sample), East Asian (EAS, N=146.5k, 8.9%), European (EUR, N=1.32m, 79.8%), Hispanic (HIS, N=48.1k, 2.9%), and South Asian (SAS, N=41.0k, 2.5%) (Table 1, Supplementary Table 1, Supplementary Figure 1).	https://www.ncbi.nlm.nih.gov/research/bionlp/RESTful/pmcoa.cgi/BioC_xml/PMC8730582/unicode	individuals from 201 primary studies in the 2021 multi-ancestry lipid GWAS meta-analysis								
COHO:0000618	owl:NamedIndividual	Molecular Epidemiology of Colorectal Cancer Study	10364	DNA samples from 10,364 MECC participants (5,581 CRC cases and 4,783 controls) were genotyped using four platforms.	https://www.ebi.ac.uk/europepmc/webservices/rest/PMC11046907/fullTextXML	participants genotyped (colorectal cancer cases and controls); a subset of all enrolled	5581	DNA samples from 10,364 MECC participants (5,581 CRC cases and 4,783 controls) were genotyped using four platforms.	https://www.ebi.ac.uk/europepmc/webservices/rest/PMC11046907/fullTextXML	participants genotyped (colorectal cancer cases and controls); a subset of all enrolled	4783	DNA samples from 10,364 MECC participants (5,581 CRC cases and 4,783 controls) were genotyped using four platforms.	https://www.ebi.ac.uk/europepmc/webservices/rest/PMC11046907/fullTextXML	participants genotyped (colorectal cancer cases and controls); a subset of all enrolled
COHO:0000619	owl:NamedIndividual	Nurses' Health Study II	116429	Started in 1989, NHSII recruited 116,429 female registered nurses ages 25–42 from 14 states with large numbers of registered nurses.	https://www.ebi.ac.uk/europepmc/webservices/rest/PMC12225639/fullTextXML	female registered nurses aged 25-42 recruited in 1989								
COHO:0000621	owl:NamedIndividual	Southern Community Cohort Study	84735	From March 25, 2002, to September 24, 2009, 84,735 adults aged 40–79 y were enrolled from 12 southeastern states.	https://journals.plos.org/plosmedicine/article?id=10.1371/journal.pmed.1001830	adults aged 40-79 enrolled March 2002 to September 2009								
COHO:0000622	owl:NamedIndividual	Taiwan Precision Medicine Initiative	565390	Here we present the Taiwan Precision Medicine Initiative (TPMI), established by Academia Sinica in collaboration with 16 major medical centres around Taiwan, which has recruited 565,390 participants who consent to provide DNA samples for genetic profiling and grant access to their electronic medical records (EMRs) for research.	PMID:41092961	participants recruited who consented to DNA genotyping and EMR access								
COHO:0000623	owl:NamedIndividual	Baependi Heart Study	2239	Cross-sectional data have been collected for 2239 participants.	PMID:27797990	participants with cross-sectional data (1691 at 2005 baseline plus 548 added in 2010), 2016								
COHO:0000624	owl:NamedIndividual	Born in Guangzhou Cohort Study	17050	By April 2016, we had approached 22,569 eligible pregnancies, of which 17,214 (from 17,050 women) provided consent (participation rate 76.3%).	https://doi.org/10.1007/s10654-017-0239-x	pregnant women consenting (17,214 pregnancies) by April 2016; recruitment ongoing								
COHO:0000625	owl:NamedIndividual	Genetics, Osteoarthritis and Progression Study	384	In this cohort, 192 Caucasian sib-pairs (384 patients), aged 40 to 70 years were included.	https://www.ebi.ac.uk/europepmc/webservices/rest/PMC3198737/fullTextXML	patients in 192 Caucasian sibling pairs included at baseline								
COHO:0000626	owl:NamedIndividual	Physicians' Health Study	22071	PHS I was initiated in 1982 and was a randomized, double-blind, placebo-controlled trial of 22,071 US male physicians aged 40–84 years aimed at evaluating the impact of aspirin and beta-carotene on cardiovascular disease (CVD) and cancer outcomes, respectively [22].	https://www.ebi.ac.uk/europepmc/webservices/rest/PMC11171146/fullTextXML	US male physicians randomised in PHS I (1982) only; no combined PHS I and II total stated								
COHO:0000627	owl:NamedIndividual	Trinity Student Study	2508	Briefly, 2508 individuals were eligible to participate, gave written informed consent, and completed a questionnaire including parameters of age, sex, height, weight, dietary habits (meat eating, vegetarian, or vegan), micronutrient intake from supplements and fortified foods, usual alcohol intake, smoking status, and contraceptive use among female participants.	https://www.ebi.ac.uk/europepmc/webservices/rest/PMC9644178/fullTextXML	eligible young adults who consented and completed the questionnaire, 2003-2004								
COHO:0000628	owl:NamedIndividual	Yale-Penn study	11439	The discovery sample was derived from the Yale-Penn sample, a cohort of 11,439 participants (5758 AAs and 5681 EAs) recruited through treatment centers and advertisements for genetic studies of cocaine, opioid or alcohol dependence11.	https://www.ebi.ac.uk/europepmc/webservices/rest/PMC8257618/fullTextXML	participants recruited (5758 African American, 5681 European American)								
COHO:0000629	owl:NamedIndividual	Cardiovascular Disease Association Study	28338	KoGES_CAVAS (n = 28338)	https://pmc.ncbi.nlm.nih.gov/articles/PMC5837648/	participants enrolled at baseline, 2005-2011								
COHO:0000630	owl:NamedIndividual	China Health and Nutrition Survey	27447	By the last survey in 2011 the CHNS included at the primary sampling unit (province/autonomous city) 12 sample units and at the secondary sampling unit (community) 288 communities with 27,447 individuals from 5,884 households, including 60 urban neighborhoods, 60 suburban neighborhoods, 42 towns, and 126 villages.	https://pmc.ncbi.nlm.nih.gov/articles/PMC3869031/	individuals in the 2011 survey wave (5,884 households, 288 communities)								
COHO:0000631	owl:NamedIndividual	300-Obese	302	A total of 302 individuals with a body mass index greater than or equal to 27 kg/m2 participated.	https://www.ebi.ac.uk/europepmc/webservices/rest/PMC7320834/fullTextXML	overweight or obese adults enrolled (BMI 27 or more)								
COHO:0000632	owl:NamedIndividual	Anti-Amyloid Treatment in Asymptomatic Alzheimer's Disease Study	1169	A total of 1169 persons underwent randomization: 578 were assigned to the solanezumab group and 591 to the placebo group.	PMID:37458272	participants randomised (578 solanezumab, 591 placebo)								
COHO:0000633	owl:NamedIndividual	Child and Adolescent Twin Study in Sweden	32952	By May 2019, 16,476 parental interviews concerning 32,952 twins had been completed, with an overall response rate of 69%.	https://doi.org/10.1017/thg.2019.99	twins whose parents completed the age 9/12 interview (2019)								
COHO:0000634	owl:NamedIndividual	CLUE II	32894	At the baseline visit (1989 for CLUE II), brief medical histories, blood pressure readings, and blood samples were collected on 32,894 participants (25,076 of which were residents of Washington County).	https://www.ebi.ac.uk/europepmc/webservices/rest/PMC9970317/fullTextXML	participants at the 1989 baseline								
COHO:0000635	owl:NamedIndividual	Genetic Regulation of Arterial Pressure in Humans in the Community Study	2024	Of the 2024 individuals from 520 nuclear families recruited in GRAPHIC, individuals who were receiving anti-hypertensive medications (n=135) were excluded from the current analysis to avoid any confounding caused by modulation of diurnal variation in BP by drugs.	https://www.ebi.ac.uk/europepmc/webservices/rest/PMC5144126/fullTextXML	adults recruited from 520 nuclear families								
COHO:0000636	owl:NamedIndividual	Monongahela-Youghiogheny Healthy Aging Team	1982	MYHAT is an ongoing population‐based study that recruited 1982 individuals aged ≥ 65 from southwestern Pennsylvania by age‐stratified random sampling from electoral rolls.	https://www.ebi.ac.uk/europepmc/webservices/rest/PMC11880917/fullTextXML	adults aged 65 and over recruited								
COHO:0000637	owl:NamedIndividual	Utah residents (CEPH) with Northern and Western European ancestry	90	The specific samples examined are: (1) 90 individuals (30 parent–offspring trios) from the Yoruba in Ibadan, Nigeria (abbreviation YRI); (2) 90 individuals (30 trios) in Utah, USA, from the Centre d’Etude du Polymorphisme Humain collection (abbreviation CEU); (3) 45 Han Chinese in Beijing, China (abbreviation CHB); (4) 44 Japanese in Tokyo, Japan (abbreviation JPT).	https://pmc.ncbi.nlm.nih.gov/articles/PMC1880871/	individuals in 30 parent-offspring trios (HapMap Phase I), 2005								
COHO:0000638	owl:NamedIndividual	Yoruba in Ibadan, Nigeria	90	The specific samples examined are: (1) 90 individuals (30 parent–offspring trios) from the Yoruba in Ibadan, Nigeria (abbreviation YRI); (2) 90 individuals (30 trios) in Utah, USA, from the Centre d’Etude du Polymorphisme Humain collection (abbreviation CEU); (3) 45 Han Chinese in Beijing, China (abbreviation CHB); (4) 44 Japanese in Tokyo, Japan (abbreviation JPT).	https://pmc.ncbi.nlm.nih.gov/articles/PMC1880871/	individuals in 30 parent-offspring trios (HapMap Phase I), 2005								
COHO:0000639	owl:NamedIndividual	Copenhagen Prospective Study on Asthma in Childhood	411	The COPSAC2000 is a single-centre clinical, prospective, mother–child cohort study of 411 individuals born to mothers with asthma who were recruited during pregnancy from the Danish National Birth Cohort (DNBC).	https://www.ebi.ac.uk/europepmc/webservices/rest/PMC11367328/fullTextXML	children enrolled in the COPSAC2000 birth cohort								
COHO:0000640	owl:NamedIndividual	DemGene network	4553	We collected genotype data from the Norwegian DemGene network consisting of 2,893 cases and 1,660 healthy controls. A total of 4,553 Caucasian (1000 Genome population code: CEU) individuals were recruited and successfully genotyped.	https://www.ebi.ac.uk/europepmc/webservices/rest/PMC6308232/fullTextXML	cases (AD dementia and MCI) and healthy controls genotyped in the network's 2019 GWAS	2893	We collected genotype data from the Norwegian DemGene network consisting of 2,893 cases and 1,660 healthy controls. A total of 4,553 Caucasian (1000 Genome population code: CEU) individuals were recruited and successfully genotyped.	https://www.ebi.ac.uk/europepmc/webservices/rest/PMC6308232/fullTextXML	cases (AD dementia and MCI) and healthy controls genotyped in the network's 2019 GWAS	1660	We collected genotype data from the Norwegian DemGene network consisting of 2,893 cases and 1,660 healthy controls. A total of 4,553 Caucasian (1000 Genome population code: CEU) individuals were recruited and successfully genotyped.	https://www.ebi.ac.uk/europepmc/webservices/rest/PMC6308232/fullTextXML	cases (AD dementia and MCI) and healthy controls genotyped in the network's 2019 GWAS
COHO:0000641	owl:NamedIndividual	Diabetes Genetics Replication and Meta-analysis Consortium					12171	This genome-wide meta-analysis (“DIAGRAMv3”) includes data from 12,171 cases and 56,862 controls of European descent imputed up to 2.5 million autosomal SNPs, and augments the previously published “DIAGRAMv2” meta-analysis4 with four additional GWAS (Supplementary Table 1).	https://www.ebi.ac.uk/europepmc/webservices/rest/PMC3442244/fullTextXML	T2D cases and controls in the DIAGRAMv3 (Stage 1) GWAS meta-analysis, 12 GWAS (2012)	56862	This genome-wide meta-analysis (“DIAGRAMv3”) includes data from 12,171 cases and 56,862 controls of European descent imputed up to 2.5 million autosomal SNPs, and augments the previously published “DIAGRAMv2” meta-analysis4 with four additional GWAS (Supplementary Table 1).	https://www.ebi.ac.uk/europepmc/webservices/rest/PMC3442244/fullTextXML	T2D cases and controls in the DIAGRAMv3 (Stage 1) GWAS meta-analysis, 12 GWAS (2012)
COHO:0000642	owl:NamedIndividual	Determining the Influence of Susceptibility COnveying Variants Related to one-Year mortality after BMT	2888	Replication and validation of these SNP associations were performed using DISCOVeRY-BMT (Determining the Influence of Susceptibility COnveying Variants Related to one-Year mortality after BMT), a well-powered genome-wide association study consisting of 2 cohorts, totaling 2888 BMT recipients with acute myeloid leukemia, acute lymphoblastic leukemia, or myelodysplastic syndrome, and their HLA-matched unrelated donors, reported to the Center for International Blood and Marrow Transplant Research.	PMID:28811306	BMT recipients in the two cohorts after QC (their unrelated donors not counted)								
COHO:0000643	owl:NamedIndividual	European Alzheimer's Disease Initiative					2032	To identify other risk loci, we conducted a large genome-wide association study of 2,032 individuals from France with Alzheimer's disease (cases) and 5,328 controls.	https://doi.org/10.1038/ng.439	AD cases and controls from France in the 2009 EADI GWAS (stage 1)	5328	To identify other risk loci, we conducted a large genome-wide association study of 2,032 individuals from France with Alzheimer's disease (cases) and 5,328 controls.	https://doi.org/10.1038/ng.439	AD cases and controls from France in the 2009 EADI GWAS (stage 1)
COHO:0000644	owl:NamedIndividual	EPICURE Consortium					3020	To identify susceptibility variants shared across common GGE syndromes, we carried out a two-stage genome-wide association study (GWAS) including 3020 patients with GGEs and 3954 controls of European ancestry.	PMID:22949513	GGE patients and controls in the consortium's two-stage 2012 GWAS	3954	To identify susceptibility variants shared across common GGE syndromes, we carried out a two-stage genome-wide association study (GWAS) including 3020 patients with GGEs and 3954 controls of European ancestry.	PMID:22949513	GGE patients and controls in the consortium's two-stage 2012 GWAS
COHO:0000646	owl:NamedIndividual	Genetic and Environmental Risk in Alzheimer's Disease Consortium	11789	Thus, in Stage 1, we tested 529,205 autosomal SNPs for association in up to 11,789 subjects (3,941 AD cases, 7,848 controls of which 2,078 were elderly screened controls, see Supplementary Table 1).	https://www.ebi.ac.uk/europepmc/webservices/rest/PMC2845877/fullTextXML	AD cases and controls in the GERAD1 stage 1 GWAS dataset (2009)	3941	Thus, in Stage 1, we tested 529,205 autosomal SNPs for association in up to 11,789 subjects (3,941 AD cases, 7,848 controls of which 2,078 were elderly screened controls, see Supplementary Table 1).	https://www.ebi.ac.uk/europepmc/webservices/rest/PMC2845877/fullTextXML	AD cases and controls in the GERAD1 stage 1 GWAS dataset (2009)	7848	Thus, in Stage 1, we tested 529,205 autosomal SNPs for association in up to 11,789 subjects (3,941 AD cases, 7,848 controls of which 2,078 were elderly screened controls, see Supplementary Table 1).	https://www.ebi.ac.uk/europepmc/webservices/rest/PMC2845877/fullTextXML	AD cases and controls in the GERAD1 stage 1 GWAS dataset (2009)
COHO:0000647	owl:NamedIndividual	Genes for Good	81110	As of March 2019, 117,652 participants had tried the app, with 81,110 signing the electronic consent form.	https://europepmc.org/api/getPdf?pmcid=PMC6612519	participants who signed the electronic consent form (2019)								
COHO:0000648	owl:NamedIndividual	Imperial-Liverpool-Melbourne Collaboration	1703	ILM Collaboration European descent 1703 212 1263 2699	https://pmc.ncbi.nlm.nih.gov/articles/PMC4189926/	epilepsy cases from the collaboration after QC, as analysed in the 2014 ILAE meta-analysis	1703	ILM Collaboration European descent 1703 212 1263 2699	https://pmc.ncbi.nlm.nih.gov/articles/PMC4189926/	epilepsy cases from the collaboration after QC, as analysed in the 2014 ILAE meta-analysis	2699	ILM Collaboration European descent 1703 212 1263 2699	https://pmc.ncbi.nlm.nih.gov/articles/PMC4189926/	epilepsy cases from the collaboration after QC, as analysed in the 2014 ILAE meta-analysis
COHO:0000649	owl:NamedIndividual	San Antonio Family Study	1431	The SAFS began in 1991, and included 1,431 individuals in 42 extended families at baseline.	https://media.springernature.com/original/springer-static/esm/art%3A10.1038%2Fs41467-022-33510-7/MediaObjects/41467_2022_33510_MOESM1_ESM.pdf	individuals in 42 extended families at baseline (1991)								
COHO:0000650	owl:NamedIndividual	Swedish Adoption/Twin Study of Aging	2018	Out of these 2018 responded (71%).	https://researchdata.se/en/catalogue/dataset/ext0044-1	twins who responded to the first (1984) questionnaire								
COHO:0000651	owl:NamedIndividual	Stroke Genetics Network	16851	The first stage consisted of 16,851 cases with state-of-the-art phenotyping and 32,473 stroke-free controls.	PMID:26708676	ischaemic stroke cases in stage 1 of the 2016 SiGN GWAS (controls largely from public studies)	16851	The first stage consisted of 16,851 cases with state-of-the-art phenotyping and 32,473 stroke-free controls.	PMID:26708676	ischaemic stroke cases in stage 1 of the 2016 SiGN GWAS (controls largely from public studies)	32473	The first stage consisted of 16,851 cases with state-of-the-art phenotyping and 32,473 stroke-free controls.	PMID:26708676	ischaemic stroke cases in stage 1 of the 2016 SiGN GWAS (controls largely from public studies)
COHO:0000652	owl:NamedIndividual	SubPopulations and InteRmediate Outcome Measures in COPD Study	2982	SPIROMICS originally enrolled 2,982 participants, for a three-year study of current and former smokers and individuals who had never smoked.	https://www.spiromics.org/spiromics/participants	participants originally enrolled (SPIROMICS I)								
COHO:0000653	owl:NamedIndividual	Veterans Health Service Medical Center cohort	2518	Data were obtained from two cohorts: the VHSMC (n = 2518) and KARE (Ansan/Ansung study: from Korean Genome and Epidemiology Cohort, n = 5235) cohorts.	PMID:35241739	eligible VHSMC subjects with microarray data in the sarcopenia GWAS								
COHO:0000654	owl:NamedIndividual	Cervical Artery Dissection and Ischemic Stroke Patients	983	This case-control study is based on the CADISP (Cervical Artery Dissection and Ischemic Stroke Patients) population comprising 983 consecutive CeAD patients (mean age: 44.1 ± 9.9 years) and 658 control patients with a non-CeAD ischemic stroke (IS) (44.5 ± 10.5 years).	PMID:22150935	consecutive cervical artery dissection patients (plus 658 non-CeAD ischaemic stroke control patients), 2009	983	This case-control study is based on the CADISP (Cervical Artery Dissection and Ischemic Stroke Patients) population comprising 983 consecutive CeAD patients (mean age: 44.1 ± 9.9 years) and 658 control patients with a non-CeAD ischemic stroke (IS) (44.5 ± 10.5 years).	PMID:22150935	consecutive cervical artery dissection patients (plus 658 non-CeAD ischaemic stroke control patients), 2009	658	This case-control study is based on the CADISP (Cervical Artery Dissection and Ischemic Stroke Patients) population comprising 983 consecutive CeAD patients (mean age: 44.1 ± 9.9 years) and 658 control patients with a non-CeAD ischemic stroke (IS) (44.5 ± 10.5 years).	PMID:22150935	consecutive cervical artery dissection patients (plus 658 non-CeAD ischaemic stroke control patients), 2009
COHO:0000655	owl:NamedIndividual	Genetics of Glucose regulation in Gestation and Growth	1024	Gen3G is a prospective pregnancy and birth cohort that recruited 1024 pregnant women in the first trimester of pregnancy in Sherbrooke, Canada, between January 2010 and June 2013.	https://www.ebi.ac.uk/europepmc/webservices/rest/PMC11931902/fullTextXML	pregnant women recruited in the first trimester, 2010-2013								
COHO:0000656	owl:NamedIndividual	Manchester Asthma and Allergy Study	1184	It included 1184 children born between February 1996 and April 1998.	https://www.ebi.ac.uk/europepmc/webservices/rest/PMC6899469/fullTextXML	children born into the birth cohort, February 1996-April 1998								
COHO:0000657	owl:NamedIndividual	Population Assessment for Tomorrow's Health Study	2098	Two thousand and ninety‐eight participants were genotyped on Illumina Infinium® Global Screening Array as a membership service from 23andMe Inc; imputation was performed using the Michigan Imputation Server.	https://www.ebi.ac.uk/europepmc/webservices/rest/PMC10242187/fullTextXML	registry participants genotyped (via 23andMe)								
COHO:0000658	owl:NamedIndividual	Peking University-University of Michigan Study of Atherosclerosis	9540	The PUUMA study is a prospective observational cohort study of 9,540 participants age ≥40 years at enrollment between December 2011 and April 2012.	https://www.ncbi.nlm.nih.gov/research/bionlp/RESTful/pmcoa.cgi/BioC_xml/PMC8516734/unicode	participants aged 40 or over enrolled December 2011-April 2012								
COHO:0000659	owl:NamedIndividual	Singapore Chinese Health Study	63257	In brief, 63,257 subjects aged between 45 and 74 years were recruited from April 1993 to December 1998.	https://www.ebi.ac.uk/europepmc/webservices/rest/PMC9158790/fullTextXML	Chinese adults aged 45-74 recruited 1993-1998								
COHO:0000660	owl:NamedIndividual	Sister Study	50884	Of the women who signed up, 81.0% (n=50,884) completed required baseline activities and were enrolled; an additional 3,066 who completed some, but not all, of the required baseline activities before the enrollment end date.	https://www.ebi.ac.uk/europepmc/webservices/rest/PMC5963586/fullTextXML	women who completed baseline activities and were enrolled, 2003-2009								
COHO:0000661	owl:NamedIndividual	UroLife study	1512	Of the 3181 invited patients, 2929 met the eligibility criteria, and 1512 (52%) agreed to participate (Figure 1 ).	https://www.ebi.ac.uk/europepmc/webservices/rest/PMC11826114/fullTextXML	invited eligible patients who agreed to participate, 2014-2021								
COHO:0000662	owl:NamedIndividual	Chinese Antipsychotics Pharmacogenomics Consortium	3067	The discovery cohort consisted of 3067 patients (2016 participants were reserved after quality control) with schizophrenia in the acute phase and was derived from the Chinese Antipsychotics Pharmacogenomics Consortium (CAPOC) [14].	https://www.ebi.ac.uk/europepmc/webservices/rest/PMC12362978/fullTextXML	acute-phase schizophrenia patients from the CAPOC trial in a 2025 GWAS discovery cohort								
COHO:0000663	owl:NamedIndividual	CROATIA-Split Study	1012	Here, we used the data from three sub-cohorts for which we had bacterial and viral infections disease data—Korčula (N = 2833), Vis (N = 1039) and Split (N = 1012).	https://www.ebi.ac.uk/europepmc/webservices/rest/PMC10138356/fullTextXML	Split sub-cohort participants of the 10,001 Dalmatians biobank								
COHO:0000664	owl:NamedIndividual	Epidemiological study on the Genetics and Environment of Asthma	2121	Total number participants: 2,121	https://openbioresources.metajnl.com/articles/10.5334/ojb.24	total participants in the EGEA bioresource (all surveys), 2017	388	Total number participants: 2,121	https://openbioresources.metajnl.com/articles/10.5334/ojb.24	total participants in the EGEA bioresource (all surveys), 2017	415	Total number participants: 2,121	https://openbioresources.metajnl.com/articles/10.5334/ojb.24	total participants in the EGEA bioresource (all surveys), 2017
COHO:0000665	owl:NamedIndividual	Epidemiologische Studie zu Chancen der Verhütung, Früherkennung und optimierten Therapie chronischer Erkrankungen in der älteren Bevölkerung	9940	Briefly, 9,940 individuals aged 50–75 years were recruited by their general practitioners (GPs) during routine health screenings between July 2000 and December 2002, and were followed up every two to three years thereafter.	https://www.ebi.ac.uk/europepmc/webservices/rest/PMC12992613/fullTextXML	adults aged 50-75 recruited by GPs, July 2000-December 2002								
COHO:0000666	owl:NamedIndividual	Gothenburg H70 Birth Cohort Studies and Clinical AD Sweden					712	The Gothenburg H70 Birth Cohort Studies and Clinical AD from Sweden (Gothenburg) dataset (712 cases, 2523 controls) was used as the independent test set because it was the dataset with the largest number of cases of the available genotype-level data.	https://media.springernature.com/original/springer-static/esm/art%3A10.1038%2Fs41588-021-00921-z/MediaObjects/41588_2021_921_MOESM1_ESM.pdf	AD cases and controls in the genotyped Gothenburg dataset (2021 GWAS); no combined total stated	2523	The Gothenburg H70 Birth Cohort Studies and Clinical AD from Sweden (Gothenburg) dataset (712 cases, 2523 controls) was used as the independent test set because it was the dataset with the largest number of cases of the available genotype-level data.	https://media.springernature.com/original/springer-static/esm/art%3A10.1038%2Fs41588-021-00921-z/MediaObjects/41588_2021_921_MOESM1_ESM.pdf	AD cases and controls in the genotyped Gothenburg dataset (2021 GWAS); no combined total stated
COHO:0000667	owl:NamedIndividual	Northern California Breast Cancer Family Registry	4000		https://www.ebi.ac.uk/europepmc/webservices/rest/PMC9006574/supplementaryFiles	women with incident breast cancer (and family members) enrolled from 1995, stated as approximate								
COHO:0000668	owl:NamedIndividual	Breast Cancer Family Registry	50300	All probands and relativesa 9116 30,086 2834 8264 50,300	https://europepmc.org/api/getPdf?pmcid=PMC468645	probands and relatives enrolled 1996-2003								
COHO:0000669	owl:NamedIndividual	National Institute on Aging Late Onset Alzheimer's Disease Family Study	9682	We recruited 1756 families and acquired data from 9682 family members.	https://www.ebi.ac.uk/europepmc/webservices/rest/PMC9250549/fullTextXML	family members with data, from 1756 families (2022)								
COHO:0000670	owl:NamedIndividual	Northern Manhattan Study	3298	NOMAS is a community‐based longitudinal cohort study of 3298 urban‐dwelling adults 40 years of age or older with a household telephone at the baseline visit.	https://www.ebi.ac.uk/europepmc/webservices/rest/PMC13482911/fullTextXML	stroke-free adults enrolled 1993-2001								
COHO:0000671	owl:NamedIndividual	Pittsburgh Orofacial Cleft Study	12000	The Pitt-OFC resource is a rich collection of nsOFC families across multiple racial/ethnic groups, including simplex, multiplex, and extended pedigrees (~12,000 participants) with precise and detailed information on the types of nsOFC observed within multiple generations of the relatives of the probands.	https://www.ncbi.nlm.nih.gov/research/bionlp/RESTful/pmcoa.cgi/BioC_xml/PMC9086172/unicode	participants in families (approximate)								
COHO:0000672	owl:NamedIndividual	Australian Genetics of Depression Study	20689	As of 3 September 2018, questionnaire responses had been received from 20 689 participants, 75% of whom were female.	https://www.ebi.ac.uk/europepmc/webservices/rest/PMC7259831/fullTextXML	participants who returned the questionnaire (2018)								
COHO:0000673	owl:NamedIndividual	Accessible Resource for Integrated Epigenomic Studies	1018	A total of 1018 mother-child pairs have been profiled (v.1 data release 2014) at each of the five time points indicated, using the Illumina Infinium HumanMethylation450K BeadChip array.	https://www.ncbi.nlm.nih.gov/research/bionlp/RESTful/pmcoa.cgi/BioC_xml/PMC5593097/unicode	mother-offspring pairs (pairs, not individuals), 2014								
COHO:0000674	owl:NamedIndividual	Bellygenes initiative					12852	This resulted from pooling IBS cases across all case definitions to maximize power, in a meta-analysis of data from UKB (40,548 cases and 293,220 controls; Supplementary Tables 1 and 2) and the international collaborative Bellygenes initiative (12,852 cases and 139,981 controls; Methods and Supplementary Table 9).	https://www.ebi.ac.uk/europepmc/webservices/rest/PMC8571093/fullTextXML	IBS cases and controls in the 2021 GWAS meta-analysis (no total stated)	139981	This resulted from pooling IBS cases across all case definitions to maximize power, in a meta-analysis of data from UKB (40,548 cases and 293,220 controls; Supplementary Tables 1 and 2) and the international collaborative Bellygenes initiative (12,852 cases and 139,981 controls; Methods and Supplementary Table 9).	https://www.ebi.ac.uk/europepmc/webservices/rest/PMC8571093/fullTextXML	IBS cases and controls in the 2021 GWAS meta-analysis (no total stated)
COHO:0000675	owl:NamedIndividual	CERA cohort	873	CERA 74.4 311 (35.62%) 306 (44.80%) 377 (53.20%) 683 (78.24%) 190 (21.76%) 873	https://media.springernature.com/original/springer-static/esm/art%3A10.1038%2Fs41467-025-65903-9/MediaObjects/41467_2025_65903_MOESM1_ESM.pdf	analysed subset: AMD+ and AMD- participants after QC in the 2025 RPD GWAS	683	CERA 74.4 311 (35.62%) 306 (44.80%) 377 (53.20%) 683 (78.24%) 190 (21.76%) 873	https://media.springernature.com/original/springer-static/esm/art%3A10.1038%2Fs41467-025-65903-9/MediaObjects/41467_2025_65903_MOESM1_ESM.pdf	analysed subset: AMD+ and AMD- participants after QC in the 2025 RPD GWAS	190	CERA 74.4 311 (35.62%) 306 (44.80%) 377 (53.20%) 683 (78.24%) 190 (21.76%) 873	https://media.springernature.com/original/springer-static/esm/art%3A10.1038%2Fs41467-025-65903-9/MediaObjects/41467_2025_65903_MOESM1_ESM.pdf	analysed subset: AMD+ and AMD- participants after QC in the 2025 RPD GWAS
COHO:0000677	owl:NamedIndividual	Drug Interaction With Genes in Parkinson's Disease	426	Of 426 patients, we excluded 11 who developed atypical parkinsonism (4 had ICDs) and 4 with missing covariates and retained 411 for the analyses (40.6% women; mean age 62.3 years, SD 9.8 years): 63.8% of the patients attended ≥4 assessments, 28.7% attended 2 or 3 assessments, and 7.5% attended the baseline assessment only.	https://pmc.ncbi.nlm.nih.gov/articles/PMC6059034/	patients with PD recruited May 2009 - July 2013								
COHO:0000678	owl:NamedIndividual	Duke Genetics of Kidney Disease	2100		https://web.archive.org/web/20240605222134/https://dmpi.duke.edu/sites/default/files/2021-04/GKD_newsletter%202017.pdf	patients and family members enrolled (stated as 'over 2100', a lower bound), 2017								
COHO:0000679	owl:NamedIndividual	European Genetic Database	2783	Out of 2,783 individuals available in the EUGENDA cohort at the time of analysis for this study, 64 cases were excluded because of insufficient image quality and confounding macular or retinal diseases.	https://www.ebi.ac.uk/europepmc/webservices/rest/PMC8763662/fullTextXML	individuals available in EUGENDA for a 2021 imaging analysis (possibly a subset)								
COHO:0000680	owl:NamedIndividual	Family Atherosclerosis Monitoring In earLY life Study	901	The study population included 901 babies, 857 mothers and 530 fathers.	PMID:27453525	newborns (index children) enrolled 2002-2009; mothers and fathers counted separately								
COHO:0000681	owl:NamedIndividual	Finland-United States Investigation of NIDDM Genetics					1161	FUSION—The FUSION stage 1 sample consists of 1,161 Finnish T2D cases and 1,174 Finnish normal glucose tolerant controls2.	https://europepmc.org/api/getPdf?pmcid=PMC2672416	no total of individuals stated; GWAS stage 1 case-control sample given as cases and controls	1174	FUSION—The FUSION stage 1 sample consists of 1,161 Finnish T2D cases and 1,174 Finnish normal glucose tolerant controls2.	https://europepmc.org/api/getPdf?pmcid=PMC2672416	no total of individuals stated; GWAS stage 1 case-control sample given as cases and controls
COHO:0000682	owl:NamedIndividual	Ginkgo Evaluation of Memory Study	3069	Briefly, GEM was a randomized, placebo‐controlled trial that was conducted from 2000 to 2008 across five different academic centers in the United States to assess the effectiveness of Ginkgo biloba on incident dementia in 3069 participants aged ≥ 75, including 2587 cognitively normal individuals and 482 individuals with mild cognitive impairment (MCI).	https://www.ebi.ac.uk/europepmc/webservices/rest/PMC11880917/fullTextXML	randomised participants aged 75 and over (2008)								
COHO:0000683	owl:NamedIndividual	Genito-Urinary BioBank	16000	Since its inception, over 16,000 participants have been consented to the program.	https://cdn.ymaws.com/www.isber.org/resource/resmgr/isber_2020/anaheim_eposters/pl06.pdf	participants consented since 2008 (stated as 'over 16,000', a lower bound), 2020								
COHO:0000684	owl:NamedIndividual	Hisayama-FSR study					1113	In the genome-wide association study, 1113 cases with ischemic stroke (370 large artery stroke, 137 cardioembolic stroke, 483 small vessel occlusion, 123 undetermined subtype) were included.	https://static-content.springer.com/esm/art%3A10.1038%2Fs41588-018-0058-3/MediaObjects/41588_2018_58_MOESM1_ESM.pdf	ischaemic stroke cases and stroke-free controls in the GWAS (no total stated), 2004	901	In the genome-wide association study, 1113 cases with ischemic stroke (370 large artery stroke, 137 cardioembolic stroke, 483 small vessel occlusion, 123 undetermined subtype) were included.	https://static-content.springer.com/esm/art%3A10.1038%2Fs41588-018-0058-3/MediaObjects/41588_2018_58_MOESM1_ESM.pdf	ischaemic stroke cases and stroke-free controls in the GWAS (no total stated), 2004
COHO:0000685	owl:NamedIndividual	International Genomics of Alzheimer's Project	94437	To identify LOAD risk loci, we performed a large genome-wide association meta-analysis of clinically diagnosed LOAD (94,437 individuals).	https://pmc.ncbi.nlm.nih.gov/articles/PMC6463297/	individuals across all stages of the 2019 IGAP meta-analysis								
COHO:0000686	owl:NamedIndividual	Mexican-American Coronary Artery Disease Study	772	GUARDIAN includes 772 of these individuals from 208 families.	https://www.ncbi.nlm.nih.gov/research/bionlp/RESTful/pmcoa.cgi/BioC_xml/PMC3968231/unicode	analysed subset: MACAD individuals (208 families) included in GUARDIAN (2014)								
COHO:0000687	owl:NamedIndividual	Genetics UndeRlying DIAbetes in HispaNics	4336	GUARDIAN is comprised of seven cohorts, consisting of 4,336 Mexican-American individuals in 1,346 pedigrees.	PMID:24124113	Mexican-American individuals in 1,346 pedigrees across seven member cohorts (2014)								
COHO:0000688	owl:NamedIndividual	METASTROKE collaboration					12389	We meta-analysed data from 15 ischaemic stroke cohorts with a total of 12 389 individuals with ischaemic stroke and 62 004 controls, all of European ancestry.	https://pmc.ncbi.nlm.nih.gov/articles/PMC3490334/	ischaemic stroke cases and controls in the 2012 discovery meta-analysis (15 cohorts)	62004	We meta-analysed data from 15 ischaemic stroke cohorts with a total of 12 389 individuals with ischaemic stroke and 62 004 controls, all of European ancestry.	https://pmc.ncbi.nlm.nih.gov/articles/PMC3490334/	ischaemic stroke cases and controls in the 2012 discovery meta-analysis (15 cohorts)
COHO:0000689	owl:NamedIndividual	Monongahela Valley Independent Elders Survey	1681	MoVIES was a prospective study that recruited 1681 individuals aged ≥ 65 residing within the Monongahela Valley, Pennsylvania during 1987 through 1989 using a voter's registration list.	https://www.ebi.ac.uk/europepmc/webservices/rest/PMC11880917/fullTextXML	adults aged 65+ recruited 1987-1989								
COHO:0000690	owl:NamedIndividual	Prediction and Prevention of Preeclampsia and Intrauterine Growth Restriction Study	4785	Of the 4785 recruited mothers, we had data on birth outcomes from the birth register and the two-week interval self-report of positive affect, depressive symptoms, and state anxiety during pregnancy for 3376 mothers (70.6% of those recruited).	https://www.ebi.ac.uk/europepmc/webservices/rest/PMC4769149/fullTextXML	pregnant women recruited 2005-2010								
COHO:0000692	owl:NamedIndividual	Reasons for Geographic and Racial Differences in Stroke	30239	From January 2003 to October 2007, 30,239 participants (42% AA, 55% women) were recruited from the 48 contiguous U.S. states and the District of Columbia.	https://www.ebi.ac.uk/europepmc/webservices/rest/PMC9554233/fullTextXML	participants recruited 2003-2007								
COHO:0000693	owl:NamedIndividual	Selenium and Vitamin E Cancer Prevention Trial	35533	A total of 35,533 eligible men from the US, Canada, and Puerto Rico were enrolled in a 3-year period, exceeding the goals for both number of participants and for length of the accrual period.	https://www.ebi.ac.uk/europepmc/webservices/rest/PMC3705339/fullTextXML	eligible men enrolled (randomised) over a 3-year accrual period								
COHO:0000694	owl:NamedIndividual	Stroke in Young Fabry Patients	5023	A total of 5023 patients with stroke (aged 18–55 years) were enrolled in the sifap1 study, 271 patients with primary haemorrhages and 217 patients without classification of the CVE were excluded.	https://www.ebi.ac.uk/europepmc/webservices/rest/PMC4225229/fullTextXML	patients aged 18-55 with acute stroke or TIA enrolled April 2007 to January 2010 (2007-2010)								
COHO:0000695	owl:NamedIndividual	SpiroMeta Consortium	20288	Here we report a meta-analysis of GWAS in the SpiroMeta consortium, comprising 20,288 individuals of European ancestry, that tested association between cross-sectional lung function measures and ~2.5 million genotyped or imputed SNPs (stage 1).	https://europepmc.org/api/getPdf?pmcid=PMC2862965	European-ancestry individuals in the 2010 stage-1 GWAS meta-analysis (14 studies)								
COHO:0000696	owl:NamedIndividual	Wisconsin Longitudinal Study	10317	WLS is based on a 1/3 random sample of all Wisconsin high school graduates in 1957 (n = 10 317) born between 1938 and 1940.	https://pmc.ncbi.nlm.nih.gov/articles/PMC3937969/	1957 Wisconsin high school graduates in the original sample (siblings not included)								
COHO:0000697	owl:NamedIndividual	Grady Trauma Project	1600	Initial interviews were performed with 1600 participants approached while in the waiting rooms of primary care or obstetrical-gynecological clinics of Grady Memorial Hospital in Atlanta, Georgia from 2005 to 2008.	https://pmc.ncbi.nlm.nih.gov/articles/PMC2785858/	participants given initial interviews 2005-2008								
COHO:0000699	owl:NamedIndividual	Lothian Birth Cohort 1936	1091	Between 2004 and 2007, 1091 members of SMS1947 were recruited to Wave 1 of the LBC1936 study, at a mean age of 70 years.	https://www.ebi.ac.uk/europepmc/webservices/rest/PMC6124629/fullTextXML	SMS1947 members recruited to Wave 1, 2004-2007								
COHO:0000700	owl:NamedIndividual	Lothian Birth Cohort 1921	550	Between 1999 and 2001, 550 of the SMS1932 were recruited to Wave 1 of the LBC1921 study, at a mean age of 79 years.	https://www.ebi.ac.uk/europepmc/webservices/rest/PMC6124629/fullTextXML	SMS1932 members recruited to Wave 1, 1999-2001								
COHO:0000701	owl:NamedIndividual	National Longitudinal Study of Adolescent to Adult Health	20745	The core sample plus the special samples yield a total of 20 745 adolescents.	https://pmc.ncbi.nlm.nih.gov/articles/PMC6857761/	adolescents in grades 7-12 interviewed in-home at Wave I (core plus special samples), 1995								
COHO:0000702	owl:NamedIndividual	Basque Center on Cognition, Brain and Language cohort	4678	A total of 4678 saliva samples were collected from children at schools all over Spain.	https://www.ebi.ac.uk/europepmc/webservices/rest/PMC6209299/fullTextXML	schoolchildren who gave saliva samples								
COHO:0000704	owl:NamedIndividual	Colorado Learning Disabilities Research Center cohort	717	The other two were family-based samples selected for dyslexia: one from the United Kingdom (UKdys), n = 930 (595 families); the other from the United States (Colorado Learning Disabilities Research Center, CLDRC), n = 717 (336 families)92.	https://www.ebi.ac.uk/europepmc/webservices/rest/PMC9649434/fullTextXML	genotyped family members analysed for polygenic scores (analysed subset; 336 families)								
COHO:0000706	owl:NamedIndividual	Evaluation of COPD Longitudinally to Identify Predictive Surrogate End-points					2164	Based upon these calculations, we studied 2164 patients with COPD (GOLD stage 2-4), 337 smoking controls and 245 non-smoking controls (Figure 1 ).	https://pmc.ncbi.nlm.nih.gov/articles/PMC2944278/	COPD patients studied at baseline; smoking and non-smoking controls given separately in the note				
COHO:0000707	owl:NamedIndividual	Early Language in Victoria Study	1910	The Early Language in Victoria Study (ELVS) recruited 1910 8-month-olds in Melbourne in 2003-2004.	https://www.ebi.ac.uk/europepmc/webservices/rest/search?query=EXT_ID%3A41237490+AND+SRC%3AMED&format=json&resultType=core	8-month-old infants recruited 2003-2004								
COHO:0000708	owl:NamedIndividual	German Infant Study on the Influence of Nutrition Intervention plus Air pollution and Genetics on Allergy Development	5991	Of the 5,991 newborns recruited, 3,317 (55.4%) could be followed until the age of 10 years.	https://www.ebi.ac.uk/europepmc/webservices/rest/PMC6040001/fullTextXML	healthy term newborns recruited (interventional and non-interventional arms), 1998								
COHO:0000709	owl:NamedIndividual	Gothenburg Osteoporosis and Obesity Determinants study	1068	There were no other exclusion criteria, and 49% of the study candidates agreed to participate (n = 1068).	https://www.ebi.ac.uk/europepmc/webservices/rest/PMC3390364/fullTextXML	young men who agreed to participate at baseline								
COHO:0000710	owl:NamedIndividual	Genetics of Overweight Young Adults	5373	After data cleaning, 5,373 individuals (2,633 extremely overweight and 2,740 random controls) and 545,349 SNPs remained.	https://www.ebi.ac.uk/europepmc/webservices/rest/PMC3174168/fullTextXML	genotyped individuals passing QC (extremely overweight cases and random population controls)	2633	After data cleaning, 5,373 individuals (2,633 extremely overweight and 2,740 random controls) and 545,349 SNPs remained.	https://www.ebi.ac.uk/europepmc/webservices/rest/PMC3174168/fullTextXML	genotyped individuals passing QC (extremely overweight cases and random population controls)	2740	After data cleaning, 5,373 individuals (2,633 extremely overweight and 2,740 random controls) and 545,349 SNPs remained.	https://www.ebi.ac.uk/europepmc/webservices/rest/PMC3174168/fullTextXML	genotyped individuals passing QC (extremely overweight cases and random population controls)
COHO:0000711	owl:NamedIndividual	International Consortium for Blood Pressure Genome-Wide Association Studies	200000	This genome-wide association study of SBP and DBP, which used a multi-stage design in 200,000 individuals of European descent, identified 16 novel loci: six of these loci contain genes previously known or suspected to regulate BP (GUCY1A3-GUCY1B3; NPR3-C5orf23; ADM; FURIN-FES; GOSR2; GNAS-EDN3); the other 10 provide new clues to BP physiology.	https://www.ncbi.nlm.nih.gov/research/bionlp/RESTful/pmcoa.cgi/BioC_xml/PMC3340926/unicode	individuals of European descent in the 2011 multi-stage GWAS meta-analysis (discovery plus follow-up)								
COHO:0000712	owl:NamedIndividual	Iowa LI cohort	428	Replication cohorts Iowa LI Colorado RD Italy RD Cohort-type Case–control Family-based Family-based Number of subjects 428 1,188 878	https://pmc.ncbi.nlm.nih.gov/articles/PMC4053598/	language-impairment cases and matched unrelated controls	219	Replication cohorts Iowa LI Colorado RD Italy RD Cohort-type Case–control Family-based Family-based Number of subjects 428 1,188 878	https://pmc.ncbi.nlm.nih.gov/articles/PMC4053598/	language-impairment cases and matched unrelated controls	209	Replication cohorts Iowa LI Colorado RD Italy RD Cohort-type Case–control Family-based Family-based Number of subjects 428 1,188 878	https://pmc.ncbi.nlm.nih.gov/articles/PMC4053598/	language-impairment cases and matched unrelated controls
COHO:0000713	owl:NamedIndividual	Korea-Registries to Overcome Dementia and Accelerate Dementia Research	5856	As of December 2023, the K-ROAD cohort registered a total of 5,856 participants who underwent amyloid PET.	https://www.ebi.ac.uk/europepmc/webservices/rest/PMC11538854/fullTextXML	participants registered across the three member cohorts who underwent amyloid PET (2023)								
COHO:0000714	owl:NamedIndividual	Mayo Genome Consortia	6307	Phase 1, which has been completed, includes participants from 3 studies funded by the National Institutes of Health, which sought to identify genetic determinants of peripheral arterial disease (PAD), venous thromboembolism, and pan- creatic cancer, respectively, with a combined total sample size of 6307 unique participants (Table 1).	https://europepmc.org/api/getPdf?pmcid=PMC3127556	unique genotyped participants in phase 1 (three contributing studies), 2011								
COHO:0000715	owl:NamedIndividual	Impact of Migration and Ethnicity on Diabetes in Malmö	2155	Variable Country of birth Entire cohort p-value Iraq (1398) Sweden (757) 2155	https://www.ebi.ac.uk/europepmc/webservices/rest/PMC10105731/fullTextXML	Iraqi- and Swedish-born residents who took part in the 2010-2012 baseline								
COHO:0000716	owl:NamedIndividual	Material and Information Resources for Inflammatory and Digestive Diseases Biobank	9231	The cohorts include IBD cohorts from the Cedars-Sinai IBD Biobank (MIRIAD, size = 9231), the Risk Stratification and Identification of Immunogenetic and Microbial Markers of Rapid Disease Progression in Children with Crohn’s Disease (RISK, size = 431), and the Predictors of Response to Standardized Pediatric Colitis Therapy (PROTECT, size = 1102).	https://www.ebi.ac.uk/europepmc/webservices/rest/PMC13046806/fullTextXML	individuals (CD, UC and non-IBD) in the MIRIAD serology dataset analysed; an analysed subset								
COHO:0000717	owl:NamedIndividual	Lung Cancer and Smoking Phenotypes in African American Cases and Controls					1737	The stage 1 analysis included 1737 cases and 3602 controls among African Americans drawn from eight studies of lung cancer (Supplementary Table 2a).	https://www.ncbi.nlm.nih.gov/research/bionlp/RESTful/pmcoa.cgi/BioC_xml/PMC4939239/unicode	African American lung cancer cases and controls from eight studies in the stage 1 GWAS	3602	The stage 1 analysis included 1737 cases and 3602 controls among African Americans drawn from eight studies of lung cancer (Supplementary Table 2a).	https://www.ncbi.nlm.nih.gov/research/bionlp/RESTful/pmcoa.cgi/BioC_xml/PMC4939239/unicode	African American lung cancer cases and controls from eight studies in the stage 1 GWAS
COHO:0000718	owl:NamedIndividual	NIDDK IBD Genetics Consortium	11265	11,265 Participants	https://repository.niddk.nih.gov/study/26	participants in the NIDDK Central Repository IBDGC collection (cases, controls and family members)								
COHO:0000719	owl:NamedIndividual	Oregon Health and Science University study	616	OHSU 187 215 87 (7.3) 429 461 86 (7.2) 616 5%	https://pmc.ncbi.nlm.nih.gov/articles/PMC3048805/	Caucasian AD cases and controls in the 2011 ADGC meta-analysis (analysed set)	187	OHSU 187 215 87 (7.3) 429 461 86 (7.2) 616 5%	https://pmc.ncbi.nlm.nih.gov/articles/PMC3048805/	Caucasian AD cases and controls in the 2011 ADGC meta-analysis (analysed set)	429	OHSU 187 215 87 (7.3) 429 461 86 (7.2) 616 5%	https://pmc.ncbi.nlm.nih.gov/articles/PMC3048805/	Caucasian AD cases and controls in the 2011 ADGC meta-analysis (analysed set)
COHO:0000720	owl:NamedIndividual	Phenomics and Genomics Sample									3000	DNA samples from 1,775 unrelated healthy subjects of European ancestry were taken from the Phenomics and Genomics Sample (PAGES), which is comprised of ~3,000 controls, 1,000 schizophrenia patients and 300 individuals with other diagnoses.	https://www.ebi.ac.uk/europepmc/webservices/rest/PMC7579408/fullTextXML	approximate components only: healthy controls, schizophrenia patients, other diagnoses
COHO:0000721	owl:NamedIndividual	Paediatric Asthma Gene Environment Study	501	To date 1045 children have been invited to participate and data collected in 501 (48%).	https://www.ebi.ac.uk/europepmc/webservices/rest/PMC3019209/fullTextXML	children with DNA or questionnaire data at the 2010 interim report (recruitment ongoing)								
COHO:0000722	owl:NamedIndividual	Risk Stratification and Identification of Immunogenetic and Microbial Markers of Rapid Disease Progression in Children with Crohn's Disease	1813	1813 patients were enrolled in our study (table 1).	https://www.ncbi.nlm.nih.gov/research/bionlp/RESTful/pmcoa.cgi/BioC_xml/PMC5719489/unicode	patients under 18 with suspected IBD enrolled at diagnosis, 2008-2012 (all diagnoses and non-inflamed controls)								
COHO:0000723	owl:NamedIndividual	Texas Harris Alzheimer's Research Study	3600	Over time, the TARCC sites enrolled a cohort of more than 3,600 study participants representing over 14,500 visits (an average of four annual visits for each subject).	https://www.txalzresearch.org/research/the-texas-harris-alzheimers-research-study/	study participants enrolled at the TARCC sites (stated as more than 3,600)								
COHO:0000724	owl:NamedIndividual	Wellcome Language and Reading Project	260	Of the 260 children recruited, none met exclusionary criteria at t1 (MZ twinning, chronic illness, deafness, English as a second language, care provision by local authority, and known neurological disorders such as cerebral palsy, epilepsy, and autism spectrum disorder).	https://www.ebi.ac.uk/europepmc/webservices/rest/PMC6767399/fullTextXML	children recruited in 2007-2009 (family risk, language concerns and typically developing)								
COHO:0000725	owl:NamedIndividual	Sinai-Helmsley Alliance for Research Excellence	5906	Among 5,906 total patients with IBD, 468 (7.9%) reported a history of a colectomy with an IPAA as a treatment for UC.	https://www.ebi.ac.uk/europepmc/webservices/rest/PMC7380550/fullTextXML	patients with IBD in the SHARE cohort data, 2012-2018								
COHO:0000726	owl:NamedIndividual	Shanghai Changfeng Study	6595	From June 2009 to December 2012, 6595 residents were enrolled.	https://www.ebi.ac.uk/europepmc/webservices/rest/PMC6841746/fullTextXML	community residents aged 45 or over enrolled at baseline, June 2009 to December 2012								
COHO:0000727	owl:NamedIndividual	Collaborative Genetic Study of Nicotine Dependence	2673	COGEND COPDGene ECLIPSE Array type Illumina HumanOmni2.5 Illumina HumanOmni1-Quad_v1-0_B Illumina HumanHap550v3.0 Array-genotyped data N, SNPs 2,443,179 1,051,295 561,466 Participants, total N 2,673 9,962 2,159	https://pmc.ncbi.nlm.nih.gov/articles/PMC9372058/	array-genotyped COGEND participants (European and African American); an analysed/genotyped subset								
COHO:0000728	owl:NamedIndividual	EPIDG cohort	200	Two-hundred women were included from January 2019 to February 2022 as follows: Control group -CG-, Lifestyle group -LG- (GDM not requiring insulin), and Insulin group -IG- (GDM requiring insulin).	PMID:36421415	pregnant women included January 2019 to February 2022								
COHO:0000730	owl:NamedIndividual	Genetics Of Mortality In Critical Care	11440	Here we analyse 24,202 cases of COVID-19 with critical illness comprising a combination of microarray genotype and whole-genome sequencing data from cases of critical illness in the international GenOMICC (11,440 cases) study, combined with other studies recruiting hospitalized patients with a strong focus on severe and critical disease: ISARIC4C (676 cases) and the SCOURGE consortium (5,934 cases).	PMID:37198478	GenOMICC critical COVID-19 cases analysed in the 2023 GWAS (analysed subset)	11440	Here we analyse 24,202 cases of COVID-19 with critical illness comprising a combination of microarray genotype and whole-genome sequencing data from cases of critical illness in the international GenOMICC (11,440 cases) study, combined with other studies recruiting hospitalized patients with a strong focus on severe and critical disease: ISARIC4C (676 cases) and the SCOURGE consortium (5,934 cases).	PMID:37198478	GenOMICC critical COVID-19 cases analysed in the 2023 GWAS (analysed subset)				
COHO:0000731	owl:NamedIndividual	Collaborative Oncological Gene-environment Study	239832	In all, we included 239,832 individuals from 167 research groups in COGS.	https://cordis.europa.eu/project/id/223175/reporting	individuals (samples) genotyped in COGS across the four consortia, 167 research groups (2011)								
COHO:0000732	owl:NamedIndividual	Kentucky Case-Control Study					1093	We analyzed data for 1,093 incident cases and 1,589 controls in a population-based case-control study of colon cancer to further clarify the GL-colon cancer relationship.	https://pmc.ncbi.nlm.nih.gov/articles/PMC4136492/	incident colon cancer cases and population controls analysed (analysed subset), 2010	1589	We analyzed data for 1,093 incident cases and 1,589 controls in a population-based case-control study of colon cancer to further clarify the GL-colon cancer relationship.	https://pmc.ncbi.nlm.nih.gov/articles/PMC4136492/	incident colon cancer cases and population controls analysed (analysed subset), 2010
COHO:0000733	owl:NamedIndividual	Los Angeles Latino Eye Study	6357	Of the 7789 individuals eligible for LALES, 6357 (82%) had a clinical examination; an additional 524 completed only an in-home interview.	PMID:15177962	eligible Latinos aged 40+ who had a baseline clinical examination								
COHO:0000734	owl:NamedIndividual	Mexican Hypertriglyceride Study	4400	A total of 4,400 Mexican hypertriglyceridemic cases and normotriglyceridemic controls were included in stage 1 and 2 (see Supplementary Table 1 for clinical characteristics).	https://www.ncbi.nlm.nih.gov/research/bionlp/RESTful/pmcoa.cgi/BioC_xml/PMC3917605/unicode	Mexican hypertriglyceridaemic cases and normotriglyceridaemic controls in GWAS stages 1 and 2								
COHO:0000735	owl:NamedIndividual	San Francisco Bay Area Breast Cancer Study					2258	Of those selected, 2258 (88%) completed an in‐person interview, including 1119 (89%) Hispanic, 543 (87%) African American, and 596 (86%) NHW cases.	https://www.ebi.ac.uk/europepmc/webservices/rest/PMC5943543/fullTextXML	cases and controls who completed the in-person interview (2004)	2706	Of those selected, 2258 (88%) completed an in‐person interview, including 1119 (89%) Hispanic, 543 (87%) African American, and 596 (86%) NHW cases.	https://www.ebi.ac.uk/europepmc/webservices/rest/PMC5943543/fullTextXML	cases and controls who completed the in-person interview (2004)
COHO:0000736	owl:NamedIndividual	SIGMA Type 2 Diabetes Consortium	8214	Here we analysed 9.2 million single nucleotide polymorphisms (SNPs) in each of 8,214 Mexicans and other Latin Americans: 3,848 with type 2 diabetes and 4,366 non-diabetic controls.	PMID:24390345	Mexicans and other Latin Americans in the 2014 SIGMA type 2 diabetes GWAS (cases and controls)	3848	Here we analysed 9.2 million single nucleotide polymorphisms (SNPs) in each of 8,214 Mexicans and other Latin Americans: 3,848 with type 2 diabetes and 4,366 non-diabetic controls.	PMID:24390345	Mexicans and other Latin Americans in the 2014 SIGMA type 2 diabetes GWAS (cases and controls)	4366	Here we analysed 9.2 million single nucleotide polymorphisms (SNPs) in each of 8,214 Mexicans and other Latin Americans: 3,848 with type 2 diabetes and 4,366 non-diabetic controls.	PMID:24390345	Mexicans and other Latin Americans in the 2014 SIGMA type 2 diabetes GWAS (cases and controls)
COHO:0000737	owl:NamedIndividual	Mexico City sample 2	1787	Mexico City 1*Mexico City 2*Starr CountyN (F, M)1310 (833,477)1787 (895,892)1286 (858,428)	https://www.ebi.ac.uk/europepmc/webservices/rest/PMC4726092/fullTextXML	individuals in the sample (type 2 diabetes cases and controls), lipid GWAS Table 1	898	Mexico City 1*Mexico City 2*Starr CountyN (F, M)1310 (833,477)1787 (895,892)1286 (858,428)	https://www.ebi.ac.uk/europepmc/webservices/rest/PMC4726092/fullTextXML	individuals in the sample (type 2 diabetes cases and controls), lipid GWAS Table 1	889	Mexico City 1*Mexico City 2*Starr CountyN (F, M)1310 (833,477)1787 (895,892)1286 (858,428)	https://www.ebi.ac.uk/europepmc/webservices/rest/PMC4726092/fullTextXML	individuals in the sample (type 2 diabetes cases and controls), lipid GWAS Table 1
COHO:0000738	owl:NamedIndividual	Mexico City sample 1	1334	A total of 1,334 individuals participated in this study, 989 cases and 345 normoglycaemic controls.	https://www.ncbi.nlm.nih.gov/research/bionlp/RESTful/pmcoa.cgi/BioC_xml/PMC3818640/unicode	individuals who took part (type 2 diabetes cases and normoglycaemic controls)	989	A total of 1,334 individuals participated in this study, 989 cases and 345 normoglycaemic controls.	https://www.ncbi.nlm.nih.gov/research/bionlp/RESTful/pmcoa.cgi/BioC_xml/PMC3818640/unicode	individuals who took part (type 2 diabetes cases and normoglycaemic controls)	345	A total of 1,334 individuals participated in this study, 989 cases and 345 normoglycaemic controls.	https://www.ncbi.nlm.nih.gov/research/bionlp/RESTful/pmcoa.cgi/BioC_xml/PMC3818640/unicode	individuals who took part (type 2 diabetes cases and normoglycaemic controls)
COHO:0000739	owl:NamedIndividual	1982 Pelotas (Brazil) Birth Cohort Study	5914	In 1982, 5914 live births whose families lived in the urban are of Pelotas were enrolled in the cohort.	PMID:25733577	live births enrolled in 1982								
COHO:0000740	owl:NamedIndividual	Agricultural Health Study	57310	The AHS is a prospective cohort that includes 57,310 licensed pesticide applicators enrolled in Iowa or North Carolina between 1993 and 1997.	PMID:38381478	licensed pesticide applicators enrolled 1993-1997 (enrolled spouses not included)								
COHO:0000741	owl:NamedIndividual	Agricultural Lung Health Study	3301	The ALHS enroled 3301 participants in the period 2009–2013.	PMID:32381493	farmers and spouses enrolled 2009-2013					2078	The ALHS enroled 3301 participants in the period 2009–2013.	PMID:32381493	farmers and spouses enrolled 2009-2013
COHO:0000742	owl:NamedIndividual	AncestryDNA Human Diversity Project	736723	In less than 4 months during an early phase of the pandemic, we collected survey data from 736,723 AncestryDNA research participants who consented to research.	PMID:35410379	consenting AncestryDNA research participants who answered the 2020 COVID-19 survey (a subset of the Human Diversity Project)								
COHO:0000743	owl:NamedIndividual	All New Diabetics In Scania	8980	We did data-driven cluster analysis (k-means and hierarchical clustering) in patients with newly diagnosed diabetes (n=8980) from the Swedish All New Diabetics in Scania cohort.	PMID:29503172	newly diagnosed patients in the 2018 cluster analysis (analysed subset)								
COHO:0000744	owl:NamedIndividual	Brisbane Longitudinal Twin Study	3408	Currently the BLTS sample comprises both adolescent and young adult twins (3,408 individuals) and their non-twin siblings (1,572), constituting 1,703 families.	https://www.ncbi.nlm.nih.gov/research/bionlp/RESTful/pmcoa.cgi/BioC_xml/PMC3805122/unicode	adolescent and young adult twins in the sample in 2013 (their 1,572 non-twin siblings not included)								
COHO:0000745	owl:NamedIndividual	Coronary ARtery DIsease Genome wide Replication and Meta-analysis					22233	We performed a meta-analysis of 14 genome-wide association studies of coronary artery disease (CAD) comprising 22,233 individuals with CAD (cases) and 64,762 controls of European descent followed by genotyping of top association signals in 56,682 additional individuals.	PMID:21378990	CAD cases and controls of European descent in the 2011 discovery meta-analysis of 14 GWAS	64762	We performed a meta-analysis of 14 genome-wide association studies of coronary artery disease (CAD) comprising 22,233 individuals with CAD (cases) and 64,762 controls of European descent followed by genotyping of top association signals in 56,682 additional individuals.	PMID:21378990	CAD cases and controls of European descent in the 2011 discovery meta-analysis of 14 GWAS
COHO:0000746	owl:NamedIndividual	Centers for AIDS Research Network of Integrated Clinical Systems	51692	As of early of 2026, CNICS contained 51,692 patients.	https://sites.uab.edu/cnics/about/	people with HIV in the cohort, cumulative, as of early 2026								
COHO:0000747	owl:NamedIndividual	Diabetes Control and Complications Trial/Epidemiology of Diabetes Interventions and Complications Study	1441	The DCCT (1982-1993) was a controlled clinical trial in 1,441 subjects with T1DM comparing intensive therapy (INT), aimed at achieving levels of glycemia as close to the nondiabetic range as safely possible, with conventional therapy (CON), which aimed to maintain safe asymptomatic glucose control.	PMID:24356592	people with type 1 diabetes randomised in the DCCT (the cohort followed in EDIC), 1993								
COHO:0000748	owl:NamedIndividual	Danish National Birth Cohort	92274	The DNBC is a collection of data on 92,274 pregnant women recruited between 1996 and 2002, from their first antenatal visit to their general practitioner.	https://media.springernature.com/original/springer-static/esm/art%3A10.1038%2Fs41588-023-01343-9/MediaObjects/41588_2023_1343_MOESM1_ESM.pdf	pregnant women recruited 1996-2002								
COHO:0000749	owl:NamedIndividual	Environment And Genetics in Lung cancer Etiology study					2101	Between 2002 and 2005, we enrolled 2101 incident primary lung cancer cases and 2120 population controls, with 86.6% and 72.4% participation rate, respectively, from a catchment area including 216 municipalities in the Lombardy region of Italy.	PMID:18538025	incident lung cancer cases and population controls enrolled 2002-2005	2120	Between 2002 and 2005, we enrolled 2101 incident primary lung cancer cases and 2120 population controls, with 86.6% and 72.4% participation rate, respectively, from a catchment area including 216 municipalities in the Lombardy region of Italy.	PMID:18538025	incident lung cancer cases and population controls enrolled 2002-2005
COHO:0000750	owl:NamedIndividual	EArly Genetics and Lifecourse Epidemiology consortium					21399	we performed a meta-analysis of >15 million genetic variants in 21,399 cases and 95,464 controls from populations of European, African, Japanese and Latino ancestry, followed by replication in 32,059 cases and 228,628 controls from 18 studies.	https://www.ebi.ac.uk/europepmc/webservices/rest/search?query=EXT_ID:26482879%20AND%20SRC:MED&format=json&resultType=core	discovery cases and controls in the 2015 EAGLE atopic dermatitis meta-analysis	95464	we performed a meta-analysis of >15 million genetic variants in 21,399 cases and 95,464 controls from populations of European, African, Japanese and Latino ancestry, followed by replication in 32,059 cases and 228,628 controls from 18 studies.	https://www.ebi.ac.uk/europepmc/webservices/rest/search?query=EXT_ID:26482879%20AND%20SRC:MED&format=json&resultType=core	discovery cases and controls in the 2015 EAGLE atopic dermatitis meta-analysis
COHO:0000751	owl:NamedIndividual	EAGLE BioVU	15863	The study population consists of 15,863 mostly non-European American subjects from BioVU, the Vanderbilt University Medical Center (VUMC) biorepository linked to de-identified EHRs.	https://www.ebi.ac.uk/europepmc/webservices/rest/PMC5543359/fullTextXML	non-European-American BioVU subjects genotyped on Metabochip by EAGLE (2011)								
COHO:0000752	owl:NamedIndividual	Elucidating Loci Involved in Prostate Cancer Susceptibility	91644	The Elucidating Loci Involved in Prostate Cancer Susceptibility (ELLIPSE) consortium prostate cancer meta-analysis and genotypes (dbGaP Study Accession: phs001120.v1.p1) was accessed to analyze Affymetrix genotype calls for 91,644 male PrCa case/controls.	https://www.ebi.ac.uk/europepmc/webservices/rest/PMC9733391/fullTextXML	prostate cancer cases and controls in the ELLIPSE dbGaP genotype dataset (phs001120) as analysed by the example study								
COHO:0000754	owl:NamedIndividual	GEN-COVID Multicenter Study	1033	As of July 16, 2020, we have collected samples and data from 1033 individuals (1021 without family ties and 12 with family relations).	PMID:33456056	SARS-CoV-2-positive individuals with samples and data collected by 16 July 2020								
COHO:0000755	owl:NamedIndividual	Hawaii Colorectal Cancer Studies 2 and 3					727	We interviewed 727 Japanese, Caucasian or Native Hawaiian cases and 727 controls matched on sex, age, and ethnicity.	https://www.ebi.ac.uk/europepmc/webservices/rest/search?query=EXT_ID:12351160%20AND%20SRC:MED&format=json&resultType=core	interviewed colorectal cancer cases and matched controls in a Hawaii population-based case-control study (probably this one)	727	We interviewed 727 Japanese, Caucasian or Native Hawaiian cases and 727 controls matched on sex, age, and ethnicity.	https://www.ebi.ac.uk/europepmc/webservices/rest/search?query=EXT_ID:12351160%20AND%20SRC:MED&format=json&resultType=core	interviewed colorectal cancer cases and matched controls in a Hawaii population-based case-control study (probably this one)
COHO:0000756	owl:NamedIndividual	Heinz Nixdorf Recall Study	4814	N=4814 participants aged 45–75 years were included in the baseline examination (T0) between 2000 and 2003 (recruitment rate: 55.8%).	https://www.ebi.ac.uk/europepmc/webservices/rest/PMC12458722/fullTextXML	participants aged 45-75 at the baseline examination 2000-2003								
COHO:0000757	owl:NamedIndividual	INflammation, Health, Ancestry and Lung Epidemiology study	3040	These P/LP variants were genotyped in a sample of 3,040 lung cancer cases and controls from the INHALE study (non-Hispanic White: n=1,915; African American: n=1,125) and were tested for their association with lung cancer using multivariate logistic regression adjusting for age, sex, pack-years, and race.	https://europepmc.org/api/getPdf?pmcid=PMC11771983	genotyped lung cancer cases and controls (analysed subset, NHW and AA), 2018	1662	These P/LP variants were genotyped in a sample of 3,040 lung cancer cases and controls from the INHALE study (non-Hispanic White: n=1,915; African American: n=1,125) and were tested for their association with lung cancer using multivariate logistic regression adjusting for age, sex, pack-years, and race.	https://europepmc.org/api/getPdf?pmcid=PMC11771983	genotyped lung cancer cases and controls (analysed subset, NHW and AA), 2018				
COHO:0000758	owl:NamedIndividual	Malmö Diet and Cancer Study–Cardiovascular Cohort	6103	Between October 1991 and February 1994 a randomly selected subgroup of 6103 MDC participants was included into a study focusing on carotid artery disease epidemiology (MDC-CV)12.	https://www.ebi.ac.uk/europepmc/webservices/rest/PMC11109115/fullTextXML	randomly selected MDC participants enrolled into the cardiovascular sub-study 1991-1994								
COHO:0000759	owl:NamedIndividual	MiaLAtinX Consortium					1660	Post-QC, 1660 cases (939 CD, 684 UC, 37 IBDU) and 5614 controls (954 ascertained at recruiting sites and 4660 from SOL) were available for downstream analyses.	https://europepmc.org/api/getPdf?pmcid=PMC13140159	post-QC IBD cases and site-ascertained non-IBD controls	954	Post-QC, 1660 cases (939 CD, 684 UC, 37 IBDU) and 5614 controls (954 ascertained at recruiting sites and 4660 from SOL) were available for downstream analyses.	https://europepmc.org/api/getPdf?pmcid=PMC13140159	post-QC IBD cases and site-ascertained non-IBD controls
COHO:0000760	owl:NamedIndividual	Northern Finland Birth Cohort 1986	9432	The study was based on the Northern Finland Birth Cohort 1986 (NFBC1986) [20], which is an unselected, general population sample based on 9432 live-born children with an expected date of birth between July 1 st, 1985 – June 30th, 1986, in the provinces of Oulu and Lapland [21].	https://www.ebi.ac.uk/europepmc/webservices/rest/PMC13585820/fullTextXML	live-born children with expected birth July 1985-June 1986								
COHO:0000761	owl:NamedIndividual	Ragama Health Study	2985	At the baseline assessment 2985 of the recruited participants had complete data and were followed-up as the Ragama Health Study (RHS) cohort.	PMID:32994253	recruited adults with complete baseline data followed as the RHS cohort (2008)								
COHO:0000762	owl:NamedIndividual	Singapore Chinese Eye Study	3353	We herein report the key findings from the baseline Singapore Chinese Eye Study (SCES-1), and describe the rationale and methodology of the 6-year follow-up study (SCES-2).Methods3353 Chinese adults who participated in the baseline SCES-1 (2009-2011) were invited for the 6-year follow-up SCES-2 (2015-2017).	PMID:31401553	Chinese adults examined at baseline SCES-1 (2009-2011)								
COHO:0000763	owl:NamedIndividual	Singapore Epidemiology of Eye Diseases Study	10033	All subjects provided written informed consent.In brief, an age-stratified random sampling method was used to select 13 271 subjects (4168 Malays, 4497 Indians, and 4606 Chinese) aged 40–80 years, from which a total of 10 033 subjects (3280 Malays, 3400 Indians, and 3353 Chinese) participated in the study, thereby achieving a response rate of 75.6%.	https://www.ebi.ac.uk/europepmc/webservices/rest/PMC10630666/fullTextXML	Malay, Indian and Chinese adults aged 40-80 who took part at baseline (2004-2011)								
COHO:0000764	owl:NamedIndividual	Singapore Indian Eye Study	3400	All subjects provided written informed consent.In brief, an age-stratified random sampling method was used to select 13 271 subjects (4168 Malays, 4497 Indians, and 4606 Chinese) aged 40–80 years, from which a total of 10 033 subjects (3280 Malays, 3400 Indians, and 3353 Chinese) participated in the study, thereby achieving a response rate of 75.6%.	https://www.ebi.ac.uk/europepmc/webservices/rest/PMC10630666/fullTextXML	Indian adults who took part at baseline SINDI (2007-2009)								
COHO:0000765	owl:NamedIndividual	TAICHI Consortium	8556	As part of the TAICHI Consortium, we have collected and genotyped 8556 subjects from Taiwan, comprising 5423 controls and 3133 cases with coronary artery disease, for 9087 CAD SNPs using the CardioMetaboChip.	PMID:26982883	subjects genotyped with the CardioMetaboChip for the TAICHI CAD analysis (CAD cases and controls), 2016	3133	As part of the TAICHI Consortium, we have collected and genotyped 8556 subjects from Taiwan, comprising 5423 controls and 3133 cases with coronary artery disease, for 9087 CAD SNPs using the CardioMetaboChip.	PMID:26982883	subjects genotyped with the CardioMetaboChip for the TAICHI CAD analysis (CAD cases and controls), 2016	5423	As part of the TAICHI Consortium, we have collected and genotyped 8556 subjects from Taiwan, comprising 5423 controls and 3133 cases with coronary artery disease, for 9087 CAD SNPs using the CardioMetaboChip.	PMID:26982883	subjects genotyped with the CardioMetaboChip for the TAICHI CAD analysis (CAD cases and controls), 2016
COHO:0000766	owl:NamedIndividual	University of Southern California Hormone Replacement Therapy Colorectal Cancer Study					831	To further investigate the relationship between menopausal hormones and risk of colon cancer, we conducted a population-based case-control study in Los Angeles County involving 831 women with newly diagnosed colon cancer and 755 population-based control women.	https://www.ebi.ac.uk/europepmc/webservices/rest/search?query=EXT_ID:20064828%20AND%20SRC:MED&format=json&resultType=core	women with newly diagnosed colon cancer and population control women	755	To further investigate the relationship between menopausal hormones and risk of colon cancer, we conducted a population-based case-control study in Los Angeles County involving 831 women with newly diagnosed colon cancer and 755 population-based control women.	https://www.ebi.ac.uk/europepmc/webservices/rest/search?query=EXT_ID:20064828%20AND%20SRC:MED&format=json&resultType=core	women with newly diagnosed colon cancer and population control women
COHO:0000768	owl:NamedIndividual	African Ancestry Prostate Cancer Consortium					4853	To search for additional PCa risk variants in men of African ancestry that may contribute to their greater disease incidence, we combined genetic association results from the African Ancestry Prostate Cancer GWAS Consortium (AAPC; 4853 case subjects and 4678 control subjects) (9), the Ghana Prostate Study (474 case subjects and 458 control subjects) (10), the Kaiser/ProHealth Prostate Cancer Study (601 case subjects and 1650 control subjects) (11), and the ELLIPSE/PRACTICAL OncoArray Consortium (4274 case subjects and 4024 control subjects) (Supplementary Table 1, available online).	PMID:29117387	prostate cancer cases and controls of African ancestry in the AAPC GWAS (as pooled in the 2017 meta-analysis)	4678	To search for additional PCa risk variants in men of African ancestry that may contribute to their greater disease incidence, we combined genetic association results from the African Ancestry Prostate Cancer GWAS Consortium (AAPC; 4853 case subjects and 4678 control subjects) (9), the Ghana Prostate Study (474 case subjects and 458 control subjects) (10), the Kaiser/ProHealth Prostate Cancer Study (601 case subjects and 1650 control subjects) (11), and the ELLIPSE/PRACTICAL OncoArray Consortium (4274 case subjects and 4024 control subjects) (Supplementary Table 1, available online).	PMID:29117387	prostate cancer cases and controls of African ancestry in the AAPC GWAS (as pooled in the 2017 meta-analysis)
COHO:0000769	owl:NamedIndividual	Prevalence, Prediction and Prevention of Diabetes-Botnia Study	5208	Altogether 5,208 individuals (Electronic supplementary material [ESM] Table 1) participated in the study (54.7% of those invited).	https://doi.org/10.1007/s00125-010-1776-y	individuals who participated (random population sample aged 18-75), 2004-2008								
COHO:0000770	owl:NamedIndividual	The Cleft Collective	11298	At the time of writing this protocol, 4020 children born with CL/P had been recruited (a total of 11 298 participants including study child, mothers, fathers, mother’s partner and siblings).	https://www.ebi.ac.uk/europepmc/webservices/rest/PMC11227803/fullTextXML	participants recruited to date (4020 children with cleft plus mothers, fathers, partners and siblings), 2024								
COHO:0000772	owl:NamedIndividual	Collaborative Study on the Genetics of Alcoholism	17878	To date, there have been 17,878 individuals in 2246 families who have participated in one or more of the assessment waves.	https://www.ebi.ac.uk/europepmc/webservices/rest/PMC10550787/fullTextXML	individuals in 2246 families assessed in one or more waves over 30+ years (2023)								
COHO:0000773	owl:NamedIndividual	Colorectal Transdisciplinary Study					7561	This locus has not previously been reported to be associated with CRC.We subsequently replicated these associations in two large colorectal cancer consortia of European-descent populations (allele frequency 0.09): Colorectal Transdisciplinary Study (CORECT) with 7,561 cases and 6,328 controls from 8 participating studies (combined OR = 1.09, P = 0.036, Table 1) and Genetics and Epidemiology of Colorectal Cancer Consortium (GECCO) with 9,262 cases and 11,883 controls from 18 participating studies (combined OR = 1.09, P = 0.018, Table 1).	https://www.ebi.ac.uk/europepmc/webservices/rest/PMC4180879/fullTextXML	colorectal cancer cases and controls of European descent from 8 CORECT studies (replication in the 2014 trans-ethnic GWAS)	6328	This locus has not previously been reported to be associated with CRC.We subsequently replicated these associations in two large colorectal cancer consortia of European-descent populations (allele frequency 0.09): Colorectal Transdisciplinary Study (CORECT) with 7,561 cases and 6,328 controls from 8 participating studies (combined OR = 1.09, P = 0.036, Table 1) and Genetics and Epidemiology of Colorectal Cancer Consortium (GECCO) with 9,262 cases and 11,883 controls from 18 participating studies (combined OR = 1.09, P = 0.018, Table 1).	https://www.ebi.ac.uk/europepmc/webservices/rest/PMC4180879/fullTextXML	colorectal cancer cases and controls of European descent from 8 CORECT studies (replication in the 2014 trans-ethnic GWAS)
COHO:0000774	owl:NamedIndividual	Genetic Associations and Mechanisms in Oncology					47800	Mendelian randomization analyses were conducted using summary statistics obtained for 423 genetic variants identified from a recent GWAS of adult height and from a cancer genetics consortium study of multiple cancers that included 47,800 cases and 81,353 controls.	PMID:27598322	cancer cases and controls in the GAME-ON GWAS data used for the 2016 height Mendelian randomization analysis	81353	Mendelian randomization analyses were conducted using summary statistics obtained for 423 genetic variants identified from a recent GWAS of adult height and from a cancer genetics consortium study of multiple cancers that included 47,800 cases and 81,353 controls.	PMID:27598322	cancer cases and controls in the GAME-ON GWAS data used for the 2016 height Mendelian randomization analysis
COHO:0000775	owl:NamedIndividual	DAHANCA cohort	1183	In a non-hypothesis-driven explorative discovery study, associations were tested in 1183 patients treated within The Danish Head and Neck Cancer Group.	PMID:35039627	HNSCC patients pooled from DAHANCA 10, DAHANCA 19 and the DAHANCA prospective biobank protocol (2000-2011)								
COHO:0000776	owl:NamedIndividual	DiscovEHR study	50726	We sequenced the exomes of 50,726 adult participants in the DiscovEHR study to identify ~4.2 million rare single-nucleotide variants and insertion/deletion events, of which ~176,000 are predicted to result in a loss of gene function.	PMID:28008009	adult MyCode participants exome-sequenced in the first DiscovEHR release (2016)								
COHO:0000777	owl:NamedIndividual	Epidemiological Investigation of Multiple Sclerosis					2805	The ‘Epidemiology in MS’ (EIMS) project, an incident cohort of prospectively recruited patients with MS and matched population controls, has since its start in 2006 included 2805 patients with MS and 5674 controls (March 2015).	https://www.ebi.ac.uk/europepmc/webservices/rest/PMC4657484/fullTextXML	incident MS patients and matched population controls included since 2006 (to March 2015)	5674	The ‘Epidemiology in MS’ (EIMS) project, an incident cohort of prospectively recruited patients with MS and matched population controls, has since its start in 2006 included 2805 patients with MS and 5674 controls (March 2015).	https://www.ebi.ac.uk/europepmc/webservices/rest/PMC4657484/fullTextXML	incident MS patients and matched population controls included since 2006 (to March 2015)
COHO:0000778	owl:NamedIndividual	Swedish MS registry	14500	The SMSreg currently includes data on 14,500 of Sweden's estimated 17,500 prevalent patients with MS.	PMID:26046553	MS patients with data in the registry (of an estimated 17,500 prevalent in Sweden), 2015								
COHO:0000779	owl:NamedIndividual	EUGENE2 study	849	Altogether DNA from 849 non-diabetic offspring was available for examination: Danes (n = 253), Finns (n = 217), Germans (n = 149), Italians (n = 130), and Swedes (n = 100).	https://www.ebi.ac.uk/europepmc/webservices/rest/PMC2747270/fullTextXML	non-diabetic offspring of type 2 diabetes patients with DNA available, five centres (2009)								
COHO:0000780	owl:NamedIndividual	Multi-Site Collaborative Study for Genotype-Phenotype Associations in Alzheimer's Disease					753	The hypothesis-generating data set consisted of 753 individuals with AD by National Institute of Neurological and Communicative Diseases and Stroke/Alzheimer's Disease and Related Disorders Association criteria recruited from 9 memory referral clinics in Canada and 736 ethnically matched control subjects; control subjects were recruited from nonbiological relatives, friends, or spouses of the patients and did not exhibit cognitive impairment by history or cognitive testing.	PMID:17998437	AD cases from 9 Canadian memory clinics and cognitively normal controls in the discovery GWAS (2008)	736	The hypothesis-generating data set consisted of 753 individuals with AD by National Institute of Neurological and Communicative Diseases and Stroke/Alzheimer's Disease and Related Disorders Association criteria recruited from 9 memory referral clinics in Canada and 736 ethnically matched control subjects; control subjects were recruited from nonbiological relatives, friends, or spouses of the patients and did not exhibit cognitive impairment by history or cognitive testing.	PMID:17998437	AD cases from 9 Canadian memory clinics and cognitively normal controls in the discovery GWAS (2008)
COHO:0000781	owl:NamedIndividual	Hospital-based Epidemiologic Research Program at Aichi Cancer Center	22727	Among the participants, 22 727 (97.1%) completed the questionnaire satisfactorily and were enrolled in HERPACC.	https://www.ebi.ac.uk/europepmc/webservices/rest/PMC5142363/fullTextXML	first-visit outpatients enrolled in the HERPACC-2 phase (2001-2005) only								
COHO:0000782	owl:NamedIndividual	Japanese Consortium of Genetic Epidemiology Studies	36305	After quality control of the sample, the JPHC (3,525 men and 6,767 women), J-MICC (6,334 men and 7,736 women), TMM (3,123 men and 5,778 women), and HERPACC (1,502 men and 1,540 women) were combined to analyze 36,305 participants (Table 1).	https://www.ebi.ac.uk/europepmc/webservices/rest/PMC8761561/fullTextXML	healthy participants from JPHC, J-MICC, TMM and HERPACC in the J-CGE BMI/height/weight GWAS (2021)								
COHO:0000783	owl:NamedIndividual	Japan Public Health Center-based Prospective Study	140420	We set up 140,420 cohort subjects (68,722 men and 71,698 women) (61,595 in 1990 as Cohort I and 78,825 in 1993 as Cohort II) based on resident registry of 29 districts under 11 Public Health Center areas and baseline survey were submitted for them.	PMID:11763136	registered residents set up as cohort subjects (Cohort I 1990 and Cohort II 1993), 1990-1993								
COHO:0000784	owl:NamedIndividual	MEGASTROKE consortium	521612	We conducted a multiancestry genome-wide-association meta-analysis in 521,612 individuals (67,162 cases and 454,450 controls) and discovered 22 new stroke risk loci, bringing the total to 32.	PMID:29531354	stroke cases and controls from 29 studies in the 2018 multiancestry GWAS meta-analysis	67162	We conducted a multiancestry genome-wide-association meta-analysis in 521,612 individuals (67,162 cases and 454,450 controls) and discovered 22 new stroke risk loci, bringing the total to 32.	PMID:29531354	stroke cases and controls from 29 studies in the 2018 multiancestry GWAS meta-analysis	454450	We conducted a multiancestry genome-wide-association meta-analysis in 521,612 individuals (67,162 cases and 454,450 controls) and discovered 22 new stroke risk loci, bringing the total to 32.	PMID:29531354	stroke cases and controls from 29 studies in the 2018 multiancestry GWAS meta-analysis
COHO:0000785	owl:NamedIndividual	MEMENTO cohort	2323	The 2323 participants, recruited from April 2011 to June 2014, were aged 71 years, on average (SD 8.7), and 62% were women.	PMID:28851447	non-demented memory-clinic participants recruited April 2011 to June 2014 (2011-2014)								
COHO:0000786	owl:NamedIndividual	Miami Stroke Registry	473	Among 473 stroke patients (mean age 64 ± 14 years; 63.7% were men) of which 52.9% were Hispanic, 22.6% were AA, 13.5% NHBC and 11.0% were NHW.	PMID:24122024	stroke patients prospectively enrolled in the registry and analysed for stroke subtypes (2014 paper)								
COHO:0000787	owl:NamedIndividual	Malmö Preventive Project	33346	MPP is also population-based, including 33,346 participants recruited by pre-specified birth year groups for health examinations from 1974 to 1992.	https://www.ebi.ac.uk/europepmc/webservices/rest/PMC12902255/fullTextXML	Malmö residents recruited by birth-year groups for health examinations, 1974-1992								
COHO:0000788	owl:NamedIndividual	NeuroDys cohort	2108	Cases 148 138 157 107 30 175 78 125 580 958 Controls 199 68 199 116 43 161 155 209 625 1150 Total 347 206 356 223 73 336 233 334 1205 2108	https://pmc.ncbi.nlm.nih.gov/articles/PMC3992562/	dyslexia cases and controls in eight European countries	958	Cases 148 138 157 107 30 175 78 125 580 958 Controls 199 68 199 116 43 161 155 209 625 1150 Total 347 206 356 223 73 336 233 334 1205 2108	https://pmc.ncbi.nlm.nih.gov/articles/PMC3992562/	dyslexia cases and controls in eight European countries	1150	Cases 148 138 157 107 30 175 78 125 580 958 Controls 199 68 199 116 43 161 155 209 625 1150 Total 347 206 356 223 73 336 233 334 1205 2108	https://pmc.ncbi.nlm.nih.gov/articles/PMC3992562/	dyslexia cases and controls in eight European countries
COHO:0000789	owl:NamedIndividual	Nutrition and Health of Aging Population in China	3289	Briefly, 3289 adults aged 50–70 years from Beijing and Shanghai were recruited in 2005, and 2529 (76.9%) of them were followed for 6 years.	PMID:34208976	adults aged 50-70 recruited at baseline (2005)								
COHO:0000790	owl:NamedIndividual	NUgene Project	14000	With over 14,000 samples and corresponding electronic medical record data on Northwestern patients, the NUgene Project can provide both case and control samples and data for research uses.	https://www.cgm.northwestern.edu/cores/nugene/index.html	samples with EMR data on Northwestern patients (stated as over 14,000)								
COHO:0000792	owl:NamedIndividual	Religious Orders Study	1168	From January of 1994 through October of 2011, 1,168 persons agreed to participate and the baseline clinical evaluation has been completed on 1,162.	https://pmc.ncbi.nlm.nih.gov/articles/PMC3409291/	persons who agreed to participate, January 1994 to October 2011								
COHO:0000793	owl:NamedIndividual	Study of Addiction: Genetics and Environment	4121	Total number of consented subjects: 4121	https://www.ncbi.nlm.nih.gov/projects/gap/cgi-bin/study.cgi?study_id=phs000092.v1.p1	consented subjects in the pooled SAGE dataset (COGA, FSCD, COGEND)								
COHO:0000794	owl:NamedIndividual	Study of African Americans, Asthma, Genes and Environments	1730	For the current analyses, a subset of 6021 individuals (4291 Latinos and 1730 African Americans) was selected based on genotype and demographic data availability.	PMID:34834492	analysed subset: African American participants selected for a sex-stratified asthma GWAS								
COHO:0000795	owl:NamedIndividual	Shanghai Breast Cancer Study					3443	A total of 3,443 (response rate: 86.3%) cases and 3,474 (response rate: 78.1%) controls were recruited.	https://pmc.ncbi.nlm.nih.gov/articles/PMC4591050/	cases and controls recruited in phases I and II (no stated overall total), 2005	3474	A total of 3,443 (response rate: 86.3%) cases and 3,474 (response rate: 78.1%) controls were recruited.	https://pmc.ncbi.nlm.nih.gov/articles/PMC4591050/	cases and controls recruited in phases I and II (no stated overall total), 2005
COHO:0000796	owl:NamedIndividual	Singapore Malay Eye Study	3280	The Singapore Malay Eye Study (SiMES) is a population-based, cross-sectional study of Malay adults (N = 3,280), aged 40 – 80 years living in Singapore.	https://media.springernature.com/original/springer-static/esm/art%3A10.1038%2Fng.1019/MediaObjects/41588_2012_BFng1019_MOESM23_ESM.pdf	Malay adults aged 40-80 examined in the baseline study								
COHO:0000797	owl:NamedIndividual	Spanish Bladder Cancer Study					1219	The analysis included 1,219 incident bladder cancer cases and 1,271 controls recruited in Spain in 1998-2001.	PMID:19478234	incident bladder cancer cases and hospital controls recruited 1998-2001 (no stated overall total)	1271	The analysis included 1,219 incident bladder cancer cases and 1,271 controls recruited in Spain in 1998-2001.	PMID:19478234	incident bladder cancer cases and hospital controls recruited 1998-2001 (no stated overall total)
COHO:0000798	owl:NamedIndividual	Shenzhen Maternal and Neonatal NIPT cohort	121556	We recruited 121,556 pregnancy participants from Shenzhen Baoan Women’s and Children’s Hospital (referred to as Baoan) and Longgang District Maternity and Child Healthcare Hospital of Shenzhen City (referred to as Longgang).	https://www.ebi.ac.uk/europepmc/webservices/rest/PMC12053562/fullTextXML	pregnancy participants recruited at the Baoan and Longgang hospitals								
COHO:0000799	owl:NamedIndividual	Translational Genomics Research Institute series 2					668	TGEN2: Among the TGEN2 data analyzed were 668 clinically- and neuropathologically- characterizedbraindonors,and365CNEswithoutdementiaorsignificantAlzheimer’sdisease	https://media.springernature.com/original/springer-static/esm/art%3A10.1038%2Fs41380-024-02838-5/MediaObjects/41380_2024_2838_MOESM1_ESM.pdf	analysed subset: neuropathologically characterised brain donors and cognitively normal elderly (CNEs) in an ADGC analysis (no stated total)	365	TGEN2: Among the TGEN2 data analyzed were 668 clinically- and neuropathologically- characterizedbraindonors,and365CNEswithoutdementiaorsignificantAlzheimer’sdisease	https://media.springernature.com/original/springer-static/esm/art%3A10.1038%2Fs41380-024-02838-5/MediaObjects/41380_2024_2838_MOESM1_ESM.pdf	analysed subset: neuropathologically characterised brain donors and cognitively normal elderly (CNEs) in an ADGC analysis (no stated total)
COHO:0000800	owl:NamedIndividual	Transdisciplinary Research in Cancer of the Lung					29266	Here 14,803 cases and 12,262 controls of European descent were genotyped on the OncoArray and combined with existing data for an aggregated genome-wide association study (GWAS) analysis of lung cancer in 29,266 cases and 56,450 controls.	PMID:28604730	lung cancer cases and controls of European descent in the 2017 TRICL-ILCCO OncoArray aggregated GWAS (no stated overall total)	56450	Here 14,803 cases and 12,262 controls of European descent were genotyped on the OncoArray and combined with existing data for an aggregated genome-wide association study (GWAS) analysis of lung cancer in 29,266 cases and 56,450 controls.	PMID:28604730	lung cancer cases and controls of European descent in the 2017 TRICL-ILCCO OncoArray aggregated GWAS (no stated overall total)
COHO:0000801	owl:NamedIndividual	UK Millennium Cohort Study	18827	The MCS is nationally representative and 18 552 families (18 827 children) were recruited to the cohort in the first sweep.	PMID:24550246	children (in 18,552 families) recruited in the first sweep								
COHO:0000802	owl:NamedIndividual	University Medical Center Groningen Head and Neck cancer Study	1429		https://ars.els-cdn.com/content/image/1-s2.0-S0167814022044863-mmc1.docx	head and neck cancer patients treated with radiotherapy 2007-2020								
COHO:0000803	owl:NamedIndividual	University of Pittsburgh Alzheimer's Disease Research Center	2229	After standard quality control filters for both genotypes and samples and imputing for unobserved genotypes, a total of ∼2.5 million SNPs were examined in 2229 subjects (1291 cases and 938 controls) for association analysis.	https://www.ebi.ac.uk/europepmc/webservices/rest/PMC3365264/fullTextXML	AD cases and controls in the Pittsburgh ADRC GWAS dataset after quality control (2012)	1291	After standard quality control filters for both genotypes and samples and imputing for unobserved genotypes, a total of ∼2.5 million SNPs were examined in 2229 subjects (1291 cases and 938 controls) for association analysis.	https://www.ebi.ac.uk/europepmc/webservices/rest/PMC3365264/fullTextXML	AD cases and controls in the Pittsburgh ADRC GWAS dataset after quality control (2012)	938	After standard quality control filters for both genotypes and samples and imputing for unobserved genotypes, a total of ∼2.5 million SNPs were examined in 2229 subjects (1291 cases and 938 controls) for association analysis.	https://www.ebi.ac.uk/europepmc/webservices/rest/PMC3365264/fullTextXML	AD cases and controls in the Pittsburgh ADRC GWAS dataset after quality control (2012)
COHO:0000804	owl:NamedIndividual	Vanderbilt Memory & Aging Project	335	From September 2012 to November 2014, 335 participants age 60- 92 were enrolled, including 168 individuals with mild cognitive impairment (MCI, 73±8 years, 41% female) and 167 age-, sex-, and race-matched cognitively normal controls (NC, 72±7 years, 41% female).	PMID:26967211	participants aged 60-92 enrolled 2012-2014 (MCI cases and cognitively normal controls)	168	From September 2012 to November 2014, 335 participants age 60- 92 were enrolled, including 168 individuals with mild cognitive impairment (MCI, 73±8 years, 41% female) and 167 age-, sex-, and race-matched cognitively normal controls (NC, 72±7 years, 41% female).	PMID:26967211	participants aged 60-92 enrolled 2012-2014 (MCI cases and cognitively normal controls)	167	From September 2012 to November 2014, 335 participants age 60- 92 were enrolled, including 168 individuals with mild cognitive impairment (MCI, 73±8 years, 41% female) and 167 age-, sex-, and race-matched cognitively normal controls (NC, 72±7 years, 41% female).	PMID:26967211	participants aged 60-92 enrolled 2012-2014 (MCI cases and cognitively normal controls)
COHO:0000805	owl:NamedIndividual	Treatment of Pulmonary Hypertension and Sickle Cell Disease with Sildenafil Therapy	720	Of the 720 subjects who were screened, 74 were randomized to receive placebo (n = 37) or sildenafil (n = 37; Figure 1 ) before the study was prematurely stopped.	https://pmc.ncbi.nlm.nih.gov/articles/PMC3148167/	subjects with sickle cell disease screened (74 of them randomised)								
COHO:0000806	owl:NamedIndividual	Wisconsin Epidemiologic Study of Diabetic Retinopathy	2366	In an 11 county area in southern Wisconsin, a cohort of people with diabetes mellitus was identified and characterised by history, physical examination, fundus photographs, and laboratory evaluation in 1980-2 (n = 2366).	PMID:9422925	people with diabetes examined at baseline 1980-82 (younger-onset and older-onset), 1982								
COHO:0000807	owl:NamedIndividual	Washington Heights-Inwood Columbia Aging Project	5900	Beginning enrolment in 1989, WHICAP has followed more than 5,900 residents over 65 years of age, including white, African American, and Hispanic participants.	https://media.springernature.com/original/springer-static/esm/art%3A10.1038%2Fs41588-022-01024-z/MediaObjects/41588_2022_1024_MOESM1_ESM.pdf	residents over 65 followed since enrolment began (stated as more than 5,900)								
COHO:0000808	owl:NamedIndividual	Han Chinese in Beijing, China	84	CHB Unrelated 84 168 1,662,767 1,332,120 90 / 90	https://media.springernature.com/original/springer-static/esm/art%3A10.1038%2Fnature09298/MediaObjects/41586_2010_BFnature09298_MOESM258_ESM.pdf	unrelated Han Chinese samples passing QC in HapMap 3 (2010)								
COHO:0000809	owl:NamedIndividual	Japanese in Tokyo, Japan	86	JPT Unrelated 86 172 1,663,087 1,300,764 91 / 91	https://media.springernature.com/original/springer-static/esm/art%3A10.1038%2Fnature09298/MediaObjects/41586_2010_BFnature09298_MOESM258_ESM.pdf	unrelated Japanese samples passing QC in HapMap 3 (2010)								
COHO:0000810	owl:NamedIndividual	Rush Memory and Aging Project	1556	From November September of 1997 through November of 2011, 1,556 persons agreed to participate and the baseline clinical evaluation has been completed on 1,489.	https://www.ncbi.nlm.nih.gov/research/bionlp/RESTful/pmcoa.cgi/BioC_xml/PMC3439198/unicode	persons who agreed to participate, 1997-2011								
COHO:0000811	owl:NamedIndividual	Social Science Genetic Association Consortium	3037499	Here we report and analyze results from an updated meta-analysis of EA in a combined sample nearly three times larger ( N = 3,037,499).	https://pmc.ncbi.nlm.nih.gov/articles/PMC9005349/	individuals in the 2022 educational attainment (EA4) GWAS meta-analysis								
COHO:0000812	owl:NamedIndividual	Three-City Study	9294	A total of 9,294 participants (3,649 men and 5,645 women) were recruited from three French cities: Bordeaux (South-West), Dijon (North-East) and Montpellier (South-East).	https://www.three-city-study.com/the-three-city-study.php	participants recruited in Bordeaux, Dijon and Montpellier								
COHO:0000813	owl:NamedIndividual	Association STudy Evaluating RISK for sporadic colorectal cancer	2144	From December 2002 to March 2006, two groups of 1023 patients (632 males and 391 females; mean ± SD age at diagnosis 65.7 ± 10.1 years) and 1121 controls (609 males and 512 females; mean ± SD age at inclusion 61.9 ± 10. years), all of Caucasian origin, were recruited within the Pays de la Loire region of France.	https://www.ebi.ac.uk/europepmc/webservices/rest/PMC2585099/fullTextXML	sporadic colorectal cancer patients and controls recruited 2002-2006	1023	From December 2002 to March 2006, two groups of 1023 patients (632 males and 391 females; mean ± SD age at diagnosis 65.7 ± 10.1 years) and 1121 controls (609 males and 512 females; mean ± SD age at inclusion 61.9 ± 10. years), all of Caucasian origin, were recruited within the Pays de la Loire region of France.	https://www.ebi.ac.uk/europepmc/webservices/rest/PMC2585099/fullTextXML	sporadic colorectal cancer patients and controls recruited 2002-2006	1121	From December 2002 to March 2006, two groups of 1023 patients (632 males and 391 females; mean ± SD age at diagnosis 65.7 ± 10.1 years) and 1121 controls (609 males and 512 females; mean ± SD age at inclusion 61.9 ± 10. years), all of Caucasian origin, were recruited within the Pays de la Loire region of France.	https://www.ebi.ac.uk/europepmc/webservices/rest/PMC2585099/fullTextXML	sporadic colorectal cancer patients and controls recruited 2002-2006
COHO:0000814	owl:NamedIndividual	Aston Dyslexia Cohort	105	The Aston Dyslexia cohort includes 105 unrelated individuals, recruited through the Aston Dyslexia and Developmental Assessment Unit in Birmingham, UK (age range 7–16 years).	https://www.ebi.ac.uk/europepmc/webservices/rest/PMC5538127/fullTextXML	unrelated children and adolescents aged 7-16 genotyped (2017)								
COHO:0000815	owl:NamedIndividual	Brescia Bladder Cancer Study	415	In the present study, complete individual data were available for 199 (out of 201) cases and 213 (out of 214) controls, totaling 412 (instead of 415) subjects.	https://www.ebi.ac.uk/europepmc/webservices/rest/PMC3983188/fullTextXML	male bladder cancer cases and urological controls enrolled 1997-2000	201	In the present study, complete individual data were available for 199 (out of 201) cases and 213 (out of 214) controls, totaling 412 (instead of 415) subjects.	https://www.ebi.ac.uk/europepmc/webservices/rest/PMC3983188/fullTextXML	male bladder cancer cases and urological controls enrolled 1997-2000	214	In the present study, complete individual data were available for 199 (out of 201) cases and 213 (out of 214) controls, totaling 412 (instead of 415) subjects.	https://www.ebi.ac.uk/europepmc/webservices/rest/PMC3983188/fullTextXML	male bladder cancer cases and urological controls enrolled 1997-2000
COHO:0000816	owl:NamedIndividual	Beijing Eye Study	4439	Out of 5324 eligible individuals, 4439 (83.4%) participated in the baseline study in 2001.	https://www.ebi.ac.uk/europepmc/webservices/rest/PMC4210166/fullTextXML	participants aged 40+ examined at baseline in 2001								
COHO:0000817	owl:NamedIndividual	Biomarkers of Cognitive Decline Among Normal Individuals	349	Between 1995 and 2005, 349 cognitively normal, primarily middle‐aged ( M = 57.3 years, standard deviation = 10.4) participants were enrolled after providing written informed consent.	https://www.ebi.ac.uk/europepmc/webservices/rest/PMC9673459/fullTextXML	cognitively normal participants enrolled at the NIH, 1995-2005								
COHO:0000819	owl:NamedIndividual	Copenhagen Prospective Studies on Asthma in Childhood 2010	738	Seven hundred and thirty‐eight mothers were recruited from week 24 of gestation, and 700 of their children were included in the birth cohort.	https://www.ebi.ac.uk/europepmc/webservices/rest/PMC4158856/fullTextXML	pregnant women recruited at week 24, 2008-2010 (700 of their children in the birth cohort)								
COHO:0000820	owl:NamedIndividual	Cohort of Swedish Men	48850	In late fall 1997, 48,850 men (49% response rate) and 39,227 women (70% response rate) completed a 96-item food frequency questionnaire (FFQ) and answered questions about lifestyle factors	https://www.ebi.ac.uk/europepmc/webservices/rest/PMC12335436/fullTextXML	men who completed the baseline questionnaire in 1997								
COHO:0000821	owl:NamedIndividual	Czech Republic Colorectal Cancer Study					718	The Czech cohort comprised 718 CRC cases and 646 controls collected at several oncology departments in the Czech Republic between September 2003 and December 2016.	https://www.ebi.ac.uk/europepmc/webservices/rest/PMC9268344/fullTextXML	CRC cases and controls in the 2022 selenoprotein analysis (analysed subset), 2016	646	The Czech cohort comprised 718 CRC cases and 646 controls collected at several oncology departments in the Czech Republic between September 2003 and December 2016.	https://www.ebi.ac.uk/europepmc/webservices/rest/PMC9268344/fullTextXML	CRC cases and controls in the 2022 selenoprotein analysis (analysed subset), 2016
COHO:0000822	owl:NamedIndividual	Etude des Déterminants/Interaction de la Thrombose veineuse	5000	Since its inception, it has enrolled >5000 patients with VTE.	https://www.ebi.ac.uk/europepmc/webservices/rest/PMC13240746/fullTextXML	patients with VTE enrolled since 2000 (lower bound: '>5000'; controls not counted)								
COHO:0000823	owl:NamedIndividual	Johannesburg Cancer Study	24971	A total of 24 971 black patients with an incident histologically proven (>95%) cancer of any type were enrolled between 1995-2016.	https://www.ebi.ac.uk/europepmc/webservices/rest/search?query=EXT_ID%3A32169796+AND+SRC%3AMED&format=json&resultType=core	Black patients with incident cancer enrolled 1995-2016 (cases and cancer controls together)								
COHO:0000824	owl:NamedIndividual	French Bladder Cancer Study					190	FBCS French Bladder Cancer Study 316 190 84 France: hospital-based NA	https://pmc.ncbi.nlm.nih.gov/articles/PMC2782435/	controls and cases contributed to the International Consortium of Bladder Cancer pooled analyses (analysed subset), 2009	316	FBCS French Bladder Cancer Study 316 190 84 France: hospital-based NA	https://pmc.ncbi.nlm.nih.gov/articles/PMC2782435/	controls and cases contributed to the International Consortium of Bladder Cancer pooled analyses (analysed subset), 2009
COHO:0000825	owl:NamedIndividual	NCI Familial Testicular Cancer Study	749	"""enrollmentInfo"":{""count"":749,""type"":""ACTUAL""}"	https://clinicaltrials.gov/api/v2/studies/NCT00039598	participants (affected men and family members) actually enrolled in NCI protocol 02-C-0178								
COHO:0000826	owl:NamedIndividual	GEnetic Factors for OSteoporosis Consortium	32961	We performed the largest meta-analysis to date on lumbar spine and femoral neck BMD, including 17 genome-wide association studies and 32,961 individuals of European and East Asian ancestry.	https://www.ebi.ac.uk/europepmc/webservices/rest/PMC3338864/fullTextXML	individuals in the discovery meta-analysis of 17 GWAS in the 2012 GEFOS BMD study								
COHO:0000827	owl:NamedIndividual	Human Early Life Exposome	31472	HELIX used a multilevel study design with the entire study population totalling 31 472 mother-child pairs, recruited during pregnancy, in the six existing cohorts (first level); a subcohort of 1301 mother-child pairs where biomarkers, omics signatures and child health outcomes were measured at age 6–11 years (second level) and repeat-sampling panel studies with around 150 children and 150 pregnant women aimed at collecting personal exposure data (third level).	https://www.ebi.ac.uk/europepmc/webservices/rest/PMC6144482/fullTextXML	mother-child pairs in the entire HELIX study population across six birth cohorts								
COHO:0000829	owl:NamedIndividual	International Network Against Venous Thrombosis Consortium					30234	We meta-analyzed GWAS data from 18 studies for 30 234 VTE cases and 172 122 controls and assessed the association between 12 923 718 genetic variants and VTE.	PMID:31420334	VTE cases and controls in the 2019 GWAS meta-analysis of 18 studies	172122	We meta-analyzed GWAS data from 18 studies for 30 234 VTE cases and 172 122 controls and assessed the association between 12 923 718 genetic variants and VTE.	PMID:31420334	VTE cases and controls in the 2019 GWAS meta-analysis of 18 studies
COHO:0000830	owl:NamedIndividual	Los Angeles Bladder Cancer Study					1586	Therefore, a total of 1586 pairs of cases and controls were included in the analyses.	https://www.ebi.ac.uk/europepmc/webservices/rest/PMC2653778/fullTextXML	matched case-control pairs included in the analyses	1586	Therefore, a total of 1586 pairs of cases and controls were included in the analyses.	https://www.ebi.ac.uk/europepmc/webservices/rest/PMC2653778/fullTextXML	matched case-control pairs included in the analyses
COHO:0000831	owl:NamedIndividual	Influence of Life-style factors on Development of the Immune System and Allergies in East and West Germany plus Air Pollution and Genetics on Allergy Development	3097	Of the 3,097 recruited newborns, 1,760 (56.8%) children could be followed until the age of 10 years.	https://www.ebi.ac.uk/europepmc/webservices/rest/PMC6040001/fullTextXML	newborns recruited at birth 1997-1999								
COHO:0000832	owl:NamedIndividual	Mayo Clinic Venous Thromboembolism Study					1503	The discovery study population consisted 1503 VTE cases and 1459 controls (Supplementary Table 1) from a candidate gene (CG) study, as previously described.	https://www.ncbi.nlm.nih.gov/research/bionlp/RESTful/pmcoa.cgi/BioC_xml/PMC3419811/unicode	VTE cases and controls of the Mayo candidate-gene (discovery) study population (2012)	1459	The discovery study population consisted 1503 VTE cases and 1459 controls (Supplementary Table 1) from a candidate gene (CG) study, as previously described.	https://www.ncbi.nlm.nih.gov/research/bionlp/RESTful/pmcoa.cgi/BioC_xml/PMC3419811/unicode	VTE cases and controls of the Mayo candidate-gene (discovery) study population (2012)
COHO:0000833	owl:NamedIndividual	Multicase-Control Study in Spain	10106	Between 2008-2013, 10,106 subjects aged 20-85 were enrolled in 23 hospitals and primary care centres in 12 Spanish provinces including 1,112 cases with a new diagnosis of prostate cancer, 1,738 of breast cancer, 2,140 of colorectal cancer, 459 of gastro-oesophageal cancer, 559 cases with chronic lymphocytic leukaemia and 4,098 population controls frequency matched to cases by age, sex and region of residence.	PMID:25613680	subjects enrolled 2008-2013 (cases of five cancers and population controls)					4098	Between 2008-2013, 10,106 subjects aged 20-85 were enrolled in 23 hospitals and primary care centres in 12 Spanish provinces including 1,112 cases with a new diagnosis of prostate cancer, 1,738 of breast cancer, 2,140 of colorectal cancer, 459 of gastro-oesophageal cancer, 559 cases with chronic lymphocytic leukaemia and 4,098 population controls frequency matched to cases by age, sex and region of residence.	PMID:25613680	subjects enrolled 2008-2013 (cases of five cancers and population controls)
COHO:0000834	owl:NamedIndividual	Microisolates in South Tyrol Study	1314	The prior MICROS study enrolled 1314 residents of three Vinschgau municipalities 18 years or older in 2002–3 and 2007 [8].	https://www.ebi.ac.uk/europepmc/webservices/rest/PMC12119133/fullTextXML	adult residents enrolled 2002-3 and 2007								
COHO:0000835	owl:NamedIndividual	MrOS Sweden	3014	MrOs Sweden is a prospective population-based observational study that at baseline included 3014 men aged 69-81 years.	PMID:30902044	men aged 69-81 included at baseline (2001-2004)								
COHO:0000836	owl:NamedIndividual	New England Bladder Cancer Study					1213	We interviewed 1213 bladder cancer patients (65% of 1878 eligible patients).	https://pmc.ncbi.nlm.nih.gov/articles/PMC2778671/	bladder cancer patients and population controls interviewed 2001-2004	1418	We interviewed 1213 bladder cancer patients (65% of 1878 eligible patients).	https://pmc.ncbi.nlm.nih.gov/articles/PMC2778671/	bladder cancer patients and population controls interviewed 2001-2004
COHO:0000837	owl:NamedIndividual	NINDS Parkinson's Disease dataset	2116	Total number of consented subjects: 2116	https://www.ncbi.nlm.nih.gov/projects/gap/cgi-bin/study.cgi?study_id=phs001172.v1.p2	consented subjects in the dbGaP NINDS Parkinson's Disease Cohort study (phs001172)								
COHO:0000838	owl:NamedIndividual	NPDPSC pathology-confirmed rpAD	115	We identified 115 pathology‐confirmed cases of rpAD in NPDPSC.	https://www.ebi.ac.uk/europepmc/webservices/rest/PMC10984493/fullTextXML	pathology-confirmed rpAD cases identified at NPDPSC								
COHO:0000839	owl:NamedIndividual	Outcome Modifying Genes in Sickle Cell Disease	800	The OMG-SCD study enrolled over 800 adult patients with SCD to study genetic associations with clinical outcomes from five sickle cell centers in the southeastern U.S. between 2002 and 2015.	https://www.ebi.ac.uk/europepmc/webservices/rest/PMC7416942/fullTextXML	adult patients enrolled 2002-2015 (stated as 'over 800')								
COHO:0000840	owl:NamedIndividual	Oxford Parkinson's Disease Centre Discovery Cohort	924	At the time of this analysis, OPDC had recruited 924 patients (see Fig. 1) but we excluded 154 subjects either because of disease duration (41), they had a prior PD probability of <90% clinically (112), or because of a concomitant neurological disorder leading to significant disability in addition to PD, such that assessment of motor function was invalid (1).	https://www.ebi.ac.uk/europepmc/webservices/rest/PMC4923737/fullTextXML	Parkinson's disease patients recruited by the time of analysis (recruitment Sept 2010 to Sept 2014)								
COHO:0000841	owl:NamedIndividual	Australian Alcohol and Nicotine Studies	8754	Genome-wide single nucleotide polymorphism (SNP) genotyping was performed with 8754 individuals (2062 alcohol-dependent cases) selected for informativeness for alcohol use disorder and associated quantitative traits.	PMID:21529783	family members genotyped genome-wide (analysed subset of the families), 2011								
COHO:0000842	owl:NamedIndividual	Parkinson's Disease Biomarkers Program	1082	The PDBP has enrolled 1082 individuals, including 620 with PD, 101 with parkinsonism (46 PSP, 36 MSA, 19 parkinsonism with currently undetermined diagnosis), 23 with essential tremor, and 338 controls (72% of planned enrollment) as of 10/21/2014 (enrollment ends 8/31/2015).	https://www.ncbi.nlm.nih.gov/research/bionlp/RESTful/pmcoa.cgi/BioC_xml/PMC4824671/unicode	participants enrolled as of October 2014 (72% of planned enrolment)					338	The PDBP has enrolled 1082 individuals, including 620 with PD, 101 with parkinsonism (46 PSP, 36 MSA, 19 parkinsonism with currently undetermined diagnosis), 23 with essential tremor, and 338 controls (72% of planned enrollment) as of 10/21/2014 (enrollment ends 8/31/2015).	https://www.ncbi.nlm.nih.gov/research/bionlp/RESTful/pmcoa.cgi/BioC_xml/PMC4824671/unicode	participants enrolled as of October 2014 (72% of planned enrolment)
COHO:0000843	owl:NamedIndividual	Pakistan Genomic Resource	250000	PGR is a growing biobank that aims to enroll 1 million participants across Pakistan and as of September 2023, ~250,000 participants across n = 48 clinical sites in n = 17 cities from all over Pakistan have been enrolled.	https://www.ebi.ac.uk/europepmc/webservices/rest/PMC11399414/fullTextXML	participants enrolled by September 2023 (approximate; target 1 million)								
COHO:0000844	owl:NamedIndividual	Pharmacogenetics of Nicotine Addiction Treatment	1246	1246 participants (662 slow metabolisers of nicotine, 584 normal metabolisers of nicotine) were enrolled and randomly assigned to the three interventions (408 placebo, 418 nicotine patch, 420 varenicline).	PMID:25588294	treatment-seeking smokers enrolled and randomised								
COHO:0000845	owl:NamedIndividual	Riesgo de Enfermedad TROmboembólica VEnosa					398	They include the LURIC (Ludwigshafen Risk and Cardiovascular Health) study, 27 composed of 1833 individuals among whom 100 reported venous thrombosis (VT); a subsample of 1011 participants from the MARTHA (Marseille Thrombosis Association) study, 28 which consists of 1 592 patients with VT; a subsample of 865 participants from the MEGA (Multiple Environmental and Genetic Assessment) study, 29 comprising 1289 patients with VT; and the RETROVE (Riesgo de Enfermedad Tromboembolica Venosa) 30 study, which included a sample of 398 patients with VT and 398 controls.	https://www.ebi.ac.uk/europepmc/webservices/rest/PMC11935730/fullTextXML	patients with VT and controls in the RETROVE study sample	398	They include the LURIC (Ludwigshafen Risk and Cardiovascular Health) study, 27 composed of 1833 individuals among whom 100 reported venous thrombosis (VT); a subsample of 1011 participants from the MARTHA (Marseille Thrombosis Association) study, 28 which consists of 1 592 patients with VT; a subsample of 865 participants from the MEGA (Multiple Environmental and Genetic Assessment) study, 29 comprising 1289 patients with VT; and the RETROVE (Riesgo de Enfermedad Tromboembolica Venosa) 30 study, which included a sample of 398 patients with VT and 398 controls.	https://www.ebi.ac.uk/europepmc/webservices/rest/PMC11935730/fullTextXML	patients with VT and controls in the RETROVE study sample
COHO:0000846	owl:NamedIndividual	Recurrent Venous Thromboembolism Risk Stratification Evaluation	665	Between October 2001 and March 2006, we enrolled 665 participants.	https://pmc.ncbi.nlm.nih.gov/articles/PMC2518177/	participants enrolled October 2001 to March 2006								
COHO:0000847	owl:NamedIndividual	Suivi Temporaire Annuel Non-Invasif de la Santé des Lorrains Assurés Sociaux	4295	The STANISLAS study cohort is a single‐center longitudinal cohort recruited between 1993 and 1995 at the Center for Preventive Medicine in Nancy, France, composed of 1006 families with 4295 subjects.	https://www.ebi.ac.uk/europepmc/webservices/rest/PMC9238600/fullTextXML	subjects in 1006 families recruited 1993-1995								
COHO:0000848	owl:NamedIndividual	Strong Heart Study	4549	This genetic association study used data from the SHS, a large, well-characterized cohort of 4549 self-identified American Indian adults aged 45 years or older, who were recruited from tribal communities in Arizona, Oklahoma, North Dakota, and South Dakota (1989-1991).	https://www.ebi.ac.uk/europepmc/webservices/rest/PMC11904716/fullTextXML	American Indian adults aged 45+ recruited 1989-1991								
COHO:0000850	owl:NamedIndividual	SLI Consortium cohort	840	Amalgamation of the wave 2 sample with the cohort used for the genome screen generated a total of 184 families (840 individuals, 393 independent sib pairs).	PMID:15133743	individuals in 184 nuclear families (waves 1 and 2), 2004								
COHO:0000851	owl:NamedIndividual	US Servicemen's Testicular Tumor Environmental and Endocrine Determinants Study					767	Eligible controls (n=928) were individually matched to cases (n=767) based on age at diagnosis (within 1 year), ethnicity (white, black and other) and date when serum was donated (within 30 days).	https://www.ebi.ac.uk/europepmc/webservices/rest/PMC3314781/fullTextXML	TGCT cases and matched controls enrolled 2002-2005 (no total stated)	928	Eligible controls (n=928) were individually matched to cases (n=767) based on age at diagnosis (within 1 year), ethnicity (white, black and other) and date when serum was donated (within 30 days).	https://www.ebi.ac.uk/europepmc/webservices/rest/PMC3314781/fullTextXML	TGCT cases and matched controls enrolled 2002-2005 (no total stated)
COHO:0000852	owl:NamedIndividual	Tromsø Study	45473	It consists of seven waves, known as Tromsø1 through Tromsø7, and a total of 45 473 people attended one or more surveys.	https://www.ebi.ac.uk/europepmc/webservices/rest/PMC12184346/fullTextXML	people who attended one or more of Tromsø1-Tromsø7 (1974-2016)								
COHO:0000853	owl:NamedIndividual	Texas Bladder Cancer Study					497	Cases (n = 497) and controls (n = 957) in the Texas Bladder Cancer Study (TXBCS) who had been genotyped using a Genome-Wide Association panel were derived from an ongoing hospital-based bladder cancer case-control study [21].	https://www.ebi.ac.uk/europepmc/webservices/rest/PMC3526593/fullTextXML	GWAS-genotyped subset: cases and controls (no total stated)	957	Cases (n = 497) and controls (n = 957) in the Texas Bladder Cancer Study (TXBCS) who had been genotyped using a Genome-Wide Association panel were derived from an ongoing hospital-based bladder cancer case-control study [21].	https://www.ebi.ac.uk/europepmc/webservices/rest/PMC3526593/fullTextXML	GWAS-genotyped subset: cases and controls (no total stated)
COHO:0000854	owl:NamedIndividual	Asia Breast Cancer Consortium	82000	To search for novel breast cancer susceptibility loci, we conducted Asian-specific and cross-ancestry meta-analyses combining the data of the ABCC and the Breast Cancer Association Consortium (BCAC) with a total sample size of approximately 310,000 women (~82,000 Asians and ~228,000 Europeans).	https://www.ebi.ac.uk/europepmc/webservices/rest/PMC7057957/fullTextXML	Asian women (approx.) in the 2020 ABCC+BCAC meta-analysis, GWAS plus replication								
COHO:0000855	owl:NamedIndividual	Atrial Fibrillation Genetics Consortium					65446	In sum, we identified a total of 97 distinct AF loci from 65,446 AF cases and more than 522,000 referents.	https://www.ncbi.nlm.nih.gov/research/bionlp/RESTful/pmcoa.cgi/BioC_xml/PMC6136836/unicode	AF cases in the 2018 multi-ethnic meta-analysis (AFGen + Broad AF + others); total only as 'more than half a million'				
COHO:0000856	owl:NamedIndividual	ASPirin in Reducing Events in the Elderly	19114	Randomization was to daily low-dose aspirin or matching placebo for the 4.7 years of the trial.ResultsOf the 19 114 participants randomized (9525 aspirin, 9589 placebo), 15 668 without in-trial MACE consented to post-trial follow-up.	https://www.ebi.ac.uk/europepmc/webservices/rest/PMC12596486/fullTextXML	participants randomized in the trial								
COHO:0000857	owl:NamedIndividual	Austrian Stroke Prevention Study	1960	The Austrian Stroke Prevention Study recruited 1960 randomly selected subjects aged 50 to 75 years during a 3-year period of enrollment.	PMID:9139470	randomly selected subjects aged 50-75 recruited in the first 3-year enrolment period (1991-1994)								
COHO:0000858	owl:NamedIndividual	Austrian Stroke Prevention Family Study	419	A total of 419 individuals from 176 families were included in the study.	https://www.ebi.ac.uk/europepmc/webservices/rest/PMC9467397/fullTextXML	ASPS participants and first-degree relatives included 2006-2013								
COHO:0000859	owl:NamedIndividual	B-Vitamins for the PRevention Of Osteoporotic Fractures	2919	The intervention comprises a period of two years, and includes 2919 subjects, aged 65 years and older, independently living or institutionalized, with an elevated homocysteine concentration (≥ 12 μmol/L).	https://www.ebi.ac.uk/europepmc/webservices/rest/PMC3266639/fullTextXML	subjects aged 65+ with elevated homocysteine in the trial (2008-2011)								
COHO:0000860	owl:NamedIndividual	Canadian Partnership for Tomorrow's Health	307017	All participant data across the 5 regional cohorts were harmonized.ResultsA total of 307 017 participants aged 30-74 from 8 provinces were recruited.	PMID:29891475	participants aged 30-74 recruited across 5 regional cohorts (2018 profile)								
COHO:0000861	owl:NamedIndividual	DeCOI cohort	1220	These analyses comprehensively characterize the joint contribution of variants of the entire allelic spectrum to severe COVID-19.ResultsThe DeCOI cohortFollowing quality control (see Methods), the DeCOI cohort comprised 1,220 individuals from across the entire phenotypic spectrum of SARS-CoV-2 infections (Figs 1A–1C and S1).	https://www.ebi.ac.uk/europepmc/webservices/rest/PMC11706450/fullTextXML	SARS-CoV-2-positive individuals with WGS after quality control								
COHO:0000862	owl:NamedIndividual	EU-RLS-GENE consortium					7248	International EU-RLS-GENE consortium (7,248 cases (2,479 males and 4,769 females) and 19,802 controls (10,422 males and 9,380 females))	https://www.ebi.ac.uk/europepmc/webservices/rest/PMC11176086/fullTextXML	cases and controls in the EU-RLS-GENE GWAS of the 2024 meta-analysis (no total stated)	19802	International EU-RLS-GENE consortium (7,248 cases (2,479 males and 4,769 females) and 19,802 controls (10,422 males and 9,380 females))	https://www.ebi.ac.uk/europepmc/webservices/rest/PMC11176086/fullTextXML	cases and controls in the EU-RLS-GENE GWAS of the 2024 meta-analysis (no total stated)
COHO:0000864	owl:NamedIndividual	Female Lung Cancer Consortium in Asia					5510	We scanned 5,510 never-smoking female lung cancer cases and 4,544 controls drawn from 14 studies from mainland China, South Korea, Japan, Singapore, Taiwan and Hong Kong.	PMID:23143601	never-smoking female cases and controls scanned in the 2012 FLCCA GWAS (no total stated)	4544	We scanned 5,510 never-smoking female lung cancer cases and 4,544 controls drawn from 14 studies from mainland China, South Korea, Japan, Singapore, Taiwan and Hong Kong.	PMID:23143601	never-smoking female cases and controls scanned in the 2012 FLCCA GWAS (no total stated)
COHO:0000865	owl:NamedIndividual	GlobalGout Genetics Consortium	2600000	Here, we provide insights into the molecular mechanism of the poorly understood inflammatory component of gout from a genome-wide association study (GWAS) of 2.6 million people, including 120,295 people with prevalent gout.	https://www.nature.com/articles/s41588-024-01921-5	people (approx., '2.6 million') in the 2024 gout GWAS the consortium co-authored; includes 23andMe, UK Biobank and other cohorts	120295	Here, we provide insights into the molecular mechanism of the poorly understood inflammatory component of gout from a genome-wide association study (GWAS) of 2.6 million people, including 120,295 people with prevalent gout.	https://www.nature.com/articles/s41588-024-01921-5	people (approx., '2.6 million') in the 2024 gout GWAS the consortium co-authored; includes 23andMe, UK Biobank and other cohorts				
COHO:0000866	owl:NamedIndividual	Growing Up in Singapore Towards healthy Outcomes	1468	The study enrolled 1468 pregnant women at least 18 years of age between June 2009 and September 2010 attending their first trimester antenatal dating ultrasound scan clinic at Singapore’s two major public maternity units.	https://www.ebi.ac.uk/europepmc/webservices/rest/PMC12986960/fullTextXML	pregnant women enrolled June 2009-September 2010 (2009-2010)								
COHO:0000867	owl:NamedIndividual	Hawaii Adenoma Study					914		https://www.ncbi.nlm.nih.gov/research/bionlp/RESTful/pmcoa.cgi/BioC_json/PMC3836614/unicode	analysed subset: adenoma cases and controls with DNA (no total or full enrolment stated)	1188		https://www.ncbi.nlm.nih.gov/research/bionlp/RESTful/pmcoa.cgi/BioC_json/PMC3836614/unicode	analysed subset: adenoma cases and controls with DNA (no total or full enrolment stated)
COHO:0000868	owl:NamedIndividual	Henry Ford Heart Failure Pharmacogenomic Registry	1700	The Henry Ford Heart Failure Pharmacogenomic registry has enrolled more than 1700 HF patients of any type and collected blood/plasma samples and detailed phenotypic information.	https://www.ncbi.nlm.nih.gov/research/bionlp/RESTful/pmcoa.cgi/BioC_xml/PMC5679305/unicode	heart failure patients enrolled (stated as more than 1700), 2017								
COHO:0000869	owl:NamedIndividual	HS Program for Research and Care Excellence	986	We expanded the HS ProCARE study to 986 patients and used METAL to conduct a GWAS meta-analysis across six studies (Table S1; see Supporting Information).	PMID:40650879	patients with hidradenitis suppurativa in the expanded study (2025)								
COHO:0000870	owl:NamedIndividual	IARC Multicenter Case-Control Study					1989	To identify genetic factors that modify disease risk, we conducted a genome-wide association study by analysing 317,139 single-nucleotide polymorphisms in 1,989 lung cancer cases and 2,625 controls from six central European countries.	PMID:18385738	lung cancer cases and controls in the central European GWAS (genotyped subset), 2008	2625	To identify genetic factors that modify disease risk, we conducted a genome-wide association study by analysing 317,139 single-nucleotide polymorphisms in 1,989 lung cancer cases and 2,625 controls from six central European countries.	PMID:18385738	lung cancer cases and controls in the central European GWAS (genotyped subset), 2008
COHO:0000871	owl:NamedIndividual	Identification and prevention of Dietary- and lifestyle-induced health EFfects In Children and infantS	16228	The baseline examination (T0) between September 2007 and June 2008 included 16 228 children aged 2 to 9.9 years from eight European countries: Belgium, Cyprus, Estonia, Germany, Hungary, Italy, Spain and Sweden.	PMID:28040744	children aged 2-9.9 examined at baseline (2007-2008)								
COHO:0000872	owl:NamedIndividual	Insulin Resistance Atherosclerosis Study	1625	A total of 1,625 individuals participated in the baseline IRAS examination (56% women), which occurred between October 1992 and April 1994.	PMID:19808919	participants in the baseline examination (1992-1994)								
COHO:0000873	owl:NamedIndividual	Personalized Medicine Research Project	20000	The Personalized Medicine Research Project is a population based cohort of approximately 20,000 individuals ages 18 and up residing within one of 19 zip codes surrounding Marshfield Wisconsin, USA, who have agreed to provide DNA, serum, and plasma samples to be linked with a dynamic medical record for research [26].	PMID:20565774	adults in the population-based biobank cohort (approximately), 2010								
COHO:0000874	owl:NamedIndividual	MD Anderson Cancer Center lung cancer study					1154	In the discovery phase, we analyzed 315,450 tagging SNPs in 1,154 current and former (ever) smoking cases of European ancestry and 1,137 frequency-matched, ever-smoking controls from Houston, Texas.	PMID:18385676	ever-smoking lung cancer cases and controls in the GWAS discovery phase (genotyped subset), 2008	1137	In the discovery phase, we analyzed 315,450 tagging SNPs in 1,154 current and former (ever) smoking cases of European ancestry and 1,137 frequency-matched, ever-smoking controls from Houston, Texas.	PMID:18385676	ever-smoking lung cancer cases and controls in the GWAS discovery phase (genotyped subset), 2008
COHO:0000875	owl:NamedIndividual	MD Anderson Cancer Center melanoma study					1804	In a discovery cohort of 1804 melanoma cases and 1026 controls, we identified loci at chromosomes 15q13.1 (HERC2/OCA2 region) and 16q24.3 (MC1R) regions that reached genome-wide significance within this study and also found strong evidence for genetic effects on susceptibility to melanoma from markers on chromosome 9p21.3 in the p16/ARF region and on chromosome 1q21.3 (ARNT/LASS2/ANXA9 region).	PMID:21926416	melanoma cases and controls in the GWAS discovery cohort (genotyped, after QC), 2011	1026	In a discovery cohort of 1804 melanoma cases and 1026 controls, we identified loci at chromosomes 15q13.1 (HERC2/OCA2 region) and 16q24.3 (MC1R) regions that reached genome-wide significance within this study and also found strong evidence for genetic effects on susceptibility to melanoma from markers on chromosome 9p21.3 in the p16/ARF region and on chromosome 1q21.3 (ARNT/LASS2/ANXA9 region).	PMID:21926416	melanoma cases and controls in the GWAS discovery cohort (genotyped, after QC), 2011
COHO:0000876	owl:NamedIndividual	National Center for Geriatrics and Gerontology Biobank	16000	As of May 2025, the Biobank has enrolled approximately 16,000 patients from hospitals and holds around 60,000 patient-derived samples, primarily serum and plasma, along with medical information and genomic data.	https://www.ncgg.go.jp/research/biobank/	hospital patients enrolled in the biobank (approximately), as of May 2025								
COHO:0000877	owl:NamedIndividual	Nulliparous Pregnancy Outcomes Study: Monitoring Mothers-to-Be	10038	The study enrolled 10,038 nulliparous people from the first trimester of their pregnancy to participate in three study visits during pregnancy.	PMID:38714721	nulliparous pregnant individuals enrolled in the first trimester (2010-2013)								
COHO:0000878	owl:NamedIndividual	Philadelphia Neurodevelopmental Cohort	9428	Overall, 19,161 individuals met the inclusion criteria; 9,428 (49.2%) of these completed clinical and neurocognitive assessments.	PMID:41287920	youths aged 8-21 who completed the clinical and neurocognitive assessments (2006-2012)								
COHO:0000880	owl:NamedIndividual	Radiogenomics Consortium	12042	Methods: A genome-wide association study meta-analysis was performed using 19 cohorts totaling 12042 patients.	PMID:37862240	radiotherapy patients in the 2023 cross-cancer GWAS meta-analysis of 19 cohorts								
COHO:0000881	owl:NamedIndividual	Study of Epidemiology and Risk Factors in Cancer Heredity					14713	Material and methods Study sample The sample included 17,425 three-generation families ascertained via population-based sampling of breast cancer probands from two studies: 2,712 families from the population-based case-control family study within the Australian Breast Cancer Family Registry (ABCFR) and 14,713 families from the prospective Studies of Epidemiology and Risk Factors in Cancer Heredity (SEARCH) study in the UK.	https://www.ebi.ac.uk/europepmc/webservices/rest/PMC9606477/fullTextXML	breast cancer case families (probands) in the SEARCH breast study only (2022)				
COHO:0000882	owl:NamedIndividual	SEARCH for Diabetes in Youth	20000	There are more than 20,000 study participants representing all different racial and ethnic backgrounds who have helped SEARCH determine the extent of diabetes in the community and its impact on different populations.	https://www.searchfordiabetes.org/	study participants (stated as more than 20,000) on the study website								
COHO:0000883	owl:NamedIndividual	Swedish Rheumatology Quality Register Biobank	5500	SRQb is an ongoing research project currently holding blood samples from >5500 RA patients, with either early RA or starting a bDMARD.	PMID:37326842	RA patients with blood samples in the biobank (stated as more than 5500), 2023								
COHO:0000884	owl:NamedIndividual	Swedish Rheumatology Quality Register	89000		https://srq.nu/en/about-us-health-professional/	patients in the register across over 100 rheumatic diagnoses								
COHO:0000885	owl:NamedIndividual	Skåne University Hospital memory clinic cohort	315	Of the total 315 subjects included in this study, 100% of them were diagnosed as having AD.	https://media.springernature.com/original/springer-static/esm/art%3A10.1038%2Fs41467-026-71682-8/MediaObjects/41467_2026_71682_MOESM1_ESM.pdf	AD patients included in the CSF-biomarker GWAS meta-analysis (analysed subset), 2026								
COHO:0000886	owl:NamedIndividual	Toledo Study for Healthy Aging	2488	Data were taken from the Toledo Study for Healthy Aging, a population-based study conducted on 2,488 individuals aged 65 years and older.	PMID:22159772	people aged 65 and older in the final baseline sample (interviewed), 2006-2009								
COHO:0000887	owl:NamedIndividual	Berlin Aging Study II	2200	Of the original BASE-II sample consisting of 2200 participants, 1671 aged 60 years and above (=older group) were assessed medically at baseline between 2009 and 2014.	PMID:34162642	participants in the original baseline sample (older and younger groups), 2009-2014								
COHO:0000888	owl:NamedIndividual	Rotterdam Study II	3011	In 2000, the RS was extended with a second subcohort (RS-II) of 3011 participants who moved to Ommoord or turned 55 years old.	PMID:40563098	participants enrolled in the second subcohort (RS-II), 2000								
COHO:0000889	owl:NamedIndividual	MrOS Malmö	1005	The participants were recruited and measured at hospitals in the three cities of Malmö (n = 1005), Gothenburg (n = 1010) and Uppsala (n = 999) between October 2001 and December 2004 with an attendance rate of 45% [16].	https://www.ebi.ac.uk/europepmc/webservices/rest/PMC6431016/fullTextXML	men recruited and measured at Malmö, 2001-2004								
COHO:0000890	owl:NamedIndividual	Longitudinal Aging Study Amsterdam	3107	On average 11 months after the LSN interview (wave A), respondents were invited to participate in the first measurement wave of LASA (wave B, n = 3107).	https://www.ebi.ac.uk/europepmc/webservices/rest/PMC12263719/fullTextXML	original cohort at the first LASA wave (wave B, 1992-1993)								
COHO:0000891	owl:NamedIndividual	Finnish Gestational Diabetes Study					1146	The case-control cohort was recruited in 2009–12 and includes 1146 women with GDM and 1066 non-diabetic controls aged 17–48 years, their children and the children’s fathers.	https://www.ebi.ac.uk/europepmc/webservices/rest/PMC7394962/fullTextXML	case-control arm: pregnant women with and without GDM recruited 2009-2012	1066	The case-control cohort was recruited in 2009–12 and includes 1146 women with GDM and 1066 non-diabetic controls aged 17–48 years, their children and the children’s fathers.	https://www.ebi.ac.uk/europepmc/webservices/rest/PMC7394962/fullTextXML	case-control arm: pregnant women with and without GDM recruited 2009-2012
COHO:0000892	owl:NamedIndividual	MrOS Gothenburg	1010	The participants were recruited and measured at hospitals in the three cities of Malmö (n = 1005), Gothenburg (n = 1010) and Uppsala (n = 999) between October 2001 and December 2004 with an attendance rate of 45% [16].	https://www.ebi.ac.uk/europepmc/webservices/rest/PMC6431016/fullTextXML	men recruited and measured at Gothenburg, 2001-2004								
COHO:0000893	owl:NamedIndividual	African Ancestry Anthropometry Genetics Consortium	52895	We performed large scale meta-analyses and replications in up to 52,895 individuals for BMI and up to 23,095 individuals for WHRadjBMI from the African Ancestry Anthropometry Genetics Consortium (AAAGC) using 1000 Genomes phase 1 imputed GWAS to improve coverage of both common and low frequency variants in the low linkage disequilibrium African ancestry genomes.	PMID:28430825	African ancestry individuals in the 2017 BMI meta-analysis (stages 1+2, sex-combined, maximum N)								
COHO:0000894	owl:NamedIndividual	Accelerating Medicines Partnership Parkinson's Disease	10908	AMP PD generates and consolidates data from 10,908 participants from the Unified Cohort (including BioFIND, HBS, LBD, LCC, PDBP, PPMI, STEADY PD, and Sure PD) and the Postmortem Brain Cohort.	https://amp-pd.org/data	participants whose data AMP PD harmonises (Unified Cohort and Postmortem Brain Cohort), current website								
COHO:0000895	owl:NamedIndividual	Salus in Apulia Study	2192	The present study included individuals from the Salus in Apulia Study (MICOL Study plus GreatAGE Study), an ongoing population-based prospective cohort comprising 2192 individuals aged 65 years or older and resident in Castellana Grotte, a town located near Bari, Puglia, in the southeast of Italy.	https://www.ebi.ac.uk/europepmc/webservices/rest/PMC8700814/fullTextXML	individuals aged 65 or older in the cohort (MICOL plus GreatAGE), 2021								
COHO:0000896	owl:NamedIndividual	Beijing Atherosclerosis Study					509	BAS consisted of 509 cases of MI and 1,034 controls genotyped using the Affymetrix Human Mapping 500K Array Set including 500,568 SNPs.	https://www.ncbi.nlm.nih.gov/research/bionlp/RESTful/pmcoa.cgi/BioC_xml/PMC3927410/unicode	MI cases and controls genotyped in the GWAS discovery stage	1034	BAS consisted of 509 cases of MI and 1,034 controls genotyped using the Affymetrix Human Mapping 500K Array Set including 500,568 SNPs.	https://www.ncbi.nlm.nih.gov/research/bionlp/RESTful/pmcoa.cgi/BioC_xml/PMC3927410/unicode	MI cases and controls genotyped in the GWAS discovery stage
COHO:0000897	owl:NamedIndividual	BIObanks Netherlands Internet Collaboration	64941	We performed a genome-wide association mega-analysis of lifetime MDD case-control status in 64 941 individuals (16 655 cases and 48 286 controls) and evaluated the extent to which this design captured common-variant signal by estimating SNP-based heritability and genetic overlap with the latest Psychiatric Genomics Consortium major depression GWAS [10].	https://www.ebi.ac.uk/europepmc/webservices/rest/PMC13569458/fullTextXML	individuals in the lifetime MDD GWAS mega-analysis (16 655 cases, 48 286 controls)	16655	We performed a genome-wide association mega-analysis of lifetime MDD case-control status in 64 941 individuals (16 655 cases and 48 286 controls) and evaluated the extent to which this design captured common-variant signal by estimating SNP-based heritability and genetic overlap with the latest Psychiatric Genomics Consortium major depression GWAS [10].	https://www.ebi.ac.uk/europepmc/webservices/rest/PMC13569458/fullTextXML	individuals in the lifetime MDD GWAS mega-analysis (16 655 cases, 48 286 controls)	48286	We performed a genome-wide association mega-analysis of lifetime MDD case-control status in 64 941 individuals (16 655 cases and 48 286 controls) and evaluated the extent to which this design captured common-variant signal by estimating SNP-based heritability and genetic overlap with the latest Psychiatric Genomics Consortium major depression GWAS [10].	https://www.ebi.ac.uk/europepmc/webservices/rest/PMC13569458/fullTextXML	individuals in the lifetime MDD GWAS mega-analysis (16 655 cases, 48 286 controls)
COHO:0000898	owl:NamedIndividual	Bone Mineral Density in Childhood Study	2014	Two thousand fourteen healthy children (992 males, 22% African-Americans) aged 5-23 yr participated in the study.	PMID:21917867	healthy children who participated (initial cohort plus later enrolment), 5-23 years (2011)								
COHO:0000899	owl:NamedIndividual	Canadian Breast Cancer Study					1134	Relationships between night shift work and breast cancer were examined among 1134 breast cancer cases and 1179 controls, frequency-matched by age in Vancouver, British Columbia, and Kingston, Ontario.	PMID:23817841	breast cancer cases and controls in the study's night shift work analysis (Vancouver and Kingston), 2013	1179	Relationships between night shift work and breast cancer were examined among 1134 breast cancer cases and 1179 controls, frequency-matched by age in Vancouver, British Columbia, and Kingston, Ontario.	PMID:23817841	breast cancer cases and controls in the study's night shift work analysis (Vancouver and Kingston), 2013
COHO:0000900	owl:NamedIndividual	NIHR Cambridge BioResource	17500	There are 13 local NIHR BioResource centres across the country, including the Cambridge centre directed by Dr Bradley on the Addenbrooke’s site, which has recruited more than 17,500 volunteers who live, work or study in the region since its inception in 2005.	https://www.cambridgeindependent.co.uk/news/how-medical-research-is-aided-by-140-000-volunteers-in-the-nihr-bioresource-9076432/	volunteers recruited by the Cambridge centre since 2005 (stated as more than 17,500), 2019								
COHO:0000901	owl:NamedIndividual	Consortium of Investigators of Modifiers of BRCA1 and BRCA2	32613	The genome-wide association analyses for HGSOC were based on up to 398,238 women from OCAC (N = 120,248, 30.2%), UKBB (N = 245,377, 61.6%) and CIMBA (N = 32,613, 8.2%) (Table 1, Supplementary Tables 1, 2).	https://www.ebi.ac.uk/europepmc/webservices/rest/PMC12635163/fullTextXML	European-ancestry BRCA1/2 carriers in the consortium's 2025 HGSOC GWAS (analysed subset)								
COHO:0000902	owl:NamedIndividual	UROMOL project	834	Here, we report an integrative multi-omics analysis of NMIBC tumors from a total of 834 patients included in the UROMOL project.	https://www.ebi.ac.uk/europepmc/webservices/rest/PMC8052448/fullTextXML	NMIBC patients in the 2021 multi-omics analysis (analysed subset)								
COHO:0000903	owl:NamedIndividual	Cardiometabolic Risk in Chinese Study	6431	In the cardiometabolic risk in Chinese (CRC) study, we performed a community-based health examination survey for 6,431 individuals (18-93y) who were randomly selected from residents living in the urban area of Xuzhou, China, in 2009.	https://europepmc.org/api/getPdf?pmcid=PMC4100564	individuals examined in the 2009 community health examination survey								
COHO:0000904	owl:NamedIndividual	Cooperative Research Centre Cohort	80	Participants (N = 804) came from five independent cohorts: 470 participants were recruited by the Clozapine International (CLOZIN) [38–41] consortium in the Netherlands, Germany, Austria, and Finland; 174 participants by the Genetic Risk and Outcome of Psychosis (GROUP) consortium in the Netherlands; 80 participants by the Cooperative Research Centre (CRC) in Australia; 50 participants by Hacettepe University in Turkey; and 30 participants by Mental Health Services Rivierduinen in the Netherlands.	https://www.ebi.ac.uk/europepmc/webservices/rest/PMC8989876/fullTextXML	clozapine-treated participants recruited by the CRC and included in the 2022 GWAS								
COHO:0000905	owl:NamedIndividual	Consortium for Refractive Error and Myopia	44042	Here we present a trans-ethnic meta-analysis of corneal curvature GWAS in 44,042 individuals of Caucasian and Asian with replication in 88,218 UK Biobank data.	PMID:32193507	European and Asian ancestry individuals in the 2020 corneal curvature GWAS meta-analysis								
COHO:0000906	owl:NamedIndividual	Doetinchem Cohort Study	12404	In 1987 it started with an age-sex-stratified sample (20–59 years) of the inhabitants of Doetinchem, a mid-size Dutch town, of whom 12 404 (62%) participated in the baseline examination between 1987 and 1991.	https://www.ebi.ac.uk/europepmc/webservices/rest/PMC5837330/fullTextXML	inhabitants examined at baseline, 1987-1991								
COHO:0000907	owl:NamedIndividual	Genes-environments & Admixture in Latino Americans	4157	Results The GALA II and SAGE II studies have enrolled 4,157 and 1,281 participants, respectively, from 2006 to 2011.	https://pmc.ncbi.nlm.nih.gov/articles/PMC3778732/	participants enrolled 2006-2011 (cases and controls)								
COHO:0000908	owl:NamedIndividual	Groningen Expert Center for Kids with Obesity Drenthe study	2842	Of the 5326 children born between April 2006 and April 2007, 2842 started active participation in the study.	https://www.ebi.ac.uk/europepmc/webservices/rest/PMC8232591/fullTextXML	children actively participating (born April 2006 - April 2007)								
COHO:0000909	owl:NamedIndividual	Genes and Environment in Multiple Sclerosis					6156	Completed GEMS questionnaires were obtained from 6,156 cases and 5,408 controls, with a response rate of 82% for cases and 66% for controls.	https://www.ebi.ac.uk/europepmc/webservices/rest/PMC7176247/fullTextXML	cases and controls with completed GEMS questionnaires, recruited 2009-2011	5408	Completed GEMS questionnaires were obtained from 6,156 cases and 5,408 controls, with a response rate of 82% for cases and 66% for controls.	https://www.ebi.ac.uk/europepmc/webservices/rest/PMC7176247/fullTextXML	cases and controls with completed GEMS questionnaires, recruited 2009-2011
COHO:0000910	owl:NamedIndividual	Georgia Stress and Heart Study	740	The original cohort consisted of 740 participants and began rolling enrollment in 1989.	https://www.ebi.ac.uk/europepmc/webservices/rest/PMC12564484/fullTextXML	participants in the original cohort, rolling enrollment from 1989								
COHO:0000911	owl:NamedIndividual	Health and Ageing in Africa: A Longitudinal Study of an INDEPTH Community in South Africa	5059	Socio-demographic data, infection history, and cognitive performance data were collected from 5059 consented participants (male (n = 2345) and female (n = 2714)) aged 40 years and older recruited from Bushbuckridge, Mpumalanga (November 2014 to November 2015) and a sub-set of 2246 of these participants (male (n = 935) and female (n = 1311)) had genotype data.	https://www.ebi.ac.uk/europepmc/webservices/rest/PMC10043003/fullTextXML	consented participants aged 40+ at baseline, 2014-2015								
COHO:0000912	owl:NamedIndividual	Agincourt Health and Socio-demographic Surveillance System	90000	By mid-2011, the population under surveillance comprised 90 000 people residing in 16 000 households in 27 villages (Table 2).	https://www.ebi.ac.uk/europepmc/webservices/rest/PMC3429877/fullTextXML	people under surveillance (de jure population), mid-2011								
COHO:0000913	owl:NamedIndividual	Health2006 Study	3471	A total of 3,471 (43.8%) persons were examined from 2006–2008.	https://www.ebi.ac.uk/europepmc/webservices/rest/PMC5300151/fullTextXML	persons examined 2006-2008								
COHO:0000914	owl:NamedIndividual	Heidelberger Langzeitstudie zu Risikofaktoren und Diagnose chronischer Erkrankungen	5133	HeiDE is a longitudinal population-based study that started in the 1990s and, at baseline, assessed an array of health-related personality questionnaires in 5133 individuals.	https://www.ebi.ac.uk/europepmc/webservices/rest/search?query=EXT_ID%3A33590662+AND+SRC%3AMED&format=json&resultType=core	individuals assessed at baseline (1990s)								
COHO:0000915	owl:NamedIndividual	Heart Failure Molecular Epidemiology for Therapeutic Targets Consortium					68157	In aggregate, the 51 HERMES cohorts comprise 68 157 HF cases and 949 888 controls of European ancestry with array‐based genotyping (Supporting Information, Table S1 ).	https://www.ebi.ac.uk/europepmc/webservices/rest/PMC8712846/fullTextXML	HF cases and controls of European ancestry across the 51 member cohorts (2021 design paper)	949888	In aggregate, the 51 HERMES cohorts comprise 68 157 HF cases and 949 888 controls of European ancestry with array‐based genotyping (Supporting Information, Table S1 ).	https://www.ebi.ac.uk/europepmc/webservices/rest/PMC8712846/fullTextXML	HF cases and controls of European ancestry across the 51 member cohorts (2021 design paper)
COHO:0000916	owl:NamedIndividual	International Glaucoma Genetics Consortium					34179	We obtained 34,179 POAG cases and 349,321 controls including participants of European, Asian, and African descent from 21 independent studies across the world.	https://www.ebi.ac.uk/europepmc/webservices/rest/PMC7904932/fullTextXML	POAG cases and controls in the 2021 multi-ancestry meta-analysis (21 studies)	349321	We obtained 34,179 POAG cases and 349,321 controls including participants of European, Asian, and African descent from 21 independent studies across the world.	https://www.ebi.ac.uk/europepmc/webservices/rest/PMC7904932/fullTextXML	POAG cases and controls in the 2021 multi-ancestry meta-analysis (21 studies)
COHO:0000917	owl:NamedIndividual	International HIV Controllers Study					974	After quality control and imputation on the basis of HapMap Phase 3 (3), we obtained data on 1,384,048 single-nucleotide polymorphisms (SNPs) in 974 controllers (cases) and 2648 progressors (controls) from multiple populations (table S1).	https://pmc.ncbi.nlm.nih.gov/articles/PMC3235490/	HIV controllers (cases) and progressors (controls) after QC in the 2010 GWAS	2648	After quality control and imputation on the basis of HapMap Phase 3 (3), we obtained data on 1,384,048 single-nucleotide polymorphisms (SNPs) in 974 controllers (cases) and 2648 progressors (controls) from multiple populations (table S1).	https://pmc.ncbi.nlm.nih.gov/articles/PMC3235490/	HIV controllers (cases) and progressors (controls) after QC in the 2010 GWAS
COHO:0000919	owl:NamedIndividual	International Parkinson Disease Genomics Consortium					37688	Between Oct 1, 2017, and Aug 9, 2018, we analysed 7·8 million single nucleotide polymorphisms in 37 688 cases, 18 618 UK Biobank proxy-cases (ie, individuals who do not have Parkinson's disease but have a first degree relative that does), and 1·4 million controls.	https://www.ebi.ac.uk/europepmc/webservices/rest/search?query=EXT_ID%3A31701892+AND+SRC%3AMED&format=json&resultType=core	PD cases and controls in the 2019 European-ancestry GWAS meta-analysis (17 datasets), 2018	1400000	Between Oct 1, 2017, and Aug 9, 2018, we analysed 7·8 million single nucleotide polymorphisms in 37 688 cases, 18 618 UK Biobank proxy-cases (ie, individuals who do not have Parkinson's disease but have a first degree relative that does), and 1·4 million controls.	https://www.ebi.ac.uk/europepmc/webservices/rest/search?query=EXT_ID%3A31701892+AND+SRC%3AMED&format=json&resultType=core	PD cases and controls in the 2019 European-ancestry GWAS meta-analysis (17 datasets), 2018
COHO:0000920	owl:NamedIndividual	Japan PGx Data Science Consortium Database	2994	The database contains the genotypes of 2.5 million single-nucleotide polymorphisms (SNPs) and 5 human leukocyte antigen loci from 2994 Japanese healthy volunteers, as well as 121 kinds of clinical information, including self-reports, physiological data, hematological data and biochemical data.	https://www.ebi.ac.uk/europepmc/webservices/rest/search?query=EXT_ID%3A25855068+AND+SRC%3AMED&format=json&resultType=core	healthy Japanese volunteers genotyped (2015)								
COHO:0000921	owl:NamedIndividual	Justification for the Use of Statins in Prevention: an Intervention Trial Evaluating Rosuvastatin	17802	In brief, JUPITER was a randomized, double‐blind, placebo‐controlled trial of rosuvastatin 20 mg daily versus placebo in the primary prevention of CVD in 17 802 asymptomatic men ≥50 years and women ≥60 years with low‐density lipoprotein cholesterol (LDL‐C) <130 mg/dL and hsCRP (high‐sensitivity C‐reactive protein) ≥2.0 mg/L who were monitored for a median follow‐up period of 1.9 years (maximum 5 years).	https://www.ebi.ac.uk/europepmc/webservices/rest/PMC7660788/fullTextXML	randomised participants								
COHO:0000922	owl:NamedIndividual	KOALA Birth Cohort Study	2877	In total, mothers of 2,877 children were included in the Koala Birth Cohort Study.	https://www.ebi.ac.uk/europepmc/webservices/rest/PMC13335302/fullTextXML	children whose mothers were included, 2000-2002								
COHO:0000923	owl:NamedIndividual	Mayo Clinic Breast Cancer Study	6198	Of 7,300 women approached, 6,198 consented to the study and were asked to provide a blood sample and a baseline questionnaire on personal and family history adapted from the Breast Cancer Family Registry.	https://www.ebi.ac.uk/europepmc/webservices/rest/PMC7193748/fullTextXML	women with breast cancer (cases) consenting to the MCBCS registry, May 2000 - May 2016; controls not included	6198	Of 7,300 women approached, 6,198 consented to the study and were asked to provide a blood sample and a baseline questionnaire on personal and family history adapted from the Breast Cancer Family Registry.	https://www.ebi.ac.uk/europepmc/webservices/rest/PMC7193748/fullTextXML	women with breast cancer (cases) consenting to the MCBCS registry, May 2000 - May 2016; controls not included				
COHO:0000924	owl:NamedIndividual	Mayo Mammography Health Study	19924	Of 38,883 eligible women, 19,924 provided written informed consented (51.2% adjusted response rate) (Figure 1).	https://www.ebi.ac.uk/europepmc/webservices/rest/PMC3701143/fullTextXML	women consenting at screening mammography, 2003-2006								
COHO:0000926	owl:NamedIndividual	National Biobank of Korea	525416	As of December 2011, a total of 525,416 biospecimens with related information have been secured: 325,952 biospecimens from the general population obtained through cohort studies and 199,464 biospecimens of patients from regional biobanks.	https://www.ebi.ac.uk/europepmc/webservices/rest/PMC3738708/fullTextXML	biospecimens with related information secured by the Korea Biobank Project by Dec 2011 (counted as specimens, not explicitly persons)								
COHO:0000927	owl:NamedIndividual	Northern Sweden Health and Disease Study	141910	As of May 2020, 141 910 individuals were enrolled in the NSHDS, with a median age of 50 years and 53% women (Table 1).	https://www.ebi.ac.uk/europepmc/webservices/rest/PMC11790227/fullTextXML	individuals enrolled, as of May 2020								
COHO:0000928	owl:NamedIndividual	Ontario Familial Breast Cancer Registry	4766	Total probands 2927 4766 2160 1134 780 183 11,950	https://europepmc.org/api/getPdf?pmcid=PMC468645	probands (population-based case and control probands and clinic-based probands) enrolled at the Ontario site, 1996-2003; relatives not counted								
COHO:0000929	owl:NamedIndividual	Prolonged Anticoagulation During eighteen months vs placebo after Initial Six-month treatment for a first episode of idiopathic Pulmonary Embolism	371	Randomized, double-blind trial (treatment period, 18 months; median follow-up, 24 months); 371 adult patients who had experienced a first episode of symptomatic unprovoked pulmonary embolism (ie, with no major risk factor for thrombosis) and had been treated initially for 6 uninterrupted months with a vitamin K antagonist were randomized and followed up between July 2007 and September 2014 in 14 French centers.	PMID:26151264	adults randomised to warfarin or placebo (2014)								
COHO:0000930	owl:NamedIndividual	Polish Breast Cancer Study					2386	A total of 2386 cases (79% of eligibles) and 2502 controls (69% of eligibles) agreed to participate in a personal interview regarding known and suspected risk factors for breast cancer.	https://www.ebi.ac.uk/europepmc/webservices/rest/PMC2360503/fullTextXML	cases and controls who agreed to the interview, 2000-2003; no total stated	2502	A total of 2386 cases (79% of eligibles) and 2502 controls (69% of eligibles) agreed to participate in a personal interview regarding known and suspected risk factors for breast cancer.	https://www.ebi.ac.uk/europepmc/webservices/rest/PMC2360503/fullTextXML	cases and controls who agreed to the interview, 2000-2003; no total stated
COHO:0000931	owl:NamedIndividual	Predicting Risk Of Cancer At Screening	57902	A total of 57,902 women agreed to enter PROCAS.	PMID:32203222	women who agreed to enter PROCAS, October 2009 to June 2015								
COHO:0000932	owl:NamedIndividual	Qingdao Twin Registry	10655	By 2005, a total of 10,655 twin pairs had been recruited.	PMID:23182450	twin PAIRS recruited by 2005 (not individuals)								
COHO:0000933	owl:NamedIndividual	Chinese National Twin Registry	61566	The Chinese National Twin Registry (CNTR) currently includes data from 61 566 twin pair from 11 provinces or cities in China.	PMID:31270876	twin PAIRS registered from 11 provinces or cities (not individuals), 2019								
COHO:0000934	owl:NamedIndividual	Reproductive Genetics Consortium	182416	Here, using genome-wide and custom-genotyping arrays in up to 182,416 women of European descent from 57 studies, we found robust evidence (P < 5 × 10(-8)) for 123 signals at 106 genomic loci associated with age at menarche.	PMID:25231870	women of European descent from 57 studies in the 2014 age-at-menarche meta-analysis (stated as up to)								
COHO:0000935	owl:NamedIndividual	Singapore and Sweden Breast Cancer Study					3345	Eighty-four percent of eligible cases ( n = 3345) and 82% of the controls ( n = 3454) ultimately participated in the parent study.	https://www.ebi.ac.uk/europepmc/webservices/rest/PMC468663/fullTextXML	cases and controls who participated in the parent case-control study, 1993-1995; no total stated	3454	Eighty-four percent of eligible cases ( n = 3345) and 82% of the controls ( n = 3454) ultimately participated in the parent study.	https://www.ebi.ac.uk/europepmc/webservices/rest/PMC468663/fullTextXML	cases and controls who participated in the parent case-control study, 1993-1995; no total stated
COHO:0000936	owl:NamedIndividual	Samuel Lunenfeld Research Institute Study					331	SLRIc /Toronto 331 499 Toronto, Canada Hospital-based case–control 317 K 314285	https://europepmc.org/api/getPdf?pmcid=PMC3607485	lung cancer cases and controls genome-wide genotyped, contributed to the 2012 TRICL meta-analysis (analysed subset); no total stated	499	SLRIc /Toronto 331 499 Toronto, Canada Hospital-based case–control 317 K 314285	https://europepmc.org/api/getPdf?pmcid=PMC3607485	lung cancer cases and controls genome-wide genotyped, contributed to the 2012 TRICL meta-analysis (analysed subset); no total stated
COHO:0000937	owl:NamedIndividual	Seoul National University Bundang Hospital cohort	1216	The Seoul National University Bundang Hospital (SNUBH) cohort comprises 1,216 participants, consisting of 610 patients with GC and 606 non-cancer controls, with ages ranging from 26 to 80 years, who were recruited from the enrolled participants who visited the Digestive Disease Center, SNUBH.	https://www.ebi.ac.uk/europepmc/webservices/rest/PMC11842433/fullTextXML	participants genotyped in the SNUBH GWAS cohort (gastric cancer patients and non-cancer controls)	610	The Seoul National University Bundang Hospital (SNUBH) cohort comprises 1,216 participants, consisting of 610 patients with GC and 606 non-cancer controls, with ages ranging from 26 to 80 years, who were recruited from the enrolled participants who visited the Digestive Disease Center, SNUBH.	https://www.ebi.ac.uk/europepmc/webservices/rest/PMC11842433/fullTextXML	participants genotyped in the SNUBH GWAS cohort (gastric cancer patients and non-cancer controls)	606	The Seoul National University Bundang Hospital (SNUBH) cohort comprises 1,216 participants, consisting of 610 patients with GC and 606 non-cancer controls, with ages ranging from 26 to 80 years, who were recruited from the enrolled participants who visited the Digestive Disease Center, SNUBH.	https://www.ebi.ac.uk/europepmc/webservices/rest/PMC11842433/fullTextXML	participants genotyped in the SNUBH GWAS cohort (gastric cancer patients and non-cancer controls)
COHO:0000938	owl:NamedIndividual	Tohoku Medical Megabank Community-Based Cohort Study	87865	All participants agreed to measure genome information and to distribute their information widely.ResultsAs a result, 87,865 gave their informed consent to join our study.	PMID:31932529	adults who gave informed consent to join, 2013-2015 baseline								
COHO:0000939	owl:NamedIndividual	Tohoku Medical Megabank Project Birth and Three-Generation Cohort Study	74116	In the TMM BirThree Cohort Study, 74 116 persons participated as the ‘fetus’ origin cohort, and 73 529 persons participated as the ‘newborn’ origin cohort (Figure 3).	https://www.ebi.ac.uk/europepmc/webservices/rest/PMC7124511/fullTextXML	persons in the 'fetus' origin cohort (pregnant women, fetuses and family members), recruited 2013-2017								
COHO:0000940	owl:NamedIndividual	TRacking Adolescents' Individual Lives Survey Clinical Cohort	543	Data collection in this cohort started a few years after the population cohort, in 2004, with the inclusion of 543 children (response rate 43%).	https://www.ebi.ac.uk/europepmc/webservices/rest/PMC4339762/fullTextXML	clinic-referred children included at baseline from 2004								
COHO:0000941	owl:NamedIndividual	Taiwan-US Diabetic Retinopathy Study	1486	A total of 1486 unrelated type 2 diabetic Taiwanese subjects were included in this study.	https://europepmc.org/api/getPdf?pmcid=PMC3699066	unrelated type 2 diabetic Taiwanese subjects in the TUDR study (1007 discovery plus 479 NPDR extension), 2013								
COHO:0000942	owl:NamedIndividual	Breakthrough Generations Study	112049	Of these women, 112 049 (47%) have returned the questionnaire and become study members.	https://www.ebi.ac.uk/europepmc/webservices/rest/PMC3185950/fullTextXML	women who returned the questionnaire and became study members, 2003-2011								
COHO:0000943	owl:NamedIndividual	DiaGene Study					1886	A total of 1886 patients with T2DM and 854 diabetes-free controls were included.	https://www.ebi.ac.uk/europepmc/webservices/rest/PMC5477157/fullTextXML	patients with type 2 diabetes and diabetes-free controls included, 2006-2011; no total stated	854	A total of 1886 patients with T2DM and 854 diabetes-free controls were included.	https://www.ebi.ac.uk/europepmc/webservices/rest/PMC5477157/fullTextXML	patients with type 2 diabetes and diabetes-free controls included, 2006-2011; no total stated
COHO:0000945	owl:NamedIndividual	ProHealth Kaiser GWAS					7783	Our analyses included 7,783 cases and 38,595 controls after exclusions described here.	https://www.ncbi.nlm.nih.gov/research/bionlp/RESTful/pmcoa.cgi/BioC_xml/PMC4527942/unicode	prostate cancer cases (RPGEH, ProHealth, CMHS) and GERA controls in the 2015 GWAS, after exclusions; no total stated	38595	Our analyses included 7,783 cases and 38,595 controls after exclusions described here.	https://www.ncbi.nlm.nih.gov/research/bionlp/RESTful/pmcoa.cgi/BioC_xml/PMC4527942/unicode	prostate cancer cases (RPGEH, ProHealth, CMHS) and GERA controls in the 2015 GWAS, after exclusions; no total stated
COHO:0000946	owl:NamedIndividual	Genetics of Pancreatic Beta-cell Failure in Mexican-Americans	1383	We tested rs10830963 for association with cross-sectional diabetes-related traits in up to 1,383 individuals or with rate of change in the same phenotypes over a 3-5 year follow-up in up to 374 individuals from the family-based BetaGene study of Mexican Americans.	PMID:24728128	individuals analysed cross-sectionally (stated as up to; analysed subset), 2014								
COHO:0000947	owl:NamedIndividual	Gene-Lifestyle Interactions in Dental Endpoints	26792	There were two principal analyses; one combining DMFS (n = 26,792 from nine studies) and dentures (ncases = 77,714, ncontrols = 383,317); the other combining periodontitis (ncases = 17,353, ncontrols = 28,210 from seven studies) and loose teeth (ncases = 18,979, ncontrols = 442,052).	https://www.ebi.ac.uk/europepmc/webservices/rest/PMC6591304/fullTextXML	participants from nine GLIDE studies in the 2019 dental caries (DMFS) meta-analysis								
COHO:0000948	owl:NamedIndividual	Harvard Aging Brain Study	284	The longitudinal dataset consists of a 284-subject cohort with the following modalities acquired: demographics, clinical assessment, comprehensive neuropsychological testing, clinical biomarkers, and neuroimaging.	PMID:25843019	cognitively normal older adults in the longitudinal cohort (baseline), 2015								
COHO:0000949	owl:NamedIndividual	Hong Kong Osteoporosis Study	9449	Between 1995 and 2010, a total of 9449 southern Chinese women and men were recruited from the community.	https://www.ebi.ac.uk/europepmc/webservices/rest/PMC11509949/fullTextXML	Southern Chinese women and men recruited 1995-2010								
COHO:0000950	owl:NamedIndividual	Study of Asthma Phenotypes and Pharmacogenomic Interactions by Race-Ethnicity	7627	Of the 7,627 SAPPHIRE participants included in this analysis, 6,253 (82%) had a prior diagnosis of asthma, and 1,374 (18%) had no earlier history of asthma at the time of enrollment.	https://pmc.ncbi.nlm.nih.gov/articles/PMC10085828/	analysed subset: SAPPHIRE participants in the 2022 food allergy analysis								
COHO:0000951	owl:NamedIndividual	South Asian Birth Cohort	3024	Number of Participants 3,024	https://www.maelstrom-research.org/study/start	mothers and children (families) in the Maelstrom catalogue entry								
COHO:0000952	owl:NamedIndividual	TRanslational Initiative on Unique and novel strategies for Management of Patients with Heart failure	496	A total of 496 patients were enrolled in the TRIUMPH clinical cohort.	https://www.ebi.ac.uk/europepmc/webservices/rest/PMC5778986/fullTextXML	acute heart failure patients enrolled in the clinical cohort (2014)								
COHO:0000953	owl:NamedIndividual	Australian Stroke Genetics Collaborative					1230	We conducted a GWAS of ischemic stroke in an Australian sample of European ancestry involving 1,230 cases and 1,280 population controls.	https://www.ncbi.nlm.nih.gov/research/bionlp/RESTful/pmcoa.cgi/BioC_xml/PMC3651583/unicode	ischaemic stroke cases and Hunter Community Study controls genotyped for the discovery GWAS (2012)	1280	We conducted a GWAS of ischemic stroke in an Australian sample of European ancestry involving 1,230 cases and 1,280 population controls.	https://www.ncbi.nlm.nih.gov/research/bionlp/RESTful/pmcoa.cgi/BioC_xml/PMC3651583/unicode	ischaemic stroke cases and Hunter Community Study controls genotyped for the discovery GWAS (2012)
COHO:0000954	owl:NamedIndividual	Early Growth Genetics Consortium	321223	In expanded genome-wide association analyses of own birth weight (n = 321,223) and offspring birth weight (n = 230,069 mothers), we identified 190 independent association signals (129 of which are novel).	PMID:31043758	individuals with own birth weight in the 2019 EGG fetal birth weight GWAS meta-analysis								
COHO:0000955	owl:NamedIndividual	Oxford Vascular Study	2305	Among 2305 patients (mean age 74·4 years [SD 13·0]), 688 (30%) had transient ischaemic attacks and 1617 (70%) had strokes.	https://www.ncbi.nlm.nih.gov/research/bionlp/RESTful/pmcoa.cgi/BioC_xml/PMC6390174/unicode	analysed subset: patients with TIA or stroke recruited 2002-2012								
COHO:0000956	owl:NamedIndividual	Prospective Epidemiological Risk Factor Study	5855	PERF is comprised of 5855 post-menopausal Danish women, enrolled at baseline (PERF I) between 1999 and 2001.	https://www.ebi.ac.uk/europepmc/webservices/rest/PMC10754934/fullTextXML	postmenopausal Danish women enrolled at baseline (PERF I) 1999-2001								
COHO:0000957	owl:NamedIndividual	Multiethnic Genome-wide Scan of Prostate Cancer	9457	Total number of consented subjects: 9457	https://www.ncbi.nlm.nih.gov/projects/gap/cgi-bin/study.cgi?study_id=phs000306.v4.p1	consented subjects (cases and controls) in the dbGaP study								
COHO:0000959	owl:NamedIndividual	Barbados Asthma Genetics Study	1527	Total number of consented subjects: 1527	https://www.ncbi.nlm.nih.gov/projects/gap/cgi-bin/study.cgi?study_id=phs001143.v4.p1	consented subjects in the TOPMed BAGS dbGaP study								
COHO:0000960	owl:NamedIndividual	CECILE Breast Cancer Study					1235	Among the 1556 eligible cases identified, 163 refused to participate, 151 could not be contacted and 7 died before the interview, leaving 1235 cases included in the study.	https://www.ebi.ac.uk/europepmc/webservices/rest/PMC6351946/fullTextXML	breast cancer cases and population controls interviewed, 2005-2007	1317	Among the 1556 eligible cases identified, 163 refused to participate, 151 could not be contacted and 7 died before the interview, leaving 1235 cases included in the study.	https://www.ebi.ac.uk/europepmc/webservices/rest/PMC6351946/fullTextXML	breast cancer cases and population controls interviewed, 2005-2007
COHO:0000962	owl:NamedIndividual	GENetic and clinical Predictors Of treatment response in Depression	601	The final number randomised to the trial was 601.	PMID:18498636	participants randomised to citalopram or reboxetine (2008)								
COHO:0000963	owl:NamedIndividual	Tyypin 1 Diabetekseen Sairastuneita Perheenjäsenineen	1111	IDDMGEN Finland Independent 1111 1073 9 (5, 12) 156,343	https://europepmc.org/api/getPdf?pmcid=PMC5719131	analysed subset: independent type 1 diabetes cases genotyped on ImmunoChip (2017)								
COHO:0000965	owl:NamedIndividual	European Study into Digestive Illnesses and Genetics					2009	Tobacco smoking habits and other relevant information were obtained from 2,009 cases and 1,532 controls recruited in the PanGenEU study using standardized tools.	PMID:32051190	pancreatic cancer cases and controls recruited (2020 smoking analysis)	1532	Tobacco smoking habits and other relevant information were obtained from 2,009 cases and 1,532 controls recruited in the PanGenEU study using standardized tools.	PMID:32051190	pancreatic cancer cases and controls recruited (2020 smoking analysis)
COHO:0000966	owl:NamedIndividual	Seoul Breast Cancer Study					4601	Details of the study have been previously published.12 The cases (N = 4601) consisted of women diagnosed with breast cancer admitted to 3 university hospitals in Seoul from 2001 to 2007, which accounts for about 15% to 18% of the total treated breast cancer patients in Korea.	https://www.ebi.ac.uk/europepmc/webservices/rest/PMC4998747/fullTextXML	breast cancer cases (2001-2007) and cancer-free controls	4647	Details of the study have been previously published.12 The cases (N = 4601) consisted of women diagnosed with breast cancer admitted to 3 university hospitals in Seoul from 2001 to 2007, which accounts for about 15% to 18% of the total treated breast cancer patients in Korea.	https://www.ebi.ac.uk/europepmc/webservices/rest/PMC4998747/fullTextXML	breast cancer cases (2001-2007) and cancer-free controls
COHO:0000967	owl:NamedIndividual	Molecular Epidemiology of non-Hodgkin lymphoma					2055	A population-based case-control study of NHL (2,055 cases, 2,081 controls) that included incident cases diagnosed from 2001 through 2006 was conducted in the San Francisco Bay Area.	https://www.ebi.ac.uk/europepmc/webservices/rest/PMC4136881/fullTextXML	incident NHL cases diagnosed 2001-2006 and population controls	2081	A population-based case-control study of NHL (2,055 cases, 2,081 controls) that included incident cases diagnosed from 2001 through 2006 was conducted in the San Francisco Bay Area.	https://www.ebi.ac.uk/europepmc/webservices/rest/PMC4136881/fullTextXML	incident NHL cases diagnosed 2001-2006 and population controls
COHO:0000968	owl:NamedIndividual	Janssen lifetime suicide attempt cohort					255	Janssen (EUR) 255 1684	https://pmc.ncbi.nlm.nih.gov/articles/PMC8851871/	suicide-attempt cases and controls in the ISGC GWAS (analysed subset)	1684	Janssen (EUR) 255 1684	https://pmc.ncbi.nlm.nih.gov/articles/PMC8851871/	suicide-attempt cases and controls in the ISGC GWAS (analysed subset)
COHO:0000969	owl:NamedIndividual	Enhancing NeuroImaging Genetics through Meta-Analysis Consortium	50000	In addition, ENIGMA’s genetic studies are now analyzing imaging and genetics data from more than 50,000 people to uncover genetic markers that most robustly associated with brain structure and function, or imaging derived neurobiological traits related to various disease conditions13–16.	PMID:32198361	"people with imaging and genetic data in ENIGMA's genetic studies (""more than 50,000""), 2020"								
COHO:0000970	owl:NamedIndividual	Tirschenreuth Study	4203	Of 4203 individuals aged 14 years or older enrolled at baseline (BL, June 2020), 3546 participated at FU1 (November 2020) and 3391 at FU2 (April 2021).	PMID:35746640	individuals aged 14+ enrolled at baseline (2020)								
COHO:0000972	owl:NamedIndividual	Broad Cardiovascular Disease Initiative Study	35000	Over 35,000 participants were contributed to this collection with an average case control mix of 2:1.	https://media.springernature.com/original/springer-static/esm/art%3A10.1038%2Fs41588-024-02072-3/MediaObjects/41588_2024_2072_MOESM1_ESM.pdf	"participants contributed to the collection (""over 35,000"")"								
COHO:0000973	owl:NamedIndividual	Canadian Multicentre Osteoporosis Study	9423	Study Population Our study population, recruited between 1995 and 1997, includes 9 423 men and women age 25 and older among which 6539 are women and 2884 are men.	https://camos.org/information/	men and women aged 25+ recruited 1995-1997 (main cohort)								
COHO:0000974	owl:NamedIndividual	Cardiovascular and Metabolic Disease Etiology Research Center-High Risk	3470	Among 3470 individuals in the CMERC-HI cohort, 1569 males underwent coronary calcium scoring; 65 individuals with a study-feasible Framingham score but showing a score of 0 for coronary calcium were enrolled as supernormal.	PMID:35793981	individuals in the cohort								
COHO:0000975	owl:NamedIndividual	French CF Modifier Gene Study	4798	As of January 1, 2017, 4,798 patients with CF had been included (corresponding to ~80% of all French patients with CF9).	PMID:30058245	patients with CF included by 1 January 2017								
COHO:0000976	owl:NamedIndividual	German Dupuytren Study					768	The German cohort consisted of 768 case subjects from the German Dupuytren Study and 1,353 control subjects from the PopGen and KORA studies.	PMID:28886342	cases from the German Dupuytren Study and PopGen/KORA controls in the 2017 GWAS replication	1353	The German cohort consisted of 768 case subjects from the German Dupuytren Study and 1,353 control subjects from the PopGen and KORA studies.	PMID:28886342	cases from the German Dupuytren Study and PopGen/KORA controls in the 2017 GWAS replication
COHO:0000977	owl:NamedIndividual	German Study on the Genetics of Addiction					1333	The target sample comprised 1333 male patients with German ancestry having severe AD requiring hospitalization and 1307 population-based controls, previously described in Treutlein et al.	PMID:29901528	male alcohol-dependent patients and population controls in the target sample	1307	The target sample comprised 1333 male patients with German ancestry having severe AD requiring hospitalization and 1307 population-based controls, previously described in Treutlein et al.	PMID:29901528	male alcohol-dependent patients and population controls in the target sample
COHO:0000978	owl:NamedIndividual	Korean Psychiatric GWAS Project									2271	A cohort of 1538 individuals diagnosed with bipolar I or II disorder (DSM-IV) and 2271 healthy controls were recruited from seven academic institutions and their affiliated hospitals in South Korea through the Korean Psychiatric Genome-Wide Association Study (GWAS) Project.	PMID:42229218	bipolar disorder patients and shared healthy controls (schizophrenia patients counted separately)
COHO:0000979	owl:NamedIndividual	Quebec Founder Population cohort	1502	1502 samples from the Quebec Founder Population (QFP) were included in the study as a replication set (case/control ratio = 1).	PMID:21390209	QFP samples in the Pfizer AD GWAS replication set	751	1502 samples from the Quebec Founder Population (QFP) were included in the study as a replication set (case/control ratio = 1).	PMID:21390209	QFP samples in the Pfizer AD GWAS replication set	751	1502 samples from the Quebec Founder Population (QFP) were included in the study as a replication set (case/control ratio = 1).	PMID:21390209	QFP samples in the Pfizer AD GWAS replication set
COHO:0000980	owl:NamedIndividual	German Sepsis Competence Network	740	We included a total of 805 patients from the GEN-SEP cohort (304 ARDS cases and 501 at-risk controls), 740 patients from SepNet (91 ARDS cases and 649 at-risk controls), and 3570 patients from UKBB (321 ARDS cases and 3249 at-risk controls).	PMID:41033104	SepNet patients (VISEP/MAXSEP, genetic consent) in the ARDS GWAS; ARDS cases and at-risk sepsis controls	91	We included a total of 805 patients from the GEN-SEP cohort (304 ARDS cases and 501 at-risk controls), 740 patients from SepNet (91 ARDS cases and 649 at-risk controls), and 3570 patients from UKBB (321 ARDS cases and 3249 at-risk controls).	PMID:41033104	SepNet patients (VISEP/MAXSEP, genetic consent) in the ARDS GWAS; ARDS cases and at-risk sepsis controls	649	We included a total of 805 patients from the GEN-SEP cohort (304 ARDS cases and 501 at-risk controls), 740 patients from SepNet (91 ARDS cases and 649 at-risk controls), and 3570 patients from UKBB (321 ARDS cases and 3249 at-risk controls).	PMID:41033104	SepNet patients (VISEP/MAXSEP, genetic consent) in the ARDS GWAS; ARDS cases and at-risk sepsis controls
COHO:0000981	owl:NamedIndividual	Study of ALS Reversals 2: Genetic Analyses	23	A total of 23 participants with previously documented ALS Reversal were successfully consented and enrolled.	PMID:39079071	participants with documented ALS Reversal consented and enrolled								
COHO:0000982	owl:NamedIndividual	Steno 2007	500	The first sub-cohort, Steno 2007, consisted of 500 individuals with T1D, of which 77 were excluded due to insufficient material.	PMID:35627254	individuals with newly diagnosed type 1 diabetes in the sub-cohort								
COHO:0000983	owl:NamedIndividual	Studies of a Targeted Risk Reduction Intervention through Defined Exercise	947	A total of 947 adults with dyslipidemia (STRRIDE I, STRRIDE AT/RT) or prediabetes (STRRIDE-PD) were randomized to either inactive control or to 1 of 10 exercise interventions, ranging from doses of 8–23 kcal/kg/week, intensities of 50%–75% V˙O2 peak, and durations of 6–8 months.	PMID:37492634	adults randomised across STRRIDE I, STRRIDE AT/RT and STRRIDE-PD								
COHO:0000984	owl:NamedIndividual	Rare Variants for Hypertension in Taiwan Chinese	2353	All 2,353 THRV subjects were selected for whole genome sequencing through the NHLBI TOPMed WGS program.	https://ftp.ncbi.nlm.nih.gov/dbgap/studies/phs001387/phs001387.v3.p1/GapExchange_phs001387.v3.p1.xml	THRV subjects selected for TOPMed whole-genome sequencing (all three cohorts)								
COHO:0000985	owl:NamedIndividual	Trans-Omics for Precision Medicine Program	53831	Among all variant alleles, 46.0% were singletons, observed once across all 53,831 participants.	PMID:33568819	participants whose genomes were sequenced in the flagship freeze 5 analysis								
COHO:0000986	owl:NamedIndividual	Umeå Fracture and Osteoporosis Study					5000	The UFO-hip and UFO-forearm GWAS fracture cohorts (recruited in 2008) are subcohorts of the UFO cohort, currently including approximately 5000 fracture cases and approximately 5000 controls (30).	PMID:32067027	fracture cases and controls in the UFO-hip and UFO-forearm GWAS subcohorts (approximate), 2020	5000	The UFO-hip and UFO-forearm GWAS fracture cohorts (recruited in 2008) are subcohorts of the UFO cohort, currently including approximately 5000 fracture cases and approximately 5000 controls (30).	PMID:32067027	fracture cases and controls in the UFO-hip and UFO-forearm GWAS subcohorts (approximate), 2020
COHO:0000987	owl:NamedIndividual	Multicenter Study of Hydroxyurea in Sickle Cell Anemia	299	Seventy-five of the original 299 patients died, 28% from pulmonary disease.	PMID:12672732	patients randomised in the trial (1992-1995)								
COHO:0000988	owl:NamedIndividual	PanCareLIFE Work Package 4b	598	Compared to WP5, WP4b investigated a more restricted study population of 598 patients.	PMID:30888333	cisplatin-treated patients without cranial radiotherapy enrolled in WP4b								
COHO:0000989	owl:NamedIndividual	African American Breast Cancer Consortium	5984	Of the 5,984 samples from these studies (3,153 cases and 2,831 controls), we attempted genotyping of 5,932, removing samples (n = 52) with DNA concentrations < 20 ng/ul.	https://www.ncbi.nlm.nih.gov/research/bionlp/RESTful/pmcoa.cgi/BioC_xml/PMC3749077/unicode	cases and controls sampled from the nine member studies for the GWAS	3153	Of the 5,984 samples from these studies (3,153 cases and 2,831 controls), we attempted genotyping of 5,932, removing samples (n = 52) with DNA concentrations < 20 ng/ul.	https://www.ncbi.nlm.nih.gov/research/bionlp/RESTful/pmcoa.cgi/BioC_xml/PMC3749077/unicode	cases and controls sampled from the nine member studies for the GWAS	2831	Of the 5,984 samples from these studies (3,153 cases and 2,831 controls), we attempted genotyping of 5,932, removing samples (n = 52) with DNA concentrations < 20 ng/ul.	https://www.ncbi.nlm.nih.gov/research/bionlp/RESTful/pmcoa.cgi/BioC_xml/PMC3749077/unicode	cases and controls sampled from the nine member studies for the GWAS
COHO:0000990	owl:NamedIndividual	African American-Diabetes Heart Study	717	To determine this, 717 African American-Diabetes Heart Study participants underwent computed tomography to determine coronary artery-, carotid artery-, and aorta-calcified atherosclerotic plaque mass scores in addition to the urine albumin:creatinine ratio (UACR), eGFR, and C-reactive protein (CRP).	PMID:25054777	participants analysed with CT calcified plaque measures (analysed subset)								
COHO:0000991	owl:NamedIndividual	Anti-Aging Study Cohort	2244	Of the 2244 community residents who participated in the health check-up program between February 2006 and March 2023, mid-thigh computed tomography images and postural instability measurements were obtained for 1983.	https://www.ebi.ac.uk/europepmc/webservices/rest/PMC10821963/fullTextXML	community residents who attended the Anti-aging Center health check-up, Feb 2006 to Mar 2023								
COHO:0000992	owl:NamedIndividual	Department of Defense Alzheimer's Disease Neuroimaging Initiative	289	Briefly, participant flow proceeded from the full non-demented DoD-ADNI cohort with baseline neuropsychological testing (n = 289) to the analytic WMH sample (n = 228) and the FreeSurfer subset (n = 183), with participants excluded for incomplete neuropsychological data (n = 5), incomplete/inconclusive TBI/PTSD screening data (n = 17), missing WMH data (n = 39), missing T1 data (n = 11), and FreeSurfer QC failures (n = 34).	https://www.ebi.ac.uk/europepmc/webservices/rest/PMC13311454/fullTextXML	non-demented veterans with baseline neuropsychological testing								
COHO:0000993	owl:NamedIndividual	Anorexia Nervosa Genetics Initiative	13364	Blood samples and clinical information were collected from 13,364 individuals with lifetime AN and from controls.	https://www.ncbi.nlm.nih.gov/research/bionlp/RESTful/pmcoa.cgi/BioC_xml/PMC6338222/unicode	individuals with lifetime AN and controls with blood samples and clinical information								
COHO:0000994	owl:NamedIndividual	Ashford study	642	Of 710 whom we invited to take part in a longitudinal study of childhood asthma, 658 (93%) agreed and subse- quently 625 women gave birth to 642 babies.	https://europepmc.org/api/getPdf?pmcid=PMC1746847	babies born to the 625 recruited women								
COHO:0000995	owl:NamedIndividual	Serial Biomarker Measurements and New Echocardiographic Techniques in Chronic Heart Failure Patients Result in Tailored Prediction of Prognosis	398	"""enrollmentInfo"":{""count"":398,""type"":""ACTUAL""}"	https://clinicaltrials.gov/api/v2/studies/NCT01851538?fields=protocolSection.designModule.enrollmentInfo,protocolSection.statusModule	patients enrolled (actual enrolment in the trial registry), 2020								
COHO:0000997	owl:NamedIndividual	Biobanque québécoise de la COVID-19	2300	However, quality controlled data is currently available for a total of 2,300 enrolled participants (2,256 adults and 44 children recruited between April 2020 and March 2021).	https://www.ebi.ac.uk/europepmc/webservices/rest/PMC8133500/fullTextXML	enrolled participants with quality-controlled data, April 2020 to March 2021								
COHO:0000998	owl:NamedIndividual	Childhood Asthma Management Program	1041	A total of 1,041 participants were enrolled in the trial between 1993 and 1995 at age 5–12 years; follow-up continued to 2012 when participants were aged 22–30 years.	https://www.ebi.ac.uk/europepmc/webservices/rest/PMC8255344/fullTextXML	children aged 5-12 enrolled in the trial, 1993-1995								
COHO:0000999	owl:NamedIndividual	Continental Origins and Genetic Epidemiology Network	16388	In order to address this, we performed a large genome-wide association study (GWAS) of total WBC and cell subtype counts in 16,388 African-American participants from 7 population-based cohorts available in the Continental Origins and Genetic Epidemiology Network.	PMID:21738479	African-American participants from 7 cohorts in the 2011 WBC count GWAS								
COHO:0001001	owl:NamedIndividual	Diabetes Genetics Initiative	2931	The DGI Study material consisting of 2,931 individuals from Finland and Sweden (1,464 patients with type 2 diabetes and 1,467 nondiabetic control subjects) was ascertained as previously described (1,11,12).	https://www.ebi.ac.uk/europepmc/webservices/rest/PMC2570409/fullTextXML	type 2 diabetes patients and nondiabetic controls from Finland and Sweden	1464	The DGI Study material consisting of 2,931 individuals from Finland and Sweden (1,464 patients with type 2 diabetes and 1,467 nondiabetic control subjects) was ascertained as previously described (1,11,12).	https://www.ebi.ac.uk/europepmc/webservices/rest/PMC2570409/fullTextXML	type 2 diabetes patients and nondiabetic controls from Finland and Sweden	1467	The DGI Study material consisting of 2,931 individuals from Finland and Sweden (1,464 patients with type 2 diabetes and 1,467 nondiabetic control subjects) was ascertained as previously described (1,11,12).	https://www.ebi.ac.uk/europepmc/webservices/rest/PMC2570409/fullTextXML	type 2 diabetes patients and nondiabetic controls from Finland and Sweden
COHO:0001002	owl:NamedIndividual	DIAbetes Meta-ANalysis of Trans-Ethnic association studies					180834	We assembled an ancestrally diverse collection of genome-wide association studies (GWAS) of type 2 diabetes (T2D) in 180,834 affected individuals and 1,159,055 controls (48.9% non-European descent) through the Diabetes Meta-Analysis of Trans-Ethnic association studies (DIAMANTE) Consortium.	PMID:35551307	T2D cases and controls in the 2022 multi-ancestry meta-analysis (122 GWAS)	1159055	We assembled an ancestrally diverse collection of genome-wide association studies (GWAS) of type 2 diabetes (T2D) in 180,834 affected individuals and 1,159,055 controls (48.9% non-European descent) through the Diabetes Meta-Analysis of Trans-Ethnic association studies (DIAMANTE) Consortium.	PMID:35551307	T2D cases and controls in the 2022 multi-ancestry meta-analysis (122 GWAS)
COHO:0001003	owl:NamedIndividual	Discovery, Biology, and Risk of Inherited Variants in Breast Cancer	60015	The DRIVE data included under this dbGAP submission include OncoArray data from 60,015 breast cancer cases and controls genotyped at the Center for Inherited Disease Research (CIDR), University of Cambridge, National Cancer Institute, University of Copenhagen, University of Southern California and Mayo Clinic.	https://ftp.ncbi.nlm.nih.gov/dbgap/studies/phs001265/phs001265.v1.p1/GapExchange_phs001265.v1.p1.xml	breast cancer cases and controls genotyped on the OncoArray in DRIVE's dbGaP submission								
COHO:0001004	owl:NamedIndividual	European Prospective Investigation into Cancer and Nutrition–Cardiovascular Disease Study	32549	After exclusion of participants with missing values for smoking variables (n=505), baseline alcohol consumption (51), body mass index (273), physical activity (333), and history of hypertension (1112), 32 549 participants (52% women, 17 015/32 549), remained in the analysis.	https://www.ebi.ac.uk/europepmc/webservices/rest/PMC5972779/fullTextXML	case-cohort participants (incident CVD cases plus subcohort) in the 2018 alcohol analysis, after exclusions (analysed subset), 2010								
COHO:0001006	owl:NamedIndividual	International FTLD-TDP Whole-Genome Sequencing Consortium					985	We report our comprehensive genome-wide association study as part of the International FTLD-TDP Whole-Genome Sequencing Consortium, including 985 patients and 3,153 controls compiled from 26 institutions/brain banks in North America, Europe and Australia, and meta-analysis with the Dementia-seq cohort.	PMID:40280976	FTLD-TDP patients and controls in the 2025 consortium GWAS (26 institutions/brain banks)	3153	We report our comprehensive genome-wide association study as part of the International FTLD-TDP Whole-Genome Sequencing Consortium, including 985 patients and 3,153 controls compiled from 26 institutions/brain banks in North America, Europe and Australia, and meta-analysis with the Dementia-seq cohort.	PMID:40280976	FTLD-TDP patients and controls in the 2025 consortium GWAS (26 institutions/brain banks)
COHO:0001008	owl:NamedIndividual	Genetics of Hypertension Associated Treatment	39114	The original GenHAT study (n = 39,114) evaluated the interaction between candidate hypertensive genetic variants and different antihypertensive treatments to modify the risk of fatal and non-fatal CVD outcomes [24].	PMID:35886043	ALLHAT participants in the original GenHAT study								
COHO:0001009	owl:NamedIndividual	Genetics of Chronic Obstructive Lung Disease	1671	We performed genome-wide association analyses for average cigarettes per day (CPD) across the Genetic Epidemiology of COPD (COPDGene) non-Hispanic white (NHW) (n = 6659) and African American (AA) (n = 3260), GenKOLS (the Genetics of Chronic Obstructive Lung Disease) (n = 1671), and ECLIPSE (the Evaluation of COPD Longitudinally to Identify Predictive Surrogate Endpoints) (n = 1942) cohorts.	PMID:29767774	GenKOLS cases and controls analysed in a smoking GWAS (analysed subset)								
COHO:0001010	owl:NamedIndividual	Genetic Links to Anxiety and Depression Study	79831	79,831 people have signed up so far	https://gladstudy.org.uk/	people signed up to the study (live website counter), 2026								
COHO:0001011	owl:NamedIndividual	Genetics of the Scottish Health Research Register	74000	GoSHARE currently comprises a biobank of ∼74,000 individuals across the National Health Service Fife and the National Health Service Tayside (19).	https://www.ebi.ac.uk/europepmc/webservices/rest/PMC10369131/fullTextXML	individuals in the GoSHARE biobank (approximate), 2023								
COHO:0001012	owl:NamedIndividual	Genes, Reading and Dyslexia Study	1432	Subject recruitment and collection of phenotype data and DNA were completed for 1432 unrelated children.	PMID:30995994	unrelated children recruited with phenotype data and DNA								
COHO:0001013	owl:NamedIndividual	Genetic Resource Investigating Diabetes	8344	A total of 8,344 type 1 diabetic subjects, 10,008 control subjects, and 3,360 type 1 diabetic families were genotyped at the FUT2 SNP rs601338 and at two HLA tag SNPs rs2187668 and rs660895 using TaqMan 5′ nuclease assay (Applied Biosystems, Warrington, U.K.)	https://pmc.ncbi.nlm.nih.gov/articles/PMC3198057/	GRID type 1 diabetes case subjects genotyped for one SNP study (analysed subset)								
COHO:0001014	owl:NamedIndividual	Hypertrophic Cardiomyopathy Registry	2755	The Hypertrophic Cardiomyopathy Registry (HCMR) is a prospective NHLBI-funded registry of 2755 HCM patients recruited across Europe and North America.	https://www.ncbi.nlm.nih.gov/research/bionlp/RESTful/pmcoa.cgi/BioC_xml/PMC6905038/unicode	patients with HCM enrolled at 44 sites in 6 countries								
COHO:0001015	owl:NamedIndividual	Hypertension-Insulin Resistance Family Study	708	GUARDIAN includes 708 of these individuals from 156 families.	https://www.ncbi.nlm.nih.gov/research/bionlp/RESTful/pmcoa.cgi/BioC_xml/PMC3968231/unicode	HTN-IR individuals from 156 families included in GUARDIAN (subset)								
COHO:0001016	owl:NamedIndividual	International AMD Genomics Consortium	43566	Our final data set included a total of 43,566 subjects consisting of 16,144 advanced AMD patients and 17,832 control subjects of European ancestry for our primary analysis, as well as 6,657 Europeans with intermediate disease and 2,933 subjects with Non-European ancestry (Supplementary Table 3B, Supplementary Figure 1).	https://www.ncbi.nlm.nih.gov/research/bionlp/RESTful/pmcoa.cgi/BioC_xml/PMC4745342/unicode	subjects in the 2016 IAMDGC data set after QC (advanced and intermediate AMD, controls)	16144	Our final data set included a total of 43,566 subjects consisting of 16,144 advanced AMD patients and 17,832 control subjects of European ancestry for our primary analysis, as well as 6,657 Europeans with intermediate disease and 2,933 subjects with Non-European ancestry (Supplementary Table 3B, Supplementary Figure 1).	https://www.ncbi.nlm.nih.gov/research/bionlp/RESTful/pmcoa.cgi/BioC_xml/PMC4745342/unicode	subjects in the 2016 IAMDGC data set after QC (advanced and intermediate AMD, controls)	17832	Our final data set included a total of 43,566 subjects consisting of 16,144 advanced AMD patients and 17,832 control subjects of European ancestry for our primary analysis, as well as 6,657 Europeans with intermediate disease and 2,933 subjects with Non-European ancestry (Supplementary Table 3B, Supplementary Figure 1).	https://www.ncbi.nlm.nih.gov/research/bionlp/RESTful/pmcoa.cgi/BioC_xml/PMC4745342/unicode	subjects in the 2016 IAMDGC data set after QC (advanced and intermediate AMD, controls)
COHO:0001017	owl:NamedIndividual	International Stroke Genetics Consortium intracerebral hemorrhage GWAS					1545	The discovery phase included a case cohort of 1,545 individuals (664 lobar and 881 nonlobar cases) and a control cohort of 1,481 individuals and identified two susceptibility loci: for lobar ICH, chromosomal region 12q21.1 (rs11179580, odds ratio [OR] = 1.56, p = 7.0 × 10−8); and for nonlobar ICH, chromosomal region 1q22 (rs2984613, OR = 1.44, p = 1.6 × 10−8).	https://pmc.ncbi.nlm.nih.gov/articles/PMC3980413/	ICH cases and controls in the discovery meta-analysis of six GWAS (2014)	1481	The discovery phase included a case cohort of 1,545 individuals (664 lobar and 881 nonlobar cases) and a control cohort of 1,481 individuals and identified two susceptibility loci: for lobar ICH, chromosomal region 12q21.1 (rs11179580, odds ratio [OR] = 1.56, p = 7.0 × 10−8); and for nonlobar ICH, chromosomal region 1q22 (rs2984613, OR = 1.44, p = 1.6 × 10−8).	https://pmc.ncbi.nlm.nih.gov/articles/PMC3980413/	ICH cases and controls in the discovery meta-analysis of six GWAS (2014)
COHO:0001018	owl:NamedIndividual	UK lung cancer GWAS from the Institute for Cancer Research					1952	We conducted a genome-wide association (GWA) study of lung cancer comparing 511,919 SNP genotypes in 1,952 cases and 1,438 controls.	PMID:18978787	lung cancer cases and 1958 Birth Cohort controls in the ICR GWA study (2008)	1438	We conducted a genome-wide association (GWA) study of lung cancer comparing 511,919 SNP genotypes in 1,952 cases and 1,438 controls.	PMID:18978787	lung cancer cases and 1958 Birth Cohort controls in the ICR GWA study (2008)
COHO:0001019	owl:NamedIndividual	Indian Migration Study	6510	A total of 6,510 participants (42% women) were recruited.	PMID:20436961	participants recruited and analysed, 2005-2007								
COHO:0001020	owl:NamedIndividual	Institute of Rheumatology, Rheumatoid Arthritis	14706	A total of 14,706 patients with RA were enrolled in the IORRA cohort between 2000 and 2021, of whom 6,514 had a disease duration < 4 years.	https://www.ebi.ac.uk/europepmc/webservices/rest/PMC13249915/fullTextXML	patients with RA enrolled in the IORRA cohort 2000-2021								
COHO:0001021	owl:NamedIndividual	International Suicide Genetics Consortium					29782	The primary SA GWAS included 29,782 cases and 519,961 controls from 18 cohorts (Table 1).	https://www.ncbi.nlm.nih.gov/research/bionlp/RESTful/pmcoa.cgi/BioC_xml/PMC8851871/unicode	suicide attempt cases and controls from 18 cohorts in the first ISGC GWAS meta-analysis (2022)	519961	The primary SA GWAS included 29,782 cases and 519,961 controls from 18 cohorts (Table 1).	https://www.ncbi.nlm.nih.gov/research/bionlp/RESTful/pmcoa.cgi/BioC_xml/PMC8851871/unicode	suicide attempt cases and controls from 18 cohorts in the first ISGC GWAS meta-analysis (2022)
COHO:0001022	owl:NamedIndividual	Myocardial Applied Genomics Network	1352	Here, we harvest 1352 healthy and failing human hearts directly from transplant center operating rooms, and obtain genome-wide genotyping and gene expression measurements for a subset of 313.	PMID:31235787	healthy and failing human hearts harvested (tissue biorepository), 2019								
COHO:0001023	owl:NamedIndividual	Massachusetts General Hospital Atrial Fibrillation Study	1025	Total number of consented subjects: 1025	https://www.ncbi.nlm.nih.gov/projects/gap/cgi-bin/study.cgi?study_id=phs001001	consented subjects in the parent dbGaP study (phs001001.v1.p1)								
COHO:0001024	owl:NamedIndividual	NIMH Alzheimer's Disease Genetics Initiative	1397	The total sample is comprised of 437 independent families with at least two affected siblings, totaling 1,397 individuals.	https://www.ncbi.nlm.nih.gov/research/bionlp/RESTful/pmcoa.cgi/BioC_xml/PMC2661765/unicode	individuals in 437 families with at least two affected siblings (total NIMH AD sample), 2009								
COHO:0001025	owl:NamedIndividual	Genomic Health Initiative	60000	To date, GHI includes more than 60,000 participants	https://gut.bmj.com/content/gutjnl/early/2026/07/01/gutjnl-2026-338800/DC1/embed/inline-supplementary-material-1.pdf?download=true	participants enrolled, stated as 'more than 60,000' (lower bound), 2026								
COHO:0001026	owl:NamedIndividual	MRC National Survey of Health and Development	5362	Methods The NSHD is based on a social class stratified sample of 5,362 births of all singleton births that occurred within marriage in a week in March 1946 in England, Scotland and Wales.	https://europepmc.org/api/getPdf?pmcid=PMC3637651	births in the original social-class-stratified sample, March 1946								
COHO:0001027	owl:NamedIndividual	Oxford Down Syndrome Cohort Study	450	Of 450 neonates with DS, 113 (25%) had GATA1s mutations, among whom 20/113 (17.7%) had multiple mutations and 59 (52%) were clinically silent.	PMID:40561204	neonates with Down syndrome studied in the prospective cohort's mature analysis (2025)								
COHO:0001028	owl:NamedIndividual	Pharmacogenetics of Opioid Substitution Treatment Response	3319	Briefly, participants (nGENOA = 1536, nPOST = 3319) were recruited from 76 CATC sites across Ontario, Canada (GENOA, 2013–2016, POST, 2018–present).	https://www.ebi.ac.uk/europepmc/webservices/rest/PMC10724251/fullTextXML	participants recruited to POST, 2018 onward (2023)								
COHO:0001029	owl:NamedIndividual	PROCAM-2 Study	17312	For PROCAM-2, 17,312 employees were recruited in more than 50 regional companies and government authorities on a voluntary basis.	https://media.springernature.com/original/springer-static/esm/art%3A10.1038%2Fs41380-024-02688-1/MediaObjects/41380_2024_2688_MOESM1_ESM.pdf	employees recruited and examined 2000-2007								
COHO:0001030	owl:NamedIndividual	PsyCourse Study	1786	Number of participants (clinical and control combined) by recruitment center descT(v1_center) ## 1 2 3 4 5 6 7 10 11 12 13 14 16 18 19 ## [1,] No. cases 19 39 13 5 50 62 32 8 13 36 13 264 378 104 100 ## [2,] Percent 1.1 2.2 0.7 0.3 2.8 3.5 1.8 0.4 0.7 2 0.7 14.8 21.2 5.8 5.6 ## 20 21 22 23 25 ## [1,] 227 147 102 47 127 1786	https://data.ub.uni-muenchen.de/390/1/230614_PsyCourse_v6.0.html	clinical and control participants assessed at baseline, 2012-2019 (dataset 6.0)	1320	Number of participants (clinical and control combined) by recruitment center descT(v1_center) ## 1 2 3 4 5 6 7 10 11 12 13 14 16 18 19 ## [1,] No. cases 19 39 13 5 50 62 32 8 13 36 13 264 378 104 100 ## [2,] Percent 1.1 2.2 0.7 0.3 2.8 3.5 1.8 0.4 0.7 2 0.7 14.8 21.2 5.8 5.6 ## 20 21 22 23 25 ## [1,] 227 147 102 47 127 1786	https://data.ub.uni-muenchen.de/390/1/230614_PsyCourse_v6.0.html	clinical and control participants assessed at baseline, 2012-2019 (dataset 6.0)	466	Number of participants (clinical and control combined) by recruitment center descT(v1_center) ## 1 2 3 4 5 6 7 10 11 12 13 14 16 18 19 ## [1,] No. cases 19 39 13 5 50 62 32 8 13 36 13 264 378 104 100 ## [2,] Percent 1.1 2.2 0.7 0.3 2.8 3.5 1.8 0.4 0.7 2 0.7 14.8 21.2 5.8 5.6 ## 20 21 22 23 25 ## [1,] 227 147 102 47 127 1786	https://data.ub.uni-muenchen.de/390/1/230614_PsyCourse_v6.0.html	clinical and control participants assessed at baseline, 2012-2019 (dataset 6.0)
COHO:0001031	owl:NamedIndividual	Queensland Study of Melanoma: Environmental and Genetic Associations	3471	A total of 3,471 subjects were interviewed in the Q-MEGA study.	https://pmc.ncbi.nlm.nih.gov/articles/PMC3677021/	cases and relatives interviewed in the 2002-2005 follow-up								
COHO:0001032	owl:NamedIndividual	Royal Brompton & Harefield Cardiovascular Research Centre Biobank	6000	Over 6000 patients and family members have joined the biobank.	https://www.hra.nhs.uk/planning-and-improving-research/application-summaries/research-summaries/royal-brompton-harefield-cardiovascular-research-centre-biobank/	patients and family members who have joined (a lower bound: 'over 6000'), 2019								
COHO:0001033	owl:NamedIndividual	Genome-Wide Association Study of Breast Cancer in the African Diaspora	3686	After these exclusions, a total of 3,686 subjects (1,657 cases and 2,029 controls) were included for the final analysis.	https://pmc.ncbi.nlm.nih.gov/articles/PMC5975608/	cases and controls in the ROOT GWAS after quality control	1657	After these exclusions, a total of 3,686 subjects (1,657 cases and 2,029 controls) were included for the final analysis.	https://pmc.ncbi.nlm.nih.gov/articles/PMC5975608/	cases and controls in the ROOT GWAS after quality control	2029	After these exclusions, a total of 3,686 subjects (1,657 cases and 2,029 controls) were included for the final analysis.	https://pmc.ncbi.nlm.nih.gov/articles/PMC5975608/	cases and controls in the ROOT GWAS after quality control
COHO:0001034	owl:NamedIndividual	Study of Eczema and Asthma To Observe the influence of Nutrition	2000	Two thousand women were recruited for a prospective investigation of the influence of maternal antioxidant intake in pregnancy on the development of asthma and eczema in children.	https://www.ebi.ac.uk/europepmc/webservices/rest/search?query=EXT_ID%3A15531754+AND+SRC%3AMED&format=json&resultType=core	pregnant women recruited								
COHO:0001035	owl:NamedIndividual	Treatment of Emphysema with a Gamma-Selective Retinoid Agonist	491	"""enrollmentInfo"":{""count"":491,""type"":""ACTUAL""}"	https://clinicaltrials.gov/api/v2/studies/NCT00413205	actual enrolment in the trial (2007-2010)								
COHO:0001036	owl:NamedIndividual	TRoglitazone In the Prevention Of Diabetes	266	was a randomized, placebo-controlled trial of 266 women with recent gestational diabetes, with 126 completing the treatment of 3.6 years, with an eight-month, post-drug washout period.	https://www.ebi.ac.uk/europepmc/webservices/rest/PMC3263195/fullTextXML	women randomised								
COHO:0001037	owl:NamedIndividual	UK Digital Heart Project	1850	Healthy volunteers (n = 1850; 55% females, mean age 41 ± 13 years) were recruited prospectively to the Digital Heart Project and underwent both standard CMR and high-spatial resolution 3D-CMR (Philips 1.	https://www.ebi.ac.uk/europepmc/webservices/rest/PMC5032181/fullTextXML	healthy volunteers recruited and imaged (2016)								
COHO:0001038	owl:NamedIndividual	Vitamin Intervention for Stroke Prevention	3680	3680 adults with nondisabling cerebral infarction at 56 university-affiliated hospitals, community hospitals, private neurology practices, and Veterans Affairs medical centers across the United States, Canada, and Scotland.	https://www.ebi.ac.uk/europepmc/webservices/rest/search?query=EXT_ID%3A14762035+AND+SRC%3AMED&format=json&resultType=core	adults randomised, September 1996 to May 2003								
COHO:0001039	owl:NamedIndividual	Women of African Ancestry Breast Cancer Study					308	After quality control, we included 308 cases and 292 controls of African ancestry from WAABCS in the OncoArray consortium.	https://media.springernature.com/original/springer-static/esm/art%3A10.1038%2Fs41588-024-01736-4/MediaObjects/41588_2024_1736_MOESM1_ESM.pdf	analysed subset only: cases and controls genotyped in the GAME-ON OncoArray consortium after QC	292	After quality control, we included 308 cases and 292 controls of African ancestry from WAABCS in the OncoArray consortium.	https://media.springernature.com/original/springer-static/esm/art%3A10.1038%2Fs41588-024-01736-4/MediaObjects/41588_2024_1736_MOESM1_ESM.pdf	analysed subset only: cases and controls genotyped in the GAME-ON OncoArray consortium after QC
COHO:0001040	owl:NamedIndividual	Wake Forest School of Medicine Study					965	We performed a Genome Wide Association Study (GWAS) using the Affymetrix 6.0 array in 965 African-American cases with T2DM and end-stage renal disease (T2DM-ESRD) and 1029 population-based controls.	https://www.ebi.ac.uk/europepmc/webservices/rest/search?query=EXT_ID%3A22238593+AND+SRC%3AMED&format=json&resultType=core	analysed subset only: T2DM-ESRD cases and controls in the 2012 GWAS	1029	We performed a Genome Wide Association Study (GWAS) using the Affymetrix 6.0 array in 965 African-American cases with T2DM and end-stage renal disease (T2DM-ESRD) and 1029 population-based controls.	https://www.ebi.ac.uk/europepmc/webservices/rest/search?query=EXT_ID%3A22238593+AND+SRC%3AMED&format=json&resultType=core	analysed subset only: T2DM-ESRD cases and controls in the 2012 GWAS
COHO:0001041	owl:NamedIndividual	University of Miami/Texas Alzheimer's Research Care Consortium Wave 2/Case Western Reserve University					256	UM/CWRU/TARCC2: The UM/CWRU/TARCC2 sample included 256 cases and 189 controls from the University of Miami, Case Western Reserve University, and the Texas Alzheimer’s Research Care Consortium (wave 2).	https://media.springernature.com/original/springer-static/esm/art%3A10.1038%2Fs41380-024-02838-5/MediaObjects/41380_2024_2838_MOESM1_ESM.pdf	cases and controls in the ADGC dataset (no total stated)	189	UM/CWRU/TARCC2: The UM/CWRU/TARCC2 sample included 256 cases and 189 controls from the University of Miami, Case Western Reserve University, and the Texas Alzheimer’s Research Care Consortium (wave 2).	https://media.springernature.com/original/springer-static/esm/art%3A10.1038%2Fs41380-024-02838-5/MediaObjects/41380_2024_2838_MOESM1_ESM.pdf	cases and controls in the ADGC dataset (no total stated)
COHO:0001043	owl:NamedIndividual	Genetics of Long COVID	1829	At the time of analysis, a total of 1829 individuals in the GOLD study had a self-reported COVID-19 diagnosis.	https://www.ebi.ac.uk/europepmc/webservices/rest/PMC10621206/fullTextXML	subset: participants with a self-reported COVID-19 diagnosis at the time of analysis (2022)								
COHO:0001044	owl:NamedIndividual	Japan COVID-19 Task Force	1674	The median (interquartile range) age of the 1674 patients included in the analysis was 59 (45–71) years, and more than half of the patients (66.2%) were male.	https://www.ebi.ac.uk/europepmc/webservices/rest/PMC8482546/fullTextXML	hospitalised COVID-19 patients enrolled to date and analysed in the preliminary baseline report (2021)								
COHO:0001045	owl:NamedIndividual	NIDDM-Atherosclerosis Study	188	Clinical characteristics of the seven cohorts comprising GUARDIAN (mean and standard deviation, or percentage) FSIGT cohorts Clamp cohorts Overall P value BetaGene TRIPOD* IRAS* IRAS Family P value HTN-IR MACAD NIDDM-Athero P value Sample Size 1217 217 194 1040 - 708 772 188 - - Number of Pedigrees 390 217 194 88 - 156 208 93	https://pmc.ncbi.nlm.nih.gov/articles/PMC3968231/	family members in the GUARDIAN analysis (93 pedigrees)								
COHO:0001046	owl:NamedIndividual	Dementia Genetics Spanish Consortium	12386	Polygenic Risk Scores APOE stratification for AD in n = 12,386 biologically independent samples from GR@ACE/DEGESCO.	https://pmc.ncbi.nlm.nih.gov/articles/PMC8184987/	AD cases and controls in the GR@ACE/DEGESCO GWAS dataset (2021), including the GR@ACE samples	6331	Polygenic Risk Scores APOE stratification for AD in n = 12,386 biologically independent samples from GR@ACE/DEGESCO.	https://pmc.ncbi.nlm.nih.gov/articles/PMC8184987/	AD cases and controls in the GR@ACE/DEGESCO GWAS dataset (2021), including the GR@ACE samples	6055	Polygenic Risk Scores APOE stratification for AD in n = 12,386 biologically independent samples from GR@ACE/DEGESCO.	https://pmc.ncbi.nlm.nih.gov/articles/PMC8184987/	AD cases and controls in the GR@ACE/DEGESCO GWAS dataset (2021), including the GR@ACE samples
COHO:0001048	owl:NamedIndividual	Australian Breast Cancer Family Study					1610	Overall, we approached 2,303 eligible individuals (ages at diagnosis: <40 years, 1,208; 40-49 years, 551; 50-59 years, 544), which resulted in 1,610 cases, and blood samples were collected from 94% of these cases.	https://pmc.ncbi.nlm.nih.gov/articles/PMC3046454/	breast cancer cases enrolled 1992-1999 (controls not counted in any source read)				
COHO:0001049	owl:NamedIndividual	Asia Colorectal Cancer Consortium					22775	Included in the current study are 22,775 CRC cases and 47,731 controls of East-Asian ancestry from 14 studies conducted in China, Japan, and South Korea (Supplementary Notes, Supplementary Figure 1 and Supplementary Table 1).	https://pmc.ncbi.nlm.nih.gov/articles/PMC6441622/	colorectal cancer cases and controls from 14 studies in the 2019 East Asian GWAS	47731	Included in the current study are 22,775 CRC cases and 47,731 controls of East-Asian ancestry from 14 studies conducted in China, Japan, and South Korea (Supplementary Notes, Supplementary Figure 1 and Supplementary Table 1).	https://pmc.ncbi.nlm.nih.gov/articles/PMC6441622/	colorectal cancer cases and controls from 14 studies in the 2019 East Asian GWAS
COHO:0001051	owl:NamedIndividual	genetic Association study in individuals from Diverse Ancestral backgrounds with Multiple Sclerosis	682	As of 3 January 2023, we have recruited 682 participants (n=446 via the website, n=55 in person at clinical sites and n=181 via the UKMSR).	https://www.ebi.ac.uk/europepmc/webservices/rest/PMC10193065/fullTextXML	people with MS recruited by 3 January 2023 (recruitment ongoing)								
COHO:0001052	owl:NamedIndividual	ADVANCE trial	1053	A total of 1053 patients underwent randomization from February 2017 through May 2018.	PMID:31339677	participants randomised February 2017 to May 2018								
COHO:0001053	owl:NamedIndividual	Atherosclerotic Disease, Vascular Function, and Genetic Epidemiology Study	3179	Briefly, between October 28, 2001 and December 31, 2003, 3,179 member of the Kaiser Permanente of Northern California health maintenance organization were enrolled into three CAD groups and two control groups.	https://media.springernature.com/original/springer-static/esm/art%3A10.1038%2Fng.3396/MediaObjects/41588_2015_BFng3396_MOESM57_ESM.pdf	Kaiser Permanente members enrolled into three case and two control groups, 2001-2003								
COHO:0001054	owl:NamedIndividual	Antioxydants, Lipides Essentiels, Nutrition et maladies OculaiRes	963	Alienor study is a prospective population-based cohort of 963 residents of Bordeaux, France, who were 73 years or older at baseline (2006-2008).	PMID:34203817	3C Bordeaux participants who had the baseline eye examination, 2006-2008								
COHO:0001055	owl:NamedIndividual	Autopsy-Confirmed Parkinson Disease GWAS Consortium	977	Total number of consented subjects: 977	https://www.ncbi.nlm.nih.gov/projects/gap/cgi-bin/study.cgi?study_id=phs000394.v1.p1	consented subjects deposited in dbGaP (genotyped samples)								
COHO:0001056	owl:NamedIndividual	Alcohol-Related Cancers and Genetic susceptibility in Europe					2304	Information and biological data from a total of 2304 cases and 2227 controls have been collected and will be used in a series of analyses.	PMID:18830131	UADT cancer cases and controls with data and samples collected	2227	Information and biological data from a total of 2304 cases and 2227 controls have been collected and will be used in a series of analyses.	PMID:18830131	UADT cancer cases and controls with data and samples collected
COHO:0001058	owl:NamedIndividual	Bavarian Breast Cancer Cases and Controls Study					1538	From 2002–2007, a total of 1538 patients were included in the study ( Fig. 1 ).	https://www.ebi.ac.uk/europepmc/webservices/rest/PMC10764119/fullTextXML	breast cancer patients included 2002-2007 (controls not counted in any source read)				
COHO:0001059	owl:NamedIndividual	Breast Cancer Employment and Environment Study					1205	The Breast Cancer Employment and Environment Study included 1205 cases with incident breast cancer during 2009-2011 and 1789 controls.	PMID:24270294	incident breast cancer cases 2009-2011 and controls	1789	The Breast Cancer Employment and Environment Study included 1205 cases with incident breast cancer during 2009-2011 and 1789 controls.	PMID:24270294	incident breast cancer cases 2009-2011 and controls
COHO:0001060	owl:NamedIndividual	BiDirect Study	2315	Overall, 2315 participants were recruited for BiDirect-Baseline; 2258 (97.5%) of them matched the final inclusion criteria.	https://www.ebi.ac.uk/europepmc/webservices/rest/PMC4065391/fullTextXML	participants recruited at baseline 2010-2013 (depression, CVD and reference cohorts)								
COHO:0001061	owl:NamedIndividual	Blue Mountains Eye Study	3654	The baseline examinations (BMES cross-section I) were conducted during 1992–1994 and included 3654 (82.4%) of 4433 eligible residents.	https://www.ebi.ac.uk/europepmc/webservices/rest/PMC1524813/fullTextXML	residents examined at baseline 1992-1994 (excludes the 1999-2000 extension)								
COHO:0001063	owl:NamedIndividual	Bio-Repository of DNA in Stroke	4580	BRAINS includes 4580 South Asian and White British recruits from UK, Indian, and Qatar sites with first-ever ischemic stroke.	PMID:37706299	first-ever ischaemic stroke patients recruited in the UK, India and Qatar (analysed subset; controls and haemorrhagic strokes not included), 2023								
COHO:0001064	owl:NamedIndividual	Breast Oncology Galicia Network					1453	BREOGAN Breast Oncology Galicia Network91,92 Population-based case-control study Spain 820 1453 725 1378 0 0	https://media.springernature.com/original/springer-static/esm/art%3A10.1038%2Fnature24284/MediaObjects/41586_2017_BFnature24284_MOESM1_ESM.pdf	cases and controls whose samples were sent for OncoArray genotyping (BCAC), not the whole study	820	BREOGAN Breast Oncology Galicia Network91,92 Population-based case-control study Spain 820 1453 725 1378 0 0	https://media.springernature.com/original/springer-static/esm/art%3A10.1038%2Fnature24284/MediaObjects/41586_2017_BFnature24284_MOESM1_ESM.pdf	cases and controls whose samples were sent for OncoArray genotyping (BCAC), not the whole study
COHO:0001065	owl:NamedIndividual	Kita-Nagoya Genomic Epidemiology Study	3975	It recruited 3975 Japanese subjects aged 50–80 years who underwent community-based annual health checkups between May 2005 and December 2007.	https://www.ebi.ac.uk/europepmc/webservices/rest/PMC6453927/fullTextXML	residents recruited at annual health check-ups May 2005 to December 2007								
COHO:0001066	owl:NamedIndividual	Cleveland Clinic Atrial Fibrillation Study	363	Total number of consented subjects: 363	https://www.ncbi.nlm.nih.gov/projects/gap/cgi-bin/study.cgi?study_id=phs001189.v5.p1	consented subjects in the dbGaP TOPMed study of this name (early-onset AF case set)								
COHO:0001068	owl:NamedIndividual	CLOZUK study	11260	The final sample size was 11,260 cases and 24,542 controls (5,220 cases and 18,823 controls not in previous schizophrenia GWAS; Methods and Supplementary Figs.	https://www.ncbi.nlm.nih.gov/research/bionlp/RESTful/pmcoa.cgi/BioC_xml/PMC5918692/unicode	schizophrenia cases in the analysed CLOZUK GWAS sample (after QC), 2018								
COHO:0001069	owl:NamedIndividual	Colorado Longitudinal Twin Study	483	Thus the number of families who have participated in LTS is 483 (male-male twin pairs: 240; female-female twin pairs: 243).	https://www.ncbi.nlm.nih.gov/research/bionlp/RESTful/pmcoa.cgi/BioC_xml/PMC3854934/unicode	twin pairs (families) who have participated in the LTS (2012)								
COHO:0001070	owl:NamedIndividual	Combined Small Datasets Collection	1473		https://media.springernature.com/original/springer-static/esm/art%3A10.1038%2Fs41588-026-02583-1/MediaObjects/41588_2026_2583_MOESM4_ESM.xlsx	AD cases and controls of the CSDC in the 2026 ADRD GWAS meta-analysis (raw N)	181		https://media.springernature.com/original/springer-static/esm/art%3A10.1038%2Fs41588-026-02583-1/MediaObjects/41588_2026_2583_MOESM4_ESM.xlsx	AD cases and controls of the CSDC in the 2026 ADRD GWAS meta-analysis (raw N)	1292		https://media.springernature.com/original/springer-static/esm/art%3A10.1038%2Fs41588-026-02583-1/MediaObjects/41588_2026_2583_MOESM4_ESM.xlsx	AD cases and controls of the CSDC in the 2026 ADRD GWAS meta-analysis (raw N)
COHO:0001071	owl:NamedIndividual	Columbia University COVID-19 Biobank	1166	The Biobank recruited COVID-19 cases (n = 1,166) of diverse ancestry among all patients who were treated at Columbia University Irving Medical Center between March and May 2020.	https://www.ebi.ac.uk/europepmc/webservices/rest/PMC9428108/fullTextXML	COVID-19 cases recruited March-May 2020								
COHO:0001072	owl:NamedIndividual	FIN-D2D 2007	2766	The total number of individuals included was thus 2766 (61% of the original sample).	https://www.ebi.ac.uk/europepmc/webservices/rest/PMC2873937/fullTextXML	participants included in analysis (analysed subset after exclusions), 2007								
COHO:0001073	owl:NamedIndividual	DietBB sample	320	This criterion led to the selection of 320 participants.	https://media.springernature.com/original/springer-static/esm/art%3A10.1038%2Fs41588-026-02583-1/MediaObjects/41588_2026_2583_MOESM1_ESM.pdf	AgeCoDe participants selected for DietBB	120	This criterion led to the selection of 320 participants.	https://media.springernature.com/original/springer-static/esm/art%3A10.1038%2Fs41588-026-02583-1/MediaObjects/41588_2026_2583_MOESM1_ESM.pdf	AgeCoDe participants selected for DietBB	200	This criterion led to the selection of 320 participants.	https://media.springernature.com/original/springer-static/esm/art%3A10.1038%2Fs41588-026-02583-1/MediaObjects/41588_2026_2583_MOESM1_ESM.pdf	AgeCoDe participants selected for DietBB
COHO:0001074	owl:NamedIndividual	Dietary, Lifestyle and Genetic Determinants of Obesity and Metabolic Syndrome study	5024	At baseline (n=5024), height, weight and waist circumference (WC) were measured in a health examination and participants self-reported their weight at age 20 years.	https://doi.org/10.1038/ijo.2017.278	participants examined at baseline in 2007								
COHO:0001075	owl:NamedIndividual	Finnish Diabetes Prevention Study	522	A total of 522 subjects with impaired glucose tolerance (IGT) were randomized into the control (n = 257) and intervention (n = 265) groups.	PMID:20980412	randomised participants with IGT (257 control, 265 intervention)								
COHO:0001076	owl:NamedIndividual	Duke study of Functional Endpoints for Age-related Macular Degeneration	101	A total of 101 subjects (33 with eAMD, 47 with iAMD, and 21 normal controls) were recruited.	PMID:36245764	subjects enrolled (33 early AMD, 47 intermediate AMD, 21 controls)								
COHO:0001077	owl:NamedIndividual	Epidemiology of Endometrial Cancer Consortium	5472	Stage 1 included 5,472 women (2,695 cases and 2,777 controls) of European ancestry from seven studies.	PMID:24096698	women in stage 1 (discovery) of the 2013 E2C2 GWAS, from seven member studies	2695	Stage 1 included 5,472 women (2,695 cases and 2,777 controls) of European ancestry from seven studies.	PMID:24096698	women in stage 1 (discovery) of the 2013 E2C2 GWAS, from seven member studies	2777	Stage 1 included 5,472 women (2,695 cases and 2,777 controls) of European ancestry from seven studies.	PMID:24096698	women in stage 1 (discovery) of the 2013 E2C2 GWAS, from seven member studies
COHO:0001078	owl:NamedIndividual	Epidemiology of Dementia in Singapore	957	Screen positives who provided consent (n = 957) participated in the second phase of the study, which included comprehensive clinical and neuropsychological evaluations, together with neuroimaging at the same session.	https://www.ebi.ac.uk/europepmc/webservices/rest/PMC7021682/fullTextXML	screen-positive participants who consented to phase II (clinical, neuropsychological and MRI assessment)								
COHO:0001079	owl:NamedIndividual	Early-Onset Venous Thrombosis					411	The EOVT case–control study included 411 patients and 1,228 healthy subjects, while MARTHA was composed of 1,542 patients and 1,110 healthy subjects, all the individuals being of European origin, with the majority being of French descent.	https://www.ebi.ac.uk/europepmc/webservices/rest/PMC3607886/fullTextXML	VT patients and healthy SU.VI.MAX controls in the EOVT GWAS (2013)	1228	The EOVT case–control study included 411 patients and 1,228 healthy subjects, while MARTHA was composed of 1,542 patients and 1,110 healthy subjects, all the individuals being of European origin, with the majority being of French descent.	https://www.ebi.ac.uk/europepmc/webservices/rest/PMC3607886/fullTextXML	VT patients and healthy SU.VI.MAX controls in the EOVT GWAS (2013)
COHO:0001080	owl:NamedIndividual	Family History Risk Study					320	Direct consent for FH-Risk was obtained for 320 cases and 980 controls (Figure 6).	https://doi.org/10.3310/pgfar04110	women who gave direct consent to FH-Risk, recruited Nov 2010-Sep 2012 (breast cancer cases and controls)	980	Direct consent for FH-Risk was obtained for 320 cases and 980 controls (Figure 6).	https://doi.org/10.3310/pgfar04110	women who gave direct consent to FH-Risk, recruited Nov 2010-Sep 2012 (breast cancer cases and controls)
COHO:0001081	owl:NamedIndividual	German Aortic Stenosis Cohort	5732	The German Aortic Stenosis Cohort recruited patients from the German Heart Center Munich and from the University of Bonn/Marburg and contains approximately 5732 participants with aortic valve stenosis recruited.	https://media.springernature.com/original/springer-static/esm/art%3A10.1038%2Fs41588-025-02417-6/MediaObjects/41588_2025_2417_MOESM1_ESM.pdf	patients with aortic valve stenosis recruited (approximate)								
COHO:0001083	owl:NamedIndividual	Genotek COVID-19 study	6400	Genotek customer data were added to the study cohort for further analysis as controls (N = 6,400).	https://www.ebi.ac.uk/europepmc/webservices/rest/PMC11446758/fullTextXML	Genotek customers used as controls (mild to moderate COVID-19) in the severe COVID-19 GWAS (analysed subset), 2024								
COHO:0001084	owl:NamedIndividual	Genetics of Kidneys in Diabetes Study	3075	As of November 2005, GoKinD included 3075 participants who comprise 671 case singletons, 623 control singletons, 272 case trios, and 323 control trios.	PMID:16775037	participants (case and control probands, singletons and trio members including parents) as of November 2005	935	As of November 2005, GoKinD included 3075 participants who comprise 671 case singletons, 623 control singletons, 272 case trios, and 323 control trios.	PMID:16775037	participants (case and control probands, singletons and trio members including parents) as of November 2005	944	As of November 2005, GoKinD included 3075 participants who comprise 671 case singletons, 623 control singletons, 272 case trios, and 323 control trios.	PMID:16775037	participants (case and control probands, singletons and trio members including parents) as of November 2005
COHO:0001085	owl:NamedIndividual	Graz Stroke Study	685	GRAZ Graz, Austria Hospital-based 1992–2011 685 19–101 41 100 0	https://www.ncbi.nlm.nih.gov/research/bionlp/RESTful/pmcoa.cgi/BioC_xml/PMC4056331/unicode	ischaemic stroke cases recruited 1992-2011, contributed to SiGN (as of April 2013)								
COHO:0001086	owl:NamedIndividual	Head and Neck 5000	5511	We enrolled 5511 people into the study.	https://www.ebi.ac.uk/europepmc/webservices/rest/PMC5111771/fullTextXML	people enrolled April 2011 - December 2014								
COHO:0001087	owl:NamedIndividual	International Agency for Research on Cancer Central Europe Study					811	A multicenter case-control study comprising 811 upper aerodigestive tract cancer cases and 1,083 controls was conducted in: Bucharest (Romania), Lodz (Poland), Moscow (Russia), Banska Bystrika (Slovakia), and Olomouc and Prague (Czech Republic).	PMID:16614111	upper aerodigestive tract cancer cases and controls (2002)	1083	A multicenter case-control study comprising 811 upper aerodigestive tract cancer cases and 1,083 controls was conducted in: Bucharest (Romania), Lodz (Poland), Moscow (Russia), Banska Bystrika (Slovakia), and Olomouc and Prague (Czech Republic).	PMID:16614111	upper aerodigestive tract cancer cases and controls (2002)
COHO:0001089	owl:NamedIndividual	International Collaboration for the Genomics of HIV	9705	Although it is the largest collection of genomic data in HIV, this multiethnic sample of 9,705 people is 81.3% male.	PMID:37097752	HIV-1-infected participants with genotype and clinical data pooled in the ICGH viral-load analysis (2023)								
COHO:0001090	owl:NamedIndividual	International Endometriosis Genetics Consortium	762600	The two most recent GWAS analyses of endometriosis, comprising 928,413 participants (including 44,125 cases; 30% non-European ancestry)7 and 762,600 participants of European descent (including 60,674 cases)4, identified up to 45 loci.	https://pmc.ncbi.nlm.nih.gov/articles/PMC13195585/	cases and controls in the 2023 IEGC GWAS meta-analysis	60674	The two most recent GWAS analyses of endometriosis, comprising 928,413 participants (including 44,125 cases; 30% non-European ancestry)7 and 762,600 participants of European descent (including 60,674 cases)4, identified up to 45 loci.	https://pmc.ncbi.nlm.nih.gov/articles/PMC13195585/	cases and controls in the 2023 IEGC GWAS meta-analysis	701926	The two most recent GWAS analyses of endometriosis, comprising 928,413 participants (including 44,125 cases; 30% non-European ancestry)7 and 762,600 participants of European descent (including 60,674 cases)4, identified up to 45 loci.	https://pmc.ncbi.nlm.nih.gov/articles/PMC13195585/	cases and controls in the 2023 IEGC GWAS meta-analysis
COHO:0001091	owl:NamedIndividual	INGI-Val Borbera	1803	As a part of a research program aimed at the identification of genes and variants associated to common disorders, we present here the analysis of a cohort of 1803 adult subjects from Val Borbera, selected based on their ancestry to represent the general population in the valley.	PMID:19847309	adults recruited in Val Borbera (2009)								
COHO:0001092	owl:NamedIndividual	Ischemic Stroke Genetics Study	673	A total of 673 patients were enrolled; 50.5% reported aerobic physical activity less than once a week, 28.5% reported aerobic physical activity one to three times weekly, and 21% reported aerobic physical activity four times a week or more.	PMID:19602474	ischaemic stroke patients enrolled (cases only; no enrolled-control count found), 2009	673	A total of 673 patients were enrolled; 50.5% reported aerobic physical activity less than once a week, 28.5% reported aerobic physical activity one to three times weekly, and 21% reported aerobic physical activity four times a week or more.	PMID:19602474	ischaemic stroke patients enrolled (cases only; no enrolled-control count found), 2009				
COHO:0001093	owl:NamedIndividual	Karolinska Mammography Project for Risk Prediction of Breast Cancer	70877	During the recruitment period, a total of 210 233 women were invited to participate in the KARMA study and 70 877 women (34%) joined the study (Figure 2).	https://www.ebi.ac.uk/europepmc/webservices/rest/PMC5837703/fullTextXML	women recruited 2011-2013								
COHO:0001094	owl:NamedIndividual	Kathleen Cuningham Foundation Consortium for Research into Familial Breast Cancer	11422	Data are available for 11,422 consented participants, including 900 carriers of pathogenic or splice site BRCA1 or BRCA2 mutations, and germline DNA biospecimens for 7,389, including 773 carriers.	https://pmc.ncbi.nlm.nih.gov/articles/PMC1413975/	people (from the first 822 families) with data held (2006)								
COHO:0001095	owl:NamedIndividual	Krakow stroke genetics study	1487	KRAKOW Krakow, Poland Hospital-based 2001–2011 1487 19–100 48 100 0	https://www.ncbi.nlm.nih.gov/research/bionlp/RESTful/pmcoa.cgi/BioC_xml/PMC4056331/unicode	ischaemic stroke cases phenotyped for SiGN as of April 2013 (cases only)	1487	KRAKOW Krakow, Poland Hospital-based 2001–2011 1487 19–100 48 100 0	https://www.ncbi.nlm.nih.gov/research/bionlp/RESTful/pmcoa.cgi/BioC_xml/PMC4056331/unicode	ischaemic stroke cases phenotyped for SiGN as of April 2013 (cases only)				
COHO:0001096	owl:NamedIndividual	Leuven Stroke Genetics Study	524	LEUVEN Leuven, Belgium Hospital-based 2005–2009 524 18–97 42 100 0	https://www.ncbi.nlm.nih.gov/research/bionlp/RESTful/pmcoa.cgi/BioC_xml/PMC4056331/unicode	cerebral ischaemia cases phenotyped for SiGN as of April 2013 (cases only)	524	LEUVEN Leuven, Belgium Hospital-based 2005–2009 524 18–97 42 100 0	https://www.ncbi.nlm.nih.gov/research/bionlp/RESTful/pmcoa.cgi/BioC_xml/PMC4056331/unicode	cerebral ischaemia cases phenotyped for SiGN as of April 2013 (cases only)				
COHO:0001097	owl:NamedIndividual	Men of African Descent and Carcinoma of the Prostate					2505	Using the Men of African Descent and Carcinoma of the Prostate (MADCaP) network, we evaluated the association of self-reported FHx of CaP in fathers and brothers in a case-control study of 2,505 prostate cancer cases and 2,222 age-matched controls ascertained from seven centers across Africa.	PMID:41812093	prostate cancer cases and age-matched controls from seven African centres (no total stated), 2026	2222	Using the Men of African Descent and Carcinoma of the Prostate (MADCaP) network, we evaluated the association of self-reported FHx of CaP in fathers and brothers in a case-control study of 2,505 prostate cancer cases and 2,222 age-matched controls ascertained from seven centers across Africa.	PMID:41812093	prostate cancer cases and age-matched controls from seven African centres (no total stated), 2026
COHO:0001098	owl:NamedIndividual	Maywood Cohort	1147	As part of a study of the genetics of hypertension, we examined families that included 1449 Nigerians and 1147 African Americans.	PMID:10818078	African Americans in the hypertension family study (US arm), 2000								
COHO:0001099	owl:NamedIndividual	Minnesota Breast Cancer Family Study	9073	A total of 9073 at-risk women were studied: 56% were biological relatives of the case probands, whereas the others were related through marriage.	PMID:10613336	at-risk women (relatives and marry-ins) of 426 probands, followed through 1996								
COHO:0001100	owl:NamedIndividual	Middlesex County Ischemic Stroke Study	1139	From 2000 to 2009, 1,139 subjects with ischemic strokes were enrolled in this registry.	https://media.springernature.com/original/springer-static/esm/art%3A10.1038%2Fs41588-018-0058-3/MediaObjects/41588_2018_58_MOESM1_ESM.pdf	ischaemic stroke patients enrolled in the registry 2000-2009								
COHO:0001101	owl:NamedIndividual	HARMONISATION study	700	HARMONIZATION recruited and deeply phenotyped 700 older multi-ethnic Asians with no cognitive impairment, mild cognitive impairment, and dementia for up to 5 years of follow-up.	PMID:41160443	memory-clinic patients recruited 2010-2020								
COHO:0001102	owl:NamedIndividual	Genes Affecting Stroke Risk and Outcome Study	686	GASROS Boston, USA Hospital-based 2003–2009 686 18–100 36 90 4	https://www.ncbi.nlm.nih.gov/research/bionlp/RESTful/pmcoa.cgi/BioC_xml/PMC4056331/unicode	ischaemic stroke cases phenotyped for SiGN as of April 2013 (cases only)	686	GASROS Boston, USA Hospital-based 2003–2009 686 18–100 36 90 4	https://www.ncbi.nlm.nih.gov/research/bionlp/RESTful/pmcoa.cgi/BioC_xml/PMC4056331/unicode	ischaemic stroke cases phenotyped for SiGN as of April 2013 (cases only)				
COHO:0001103	owl:NamedIndividual	Melanoma Institute Australia cohort	5762	First, we conducted two GWAS of MSS in the MIA cohort (5762 patients with melanoma and 800 melanoma-specific deaths) and in UKB cohort (5220 melanoma patients and 241 melanoma-specific deaths).	https://www.ebi.ac.uk/europepmc/webservices/rest/PMC9446843/fullTextXML	genotyped melanoma patients analysed for melanoma-specific survival (2022)								
COHO:0001104	owl:NamedIndividual	Montrachet Study	1153	In 2009-2011, 1153 participants from the 3 Cities Study, aged 75 years or more, had an initial eye examination and were scheduled for eye examinations.	PMID:26466845	3C Study participants aged 75+ with an initial eye examination (2011)								
COHO:0001105	owl:NamedIndividual	MUNICH stroke study	1383	The Munich samples included 1383 ischemic stroke cases.	https://media.springernature.com/original/springer-static/esm/art%3A10.1038%2Fs41588-018-0058-3/MediaObjects/41588_2018_58_MOESM1_ESM.pdf	ischaemic stroke cases collected at the Munich stroke unit (cases only)	1383	The Munich samples included 1383 ischemic stroke cases.	https://media.springernature.com/original/springer-static/esm/art%3A10.1038%2Fs41588-018-0058-3/MediaObjects/41588_2018_58_MOESM1_ESM.pdf	ischaemic stroke cases collected at the Munich stroke unit (cases only)				
COHO:0001106	owl:NamedIndividual	Murcia Twin Registry	3971	The registry currently includes data from 3971 individual twins born between 1940 and 1999, as well as an associated biobank containing samples from 1586 participants.	PMID:41913940	individual twins with data in the registry (2026)								
COHO:0001107	owl:NamedIndividual	Norwegian, Exeter and King's College Consortium for Genetics of Neuropsychiatric Symptoms in Dementia	3111	Schizophrenia PRS was calculated using Psychiatric Genomics Consortium data at ten GWAS p value thresholds ( P T ) in 3111 AD cases from 11 cohort studies characterized for psychosis using validated, standardized tools.	https://www.ebi.ac.uk/europepmc/webservices/rest/PMC6805870/fullTextXML	AD cases from 11 cohort studies in the consortium's 2019 psychosis PRS analysis								
COHO:0001108	owl:NamedIndividual	NeuroGenetics Research Consortium	3986	Parkinson 2014 99.92±0.08 1 13 2000 67.3 58.34±11.93 67.26±10.67 Controls 1999 99.92±0.08 3 10 1986 38.7 -- 70.32±14.09 Total 4013 99.92±0.08 4 23 3986	https://media.springernature.com/original/springer-static/esm/art%3A10.1038%2Fng.642/MediaObjects/41588_2010_BFng642_MOESM8_ESM.pdf	cases and controls analysed in the 2010 NGRC genome-wide association study	2000	Parkinson 2014 99.92±0.08 1 13 2000 67.3 58.34±11.93 67.26±10.67 Controls 1999 99.92±0.08 3 10 1986 38.7 -- 70.32±14.09 Total 4013 99.92±0.08 4 23 3986	https://media.springernature.com/original/springer-static/esm/art%3A10.1038%2Fng.642/MediaObjects/41588_2010_BFng642_MOESM8_ESM.pdf	cases and controls analysed in the 2010 NGRC genome-wide association study	1986	Parkinson 2014 99.92±0.08 1 13 2000 67.3 58.34±11.93 67.26±10.67 Controls 1999 99.92±0.08 3 10 1986 38.7 -- 70.32±14.09 Total 4013 99.92±0.08 4 23 3986	https://media.springernature.com/original/springer-static/esm/art%3A10.1038%2Fng.642/MediaObjects/41588_2010_BFng642_MOESM8_ESM.pdf	cases and controls analysed in the 2010 NGRC genome-wide association study
COHO:0001109	owl:NamedIndividual	Genetics of Hypertension in Blacks	1614	The final cleaned dataset thus consisted of 1614 unrelated adult hypertensive (n = 790) and normotensive (n = 824) subjects, 940 females and 674 males with 759,215 SNPs across both the 22 autosomal and X chromosomes.	https://www.ebi.ac.uk/europepmc/webservices/rest/PMC3353888/fullTextXML	unrelated Nigerian adults in the quality-controlled genome-wide dataset (2012)								
COHO:0001110	owl:NamedIndividual	Nanjing Medical University Global Screening Array project	19546	For the present study, we newly performed genome-wide scan for 19,546 samples (NJMU GSA project: 10,248 cases and 9,298 controls) using Illumina Global Screening Array (GSA), which included three studies (Nanjing GSA study: 4,149 cases and 3,198 controls from Nanjing and Shanghai; Beijing GSA study: 2,155 cases and 2,035 controls from Beijing and Tianjin; and Guangzhou GSA study: 3,944 cases and 4,065 controls from Guangdong).	https://europepmc.org/api/getPdf?pmcid=PMC7015703	NSCLC cases and controls genotyped on the Global Screening Array (2019)	10248	For the present study, we newly performed genome-wide scan for 19,546 samples (NJMU GSA project: 10,248 cases and 9,298 controls) using Illumina Global Screening Array (GSA), which included three studies (Nanjing GSA study: 4,149 cases and 3,198 controls from Nanjing and Shanghai; Beijing GSA study: 2,155 cases and 2,035 controls from Beijing and Tianjin; and Guangzhou GSA study: 3,944 cases and 4,065 controls from Guangdong).	https://europepmc.org/api/getPdf?pmcid=PMC7015703	NSCLC cases and controls genotyped on the Global Screening Array (2019)	9298	For the present study, we newly performed genome-wide scan for 19,546 samples (NJMU GSA project: 10,248 cases and 9,298 controls) using Illumina Global Screening Array (GSA), which included three studies (Nanjing GSA study: 4,149 cases and 3,198 controls from Nanjing and Shanghai; Beijing GSA study: 2,155 cases and 2,035 controls from Beijing and Tianjin; and Guangzhou GSA study: 3,944 cases and 4,065 controls from Guangdong).	https://europepmc.org/api/getPdf?pmcid=PMC7015703	NSCLC cases and controls genotyped on the Global Screening Array (2019)
COHO:0001111	owl:NamedIndividual	Parkinson's Disease Cognitive Genetics Consortium	1424	We enrolled and clinically assessed 1,424 participants with PD in studies at eight sites which together comprise the PD Cognitive Genetics Consortium (PDCGC; Appendix e-1).	https://pmc.ncbi.nlm.nih.gov/articles/PMC4724255/	PD patients enrolled and clinically assessed at the eight consortium sites (2015)								
COHO:0001112	owl:NamedIndividual	Poland Ovarian Cancer Study					545	POC (Polish Ovarian Cancer Study) Szczecin, Poznan, Opole and Rzeszow, Poland Population-based case-control 545 55.0 (0.5) 525 57.5 (0.5)	https://pmc.ncbi.nlm.nih.gov/articles/PMC3108970/	invasive ovarian cancer cases and controls (white non-Hispanic women) in an OCAC pooled analysis (2011)	525	POC (Polish Ovarian Cancer Study) Szczecin, Poznan, Opole and Rzeszow, Poland Population-based case-control 545 55.0 (0.5) 525 57.5 (0.5)	https://pmc.ncbi.nlm.nih.gov/articles/PMC3108970/	invasive ovarian cancer cases and controls (white non-Hispanic women) in an OCAC pooled analysis (2011)
COHO:0001113	owl:NamedIndividual	Screening Across the Lifespan Twin survey, Younger cohort	11482	Out of these, 11,482 (98.6%) respondents gave informed consent to have their responses stored and analyzed.	https://doi.org/10.1017/thg.2019.99	questionnaire respondents who consented to storage and analysis (2010)								
COHO:0001114	owl:NamedIndividual	Severe Asthma Research Program	1644	The National Heart, Lung, and Blood Institute Severe Asthma Research Program (SARP) has characterized over the past 10 years 1,644 patients with asthma, including 583 individuals with severe asthma.	PMID:22095547	patients with asthma characterized in SARP I and II (2001-2011)								
COHO:0001115	owl:NamedIndividual	Sickle Cell Clinical Research and Intervention Program	1044	As of August 2017, 1,044 (92.3% of eligible) patients with SCD have enrolled in the study (860 children and 184 adults), with 11,915 person-years of observation.	https://www.ebi.ac.uk/europepmc/webservices/rest/search?query=EXT_ID%3A29797644+AND+SRC%3AMED&format=json&resultType=core	patients with sickle cell disease enrolled by August 2017								
COHO:0001116	owl:NamedIndividual	Asian Indian Diabetic Heart Study/Sikh Diabetes Study	4602	Weighted PRS models were constructed and analyzed on 4602 individuals from the Asian Indian Diabetes Heart Study/Sikh Diabetes Study (AIDHS/SDS) as discovery/training and test/validation datasets.	https://www.ebi.ac.uk/europepmc/webservices/rest/PMC10752110/fullTextXML	genotyped participants analysed in a 2023 PRS study (analysed subset)								
COHO:0001117	owl:NamedIndividual	Sickle Cell Genome Project	722	The SGP cohort consists of 722 participants from BCM or the SCCRIP cohort at St. Jude Children’s Research Hospital who were analyzed by WGS.	https://europepmc.org/api/getPdf?pmcid=PMC8341359	individuals with HbSS or HbSβ0-thalassemia whose genomes were sequenced (2021)								
COHO:0001118	owl:NamedIndividual	St George's stroke cohort	684	ST GEORGE’S London, England Hospital-based 1995–2008 684 18–102 47 100 0	https://pmc.ncbi.nlm.nih.gov/articles/PMC4056331/	ischaemic stroke cases classified with CCS in SiGN (as of April 2013)								
COHO:0001119	owl:NamedIndividual	Sisters in Breast Screening Study	1740	1740 cancer-free subjects were genotyped.	https://pmc.ncbi.nlm.nih.gov/articles/PMC2901592/	cancer-free women genotyped (subset; full enrolment not stated), 2010								
COHO:0001120	owl:NamedIndividual	St. Jude Lifetime Cohort Study	6005	As of 12 March 2020, 73.3% (6005/8192) of all living, eligible survivors have enrolled and 80.1% have enrolled or confirmed their interest in participating.	https://pmc.ncbi.nlm.nih.gov/articles/PMC8453382/	childhood cancer survivors enrolled (signed consent) by March 2020								
COHO:0001121	owl:NamedIndividual	Swedish Low-risk Colorectal Cancer Study	3300	The CRC low-risk study is a Swedish multicenter cohort study including more than 3,300 consecutive CRC cases recruited in 2004–2009 (15).	https://www.ebi.ac.uk/europepmc/webservices/rest/PMC11756881/fullTextXML	more than 3,300 consecutive colorectal cancer cases recruited 2004-2009 (lower bound)								
COHO:0001122	owl:NamedIndividual	Screening Markers for Colorectal Cancer Study	1859	This resulted in 1,859 study participants (340 from phase 1 and 1,519 from phase 2) with genotyping data available, comprising 489 cases with adenomas only, 401 cases with serrated polyps only, 188 cases with synchronous adenomas and serrated polyps, and 781 polyp-free controls (Table 2).	https://pmc.ncbi.nlm.nih.gov/articles/PMC4082340/	participants with genotyping data from both recruitment phases (genotyped subset), 2014					781	This resulted in 1,859 study participants (340 from phase 1 and 1,519 from phase 2) with genotyping data available, comprising 489 cases with adenomas only, 401 cases with serrated polyps only, 188 cases with synchronous adenomas and serrated polyps, and 781 polyp-free controls (Table 2).	https://pmc.ncbi.nlm.nih.gov/articles/PMC4082340/	participants with genotyping data from both recruitment phases (genotyped subset), 2014
COHO:0001123	owl:NamedIndividual	Siblings With Ischemic Stroke Study	555	After quality control filtering, the final study population consisted of 223 probands, 248 stroke-affected siblings, and 84 stroke-unaffected siblings (total sample size, 555).	https://pmc.ncbi.nlm.nih.gov/articles/PMC3251509/	probands and siblings in the final genome-wide scan after QC (analysed subset), 2011								
COHO:0001125	owl:NamedIndividual	ThyroidOmics Consortium	271040	We conducted GWAS meta-analyses of reference range thyroid function including up to 271,040 euthyroid individuals from European ancestry across 46 predominantly population-based cohorts from the ThyroidOmics Consortium.	https://www.ebi.ac.uk/europepmc/webservices/rest/PMC10828500/fullTextXML	euthyroid individuals (maximum N) in the 2024 reference-range thyroid function GWAS meta-analysis of 46 cohorts								
COHO:0001126	owl:NamedIndividual	Treatment Options for Type 2 Diabetes in Adolescents and Youth	699	Of the 1211 children and adolescents who were screened, 927 (76.5%) entered the run-in phase and 699 (75.4%) were randomly assigned to a treatment group, for an overall enrollment rate of 57.7%.	https://www.ncbi.nlm.nih.gov/research/bionlp/RESTful/pmcoa.cgi/BioC_xml/PMC3478667/unicode	participants randomised to a treatment group (2009)								
COHO:0001127	owl:NamedIndividual	Tracking Parkinson's	2247	2247 PD cases were recruited (1987 recent onset, 260 young onset).	https://pmc.ncbi.nlm.nih.gov/articles/PMC4927877/	Parkinson's disease patients recruited (recent onset and young onset); siblings not included (2015)								
COHO:0001128	owl:NamedIndividual	Universitatsklinikum Saarlandes case-control dataset					596	UKS: The UKS cohort is a thoroughly diagnosed case-control cohort from Universitatsklinikum Saarlandes, consisting of individuals clinically diagnosed with sporadic Alzheimer’s disease (N = 596; age-at-onset [mean ± SD]: 72.2 ± 6.6 years) and cognitively healthy, age-, gender-, and ethnicity-matched population-based controls (N = 170; age-at-exam: 64.1 ± 3.0 years).	https://media.springernature.com/original/springer-static/esm/art%3A10.1038%2Fs41588-026-02583-1/MediaObjects/41588_2026_2583_MOESM1_ESM.pdf	AD cases and population-based controls in the UKS case-control dataset	170	UKS: The UKS cohort is a thoroughly diagnosed case-control cohort from Universitatsklinikum Saarlandes, consisting of individuals clinically diagnosed with sporadic Alzheimer’s disease (N = 596; age-at-onset [mean ± SD]: 72.2 ± 6.6 years) and cognitively healthy, age-, gender-, and ethnicity-matched population-based controls (N = 170; age-at-exam: 64.1 ± 3.0 years).	https://media.springernature.com/original/springer-static/esm/art%3A10.1038%2Fs41588-026-02583-1/MediaObjects/41588_2026_2583_MOESM1_ESM.pdf	AD cases and population-based controls in the UKS case-control dataset
COHO:0001129	owl:NamedIndividual	Viborg Vascular	50156	A cost-effectiveness evaluation was conducted alongside an RCT involving all men from a region in Denmark (50 156) who were allocated to screening (25 078) or no screening (25 078) and followed for up to 5 years.	PMID:29691840	men randomised to screening or no screening								
COHO:0001131	owl:NamedIndividual	Washington University St. Louis Stroke Study	535	WUSTL* St. Louis, USA Hospital-based 2008–2012 535 20–90 42 47 28	https://pmc.ncbi.nlm.nih.gov/articles/PMC4056331/	ischaemic stroke cases recruited 2008-2012 (cases being phenotyped for SiGN), 2013	535	WUSTL* St. Louis, USA Hospital-based 2008–2012 535 20–90 42 47 28	https://pmc.ncbi.nlm.nih.gov/articles/PMC4056331/	ischaemic stroke cases recruited 2008-2012 (cases being phenotyped for SiGN), 2013				
COHO:0001132	owl:NamedIndividual	Sea Islands Genetics Network – Reasons for Geographic and Racial Differences in Stroke	2384	GWAS genotyping was completed for 2,384 SIGNET-REGARDS participants used in this study, including 1,141 with diabetes and 1,243 without diabetes.	https://journals.plos.org/plosgenetics/article/file?type=supplementary&id=10.1371/journal.pgen.1004517.s014	SIGNET-REGARDS participants with GWAS genotyping (1,141 with and 1,243 without diabetes)	1141	GWAS genotyping was completed for 2,384 SIGNET-REGARDS participants used in this study, including 1,141 with diabetes and 1,243 without diabetes.	https://journals.plos.org/plosgenetics/article/file?type=supplementary&id=10.1371/journal.pgen.1004517.s014	SIGNET-REGARDS participants with GWAS genotyping (1,141 with and 1,243 without diabetes)	1243	GWAS genotyping was completed for 2,384 SIGNET-REGARDS participants used in this study, including 1,141 with diabetes and 1,243 without diabetes.	https://journals.plos.org/plosgenetics/article/file?type=supplementary&id=10.1371/journal.pgen.1004517.s014	SIGNET-REGARDS participants with GWAS genotyping (1,141 with and 1,243 without diabetes)
COHO:0001133	owl:NamedIndividual	Wellcome Trust Case Control Consortium 2 Parkinson's disease study					2190	Prior to any exclusion, the full data set comprised 2190 individuals with idiopathic PD, and 5667 population controls.	PMID:21044948	PD cases and WTCCC2 population controls before exclusions (2010)	5667	Prior to any exclusion, the full data set comprised 2190 individuals with idiopathic PD, and 5667 population controls.	PMID:21044948	PD cases and WTCCC2 population controls before exclusions (2010)
COHO:0001134	owl:NamedIndividual	CALGB 80303	602	Between June 2004 and April 2006, 602 patients were enrolled onto the study and 535 were treated.	PMID:20606091	patients enrolled and randomised 2004-2006								
COHO:0001135	owl:NamedIndividual	CALGB 90401	1050	In total, 1,050 patients were randomly assigned.	PMID:22454414	men randomly assigned								
COHO:0001136	owl:NamedIndividual	Colonomics					100	Colonomics is a multi-omics dataset that includes 250 samples: 50 samples from healthy colon mucosa donors and 100 paired samples from colon cancer patients (tumor/adjacent).	PMID:36182938	stage II colon cancer patients (paired tumour/normal) and healthy mucosa donors (2012)	50	Colonomics is a multi-omics dataset that includes 250 samples: 50 samples from healthy colon mucosa donors and 100 paired samples from colon cancer patients (tumor/adjacent).	PMID:36182938	stage II colon cancer patients (paired tumour/normal) and healthy mucosa donors (2012)
COHO:0001137	owl:NamedIndividual	CALGB 40503	394	"""enrollmentInfo"":{""count"":394,""type"":""ACTUAL""}"	https://clinicaltrials.gov/api/v2/studies/NCT00601900	women enrolled across the letrozole phase III and tamoxifen phase II parts (registry actual enrolment)								
COHO:0001139	owl:NamedIndividual	3D Facial Norms cohort	2454	The 3DFN database currently consists of 2454 male and female participants ranging in age from 3–40 years.	https://pmc.ncbi.nlm.nih.gov/articles/PMC4841760/	participants in the 3DFN database (952 males, 1502 females), 2016								
COHO:0001140	owl:NamedIndividual	4D-SZ cohort	2984	The 4D-SZ cohort (multi-omics, with more data to come, from Shenzhen, China) at present have high-depth whole-genome sequencing data from 2984 individuals (mean depth of 33×, ranging from 15× to 78×, Supplementary Table S1 and Fig.	PMID:34873157	Shenzhen participants with high-depth whole-genome sequencing (as of 2021)								
COHO:0001142	owl:NamedIndividual	Age-Related Eye Disease Study	4757	A total of 4757 participants were enrolled, 157 more than planned for by design.	https://pmc.ncbi.nlm.nih.gov/articles/PMC1473211/	participants enrolled 1992-1998								
COHO:0001143	owl:NamedIndividual	Age-Related Eye Disease Study 2	4203	We enrolled 4203 participants at 82 clinical centers located in the United States.	PMID:22840421	participants enrolled and randomised at 82 US centres								
COHO:0001144	owl:NamedIndividual	African Research on Kidney Disease	3025	Of 3025 people who underwent measured GFR testing (Malawi n=1020, South Africa n=986, and Uganda n=1019), we analysed data for 2578 participants who had complete data and adequate quality measurements.	PMID:35839814	people who underwent measured GFR testing (Malawi 1020, South Africa 986, Uganda 1019), 2022								
COHO:0001147	owl:NamedIndividual	Brain Development and Air Pollution Ultrafine Particles in School Children	2897	All school children (n = 5,019) without special needs in grades 2 through 4 (7–10 y of age) were invited to participate, and families of 2,897 (59%) children agreed.	PMID:25734425	children whose families agreed to participate (of 5,019 invited), 2012								
COHO:0001148	owl:NamedIndividual	National Cancer Institute Breast and Prostate Cancer Cohort Consortium					10501	We therefore genotyped 39 SNPs from regions identified by several prostate cancer GWAS in 10,501 prostate cancer cases and 10,831 controls from the NCI Breast and Prostate Cancer Cohort Consortium (BPC3).	PMID:21390317	prostate cancer cases and controls genotyped in the 2011 pooled BPC3 analysis of 39 GWAS SNPs	10831	We therefore genotyped 39 SNPs from regions identified by several prostate cancer GWAS in 10,501 prostate cancer cases and 10,831 controls from the NCI Breast and Prostate Cancer Cohort Consortium (BPC3).	PMID:21390317	prostate cancer cases and controls genotyped in the 2011 pooled BPC3 analysis of 39 GWAS SNPs
COHO:0001149	owl:NamedIndividual	Biomarkers and Stratification To Optimise outcomes in Psoriasis	10000	BSTOP has so far recruited over 10,000 participants and collected more than 34,000 biological samples.	https://www.kcl.ac.uk/research/bstop	participants recruited so far (stated as over 10,000)								
COHO:0001150	owl:NamedIndividual	Black Women's Health Study	59000	The BWHS is a “follow-up” study, following the 59,000 women who enrolled in 1995 over time.	https://www.bu.edu/bwhs/history/	Black women enrolled in 1995								
COHO:0001151	owl:NamedIndividual	Coronary Artery Calcification in Type 1 Diabetes Study	1416	The study enrolled 1416 individuals between 19 and 56 years of age, with no known history of CHD: 652 subjects with type 1 diabetes and 764 nondiabetic control subjects.	https://www.ebi.ac.uk/europepmc/webservices/rest/PMC6448314/fullTextXML	adults enrolled at baseline (652 with type 1 diabetes, 764 non-diabetic controls), 2000-2002	652	The study enrolled 1416 individuals between 19 and 56 years of age, with no known history of CHD: 652 subjects with type 1 diabetes and 764 nondiabetic control subjects.	https://www.ebi.ac.uk/europepmc/webservices/rest/PMC6448314/fullTextXML	adults enrolled at baseline (652 with type 1 diabetes, 764 non-diabetic controls), 2000-2002	764	The study enrolled 1416 individuals between 19 and 56 years of age, with no known history of CHD: 652 subjects with type 1 diabetes and 764 nondiabetic control subjects.	https://www.ebi.ac.uk/europepmc/webservices/rest/PMC6448314/fullTextXML	adults enrolled at baseline (652 with type 1 diabetes, 764 non-diabetic controls), 2000-2002
COHO:0001152	owl:NamedIndividual	Collaborative Association Study of Psoriasis	2875	Total number of consented subjects: 2875	https://www.ncbi.nlm.nih.gov/projects/gap/cgi-bin/study.cgi?study_id=phs000019.v1.p1	consented subjects in the dbGaP release (cases, controls and others)	1409	Total number of consented subjects: 2875	https://www.ncbi.nlm.nih.gov/projects/gap/cgi-bin/study.cgi?study_id=phs000019.v1.p1	consented subjects in the dbGaP release (cases, controls and others)	1436	Total number of consented subjects: 2875	https://www.ncbi.nlm.nih.gov/projects/gap/cgi-bin/study.cgi?study_id=phs000019.v1.p1	consented subjects in the dbGaP release (cases, controls and others)
COHO:0001153	owl:NamedIndividual	California and Uganda Prostate Cancer Study					1586	For men of African ancestry, GRS replication was conducted among 1,586 cases and 1,086 controls from California and Uganda (CA UG Study) genotyped with the Illumina H3 Africa array and imputed using Phase 3 of the 1000 Genomes Project15 as the reference panel and Minimac4 on the Michigan Imputation Server27 (Supplementary Table 1 and 2).	https://www.ebi.ac.uk/europepmc/webservices/rest/PMC8148035/fullTextXML	cases and controls genotyped on the H3Africa array (analysed set); no total stated	1086	For men of African ancestry, GRS replication was conducted among 1,586 cases and 1,086 controls from California and Uganda (CA UG Study) genotyped with the Illumina H3 Africa array and imputed using Phase 3 of the 1000 Genomes Project15 as the reference panel and Minimac4 on the Michigan Imputation Server27 (Supplementary Table 1 and 2).	https://www.ebi.ac.uk/europepmc/webservices/rest/PMC8148035/fullTextXML	cases and controls genotyped on the H3Africa array (analysed set); no total stated
COHO:0001155	owl:NamedIndividual	Childhood Cancer Survivor Study	38000	38K+ survivors diagnosed 1970-1999	https://ccss.stjude.org/about-the-study.html	five-year survivors diagnosed 1970-1999 (stated as 38K+; siblings not included)								
COHO:0001156	owl:NamedIndividual	Collaborative European NeuroTrauma Effectiveness Research in Traumatic Brain Injury	4509	The core study was registered with ClinicalTrials.gov, number NCT02210221, and with Resource Identification Portal (RRID: SCR_015582).FindingsData from 4509 patients from 18 countries, collected between Dec 9, 2014, and Dec 17, 2017, were analysed in the core study and from 22 782 patients in the registry.	PMID:31526754	patients in the core study (analysed); registry counted separately (2014-2017)								
COHO:0001158	owl:NamedIndividual	US Cystic Fibrosis Twin and Sibling Study	1038	All subjects were part of the CF Twin-Sibling Study (n = 1038 individuals in 575 families) and were recruited from CF centers in the United States (n = 952), Australia (n = 48), Israel (n = 24), and United Kingdom (Scotland)(n = 14) between 2000 and 2013 on the basis of having CF and having a twin or sibling with CF.	PMID:25287419	individuals with CF (twins and siblings) recruited 2000-2013; parents not counted								
COHO:0001159	owl:NamedIndividual	Chicago Health and Aging Project	10802	An additional 4,644 participants who later became age-eligible were recruited in successive cohorts, leading to a total study population of 10,802 participants by 2012.	PMID:39641998	participants enrolled 1993-2012 (initial cohort plus successive age-eligible cohorts)								
COHO:0001160	owl:NamedIndividual	Christchurch Health and Development Study	1265	The Christchurch Health and Development Study (CHDS) is a longitudinal cohort study that enrolled at birth 1265 people born in Christchurch, New Zealand in 1977.	https://doi.org/10.1192/bjp.2025.10475	children enrolled at birth in 1977								
COHO:0001161	owl:NamedIndividual	National Institute of Neurological Disorders and Stroke Exploratory Trials in Parkinson's Disease Long-Term Study-1	1741	A total of 1,741 PD participants from 45 sites in the United States and Canada were randomized 1:1 to either 10 g of creatine/day or matching placebo.	PMID:23079770	participants randomised 2007-2010 (874 creatine, 867 placebo)								
COHO:0001162	owl:NamedIndividual	Dunedin Multidisciplinary Health and Development Study	1037	Participants were members of the Dunedin Multidisciplinary Health and Development Study, a longitudinal study of 1037 people born in New Zealand in 1972-1973.	PMID:42101744	study members enrolled (children assessed at age 3, born 1972-1973), 1975-1976								
COHO:0001163	owl:NamedIndividual	European Community Respiratory Health Survey	140000	Young adults aged between 20 and 44 years were selected at random from available population based registers to take part in the survey - the database of ECRHS I contains information from around 140,000 individuals.	https://www.ecrhs.org/ecrhs-i	individuals in the ECRHS I database (stage 1 screening questionnaire, 1990-1994), approximate								
COHO:0001164	owl:NamedIndividual	EDRN Colorectal and Pancreatic Neoplasm Virtual Biorepository	2405	At present, the database holds 2,405 cases and 2,068 tumor accessions.	PMID:21031013	cases (patients) held in the biorepository database as of 2010								
COHO:0001165	owl:NamedIndividual	Echinococcus Multilocularis and Internal Diseases in Leutkirch	2445	A total of 2,445 persons aged 10–65 years participated in the study leading to a sample with a participation rate of 62.8%.	PMID:16981990	residents aged 10-65 who took part in EMIL-I (2002)								
COHO:0001166	owl:NamedIndividual	Early Pseudomonas Infection Control Observational Study	1797	Almost 1,800 participants (N=1797) enrolled in the EPIC Observational Study; 114 were excluded due to being Pa-positive at enrollment or having their CF diagnosis subsequently reversed.	https://www.ncbi.nlm.nih.gov/research/bionlp/RESTful/pmcoa.cgi/BioC_xml/PMC5462119/unicode	children enrolled 2004-2006								
COHO:0001167	owl:NamedIndividual	Environmental Risk Longitudinal Twin Study	2232	In 1998 E-Risk began by constructing a nationally representative 2-year birth cohort of 2,232 same-sex twins born in England and Wales in 1994-1995.	https://www.eriskstudy.com/about-the-e-risk-study/	same-sex twins in the birth cohort born 1994-1995 (1,116 families), 1999-2000								
COHO:0001168	owl:NamedIndividual	Gabapentin for chronic pelvic pain in women	306	Of these 414 women, 306 were randomly assigned (153 to gabapentin and 153 to placebo).	PMID:32979978	women randomised (153 gabapentin, 153 placebo), 2015-2019								
COHO:0001169	owl:NamedIndividual	Interdisciplinary Group for Advanced Research on BirtH outcomes - DBT India Initiative	8000	In the GARBH-Ini (Interdisciplinary Group for Advanced Research on Birth Outcomes-DBT India Initiative) pregnancy cohort, 8000 participants were enrolled with less than 20 weeks' gestation between May 11, 2015, and Aug 8, 2020, at a secondary-care hospital in north India.	PMID:39030058	pregnant women enrolled before 20 weeks' gestation, May 2015 to Aug 2020								
COHO:0001170	owl:NamedIndividual	Global Biobank Meta-analysis Initiative	2200000	GBMI represents 2.2 million research participants with health and genetic data from 23 biobanks: one from Australia, one from West Asia, four from East Asian countries, eight from European countries, and nine from North America.	https://www.ebi.ac.uk/europepmc/webservices/rest/PMC9903716/fullTextXML	participants with genotypes and health data across the 23 member biobanks of the flagship project (as of April 2022)								
COHO:0001171	owl:NamedIndividual	Treatment program of DLBCL patients from the Groupe d'Etude des Lymphomes de l'Adulte	549	Three independent DLBCL GWAS provided genotyping data for a meta-analysis, (Supplementary Table 1), which included data generated with the following commercial, SNP microarrays: Illumina HumanHap 660W for Mayo (393 DLBCL and 172 controls), HumanCNV370-Duo for UCSF7 (254 DLBCLs and 748 controls), and HumanHap 610K for GELA (549 cases).	https://www.ebi.ac.uk/europepmc/webservices/rest/PMC4213349/fullTextXML	DLBCL cases from the LNH03 programme genotyped in the GELA GWAS (cases only)	549	Three independent DLBCL GWAS provided genotyping data for a meta-analysis, (Supplementary Table 1), which included data generated with the following commercial, SNP microarrays: Illumina HumanHap 660W for Mayo (393 DLBCL and 172 controls), HumanCNV370-Duo for UCSF7 (254 DLBCLs and 748 controls), and HumanHap 610K for GELA (549 cases).	https://www.ebi.ac.uk/europepmc/webservices/rest/PMC4213349/fullTextXML	DLBCL cases from the LNH03 programme genotyped in the GELA GWAS (cases only)				
COHO:0001172	owl:NamedIndividual	Genetic and Environmental Risk Factors for Alzheimer's Disease Among African Americans Study	450	Sample Sizes of African American (Discovery) and White (Replication) Data Sets Data Sets African American White MIRAGE GenerAAtions Total MIRAGE ADNI GenADA NIA-LOAD FHS Total No. of cases 267 246 513 609 254 669 1839 197 3568 No. of controls 292 204 496 875 169 713 1983 2465 6205 Total 559 450 1009	https://pmc.ncbi.nlm.nih.gov/articles/PMC3356921/	GenerAAtions cases and controls in the 2011 African American AD GWAS (Table 1, GenerAAtions column)	246	Sample Sizes of African American (Discovery) and White (Replication) Data Sets Data Sets African American White MIRAGE GenerAAtions Total MIRAGE ADNI GenADA NIA-LOAD FHS Total No. of cases 267 246 513 609 254 669 1839 197 3568 No. of controls 292 204 496 875 169 713 1983 2465 6205 Total 559 450 1009	https://pmc.ncbi.nlm.nih.gov/articles/PMC3356921/	GenerAAtions cases and controls in the 2011 African American AD GWAS (Table 1, GenerAAtions column)	204	Sample Sizes of African American (Discovery) and White (Replication) Data Sets Data Sets African American White MIRAGE GenerAAtions Total MIRAGE ADNI GenADA NIA-LOAD FHS Total No. of cases 267 246 513 609 254 669 1839 197 3568 No. of controls 292 204 496 875 169 713 1983 2465 6205 Total 559 450 1009	https://pmc.ncbi.nlm.nih.gov/articles/PMC3356921/	GenerAAtions cases and controls in the 2011 African American AD GWAS (Table 1, GenerAAtions column)
COHO:0001173	owl:NamedIndividual	Gene Environment Interaction and Breast Cancer in Germany					1022	Associations between seven polymorphisms in circadian genes (CLOCK, NPAS2, ARTNL, PER2 and CRY2), genes of melatonin biosynthesis and signaling (AANAT and MTNR1B) and breast cancer were analyzed with conditional logistic regression models, adjusted for potential confounders for 1022 cases and 1014 controls.	PMID:25229211	breast cancer cases and controls analysed in the 2014 GENICA circadian-gene study; no total stated	1014	Associations between seven polymorphisms in circadian genes (CLOCK, NPAS2, ARTNL, PER2 and CRY2), genes of melatonin biosynthesis and signaling (AANAT and MTNR1B) and breast cancer were analyzed with conditional logistic regression models, adjusted for potential confounders for 1022 cases and 1014 controls.	PMID:25229211	breast cancer cases and controls analysed in the 2014 GENICA circadian-gene study; no total stated
COHO:0001174	owl:NamedIndividual	Genizon GWAS	1755	Genizon European Canada 760 995 1,755 1.039 1.045	https://europepmc.org/api/getPdf?pmcid=PMC4423213	psoriasis cases and controls in the Genizon GWAS dataset (after QC, as analysed)	760	Genizon European Canada 760 995 1,755 1.039 1.045	https://europepmc.org/api/getPdf?pmcid=PMC4423213	psoriasis cases and controls in the Genizon GWAS dataset (after QC, as analysed)	995	Genizon European Canada 760 995 1,755 1.039 1.045	https://europepmc.org/api/getPdf?pmcid=PMC4423213	psoriasis cases and controls in the Genizon GWAS dataset (after QC, as analysed)
COHO:0001177	owl:NamedIndividual	Gene-Lifestyle Interactions and Complex Traits Involved in Elevated Disease Risk Study	20000	The GLACIER Study includes roughly 20,000 participants who underwent the baseline health examination between 1985 and 2004, of whom around 7,000 have undergone a 10-year follow-up exam (with ongoing data collection).	https://www.ncbi.nlm.nih.gov/research/bionlp/RESTful/pmcoa.cgi/BioC_xml/PMC4225623/unicode	participants with a baseline examination 1985-2004 (approximate)								
COHO:0001178	owl:NamedIndividual	German Multicenter Allergy Study	1314	The German Multicentre Allergy Study began with the recruitment of 1314 newborns between January and December 1990 in maternity wards from university hospitals in 5 German cities – Berlin, Düsseldorf, Freiburg, Mainz and Munich – and has been described in detail elsewhere 19 including follow‐up methods 7.	https://www.ebi.ac.uk/europepmc/webservices/rest/PMC4744942/fullTextXML	newborns recruited in 1990								
COHO:0001179	owl:NamedIndividual	Genetic Modifier Study	1203	The extremes of phenotype study collected and genotyped 1,203 unrelated CF patients who (a) were homozygous for F508del, the most common CFTR mutation and (b) had lung function at the extremes of the population distribution.	https://www.ncbi.nlm.nih.gov/research/bionlp/RESTful/pmcoa.cgi/BioC_xml/PMC2995003/unicode	unrelated F508del homozygotes at lung-function extremes genotyped for the first consortium GWAS (extremes arm only)								
COHO:0001180	owl:NamedIndividual	Genetic Modifier Study of Severe CF Liver Disease					612	Fifty-one of the 612 enrolled patients (8%) with a presumed diagnosis of CFLD were excluded (Figure 1); 32 due to an additional cause of liver disease or insufficient evidence of portal hypertension, 15 with incomplete clinical documentation, and 4 whose diagnosis of CFLD occurred > 30 years of age and therefore considered to be outliers.	https://www.ncbi.nlm.nih.gov/research/bionlp/RESTful/pmcoa.cgi/BioC_xml/PMC4955685/unicode	CF liver disease cases enrolled Jan 1999 to Jul 2013 (controls not counted in this source)				
COHO:0001181	owl:NamedIndividual	GSK	191	As part of the NEWMEDS consortium (http://www.newmeds-europe.com) [13], three studies conducted by academic institutions (GENDEP, a part-randomized open study of two active antidepressants, n = 868; GENPOD, a randomized controlled trial of two active antidepressants, n = 601; and GODS, a treatment cohort of severe depression, n = 131) [14]–[16] and two studies by pharmaceutical industry members of the European Federation of Pharmaceutical Industries and Associations (active comparator arms from randomized controlled trials by Pfizer, n = 355, and GlaxoSmithKline, n = 191) were combined to obtain a sample of 2,146 adult individuals (1,205 women and 941 men; see Table 1 in Text S1 for description by contributing study) diagnosed with unipolar MDD according to the Diagnostic and Statistical Manual of Mental Disorders–IV and the International Classification of Diseases–10, with prospective data on outcome of treatment with SRI or NRI antidepressants.	https://www.ebi.ac.uk/europepmc/webservices/rest/PMC3472989/fullTextXML	escitalopram-arm participants contributed by GlaxoSmithKline to NEWMEDS								
COHO:0001182	owl:NamedIndividual	GSK Munich recurrent major depression case-control study	1751	Cases and controls used in discovery and replication phases Phase Sample Subjects MDD case Control Discovery GAIN 3461 1696 1765 GenRED 2283 1030 1253 GSK 1751 887 864	https://pmc.ncbi.nlm.nih.gov/articles/PMC3837431/	GSK sample cases and controls in the PGC MDD discovery mega-analysis (after QC)	887	Cases and controls used in discovery and replication phases Phase Sample Subjects MDD case Control Discovery GAIN 3461 1696 1765 GenRED 2283 1030 1253 GSK 1751 887 864	https://pmc.ncbi.nlm.nih.gov/articles/PMC3837431/	GSK sample cases and controls in the PGC MDD discovery mega-analysis (after QC)	864	Cases and controls used in discovery and replication phases Phase Sample Subjects MDD case Control Discovery GAIN 3461 1696 1765 GenRED 2283 1030 1253 GSK 1751 887 864	https://pmc.ncbi.nlm.nih.gov/articles/PMC3837431/	GSK sample cases and controls in the PGC MDD discovery mega-analysis (after QC)
COHO:0001183	owl:NamedIndividual	Great Smoky Mountains Study	1420	The original sample of 1,420 children included three cohorts ages 9, 11, and 13 at baseline.	https://www.ncbi.nlm.nih.gov/research/bionlp/RESTful/pmcoa.cgi/BioC_xml/PMC3939681/unicode	children in the original sample (three cohorts aged 9, 11 and 13 at baseline, including American Indian children), 1993								
COHO:0001184	owl:NamedIndividual	Hasselt Appendicitis Immunology and Environmental Study	325	A total of 325 patients were prospectively recruited in the HAPPIEST population at Jessa Hospital, Hasselt, Belgium, between June 2012 and October 2016.	https://www.ebi.ac.uk/europepmc/webservices/rest/PMC9174512/fullTextXML	appendicitis patients recruited at Jessa Hospital, June 2012 to October 2016								
COHO:0001185	owl:NamedIndividual	Hwasun Cancer Epidemiology Study-Breast	6573	Korean participants came from five studies: the Seoul Breast Cancer Study (SeBCS) (n = 6,179), the Hwasun Cancer Epidemiology Study-Breast (HCES-Br) (n = 6,573), the Korea Genome Epidemiology Study (KoGES; n = 3,209), the Korean Hereditary Breast Cancer study (KOHBRA; n = 1,397), and the Korean National Cancer Center (n = 1,009).	https://www.ncbi.nlm.nih.gov/research/bionlp/RESTful/pmcoa.cgi/BioC_xml/PMC4127632/unicode	breast cancer cases and controls in HCES-Br (2013)	3387	Korean participants came from five studies: the Seoul Breast Cancer Study (SeBCS) (n = 6,179), the Hwasun Cancer Epidemiology Study-Breast (HCES-Br) (n = 6,573), the Korea Genome Epidemiology Study (KoGES; n = 3,209), the Korean Hereditary Breast Cancer study (KOHBRA; n = 1,397), and the Korean National Cancer Center (n = 1,009).	https://www.ncbi.nlm.nih.gov/research/bionlp/RESTful/pmcoa.cgi/BioC_xml/PMC4127632/unicode	breast cancer cases and controls in HCES-Br (2013)	3186	Korean participants came from five studies: the Seoul Breast Cancer Study (SeBCS) (n = 6,179), the Hwasun Cancer Epidemiology Study-Breast (HCES-Br) (n = 6,573), the Korea Genome Epidemiology Study (KoGES; n = 3,209), the Korean Hereditary Breast Cancer study (KOHBRA; n = 1,397), and the Korean National Cancer Center (n = 1,009).	https://www.ncbi.nlm.nih.gov/research/bionlp/RESTful/pmcoa.cgi/BioC_xml/PMC4127632/unicode	breast cancer cases and controls in HCES-Br (2013)
COHO:0001186	owl:NamedIndividual	Health2008 Study	795	Thus, a total of 795 participated (participation rate 36%).	https://www.ebi.ac.uk/europepmc/webservices/rest/PMC4570778/fullTextXML	participants examined 2008-2009 (of 2218 invited)								
COHO:0001187	owl:NamedIndividual	Health2010 Study	1522	A total of 1522 persons participated which meant a 40.5% participation rate [23].	https://www.ebi.ac.uk/europepmc/webservices/rest/PMC4570778/fullTextXML	participants examined 2010-2012 (of 3732 invited)								
COHO:0001188	owl:NamedIndividual	Hong Kong Diabetes Register	10129	Between 1995 and December 31, 2007, a consecutive cohort consisting of 10,129 patients with diabetes was assessed.	https://www.ebi.ac.uk/europepmc/webservices/rest/PMC7386560/fullTextXML	consecutive patients with diabetes assessed 1995 to end of 2007								
COHO:0001189	owl:NamedIndividual	HostSeq initiative	10059	The HostSeq initiative recruited 10,059 Canadians infected with SARS-CoV-2 between March 2020 and March 2023, obtained clinical information on their disease experience and whole genome sequenced (WGS) their DNA.	PMID:38517939	SARS-CoV-2-infected Canadians recruited and whole-genome sequenced by the 15 contributing studies, 2020-2023								
COHO:0001190	owl:NamedIndividual	Hvidoere Remission Phase Study	275	A total of 275 children and adolescents aged <16 years with newly diagnosed type 1 diabetes presenting to the pediatric departments between August 1999 and December 2000 were included in the study.	https://www.ebi.ac.uk/europepmc/webservices/rest/PMC2713624/fullTextXML	children and adolescents with newly diagnosed type 1 diabetes enrolled 1999-2000								
COHO:0001191	owl:NamedIndividual	Nord-Trøndelag Health Study 1995–97	65228	All current residents ≥20 years of age in Nord-Trøndelag have been invited to each survey wave: the HUNT1 (1984–86, 77 202 participants, 89.4% of invitees participated),1 HUNT2 (1995-97, 65 228 participants, 69.5%)2 and HUNT3 (2006-08, 50 800 participants, 54.1%)3 surveys (Figure 1).	https://www.ebi.ac.uk/europepmc/webservices/rest/PMC9908054/fullTextXML	adults aged 20 or over who took part in the HUNT2 survey, 1995-97								
COHO:0001192	owl:NamedIndividual	HypnoLaus Sleep Cohort Study	2162	Of the 2162 participants included in HypnoLaus, 1172 who had hypertension at baseline with complete polysomnography and known hypertension status at follow‐up were included in this analysis (Figure 2).	https://www.ebi.ac.uk/europepmc/webservices/rest/PMC9707830/fullTextXML	CoLaus/PsyCoLaus participants with a complete home polysomnography, 2009-2013								
COHO:0001193	owl:NamedIndividual	Interaction of Gene and Environment of Depression during PostPartum	3310	BackgroundIGEDEPP (Interaction of Gene and Environment of Depression during PostPartum) is a prospective multicenter cohort study of 3310 Caucasian women who gave birth between 2011 and 2016, with follow-up until one year postpartum.	https://www.ebi.ac.uk/europepmc/webservices/rest/search?query=EXT_ID%3A33932643+AND+SRC%3AMED&format=json&resultType=core	women included after delivery, 2011-2016								
COHO:0001194	owl:NamedIndividual	Impact of Neurodevelopmental disorders and School performance: genes and environment	9018	The final sample comprised 9018 participants aged 5-17.	https://www.ebi.ac.uk/europepmc/webservices/rest/search?query=EXT_ID%3A41554769+AND+SRC%3AMED&format=json&resultType=core	analysed subset: students screening negative or with a confirmed neurodevelopmental diagnosis, with school marks (77 schools)								
COHO:0001195	owl:NamedIndividual	Japanese Consortium for Amyotrophic Lateral Sclerosis research	905	Currently, 30 neurology institutions are participating in the JaCALS, and 905 patients with ALS are registered.	PMID:25200580	ALS patients registered in the JaCALS registry (30 institutions), 2014								
COHO:0001196	owl:NamedIndividual	JAPC GWAS	2075	The final analysis included 528,023 SNPs evaluated in 2,075 Japanese and 2,100 Latinos.	https://europepmc.org/api/getPdf?pmcid=PMC3494732	Japanese American prostate cancer cases and controls in the final GWAS analysis (2008)	1033	The final analysis included 528,023 SNPs evaluated in 2,075 Japanese and 2,100 Latinos.	https://europepmc.org/api/getPdf?pmcid=PMC3494732	Japanese American prostate cancer cases and controls in the final GWAS analysis (2008)	1042	The final analysis included 528,023 SNPs evaluated in 2,075 Japanese and 2,100 Latinos.	https://europepmc.org/api/getPdf?pmcid=PMC3494732	Japanese American prostate cancer cases and controls in the final GWAS analysis (2008)
COHO:0001197	owl:NamedIndividual	Japan Prospective Studies Collaboration for Aging and Dementia	11410	A total of 11,410 individuals aged 65 years or older participated in the study.	https://www.ebi.ac.uk/europepmc/webservices/rest/PMC7603740/fullTextXML	community-dwelling residents aged 65 or over who took part in the 2016-2018 baseline survey at 8 sites								
COHO:0001198	owl:NamedIndividual	Korean Research Project on the Integrated Exposure Assessment of Hazardous Substances for Food Safety	4867	The children’s samples were pair collected with the mothers (whenever possible).During 2010 and 2011, 4867 subjects were surveyed.	https://www.ebi.ac.uk/europepmc/webservices/rest/PMC4509523/fullTextXML	subjects of all ages surveyed in 2010-2011 (adults, children, adolescents and mothers)								
COHO:0001199	owl:NamedIndividual	LAPC GWAS	2100	The final analysis included 528,023 SNPs evaluated in 2,075 Japanese and 2,100 Latinos.	https://europepmc.org/api/getPdf?pmcid=PMC3494732	Latino prostate cancer cases and controls in the final GWAS analysis (2008)	1043	The final analysis included 528,023 SNPs evaluated in 2,075 Japanese and 2,100 Latinos.	https://europepmc.org/api/getPdf?pmcid=PMC3494732	Latino prostate cancer cases and controls in the final GWAS analysis (2008)	1057	The final analysis included 528,023 SNPs evaluated in 2,075 Japanese and 2,100 Latinos.	https://europepmc.org/api/getPdf?pmcid=PMC3494732	Latino prostate cancer cases and controls in the final GWAS analysis (2008)
COHO:0001200	owl:NamedIndividual	Levodopa in Early Parkinson's Disease	446	A total of 446 patients were included (average 7.8 patients per month), which is 6.8% of the estimated eligible patients.	https://www.ebi.ac.uk/europepmc/webservices/rest/PMC8842530/fullTextXML	patients with early Parkinson's disease included (randomised) 2011-2016								
COHO:0001201	owl:NamedIndividual	Luxembourg Parkinson's Study	1655	We enrolled 1,655 participants in the study screening phase of the Luxembourg Parkinson’s study.	https://www.ebi.ac.uk/europepmc/webservices/rest/PMC10763250/fullTextXML	participants enrolled in the screening phase since 2015 (patients with parkinsonism and controls), 2023	837	We enrolled 1,655 participants in the study screening phase of the Luxembourg Parkinson’s study.	https://www.ebi.ac.uk/europepmc/webservices/rest/PMC10763250/fullTextXML	participants enrolled in the screening phase since 2015 (patients with parkinsonism and controls), 2023	811	We enrolled 1,655 participants in the study screening phase of the Luxembourg Parkinson’s study.	https://www.ebi.ac.uk/europepmc/webservices/rest/PMC10763250/fullTextXML	participants enrolled in the screening phase since 2015 (patients with parkinsonism and controls), 2023
COHO:0001202	owl:NamedIndividual	Lung Tissue Research Consortium	4486	Participants A total of 4,486 subjects were enrolled, and lung tissue was obtained from 3,333 of these.	https://biolincc.nhlbi.nih.gov/studies/ltrc/	subjects enrolled (thoracic surgery patients with and without lung disease)								
COHO:0001203	owl:NamedIndividual	Mammary Carcinoma Risk Factor Investigation					3464	In a large population-based case-control study in Germany, including 3,464 breast cancer cases aged 50-74 at diagnosis and 6,657 population based and frequency matched controls, we investigated the effects of menopausal hormone therapy (HT) by type, regimen, timing and progestagenic constituent on postmenopausal breast cancer risk overall and according to histological type.	PMID:18506692	postmenopausal breast cancer cases and frequency-matched population controls, 2002-2005	6657	In a large population-based case-control study in Germany, including 3,464 breast cancer cases aged 50-74 at diagnosis and 6,657 population based and frequency matched controls, we investigated the effects of menopausal hormone therapy (HT) by type, regimen, timing and progestagenic constituent on postmenopausal breast cancer risk overall and according to histological type.	PMID:18506692	postmenopausal breast cancer cases and frequency-matched population controls, 2002-2005
COHO:0001204	owl:NamedIndividual	Mayo Clinic Study of Aging	6909	We analyzed data from 924 participants with incident dementia from the Mayo Clinic Study of Aging (N = 6909), a cohort with clinical follow-up visits every 15 months.	https://www.ebi.ac.uk/europepmc/webservices/rest/search?query=EXT_ID%3A42690834+AND+SRC%3AMED&format=json&resultType=core	MCSA participants (all enrolment waves), as given in a 2026 analysis								
COHO:0001205	owl:NamedIndividual	MedStar	1322	Study design of the case-control GWAS was similar to that for PennCath, with 1322 white patients composed of controls (n=447) and those with angiographic CAD (n=875).	https://pmc.ncbi.nlm.nih.gov/articles/PMC3297116/	white patients in the case-control GWAS sample (angiographic CAD cases and controls), 2004-2007	875	Study design of the case-control GWAS was similar to that for PennCath, with 1322 white patients composed of controls (n=447) and those with angiographic CAD (n=875).	https://pmc.ncbi.nlm.nih.gov/articles/PMC3297116/	white patients in the case-control GWAS sample (angiographic CAD cases and controls), 2004-2007	447	Study design of the case-control GWAS was similar to that for PennCath, with 1322 white patients composed of controls (n=447) and those with angiographic CAD (n=875).	https://pmc.ncbi.nlm.nih.gov/articles/PMC3297116/	white patients in the case-control GWAS sample (angiographic CAD cases and controls), 2004-2007
COHO:0001206	owl:NamedIndividual	Melanoma in Southern Sweden	30501	Information was collected from Swedish National Registers on participants (n = 30,501) and non-participants (n = 10,499) in the “Melanoma In Southern Sweden” (MISS) study and the background population (n = 243,032).	https://www.ebi.ac.uk/europepmc/webservices/rest/PMC9128912/fullTextXML	women who returned the baseline questionnaire, 1990-1992 (of 41,000 invited)								
COHO:0001207	owl:NamedIndividual	Michigan State University Twin Registry	30000	The MSUTR has two broad components: a large-scale, population-based registry of child, adolescent, and adult twins and their families (current N ~30,000) and a series of more focused and in-depth studies drawn from the registry (projected N ~7200).	https://www.ebi.ac.uk/europepmc/webservices/rest/search?query=EXT_ID%3A31466551+AND+SRC%3AMED&format=json&resultType=core	twins and family members in the population-based registry (approximate), 2019								
COHO:0001208	owl:NamedIndividual	Mater-University of Queensland Study of Pregnancy	7223	The Mater-University of Queensland Study of Pregnancy (MUSP) and its outcomes began in 1981 with data collected on 7223 pregnant woman-child pairs (6753 mothers, of whom 520 had 2 study children, less 50 who had multiple births).	https://www.ebi.ac.uk/europepmc/webservices/rest/search?query=EXT_ID%3A25519422+AND+SRC%3AMED&format=json&resultType=core	pregnant woman-child pairs at baseline, 1981-1983 (6753 mothers)								
COHO:0001209	owl:NamedIndividual	Myositis Genetics Consortium	2954	2,954 samples from 14 countries were collected through the Myositis Genetics Consortium (MYOGEN), and written informed consent was obtained from all cases with approval from research ethics boards at each participating centre.	https://pmc.ncbi.nlm.nih.gov/articles/PMC5300750/	IIM case samples collected through MYOGEN for its Immunochip study (controls shared from other consortia), 2016								
COHO:0001210	owl:NamedIndividual	Carolina Breast Cancer Study					5309	We examined tumor characteristics and epidemiologic risk factors associated with premenopausal women's and young women's breast cancer in phases I-III of the Carolina Breast Cancer Study (5309 cases, 2022 control subjects).	PMID:27492244	breast cancer cases (phases I-III) and control subjects (phases I-II), 2013	2022	We examined tumor characteristics and epidemiologic risk factors associated with premenopausal women's and young women's breast cancer in phases I-III of the Carolina Breast Cancer Study (5309 cases, 2022 control subjects).	PMID:27492244	breast cancer cases (phases I-III) and control subjects (phases I-II), 2013
COHO:0001211	owl:NamedIndividual	North Carolina Bladder Cancer Study					229	Using a polymerase chain reaction (PCR)-based method, we examined the frequency of the homozygous deleted genotype (GSTM1 0/0) in 229 patients with transitional cell carcinoma of the bladder and 211 control subjects who were enrolled from the Urology Clinics at Duke University Medical Center and the University of North Carolina Hospitals.	PMID:8320745	bladder cancer cases and clinic control subjects enrolled at Duke and UNC urology clinics (1993)	211	Using a polymerase chain reaction (PCR)-based method, we examined the frequency of the homozygous deleted genotype (GSTM1 0/0) in 229 patients with transitional cell carcinoma of the bladder and 211 control subjects who were enrolled from the Urology Clinics at Duke University Medical Center and the University of North Carolina Hospitals.	PMID:8320745	bladder cancer cases and clinic control subjects enrolled at Duke and UNC urology clinics (1993)
COHO:0001212	owl:NamedIndividual	NCI-Maryland Prostate Cancer Case-Control Study	2010	In addition, we could not evaluate the relationship of HHV-8 seropositivity with prostate cancer for all men in the NCI-Maryland study because we could not collect sera samples and germline DNA from a subset of the men, leading to the inclusion of 1541 men in the analysis out of the 2010 recruited men (76.7%).	https://www.ebi.ac.uk/europepmc/webservices/rest/PMC9592685/fullTextXML	men recruited 2005-2015 (cases and population controls)	976	In addition, we could not evaluate the relationship of HHV-8 seropositivity with prostate cancer for all men in the NCI-Maryland study because we could not collect sera samples and germline DNA from a subset of the men, leading to the inclusion of 1541 men in the analysis out of the 2010 recruited men (76.7%).	https://www.ebi.ac.uk/europepmc/webservices/rest/PMC9592685/fullTextXML	men recruited 2005-2015 (cases and population controls)	1034	In addition, we could not evaluate the relationship of HHV-8 seropositivity with prostate cancer for all men in the NCI-Maryland study because we could not collect sera samples and germline DNA from a subset of the men, leading to the inclusion of 1541 men in the analysis out of the 2010 recruited men (76.7%).	https://www.ebi.ac.uk/europepmc/webservices/rest/PMC9592685/fullTextXML	men recruited 2005-2015 (cases and population controls)
COHO:0001213	owl:NamedIndividual	Northern Finland Birth Cohort 1966	12058	Finally, 12 058 live-born children were included in the follow-ups, i.e. 5890 girls and 6168 boys, of whom were 314 twins (see Table 2 under ‘Loss to follow-up’).	https://pmc.ncbi.nlm.nih.gov/articles/PMC8743124/	live-born children included in the cohort follow-ups (1966)								
COHO:0001214	owl:NamedIndividual	Linxian General Population Nutrition Intervention Trial	29584	Finally, a total of 29,584 subjects were randomly assigned to one of eight intervention groups which received daily vitamin/mineral supplement combinations or placebo according to a one-half replicate of a 24 fractional factorial design.	https://www.ebi.ac.uk/europepmc/webservices/rest/PMC8866236/fullTextXML	adults randomised to supplement combinations or placebo (1986)								
COHO:0001215	owl:NamedIndividual	Neuro-Ophthalmology Research at Fundació ACE	3977	Initially, 3,977 cases from Ace with available clinical information and OCT measurements were reviewed.	https://www.ebi.ac.uk/europepmc/webservices/rest/PMC11568571/fullTextXML	Ace cases with clinical information and OCT measurements reviewed for NORFACE analysis								
COHO:0001216	owl:NamedIndividual	New York Cancer Project	18187	Using venue-based sampling with quotas, 18,187 adults aged 30 years or older were recruited over a year to undergo a baseline questionnaire, venipuncture, and contact information.	PMID:15136663	adults aged 30+ recruited with baseline questionnaire and blood (2000-2002)								
COHO:0001217	owl:NamedIndividual	Okinawa Bioinformation Bank	10285	We analyzed 10,285 individuals registered in the OBi using principal component analysis (PCA), along with individuals in the 1KGP phase 3 reference panel (AFR, n = 661; AMR, n = 347; EAS, n = 504; EUR, n = 503; SAS, n = 489), and defined 10,136 individuals as the Japanese population (Supplementary Fig. 2b).	https://www.ebi.ac.uk/europepmc/webservices/rest/PMC11846991/fullTextXML	individuals registered in the OBi analysed by PCA (analysed subset), 2025								
COHO:0001218	owl:NamedIndividual	Pancreatic Cancer Cohort Consortium	13962	The dataset includes results from an association study of 5,117 individuals diagnosed with pancreatic ductal adenocarcinoma (PDAC) and 8,845 control individuals, or a total of 13,962 subjects of European ancestry (as compared to the genotype and phenotype information under this project that includes 9,437 individuals (PanScan I and II PDAC case and control individuals and PanScan III PDAC cases only).	https://www.ncbi.nlm.nih.gov/projects/gap/cgi-bin/study.cgi?study_id=phs000206.v5.p3	PDAC cases and controls of European ancestry in the PanScan I-III association summary statistics	5117	The dataset includes results from an association study of 5,117 individuals diagnosed with pancreatic ductal adenocarcinoma (PDAC) and 8,845 control individuals, or a total of 13,962 subjects of European ancestry (as compared to the genotype and phenotype information under this project that includes 9,437 individuals (PanScan I and II PDAC case and control individuals and PanScan III PDAC cases only).	https://www.ncbi.nlm.nih.gov/projects/gap/cgi-bin/study.cgi?study_id=phs000206.v5.p3	PDAC cases and controls of European ancestry in the PanScan I-III association summary statistics	8845	The dataset includes results from an association study of 5,117 individuals diagnosed with pancreatic ductal adenocarcinoma (PDAC) and 8,845 control individuals, or a total of 13,962 subjects of European ancestry (as compared to the genotype and phenotype information under this project that includes 9,437 individuals (PanScan I and II PDAC case and control individuals and PanScan III PDAC cases only).	https://www.ncbi.nlm.nih.gov/projects/gap/cgi-bin/study.cgi?study_id=phs000206.v5.p3	PDAC cases and controls of European ancestry in the PanScan I-III association summary statistics
COHO:0001219	owl:NamedIndividual	Prostate Cancer Genome-wide Association Study of Uncommon Susceptibility Loci					4838	A total of 4,838 prostate cancer cases and 3,053 controls of European ancestry, matched on age and year of randomization, were selected for stage 1.	https://pmc.ncbi.nlm.nih.gov/articles/PMC4422072/	PLCO prostate cancer cases and matched controls of European ancestry selected for genotyping (2015)	3053	A total of 4,838 prostate cancer cases and 3,053 controls of European ancestry, matched on age and year of randomization, were selected for stage 1.	https://pmc.ncbi.nlm.nih.gov/articles/PMC4422072/	PLCO prostate cancer cases and matched controls of European ancestry selected for genotyping (2015)
COHO:0001220	owl:NamedIndividual	University of Pennsylvania Catheterization Study	3815	Briefly, between July 1, 1998, and March 31, 2003, PennCath recruited 3815 consecutive patients undergoing cardiac catheterisation.	PMID:21239051	consecutive patients undergoing cardiac catheterisation recruited 1998-2003								
COHO:0001221	owl:NamedIndividual	Pediatric Imaging, Neurocognition, and Genetics	1493	This sample consists of 1,493 participants (780 males) for whom acceptable imaging, genomics, and/or cognition assessments were obtained; acceptable imaging data were acquired for 1,239 of these participants (645 males); acceptable cognition data for 1,453 participants (752 males), and acceptable genotyping is available for 1391 (719 males).	https://www.ncbi.nlm.nih.gov/research/bionlp/RESTful/pmcoa.cgi/BioC_xml/PMC4628902/unicode	participants with acceptable data in the PING repository								
COHO:0001222	owl:NamedIndividual	Karolinska Mammography Project for Risk Prediction of Breast Cancer - Case-Control Study					5002	pKARMA is a cohort of 5002 invasive breast cancer patients diagnosed between 2001 and 2008 in Stockholm and 5433 breast cancer-free women from KARMA (26).	https://www.ebi.ac.uk/europepmc/webservices/rest/PMC11160497/fullTextXML	invasive breast cancer cases (LIBRO-1) and breast-cancer-free KARMA women (2008)	5433	pKARMA is a cohort of 5002 invasive breast cancer patients diagnosed between 2001 and 2008 in Stockholm and 5433 breast cancer-free women from KARMA (26).	https://www.ebi.ac.uk/europepmc/webservices/rest/PMC11160497/fullTextXML	invasive breast cancer cases (LIBRO-1) and breast-cancer-free KARMA women (2008)
COHO:0001223	owl:NamedIndividual	Parkinson Research Examination of CEP-1347 Trial	806	Consenting PD patients not yet requiring dopaminergic therapy (n = 806) were randomized equally to CEP-1347 in dosages of 10 mg BID, 25 mg BID, or 50 mg BID, or matching placebo, and were evaluated blindly and prospectively.	PMID:17881719	people with early PD randomised (2004)								
COHO:0001224	owl:NamedIndividual	Predictors For ECT	2880	A total of 2,880 participants provided DNA and had received at least one acute ECT treatment series for a major depressive episode.	https://pmc.ncbi.nlm.nih.gov/articles/PMC10113810/	participants who provided DNA and had an ECT series for a major depressive episode (subset by indication), 2017								
COHO:0001225	owl:NamedIndividual	Performance of Rotavirus and Oral Polio Vaccines in Developing Countries	700	The PROVIDE study was a randomized controlled clinical trial with two vaccine interventions, which enrolled a birth cohort of 700 children and their mothers, and followed the children for their first 2 years of life.	https://pmc.ncbi.nlm.nih.gov/articles/PMC4385767/	children enrolled with their mothers (child-mother pairs)								
COHO:0001228	owl:NamedIndividual	The Roskilde cohort of pregnant women	1214	A total of 1214 unselected pregnant women enrolled at nuchal translucency examination between 11(+3) and 13(+6) weeks of gestation.	PMID:24861484	unselected pregnant women enrolled at the nuchal translucency scan								
COHO:0001229	owl:NamedIndividual	Shanghai Breast Cancer Genetics Study	5152	The SBCGS was conducted in 5152 participants (2867 case participants and 2285 control participants) from the following four population-based studies conducted among Chinese women in urban Shanghai between 1996 and 2005: the Shanghai Breast Cancer Study [25], the Shanghai Breast Cancer Survival Study [26], the Shanghai Endometrial Cancer Study (contributing controls only) [27] and the Shanghai Women’s Health Study [28].	PMID:35395775	cases and controls genotyped in the SBCGS (Chinese women, 1996-2005)	2867	The SBCGS was conducted in 5152 participants (2867 case participants and 2285 control participants) from the following four population-based studies conducted among Chinese women in urban Shanghai between 1996 and 2005: the Shanghai Breast Cancer Study [25], the Shanghai Breast Cancer Survival Study [26], the Shanghai Endometrial Cancer Study (contributing controls only) [27] and the Shanghai Women’s Health Study [28].	PMID:35395775	cases and controls genotyped in the SBCGS (Chinese women, 1996-2005)	2285	The SBCGS was conducted in 5152 participants (2867 case participants and 2285 control participants) from the following four population-based studies conducted among Chinese women in urban Shanghai between 1996 and 2005: the Shanghai Breast Cancer Study [25], the Shanghai Breast Cancer Survival Study [26], the Shanghai Endometrial Cancer Study (contributing controls only) [27] and the Shanghai Women’s Health Study [28].	PMID:35395775	cases and controls genotyped in the SBCGS (Chinese women, 1996-2005)
COHO:0001230	owl:NamedIndividual	Scandinavian Lymphoma Etiology study					3740	We tested this hypothesis in a population-based case-control study in Denmark and Sweden.MethodsA total of 3740 patients diagnosed between October 1, 1999, and August 30, 2002, with incident malignant lymphomas, including non-Hodgkin lymphoma, chronic lymphocytic leukemia, and Hodgkin lymphoma, and 3187 population controls provided detailed information on history of UV exposure and skin cancer and information on other possible risk factors for lymphomas.	https://www.ebi.ac.uk/europepmc/webservices/rest/search?query=EXT_ID%3A15687363+AND+SRC%3AMED&format=json&resultType=core	lymphoma patients diagnosed 1999-2002 and population controls who provided interview data	3187	We tested this hypothesis in a population-based case-control study in Denmark and Sweden.MethodsA total of 3740 patients diagnosed between October 1, 1999, and August 30, 2002, with incident malignant lymphomas, including non-Hodgkin lymphoma, chronic lymphocytic leukemia, and Hodgkin lymphoma, and 3187 population controls provided detailed information on history of UV exposure and skin cancer and information on other possible risk factors for lymphomas.	https://www.ebi.ac.uk/europepmc/webservices/rest/search?query=EXT_ID%3A15687363+AND+SRC%3AMED&format=json&resultType=core	lymphoma patients diagnosed 1999-2002 and population controls who provided interview data
COHO:0001231	owl:NamedIndividual	Spanish Coalition to Unlock Research on Host Genetics on COVID-19	11939	In the SCOURGE study, 11 939 COVID-19 positive cases were recruited from 34 centers (Supplementary Material, Table S1) between March and December 2020.	https://www.ebi.ac.uk/europepmc/webservices/rest/PMC9652109/fullTextXML	COVID-19 positive patients recruited in Spain from 34 centres (Spanish arm only), 2020								
COHO:0001233	owl:NamedIndividual	Scottish Diabetes Research Network Type 1 Bioresource	6127	There was sufficient research nurse time for 78% (7593/9731) of all attending eligible patients to be invited and of these 80.7% (6127/7593) participated.	https://europepmc.org/api/getPdf?pmcid=PMC5582633	people with type 1 diabetes who participated at baseline, Dec 2010-Nov 2013								
COHO:0001234	owl:NamedIndividual	Shanxi Upper Gastrointestinal Cancer Genetics Project	7705	"""enrollmentInfo"":{""count"":7705,""type"":""ACTUAL""}"	https://clinicaltrials.gov/api/v2/studies/NCT00341276	actual enrolment of the whole project (NCT00341276), all components (2020)								
COHO:0001235	owl:NamedIndividual	Swiss HIV Cohort Study	22282	By June 2025, 22 282 participants had been enrolled from university and cantonal hospitals, and, since 1996, also from regional hospitals and private practitioners (Figure S1).	https://www.ebi.ac.uk/europepmc/webservices/rest/PMC13566368/fullTextXML	participants ever enrolled since 1988, as of June 2025								
COHO:0001236	owl:NamedIndividual	Study of Osteoporotic Fractures	10366	Subsequently, at the Year 10 SOF examination conducted between 1997 and 1998, 662 African-American women were enrolled in the study increasing the total cohort enrollment to 10,366 women [11].	https://www.ebi.ac.uk/europepmc/webservices/rest/PMC5390547/fullTextXML	women enrolled in total (9704 white women 1986-1988 plus 662 African-American women at Year 10), 1998								
COHO:0001237	owl:NamedIndividual	Study of Twin Adults: Genes and Environment	25313	Namely, we used the Study of Twin Adults: Genes and Environment (STAGE) comprising 25 313 twins (born 1959-1985) surveyed 2005 to 2006	https://www.ebi.ac.uk/europepmc/webservices/rest/PMC10918580/fullTextXML	twins born 1959-1985 who responded to the 2005-2006 web survey								
COHO:0001238	owl:NamedIndividual	Sequenced Treatment Alternatives to Relieve Depression	4041	The study included 4,041 treatment-seeking adult outpatients, recruited in 18 primary care and 23 psychiatric clinical sites across the United States.	https://pmc.ncbi.nlm.nih.gov/articles/PMC10416089/	adult outpatients enrolled at 18 primary care and 23 psychiatric sites								
COHO:0001239	owl:NamedIndividual	Tyypin 1 Diabeteksen Genetiikka	249	T1DGEN Finland Independent 249 249 16 (10, 24) 156,343	https://europepmc.org/api/getPdf?pmcid=PMC5719131	type 1 diabetes cases genotyped on ImmunoChip (analysed subset)								
COHO:0001240	owl:NamedIndividual	Swedish Twin study of CHild and Adolescent Development	2960	Participants were originally included in a population-based longitudinal twin study, the Twin Study of Child and Adolescent Development (TCHAD), comprising all twins born in Sweden between May 1985 and December 1986 (2960 children in total).	https://www.ncbi.nlm.nih.gov/research/bionlp/RESTful/pmcoa.cgi/BioC_xml/PMC10251215/unicode	twin children born May 1985-Dec 1986 in the cohort (1480 pairs), 1994								
COHO:0001241	owl:NamedIndividual	Transforming Research and Clinical Knowledge in Traumatic Brain Injury	2996	"""enrollmentInfo"":{""count"":2996,""type"":""ACTUAL""}"	https://clinicaltrials.gov/api/v2/studies/NCT02119182	actual enrolment registered for the TRACK-TBI study (NCT02119182), 2014-2018								
COHO:0001242	owl:NamedIndividual	Type 1 Diabetes TrialNet	250000	The findings from TN01 have proven to be reproducible across multiple cohorts in different intervention studies.In TN01 (renamed Pathway to Prevention) >250,000 relatives of individuals with type 1 diabetes have been screened for autoantibodies (Fig. 1), and Pathway to Prevention remains the largest long-running cohort study of both children and adults at risk for disease with 8,937 individuals enrolled in monitoring.	https://www.ebi.ac.uk/europepmc/webservices/rest/PMC12178618/fullTextXML	relatives screened for islet autoantibodies in Pathway to Prevention (stated as more than 250,000), 2024								
COHO:0001243	owl:NamedIndividual	UCI Breast Cancer Study					1567	In this study, we report data on 1567 breast cancer and 328 ovarian cancer probands.	https://www.ebi.ac.uk/europepmc/webservices/rest/search?query=EXT_ID%3A10667470+AND+SRC%3AMED&format=json&resultType=core	breast cancer probands of the UCI population-based family registry (the study's case series)				
COHO:0001244	owl:NamedIndividual	U.S. Radiologic Technologists Study	110373	A total of 110,373 radiological technologists completed at least one of the first two questionnaires and are considered study participants.	https://www.ebi.ac.uk/europepmc/webservices/rest/PMC6041262/fullTextXML	technologists who completed at least one of the first two questionnaires (study participants), 1998								
COHO:0001245	owl:NamedIndividual	Vanderbilt Atrial Fibrillation Ablation Registry	2478	"""enrollmentInfo"":{""count"":2478,""type"":""ACTUAL""}"	https://clinicaltrials.gov/api/v2/studies/NCT02404415	actual enrolment in the registry (NCT02404415) since October 2011 (2026)								
COHO:0001246	owl:NamedIndividual	Vietnam Era Twin Study of Aging	1608	Briefly, VETSA includes 1608 men who were recruited from the Vietnam Era Twin Registry (VETR), a nationally representative registry, which includes male twins, who were in the military at some time during the Vietnam era (1965–1975).	https://www.ebi.ac.uk/europepmc/webservices/rest/PMC11257108/fullTextXML	men enrolled across waves 1-3 (1237 at wave 1 plus replenishment twins)								
COHO:0001247	owl:NamedIndividual	VHIR-FMT-Barcelona					545	VHIR-FMT-BARCELONA Spain HumanCore ExomeChip EUR 545 320	https://www.ncbi.nlm.nih.gov/research/bionlp/RESTful/pmcoa.cgi/BioC_xml/PMC4912948/unicode	ischaemic stroke cases and controls genotyped for the NINDS-SIGN GWAS (analysed set)	320	VHIR-FMT-BARCELONA Spain HumanCore ExomeChip EUR 545 320	https://www.ncbi.nlm.nih.gov/research/bionlp/RESTful/pmcoa.cgi/BioC_xml/PMC4912948/unicode	ischaemic stroke cases and controls genotyped for the NINDS-SIGN GWAS (analysed set)
COHO:0001248	owl:NamedIndividual	Virginia Twin Study of Adolescent Behavioral Development	2775	Of 1894 putative twin pairs, 1412 families (75%, 2775 children) participated and were included in the first wave of data collection.	https://www.ncbi.nlm.nih.gov/research/bionlp/RESTful/pmcoa.cgi/BioC_xml/PMC3609892/unicode	twin children in 1412 families who took part in wave 1								
COHO:0001249	owl:NamedIndividual	Vanderbilt Atrial Fibrillation Registry	1134	Total number of consented subjects: 1134	https://www.ncbi.nlm.nih.gov/projects/gap/cgi-bin/study.cgi?study_id=phs001032.v7.p2	consented subjects in the registry's TOPMed dbGaP study								
COHO:0001250	owl:NamedIndividual	WeGene cohort	5952	We enrolled 5,952 Han Chinese participants (see Supplementary Note 1 for myopia status distribution), who had given informed consent and undergone genotyping as part of the WeGene Personal Genome Services.	https://www.ebi.ac.uk/europepmc/webservices/rest/PMC13175889/fullTextXML	analysed subset: participants in the myopia GWAS								
COHO:0001251	owl:NamedIndividual	Wisconsin Sleep Cohort Study	1545	There were 1545 individuals (53% of those invited) who agreed to come in for a baseline sleep study (the primary reason for non-participation was the burden of being away from home overnight).	https://europepmc.org/api/getPdf?pmcid=PMC10091093	people who took part in the baseline in-laboratory sleep study								
COHO:0001252	owl:NamedIndividual	ZOE 2.0	8059	Between 2016 and 2019, the study enrolled 8059 3–5-year-old children attending public preschools in North Carolina, United States.	https://www.ebi.ac.uk/europepmc/webservices/rest/PMC7663650/fullTextXML	children aged 3-5 enrolled 2016-2019								
COHO:0001253	owl:NamedIndividual	Protection Against Allergy: Study in Rural Environments	1133	PASTURE recruited 1133 children in 2002-2005 from rural areas in 5 European countries: Austria, Finland, France, Germany, and Switzerland (6).	https://www.ebi.ac.uk/europepmc/webservices/rest/PMC8111016/fullTextXML	children recruited at birth 2002-2005								
COHO:0001254	owl:NamedIndividual	Project Viva	2341	After recruitment we found 329 of them to be ineligible (Figure 1), leaving a total of 2341 eligible enrollees, of whom 2128 were still enrolled at the time of delivery and had live births.	https://europepmc.org/api/getPdf?pmcid=PMC4339753	eligible pregnant women enrolled 1999-2002								
COHO:0001256	owl:NamedIndividual	Alzheimer's Genetics in Argentina–Alzheimer Argentina consortium	1018	A total number of 1018 samples from Argentina and 375 samples from Chile remained after QC.	https://www.ebi.ac.uk/europepmc/webservices/rest/PMC10917041/fullTextXML	analysed subset: Argentinian samples in the 2023 GWAS after QC								
COHO:0001257	owl:NamedIndividual	STORK study	1031	A total of 1031 healthy pregnant women who gave birth at Oslo University Hospital, Rikshospitalet, Norway were included in the study (Figure 1).	https://www.ebi.ac.uk/europepmc/webservices/rest/PMC3377679/fullTextXML	healthy pregnant women included 2001-2008								
COHO:0001258	owl:NamedIndividual	San Antonio Longitudinal Study of Aging	749	Of the remaining 1,062 individuals, 749 completed the baseline examination for a response rate of 70.5%.	https://www.ncbi.nlm.nih.gov/research/bionlp/RESTful/pmcoa.cgi/BioC_xml/PMC3058917/unicode	people who completed the 1992-1996 baseline examination								
COHO:0001261	owl:NamedIndividual	Northern Ireland Young Hearts Project	1015	Briefly, the initial screening (YH1), conducted in 1989/1990, surveyed 1015 adolescents (12-year old boys, n 251;12-year old girls, n 258; 15-year old boys, n 252; and 15-year old girls, n 254) randomly selected from post-primary schools.	https://www.ebi.ac.uk/europepmc/webservices/rest/PMC524366/fullTextXML	adolescents surveyed at the initial 1989/1990 screening (YH1)								
COHO:0001262	owl:NamedIndividual	Active Life Expectancy, Ageing, and Disability Related to Obesity Study	3086	The cohort consists of 3086 individuals (2880 of which were randomly recruited from the registers of health centers).	https://www.ebi.ac.uk/europepmc/webservices/rest/PMC9410389/fullTextXML	individuals in the ALEXANDROS cohorts (as stated in 2022)								
COHO:0001263	owl:NamedIndividual	Genetics of Glaucoma in People of African Descent Consortium	26295	A total of 26 295 individuals were included in the study.	https://pmc.ncbi.nlm.nih.gov/articles/PMC6865235/	cases and controls in the consortium's 2019 two-stage GWAS (discovery and validation)	9257	A total of 26 295 individuals were included in the study.	https://pmc.ncbi.nlm.nih.gov/articles/PMC6865235/	cases and controls in the consortium's 2019 two-stage GWAS (discovery and validation)	17038	A total of 26 295 individuals were included in the study.	https://pmc.ncbi.nlm.nih.gov/articles/PMC6865235/	cases and controls in the consortium's 2019 two-stage GWAS (discovery and validation)
COHO:0001264	owl:NamedIndividual	International Collaboration on Ovarian Neoplasms 7 trial	1528	Between Dec 18, 2006, and Feb 16, 2009, 1528 women were enrolled and randomly assigned to receive chemotherapy (n=764) or chemotherapy plus bevacizumab (n=764).	PMID:26115797	women randomised 2006-2009								
COHO:0001265	owl:NamedIndividual	Genetics of Parkinson's in India – Young Onset Parkinson's Disease	674	674 subjects with PD were recruited through a network of 10 specialty movement disorder centers and/or neurology clinics located across India.	https://www.medrxiv.org/content/medrxiv/early/2023/06/22/2023.06.18.23291407.full.pdf	people with Parkinson's disease recruited over two years								
COHO:0001266	owl:NamedIndividual	SweCovid study	374	The study includes 374 COVID-19 patients from the Pronmed cohort admitted to the ICU at Uppsala University Hospital.	PMID:36271419	critical COVID-19 ICU patients in the PronMed cohort from which SweCovid is drawn								
COHO:0001268	owl:NamedIndividual	Placental Abruption Genetic Epidemiology study	2212		https://www.medrxiv.org/content/medrxiv/early/2023/11/22/2023.11.22.23298891.full.pdf	analysed subset: women in the preterm-birth GWAS (PTB cases and controls)	933		https://www.medrxiv.org/content/medrxiv/early/2023/11/22/2023.11.22.23298891.full.pdf	analysed subset: women in the preterm-birth GWAS (PTB cases and controls)	1279		https://www.medrxiv.org/content/medrxiv/early/2023/11/22/2023.11.22.23298891.full.pdf	analysed subset: women in the preterm-birth GWAS (PTB cases and controls)
COHO:0001269	owl:NamedIndividual	STORK Groruddalen	823	823 women were included, 59% of non-Western origin.	PMID:21062840	pregnant women included 2008-2010								
COHO:0001270	owl:NamedIndividual	Mount Sinai COVID-19 Biobank	567	In this study, 567 individuals (495 hospitalized with COVID-19 and 72 healthy and hospitalized controls) were enrolled in the Mount Sinai COVID-19 Biobank Study between April and June 2020 (Fig. 1).	https://www.ebi.ac.uk/europepmc/webservices/rest/PMC9873574/fullTextXML	individuals enrolled April-June 2020 (495 COVID-19 inpatients, 72 controls)								
COHO:0001271	owl:NamedIndividual	Die Deutsche Diabetes Dialyse Studie	1255	The 4D Study was a multicentre, randomized, double-blind, prospective study enrolling 1255 participants with T2DM receiving maintenance HD at 178 centres who were randomly assigned to receive 20 mg of atorvastatin or matching placebo daily.	https://www.ebi.ac.uk/europepmc/webservices/rest/PMC10539202/fullTextXML	patients randomised to atorvastatin or placebo								
COHO:0001272	owl:NamedIndividual	African Descent and Glaucoma Evaluation Study	1221	A prospective, multicenter observational cohort study of 1221 participants of African descent and European descent with no glaucoma (normal), suspected glaucoma, and glaucoma.	PMID:19752422	participants of the original observational cohort (ADAGES I/II)								
COHO:0001273	owl:NamedIndividual	ADMIxture and Risk of Acute Leukemia Study	4200	In this study, we show differences in the genetic architecture of childhood B-ALL risk in African ancestral populations with an analysis of 4200 African American children, including 840 B-ALL cases, as a part of the ADMIxture and Risk of Acute Leukemia (ADMIRAL) Study.	https://www.ebi.ac.uk/europepmc/webservices/rest/PMC12546916/fullTextXML	African American children in the GWAS (840 B-ALL cases, 3360 controls)	840	In this study, we show differences in the genetic architecture of childhood B-ALL risk in African ancestral populations with an analysis of 4200 African American children, including 840 B-ALL cases, as a part of the ADMIxture and Risk of Acute Leukemia (ADMIRAL) Study.	https://www.ebi.ac.uk/europepmc/webservices/rest/PMC12546916/fullTextXML	African American children in the GWAS (840 B-ALL cases, 3360 controls)	3360	In this study, we show differences in the genetic architecture of childhood B-ALL risk in African ancestral populations with an analysis of 4200 African American children, including 840 B-ALL cases, as a part of the ADMIxture and Risk of Acute Leukemia (ADMIRAL) Study.	https://www.ebi.ac.uk/europepmc/webservices/rest/PMC12546916/fullTextXML	African American children in the GWAS (840 B-ALL cases, 3360 controls)
COHO:0001274	owl:NamedIndividual	Amish Family Osteoporosis Study	964	BMD was measured at the spine, hip, and radius using DXA in 964 participants (mean age, 50.2 +/- 16.3 [SD] years; range, 18-99 years) from large multigenerational families.	PMID:16939402	family members with DXA bone density in the 2006 linkage analysis								
COHO:0001275	owl:NamedIndividual	Asian Genetic Epidemiology Network	433540	Identification of type 2 diabetes loci in 433,540 East Asian individuals.	PMID:32499647	cases and controls in the 2020 AGEN type 2 diabetes meta-analysis (23 GWAS)	77418	Identification of type 2 diabetes loci in 433,540 East Asian individuals.	PMID:32499647	cases and controls in the 2020 AGEN type 2 diabetes meta-analysis (23 GWAS)	356122	Identification of type 2 diabetes loci in 433,540 East Asian individuals.	PMID:32499647	cases and controls in the 2020 AGEN type 2 diabetes meta-analysis (23 GWAS)
COHO:0001276	owl:NamedIndividual	AIDS Linked to the IntraVenous Experience	5500	Since 1988, over 5500 PWID have been enrolled across several enrollment periods.	https://doi.org/10.1007/s10461-026-05227-x	"people who inject drugs enrolled since 1988 across all enrolment periods (stated as ""over 5500"", a lower bound)"								
COHO:0001277	owl:NamedIndividual	Australian Melanoma Family Study	1164	From 2001 to 2005, the authors recruited 1,164 probands including 629 cases with histopathologically confirmed, first-primary cutaneous melanoma diagnosed before age 40 years, 240 population-based controls frequency matched for age, and 295 spouse/friend controls.	PMID:19887461	probands recruited 2001-2005 (629 cases, 240 population controls, 295 spouse/friend controls); relatives not counted	629	From 2001 to 2005, the authors recruited 1,164 probands including 629 cases with histopathologically confirmed, first-primary cutaneous melanoma diagnosed before age 40 years, 240 population-based controls frequency matched for age, and 295 spouse/friend controls.	PMID:19887461	probands recruited 2001-2005 (629 cases, 240 population controls, 295 spouse/friend controls); relatives not counted				
COHO:0001278	owl:NamedIndividual	Anxiety NeuroGenetics STudy	18000	Meta-analysis for each phenotype combined results across the nine samples for over 18 000 unrelated individuals.	PMID:26754954	"unrelated individuals in the 2016 anxiety-disorder GWAS meta-analysis of nine samples (stated as ""over 18 000"")"								
COHO:0001279	owl:NamedIndividual	Anglo-Australasian Osteoporosis Genetics Consortium	1955	In order to improve study power and to address the demographic group of highest risk from osteoporotic fracture, we have used a unique study design, studying 1,955 postmenopausal women with either extreme high or low hip bone mineral density.	https://www.ebi.ac.uk/europepmc/webservices/rest/PMC3080863/fullTextXML	postmenopausal women with extreme high or low hip BMD in the GWAS discovery sample								
COHO:0001280	owl:NamedIndividual	Anakinra for Pustular Psoriasis: Response in a Controlled Trial	64	From October 2016 to January 2020, 374 patients were screened and 64 eligible participants were enrolled; 33 were randomized to placebo and 31 to anakinra (Figure 1).	https://www.ebi.ac.uk/europepmc/webservices/rest/PMC9255857/fullTextXML	participants randomised October 2016 - January 2020 (31 anakinra, 33 placebo)								
COHO:0001281	owl:NamedIndividual	Assessment of Renal and Cervical Artery DysplasIA	499	As previously reported, among the 499 patients recruited in the ARCADIA study, FMD was confirmed in 469 patients, of whom 75 (16%) were men and 415 (89%) were Caucasian (Table 1).	https://www.ebi.ac.uk/europepmc/webservices/rest/PMC8483547/fullTextXML	patients recruited into the registry 2009-2014 (FMD confirmed in 469)								
COHO:0001282	owl:NamedIndividual	Anglo-Scandinavian Cardiac Outcomes Trial	19342	ASCOT was a prospective randomised controlled trial of two different blood pressure-lowering strategies in 19 342 hypertensive subjects with three additional risk factors for CV disease—ASCOT Blood Pressure-Lowering Arm (BPLA).	https://www.ebi.ac.uk/europepmc/webservices/rest/PMC12322408/fullTextXML	hypertensive patients randomised in the Blood Pressure-Lowering Arm								
COHO:0001283	owl:NamedIndividual	The Ashkenazi Jewish Dataset					268	A total of 268 cases and 178 controls were genotyped using the Illumina Human 610-quad bead arrays (Cases n = 91 and Controls n = 96) or the Illumina Human 660-quad bead arrays (Cases n = 191 and Controls n = 84).	https://www.ebi.ac.uk/europepmc/webservices/rest/PMC3166909/fullTextXML	Parkinson's disease cases and controls genotyped for the AJ GWAS	178	A total of 268 cases and 178 controls were genotyped using the Illumina Human 610-quad bead arrays (Cases n = 91 and Controls n = 96) or the Illumina Human 660-quad bead arrays (Cases n = 191 and Controls n = 84).	https://www.ebi.ac.uk/europepmc/webservices/rest/PMC3166909/fullTextXML	Parkinson's disease cases and controls genotyped for the AJ GWAS
COHO:0001284	owl:NamedIndividual	Assessment, Serial Evaluation, and Subsequent Sequelae of Acute Kidney Injury Study	1538	The full ASSESS-AKI cohort included 1538 hospitalized adults who did or did not experience an episode of AKI and survived to complete a study visit 90 days after discharge.	https://www.ebi.ac.uk/europepmc/webservices/rest/PMC10371295/fullTextXML	hospitalised adults with or without AKI (matched pairs) completing the 90-day visit; children not counted (2015)	769	The full ASSESS-AKI cohort included 1538 hospitalized adults who did or did not experience an episode of AKI and survived to complete a study visit 90 days after discharge.	https://www.ebi.ac.uk/europepmc/webservices/rest/PMC10371295/fullTextXML	hospitalised adults with or without AKI (matched pairs) completing the 90-day visit; children not counted (2015)	769	The full ASSESS-AKI cohort included 1538 hospitalized adults who did or did not experience an episode of AKI and survived to complete a study visit 90 days after discharge.	https://www.ebi.ac.uk/europepmc/webservices/rest/PMC10371295/fullTextXML	hospitalised adults with or without AKI (matched pairs) completing the 90-day visit; children not counted (2015)
COHO:0001285	owl:NamedIndividual	Age-related diseases: Understanding Genetic and non-genetic influences - a study at the University of Regensburg	2449	Among the 2449 AugUR participants (AugUR1: n = 1133 and AugUR2: n = 1316; and no overlap between the 2 datasets), information on AMD stages for at least one eye, as well as genetic data were available for 2188 persons (AugUR1: n = 1010 and AugUR2: n = 1178).	https://www.ebi.ac.uk/europepmc/webservices/rest/PMC10511022/fullTextXML	participants of the two baseline surveys (AugUR1 2013-2015: 1133; AugUR2 2017-2019: 1316)								
COHO:0001286	owl:NamedIndividual	Bambui (Brazil) Cohort Study of Ageing	1606	Briefly, the baseline cohort population comprised 1,606 (92.2%) of all the 1,742 residents aged 60 years or more on January 1st, 1997, who were identified by means of a complete census carried out in the city.	https://www.ebi.ac.uk/europepmc/webservices/rest/PMC3522641/fullTextXML	residents aged 60+ enrolled at the 1997 baseline								
COHO:0001287	owl:NamedIndividual	Biology, Affect, Stress, Imaging and Cognition study	5492	From September 2009 to November 2018, the BASIC study at Uppsala University Hospital, Sweden, has enrolled 5492 women, in 6478 pregnancies, of which 46.3% first-time pregnancies and with an average age of 31.5 years.	PMID:31641004	women enrolled September 2009 - November 2018 (6478 pregnancies)								
COHO:0001288	owl:NamedIndividual	Baltimore Breast Cancer Study					293	We used multivariable logistic and Cox regression analyses to study the relationship of SNP309 status and the status of a second MDM2 SNP in exon 12 at codon 354 (SNP354) with breast cancer incidence and with disease-specific survival among 293 case patients and 317 cancer-free control subjects.	PMID:16818855	breast cancer cases and cancer-free controls analysed in the 2006 MDM2 study (possibly a subset)	317	We used multivariable logistic and Cox regression analyses to study the relationship of SNP309 status and the status of a second MDM2 SNP in exon 12 at codon 354 (SNP354) with breast cancer incidence and with disease-specific survival among 293 case patients and 317 cancer-free control subjects.	PMID:16818855	breast cancer cases and cancer-free controls analysed in the 2006 MDM2 study (possibly a subset)
COHO:0001289	owl:NamedIndividual	Beaver Dam Eye Study	4926	In brief, a private census identified 5924 persons living in the city and township of Beaver Dam, Wisconsin aged 43–86 years, of which 4926 participated in the baseline examination in 1988–1990 and in up to four follow-up examinations in 1993–1995, 1998–2000, 2003–2005 and 2008–2010.	PMID:25905023	persons examined at baseline (1988-1990)								
COHO:0001290	owl:NamedIndividual	BioImage Study: A Clinical Study of Burden of Atherosclerotic Disease in an At-Risk Population	7687	Of this population, 7687 subjects completed enrollment, of which 865 were enrolled as “survey-only” participants, 718 were enrolled in the Framingham-only group, and 6104 were enrolled in the full study group (see Fig. 1).	PMID:21800090	subjects who completed enrolment (all three groups), 2009								
COHO:0001291	owl:NamedIndividual	Barbados National Cancer Study					241	The BNCS included 241 incident BC cases and 481 age-matched female controls, with mean ages of 57 and 56 years, respectively.	PMID:18814239	breast cancer arm: incident cases and age-matched female controls (2002-2006)	481	The BNCS included 241 incident BC cases and 481 age-matched female controls, with mean ages of 57 and 56 years, respectively.	PMID:18814239	breast cancer arm: incident cases and age-matched female controls (2002-2006)
COHO:0001292	owl:NamedIndividual	Brigham and Women's Rheumatoid Arthritis Sequential Study	1598	"""enrollmentInfo"":{""count"":1598,""type"":""ACTUAL""}"	https://clinicaltrials.gov/api/v2/studies/NCT01793103	patients enrolled (actual enrolment in the registry record), 2025								
COHO:0001293	owl:NamedIndividual	British Society for Surgery of the Hand Genetics of Dupuytren's Disease study	5408	The UK cohort consisted of a total of 5,408 case subjects from the BSSH-GODD Study and 9,961 population-based control subjects from the United Kingdom Household Longitudinal Study (UKHLS), which were divided into 4,891 control subjects for the discovery phase and 5,070 control subjects for the replication phase.	PMID:28886342	Dupuytren's disease case subjects in the 2017 GWAS								
COHO:0001294	owl:NamedIndividual	Cambridgeshire Parkinson's Incidence from GP to Neurologist	142	Those meeting diagnostic criteria (n=142) were followed-up until 1 January 2012.	PMID:23781007	incident Parkinson's disease cases meeting diagnostic criteria, followed up (2002)								
COHO:0001295	owl:NamedIndividual	Canadian Spontaneous Coronary Artery Dissection Study	750	We prospectively enrolled 750 SCAD patients from June 2014 to June 2018.	PMID:30698711	SCAD patients enrolled in the first phase (Canadian SCAD Cohort Study), 2018								
COHO:0001296	owl:NamedIndividual	Copenhagen City Heart Study	14223	Of the original 14,223 examined at the first examination 3,092 (21.7%) have been examined in all four examinations, and of the 5,106 non-responders from the first survey in 1976–1978, 1,698 responded and were examined in one or more of the following surveys.	PMID:26779513	persons examined at the first examination (1976-1978)								
COHO:0001297	owl:NamedIndividual	Chicago Cancer Prone Study	5685	Briefly, CCPS is a local registry of diverse high‐risk families at a hospital‐based preventive oncology clinic that has registered 5685 participants as of September 2024 since its establishment in 1992.	PMID:41373161	participants registered since 1992 (2024)								
COHO:0001298	owl:NamedIndividual	Comprehensive Sickle Cell Centers Collaborative Data Project	3640	"""enrollmentInfo"":{""count"":3640,""type"":""ACTUAL""}"	https://clinicaltrials.gov/api/v2/studies/NCT00529061	children and adults with sickle cell disease enrolled (actual enrolment in the registry record), 2008								
COHO:0001299	owl:NamedIndividual	Cardiovascular Genome Center cohort	8839	Among 8839 individuals in the CGC cohort, 4425 males received coronary angiography; 7 individuals showing a study-feasible Framingham score but normal coronary arteries were enrolled as supernormal.	PMID:35793981	individuals in the CGC cohort screened for a genetic study								
COHO:0001300	owl:NamedIndividual	Cancer Genetic Markers of Susceptibility					1172	While conducting a genome-wide association study in the Cancer Genetic Markers of Susceptibility project with 550,000 SNPs in a nested case-control study (1,172 cases and 1,157 controls of European origin), we identified a new association at 8q24 with an independent effect on prostate cancer susceptibility.	PMID:17401363	cases and controls in the first (prostate cancer) genome-wide scan, 2007	1157	While conducting a genome-wide association study in the Cancer Genetic Markers of Susceptibility project with 550,000 SNPs in a nested case-control study (1,172 cases and 1,157 controls of European origin), we identified a new association at 8q24 with an independent effect on prostate cancer susceptibility.	PMID:17401363	cases and controls in the first (prostate cancer) genome-wide scan, 2007
COHO:0001301	owl:NamedIndividual	Canadian Cystic Fibrosis Gene Modifier Study	2441	The Canadian CF Modifier Study population consists of 2,441 patients diagnosed with CF between 1951 and 2006 and 3,092 parents.	PMID:18292811	patients with CF recruited 2003-2006 (parents not included)								
COHO:0001302	owl:NamedIndividual	Center for HIV/AIDS Vaccine Immunology	2554	A total of 2554 HIV-1 infected individuals of self-reported Caucasian ancestry were genotyped on Illumina whole-genome chips (Table S1).	PMID:20041166	HIV-1-infected individuals genotyped in the Host Genetics Core's 2009 GWAS of HIV control (Euro-CHAVI and MACS)								
COHO:0001303	owl:NamedIndividual	Chinese Keratoconus Cohort Study	1114	The CKC cohort is hospital-based and dynamic and was established in Zhengzhou, China; KC patients (n = 1114) from a large geographical area were enrolled from January 2019 to June 2023, with a mean age of 22.23 years (6‒57 years).	PMID:38703249	keratoconus patients enrolled January 2019 to June 2023								
COHO:0001305	owl:NamedIndividual	UCLA Consortium for Neuropsychiatric Phenomics	1138	One sample (n = 1138) comprised healthy participants and some psychiatric patients (53 schizophrenia, 42 bipolar disorder, 47 ADHD); the other (n = 911) excluded for recent treatment of various psychiatric disorders but not ADHD.	PMID:37582857	participants (healthy adults and psychiatric patients) with DNA and task data								
COHO:0001306	owl:NamedIndividual	Chronic Obstructive Pulmonary Disease in Dusty Areas	504	Overall, 504 participants (362 males and 142 females) were enrolled between 2012 and 2017 for baseline examinations.	PMID:31172706	participants enrolled for baseline examinations 2012-2017								
COHO:0001307	owl:NamedIndividual	Cohort in Lung Transplantation	1874	By February 2021, COLT had included 1874 patients and among them, 1,618 have been transplanted; of these, 1,106 (68.4%) could be followed up over 3 years, 905 (55.9%) over 5 years, and 117 (7.2%) over 10 years.	PMID:36968829	lung transplant candidates included (before transplantation), 2009-2019 (2021)								
COHO:0001308	owl:NamedIndividual	Cooperative Study of Sickle Cell Disease	4085	A total of 4,085 participants, ranging in age from newborns to adults, were enrolled in Phase 1 from 23 centers across the US.	https://biolincc.nhlbi.nih.gov/studies/csscd/	participants of all ages enrolled in Phase 1 (1978-1988)								
COHO:0001309	owl:NamedIndividual	Dallas Heart Study	6101	Completed interviews were obtained for 6,101 subjects (54% black), phlebotomy visits for 3,398 (52% black), and clinic visits for 2,971 (50% black).	PMID:15194016	DHS-1 participants with completed interviews (survey phase), 2000-2002								
COHO:0001310	owl:NamedIndividual	Danish Testicular Cancer Late Treatment Effects Cohort	2572	By December 31, 2016, a total of 2,572 (60%) of questionnaires distributed was filled in and returned, and this number of TCS make up the DaTeCa-LATE study population.	https://www.ebi.ac.uk/europepmc/webservices/rest/PMC5826343/fullTextXML	testicular cancer survivors who returned the questionnaire, 2014-2016								
COHO:0001311	owl:NamedIndividual	Drakenstein Child Health Study	1137	Over 3 years, 1137 women (median age 25.8 years; 21% HIV-infected) gave birth to 1143 live babies.	PMID:31751344	pregnant women enrolled who gave birth (mothers; 1143 live-born children)								
COHO:0001312	owl:NamedIndividual	Dental Strategies Concentrating on Risk Evaluation	552	Dental assessments and related data collection were carried out between 2007 and 2010 on a subgroup of 552 participants, known as the Dental Strategies Concentrating on Risk Evaluation (Dental SCORE) study.	https://www.ebi.ac.uk/europepmc/webservices/rest/PMC12475168/fullTextXML	Heart SCORE participants given dental assessments, 2007-2010								
COHO:0001313	owl:NamedIndividual	Diabetes Gene Discovery Group					661	A total of 661 cases and 614 controls were successful in both Stage 1 platforms.	https://media.springernature.com/original/springer-static/esm/art%3A10.1038%2Fnature05616/MediaObjects/41586_2007_BFnature05616_MOESM286_ESM.pdf	stage 1 GWAS cases and controls genotyped on both platforms (analysed sample), 2007	614	A total of 661 cases and 614 controls were successful in both Stage 1 platforms.	https://media.springernature.com/original/springer-static/esm/art%3A10.1038%2Fnature05616/MediaObjects/41586_2007_BFnature05616_MOESM286_ESM.pdf	stage 1 GWAS cases and controls genotyped on both platforms (analysed sample), 2007
COHO:0001314	owl:NamedIndividual	Diabetes Multi-omic Investigation of Drug Response	2158	A total of 2,158 DIAMOND participants were genotyped;	https://europepmc.org/api/getPdf?pmcid=PMC10834390	DIAMOND participants genotyped (not necessarily all enrolled)								
COHO:0001315	owl:NamedIndividual	Detroit Neighborhood Health Study	1547	The Detroit Neighborhood Health Study (DNHS) recruited 1,547 adults aged 18 years or older at baseline from the city of Detroit.	https://www.ebi.ac.uk/europepmc/webservices/rest/PMC3383758/fullTextXML	adults recruited at baseline (wave 1)								
COHO:0001316	owl:NamedIndividual	Endometrial Cancer Association Consortium					12906	Here, we present an expanded meta-analysis of 12,906 endometrial cancer cases and 108,979 controls (including new genotype data for 5624 cases) and identify nine novel genome-wide significant loci, including a locus on 12q24.12 previously identified by meta-GWAS of endometrial and colorectal cancer.	PMID:30093612	cases and controls in the 2018 ECAC-led endometrial cancer GWAS meta-analysis	108979	Here, we present an expanded meta-analysis of 12,906 endometrial cancer cases and 108,979 controls (including new genotype data for 5624 cases) and identify nine novel genome-wide significant loci, including a locus on 12q24.12 previously identified by meta-GWAS of endometrial and colorectal cancer.	PMID:30093612	cases and controls in the 2018 ECAC-led endometrial cancer GWAS meta-analysis
COHO:0001317	owl:NamedIndividual	European Challenge for Healthy Aging	598	Among 598 very old people (median age = 98 years) a clear North-South gradient was observed:	PMID:16870633	long-lived probands (aged 90+) in the handgrip analysis; analysed subset, probands only (2006)								
COHO:0001318	owl:NamedIndividual	Pittsburgh Epidemiology of Diabetes Complications Study	658	All participants (n = 658) were diagnosed with type 1 diabetes, or seen within 1 year of their diagnosis, at Children’s Hospital of Pittsburgh between 1950 and 1980.	https://www.ebi.ac.uk/europepmc/webservices/rest/PMC11932817/fullTextXML	participants examined at the 1986-1988 baseline								
COHO:0001319	owl:NamedIndividual	Scottish AMD study					244	The common functional polymorphism rs2230199 (Arg80Gly) in the C3 gene, corresponding to the electrophoretic variants C3S (slow) and C3F (fast), was strongly associated with age-related macular degeneration in both the English group (603 cases and 350 controls, P=5.9x10(-5)) and the Scottish group (244 cases and 351 controls, P=5.0x10(-5)).	PMID:17634448	Scottish replication cases and controls in the 2007 C3 study	351	The common functional polymorphism rs2230199 (Arg80Gly) in the C3 gene, corresponding to the electrophoretic variants C3S (slow) and C3F (fast), was strongly associated with age-related macular degeneration in both the English group (603 cases and 350 controls, P=5.9x10(-5)) and the Scottish group (244 cases and 351 controls, P=5.0x10(-5)).	PMID:17634448	Scottish replication cases and controls in the 2007 C3 study
COHO:0001320	owl:NamedIndividual	Estudo Longitudinal de Saúde do Adulto	15105	At Visit 1, we enrolled 15 105 civil servants from predefined universities or research institutes.	PMID:24585730	civil servants enrolled at Visit 1 (baseline, 2008-2010)								
COHO:0001321	owl:NamedIndividual	Epidemiology of Burkitt Lymphoma in East African Children and Minors					862	We therefore conducted a population-based case-control study of eBL in children aged 0-15 years old in six regions in Northern Uganda, Northern Tanzania and Western Kenya, enrolling 862 suspected cases and 2,934 population controls (response rates 98.5-100%), and processing ~40,000 vials of samples using standardized protocols.	PMID:31054214	suspected Burkitt lymphoma cases and population controls enrolled 2010-2016	2934	We therefore conducted a population-based case-control study of eBL in children aged 0-15 years old in six regions in Northern Uganda, Northern Tanzania and Western Kenya, enrolling 862 suspected cases and 2,934 population controls (response rates 98.5-100%), and processing ~40,000 vials of samples using standardized protocols.	PMID:31054214	suspected Burkitt lymphoma cases and population controls enrolled 2010-2016
COHO:0001322	owl:NamedIndividual	Essen-Heidelberg					1218	1,218 melanoma cases were genotyped using 848 HumanCytoSNP-12v1-0_D arrays [Illumina] with 300,000 SNPs and 1,223 healthy controls from Germany were genotyped using HumanOmniExpress12_v1_C arrays [Illumina] with 731,000 SNPs.	https://media.springernature.com/original/springer-static/esm/art%3A10.1038%2Fng.3373/MediaObjects/41588_2015_BFng3373_MOESM50_ESM.pdf	melanoma cases and healthy controls genotyped (2015)	1223	1,218 melanoma cases were genotyped using 848 HumanCytoSNP-12v1-0_D arrays [Illumina] with 300,000 SNPs and 1,223 healthy controls from Germany were genotyped using HumanOmniExpress12_v1_C arrays [Illumina] with 731,000 SNPs.	https://media.springernature.com/original/springer-static/esm/art%3A10.1038%2Fng.3373/MediaObjects/41588_2015_BFng3373_MOESM50_ESM.pdf	melanoma cases and healthy controls genotyped (2015)
COHO:0001323	owl:NamedIndividual	FActeurs de RIsque et de récidives de la maladie thromboembolique Veineuse	1454	We conducted a case-control study involving 1,454 adults enrolled in 11 French centers between 2003 and 2007, comprising 727 consecutive cases with a first documented episode of VTE and 727 age- and sex-matched controls.	PMID:19967159	adults enrolled 2003-2007: first-VTE cases and matched controls	727	We conducted a case-control study involving 1,454 adults enrolled in 11 French centers between 2003 and 2007, comprising 727 consecutive cases with a first documented episode of VTE and 727 age- and sex-matched controls.	PMID:19967159	adults enrolled 2003-2007: first-VTE cases and matched controls	727	We conducted a case-control study involving 1,454 adults enrolled in 11 French centers between 2003 and 2007, comprising 727 consecutive cases with a first documented episode of VTE and 727 age- and sex-matched controls.	PMID:19967159	adults enrolled 2003-2007: first-VTE cases and matched controls
COHO:0001324	owl:NamedIndividual	European/International Fibromuscular Dysplasia Registry and Initiative	1022	Since December 2015, the European/International Fibromuscular Dysplasia (FMD) Registry enrolled 1022 patients from 22 countries.	PMID:32282921	FMD patients enrolled December 2015 to 30 April 2019 (database lock)								
COHO:0001325	owl:NamedIndividual	FinDonor 10 000 study	2584	A total of 2584 blood donors (N = 8003 samples) were recruited into the study alongside standard donation at three donation sites in the capital region of Finland between 5/2015 and 12/2017.	PMID:31657023	blood donors recruited May 2015 to December 2017								
COHO:0001327	owl:NamedIndividual	FinnTwin12 Cohort	5184	This represents 61.3% of the individuals who completed the young adulthood survey (Mage = 22 years) and 40.2% of the individuals who completed the baseline survey at age 12 (N = 5,184).	https://www.ebi.ac.uk/europepmc/webservices/rest/PMC11882652/fullTextXML	twins who completed the baseline survey at age 12 (parents not counted)								
COHO:0001328	owl:NamedIndividual	Finnish Twin Study on Aging	434	The final sample included 114 DZ and 103 MZ twin pairs (434 individuals) aged 63–76 years.	https://www.ebi.ac.uk/europepmc/webservices/rest/PMC10395559/fullTextXML	women (103 MZ and 114 DZ twin pairs) examined at baseline, 2000-2001								
COHO:0001329	owl:NamedIndividual	Follow-up of Ovarian Cancer Genetic Association and Interaction Studies	66450	The analyses included 66,450 samples from seven genotyping projects: 40,941 controls, 22,406 invasive cases and 3,103 borderline cases.	https://pmc.ncbi.nlm.nih.gov/articles/PMC5612337/	cases and controls in the 2017 OCAC OncoArray analysis (FOCI-OncoArray)	25509	The analyses included 66,450 samples from seven genotyping projects: 40,941 controls, 22,406 invasive cases and 3,103 borderline cases.	https://pmc.ncbi.nlm.nih.gov/articles/PMC5612337/	cases and controls in the 2017 OCAC OncoArray analysis (FOCI-OncoArray)	40941	The analyses included 66,450 samples from seven genotyping projects: 40,941 controls, 22,406 invasive cases and 3,103 borderline cases.	https://pmc.ncbi.nlm.nih.gov/articles/PMC5612337/	cases and controls in the 2017 OCAC OncoArray analysis (FOCI-OncoArray)
COHO:0001330	owl:NamedIndividual	Marburg-Münster Affective Disorders Cohort Study	2500	All human subjects (n = 2500) have been deeply phenotyped (see Table 2) and are followed up after 2 years.	https://doi.org/10.1007/s00406-018-0943-x	people deeply phenotyped at baseline (patients, at-risk and healthy controls), 2018								
COHO:0001331	owl:NamedIndividual	Genes and Blood Clotting Study	1189	A total of 1189 healthy individuals (ages 14-35) representing 507 sibships (with 2-6 siblings per family) from the University of Michigan, Ann Arbor, were recruited between June 26, 2006, and January 30, 2009.	https://www.ebi.ac.uk/europepmc/webservices/rest/PMC12314372/fullTextXML	healthy individuals recruited in 507 sibships (2009)								
COHO:0001332	owl:NamedIndividual	Genetic Analysis of Psoriasis Consortium	12180	Study Cases (N) Controls (N) Total λGC Kiel1 474 1,146 1,620 1.09 CASP2 1,359 1,400 2,759 1.06 WTCCC23 2,178 5,175 7,353 1.04 PAGE 3,580 5,902 9,482 0.992 GAPC 2,997 9,183 12,180 0.963	https://media.springernature.com/original/springer-static/esm/art%3A10.1038%2Fng.2467/MediaObjects/41588_2012_BFng2467_MOESM43_ESM.pdf	cases and controls in the GAPC Immunochip dataset of the 2012 meta-analysis	2997	Study Cases (N) Controls (N) Total λGC Kiel1 474 1,146 1,620 1.09 CASP2 1,359 1,400 2,759 1.06 WTCCC23 2,178 5,175 7,353 1.04 PAGE 3,580 5,902 9,482 0.992 GAPC 2,997 9,183 12,180 0.963	https://media.springernature.com/original/springer-static/esm/art%3A10.1038%2Fng.2467/MediaObjects/41588_2012_BFng2467_MOESM43_ESM.pdf	cases and controls in the GAPC Immunochip dataset of the 2012 meta-analysis	9183	Study Cases (N) Controls (N) Total λGC Kiel1 474 1,146 1,620 1.09 CASP2 1,359 1,400 2,759 1.06 WTCCC23 2,178 5,175 7,353 1.04 PAGE 3,580 5,902 9,482 0.992 GAPC 2,997 9,183 12,180 0.963	https://media.springernature.com/original/springer-static/esm/art%3A10.1038%2Fng.2467/MediaObjects/41588_2012_BFng2467_MOESM43_ESM.pdf	cases and controls in the GAPC Immunochip dataset of the 2012 meta-analysis
COHO:0001333	owl:NamedIndividual	Ghana Breast Health Study					2202	We therefore conducted a population-based case-control study in Accra and Kumasi, Ghana, enrolling 2,202 women with lesions suspicious for breast cancer and 2,161 population controls.	PMID:28295287	women enrolled 2013-2015: suspected-breast-cancer cases and population controls	2161	We therefore conducted a population-based case-control study in Accra and Kumasi, Ghana, enrolling 2,202 women with lesions suspicious for breast cancer and 2,161 population controls.	PMID:28295287	women enrolled 2013-2015: suspected-breast-cancer cases and population controls
COHO:0001334	owl:NamedIndividual	GenomALC					1293	We conducted a multicenter case-control study (GenomALC) comparing 1,293 cases (with alcohol-related cirrhosis, 75.6% male) and 754 controls (with equivalent alcohol exposure but no evidence of liver disease, 73.6% male).	PMID:32868629	cases and drinking controls of the GenomALC case-control study (GenomALC-1), 2021	754	We conducted a multicenter case-control study (GenomALC) comparing 1,293 cases (with alcohol-related cirrhosis, 75.6% male) and 754 controls (with equivalent alcohol exposure but no evidence of liver disease, 73.6% male).	PMID:32868629	cases and drinking controls of the GenomALC case-control study (GenomALC-1), 2021
COHO:0001335	owl:NamedIndividual	Melanoma Genetics Consortium					2981	Our discovery phase included 2,981 individuals with melanoma and 1,982 study-specific control individuals of European ancestry, as well as an additional 6,426 control subjects from French or British populations, all of whom were genotyped for 317,000 or 610,000 single-nucleotide polymorphisms (SNPs).	PMID:21983787	melanoma cases and study-specific controls in the discovery phase of the 2011 GenoMEL GWAS	1982	Our discovery phase included 2,981 individuals with melanoma and 1,982 study-specific control individuals of European ancestry, as well as an additional 6,426 control subjects from French or British populations, all of whom were genotyped for 317,000 or 610,000 single-nucleotide polymorphisms (SNPs).	PMID:21983787	melanoma cases and study-specific controls in the discovery phase of the 2011 GenoMEL GWAS
COHO:0001336	owl:NamedIndividual	GENetics of SEPsis-induced ARDS Network	805	We included a total of 805 patients from the GEN-SEP cohort (304 ARDS cases and 501 at-risk controls), 740 patients from SepNet (91 ARDS cases and 649 at-risk controls), and 3570 patients from UKBB (321 ARDS cases and 3249 at-risk controls).	PMID:41033104	sepsis patients in the 2025 ARDS GWAS (analysed subset; 304 with ARDS, 501 without)	304	We included a total of 805 patients from the GEN-SEP cohort (304 ARDS cases and 501 at-risk controls), 740 patients from SepNet (91 ARDS cases and 649 at-risk controls), and 3570 patients from UKBB (321 ARDS cases and 3249 at-risk controls).	PMID:41033104	sepsis patients in the 2025 ARDS GWAS (analysed subset; 304 with ARDS, 501 without)	501	We included a total of 805 patients from the GEN-SEP cohort (304 ARDS cases and 501 at-risk controls), 740 patients from SepNet (91 ARDS cases and 649 at-risk controls), and 3570 patients from UKBB (321 ARDS cases and 3249 at-risk controls).	PMID:41033104	sepsis patients in the 2025 ARDS GWAS (analysed subset; 304 with ARDS, 501 without)
COHO:0001337	owl:NamedIndividual	Genetics of Early Onset Stroke Study	1737	Characteristics of the 1737 GEOS study participants (830 cases - 43% African-American and 907 controls - 39% African-American) are summarized in Table 1.	https://www.ebi.ac.uk/europepmc/webservices/rest/PMC3582818/fullTextXML	GEOS participants: first ischaemic stroke cases and stroke-free controls (2013)	830	Characteristics of the 1737 GEOS study participants (830 cases - 43% African-American and 907 controls - 39% African-American) are summarized in Table 1.	https://www.ebi.ac.uk/europepmc/webservices/rest/PMC3582818/fullTextXML	GEOS participants: first ischaemic stroke cases and stroke-free controls (2013)	907	Characteristics of the 1737 GEOS study participants (830 cases - 43% African-American and 907 controls - 39% African-American) are summarized in Table 1.	https://www.ebi.ac.uk/europepmc/webservices/rest/PMC3582818/fullTextXML	GEOS participants: first ischaemic stroke cases and stroke-free controls (2013)
COHO:0001338	owl:NamedIndividual	Genetics of Osteoarthritis Consortium	1962069	Here we conducted a large-scale GWAS meta-analysis across 1,962,069 individuals, achieving a 2.64-fold increase in effective sample size compared with the next largest GWAS3.	https://www.nature.com/articles/s41586-025-08771-z	individuals in the 2025 GO 2.0 GWAS meta-analysis (osteoarthritis cases and controls)	489975	Here we conducted a large-scale GWAS meta-analysis across 1,962,069 individuals, achieving a 2.64-fold increase in effective sample size compared with the next largest GWAS3.	https://www.nature.com/articles/s41586-025-08771-z	individuals in the 2025 GO 2.0 GWAS meta-analysis (osteoarthritis cases and controls)	1472094	Here we conducted a large-scale GWAS meta-analysis across 1,962,069 individuals, achieving a 2.64-fold increase in effective sample size compared with the next largest GWAS3.	https://www.nature.com/articles/s41586-025-08771-z	individuals in the 2025 GO 2.0 GWAS meta-analysis (osteoarthritis cases and controls)
COHO:0001339	owl:NamedIndividual	Genetics of Childhood Cancer Treatment	971	In summary, of the 971 subjects in the clinical dataset of GO-CAT, a total of 591 subjects met the clinical inclusion criteria, of whom 360 subjects had genetic material available for genotyping.	https://www.ebi.ac.uk/europepmc/webservices/rest/PMC9870026/fullTextXML	subjects in the GO-CAT clinical dataset (2022)								
COHO:0001340	owl:NamedIndividual	Genetic Origin of Dupuytren Disease and Associated Fibromatosis study	2195	The Dutch cohort consisted of 2,195 case subjects from the GODDAF Study and 1,983 control subjects from the Lifelines cohort study.	https://www.ebi.ac.uk/europepmc/webservices/rest/PMC5591021/fullTextXML	Dupuytren disease case subjects from GODDAF in the 2017 GWAS								
COHO:0001341	owl:NamedIndividual	Genetics of Impulsivity project	1252	Participants were 1252 young adults (62% female) with low levels of addictive behavior who were assessed in individual laboratory rooms at the University of Chicago and the University of Georgia.	https://pmc.ncbi.nlm.nih.gov/articles/PMC5204128/	young adults assessed in the laboratory battery at the two sites (2016)								
COHO:0001342	owl:NamedIndividual	Genetics of Latinos Diabetic Retinopathy	614		https://europepmc.org/article/PMC/PMC7208167	Latinos with type 2 diabetes and readable retinal images (diabetic subset), 2020								
COHO:0001343	owl:NamedIndividual	Global Parkinson's Genetics Program					36127	Using genotyping, imputed, and whole-genome sequencing data from 36,127 PD cases and 19,475 controls across nine ancestral populations from the Global Parkinson's Genetics Program, we aimed to identify novel regions of homozygosity contributing to PD heritability.	PMID:41808632	PD cases and controls across nine ancestries in a 2026 GP2 analysis	19475	Using genotyping, imputed, and whole-genome sequencing data from 36,127 PD cases and 19,475 controls across nine ancestral populations from the Global Parkinson's Genetics Program, we aimed to identify novel regions of homozygosity contributing to PD heritability.	PMID:41808632	PD cases and controls across nine ancestries in a 2026 GP2 analysis
COHO:0001344	owl:NamedIndividual	Genomic Research on Asthma in the African Diaspora	935	We performed a genome-wide association study in 2 independent populations of African ancestry (935 African American asthmatic cases and control subjects from the Baltimore-Washington, DC, area and 929 African Caribbean asthmatic subjects and their family members from Barbados) to identify single-nucleotide polymorphisms (SNPs) associated with asthma.	PMID:19910028	African American asthma cases and non-asthmatic controls in the GRAAD GWAS (after QC), 2009	464	We performed a genome-wide association study in 2 independent populations of African ancestry (935 African American asthmatic cases and control subjects from the Baltimore-Washington, DC, area and 929 African Caribbean asthmatic subjects and their family members from Barbados) to identify single-nucleotide polymorphisms (SNPs) associated with asthma.	PMID:19910028	African American asthma cases and non-asthmatic controls in the GRAAD GWAS (after QC), 2009	471	We performed a genome-wide association study in 2 independent populations of African ancestry (935 African American asthmatic cases and control subjects from the Baltimore-Washington, DC, area and 929 African Caribbean asthmatic subjects and their family members from Barbados) to identify single-nucleotide polymorphisms (SNPs) associated with asthma.	PMID:19910028	African American asthma cases and non-asthmatic controls in the GRAAD GWAS (after QC), 2009
COHO:0001345	owl:NamedIndividual	Genomic Research in Alpha-1 Antitrypsin Deficiency and Sarcoidosis Study	368	GRADS recruited 368 patients with sarcoidosis from 9 sarcoidosis centers across the United States [27].	https://www.ebi.ac.uk/europepmc/webservices/rest/PMC9267453/fullTextXML	sarcoidosis patients recruited (sarcoidosis arm only; alpha-1 arm not counted), 2022								
COHO:0001349	owl:NamedIndividual	Guangzhou Colorectal Cancer Study					3197	The four Guangzhou studies contributed a total of 3,197 cases and 3,424 controls to this project.	https://media.springernature.com/original/springer-static/esm/art%3A10.1038%2Fng.2985/MediaObjects/41588_2014_BFng2985_MOESM57_ESM.pdf	cases and controls from the four Guangzhou collections contributed to the 2014 Asia CRC Consortium GWAS	3424	The four Guangzhou studies contributed a total of 3,197 cases and 3,424 controls to this project.	https://media.springernature.com/original/springer-static/esm/art%3A10.1038%2Fng.2985/MediaObjects/41588_2014_BFng2985_MOESM57_ESM.pdf	cases and controls from the four Guangzhou collections contributed to the 2014 Asia CRC Consortium GWAS
COHO:0001350	owl:NamedIndividual	Hemophilia Growth and Development Study	333	A total of 333 children and adolescents were enrolled.	https://media.springernature.com/original/springer-static/esm/art%3A10.1038%2Fs41586-023-06370-4/MediaObjects/41586_2023_6370_MOESM1_ESM.pdf	boys and young men with hemophilia enrolled (siblings not counted)								
COHO:0001351	owl:NamedIndividual	Hordaland Health Study	36000	Approximately 36,000 residents of Hordaland county participated in the studies, ca. 18,000 in 1992/93 and ca. 26,000 in 1997/99.	https://husk-en.w.uib.no/	residents who took part in HUSK1 (1992/93) and/or HUSK2 (1997/99), approximate (1999)								
COHO:0001352	owl:NamedIndividual	Hong Kong Children Eye Study	17124	A total of 17 124 participants from 5708 trios (2964 boys and 2754 girls) at a mean (SD) age of 7.32 (0.87) years, and 11 416 parents were examined.	PMID:36542383	children and parents examined in 5708 complete child-parent trios (trio subset)								
COHO:0001353	owl:NamedIndividual	Hong Kong Diabetes Biobank	20000	Over the period from 2014 to 2019, the study consecutively enrolled more than 20,000 individuals with diabetes.	PMID:39508878	people with diabetes enrolled 2014-2019 (stated as 'more than 20,000', a lower bound)								
COHO:0001354	owl:NamedIndividual	Healthy Zhejiang One Million People Cohort	100000	It has recruited over 100,000 participants from June 2021 to July 2024.	PMID:40728933	participants recruited June 2021 to July 2024 (stated as 'over 100,000', a lower bound)								
COHO:0001355	owl:NamedIndividual	Health and Prevention Enhancement	91336	The H-PEACE study collected data from 91 336 Koreans aged 45.5±11.7 years (50 507 men and 40 829 women) who received a health check-up between October 2003 and December 2014 at the SNUH Gangnam Center (IRB no.	PMID:29674364	health examinees with a check-up October 2003 to December 2014								
COHO:0001356	owl:NamedIndividual	Initiative on Nephropathy, of relevance to public health, which is Chronic, possibly in its Initial stages, and carries a Potential risk of major clinical End-points	3870	Results In the INCIPE study, 3870 (62% of the randomized sample) subjects were enrolled.	https://europepmc.org/api/getPdf?pmcid=PMC3001778	adults enrolled in 2006 (62% of the 6200 randomly selected)								
COHO:0001357	owl:NamedIndividual	International Stuttering Project	1345	The ISP comprises 1,345 clinically ascertained developmental stuttering cases collected from the Curtin Stuttering Treatment Clinic in Perth, Australia; the SpeechMatters Clinic and the Irish Stammering Association, in Dublin, Ireland; the National Stuttering Association, USA; online recruitment on reddit.com; and Dr.	PMID:35047858	clinically ascertained people who stutter in the collection used for the 2022 GWAS								
COHO:0001358	owl:NamedIndividual	INTERHEART study					15152	15152 cases and 14820 controls were enrolled.	PMID:15364185	cases of first acute myocardial infarction and controls enrolled 1999-2003	14820	15152 cases and 14820 controls were enrolled.	PMID:15364185	cases of first acute myocardial infarction and controls enrolled 1999-2003
COHO:0001359	owl:NamedIndividual	International Tuberculosis Host Genetics Consortium					14153	The ITHGC includes 12 case–control GWAS from nine countries in Europe, Africa, and Asia (total of 14,153 pulmonary TB cases and 19,536 healthy controls).	PMID:38224499	pulmonary TB cases and healthy controls in the 12 GWAS of the 2024 multi-ancestry meta-analysis	19536	The ITHGC includes 12 case–control GWAS from nine countries in Europe, Africa, and Asia (total of 14,153 pulmonary TB cases and 19,536 healthy controls).	PMID:38224499	pulmonary TB cases and healthy controls in the 12 GWAS of the 2024 multi-ancestry meta-analysis
COHO:0001360	owl:NamedIndividual	Indiana University-Purdue University Indianapolis cohort	743	US sample consists of 743 unrelated volunteers (498 females, 245 males) recruited in the USA, who were of European (98%), and non-European ancestry (2% South American/South Asian/Middle Eastern).	https://www.ebi.ac.uk/europepmc/webservices/rest/PMC5886212/fullTextXML	unrelated volunteers analysed in the 2017 head-hair shape GWAS (analysed subset)								
COHO:0001361	owl:NamedIndividual	International Warfarin Pharmacogenetics Consortium	5700	The research groups contributed clinical and genetic data for a total of 5700 patients who were treated with warfarin.	https://europepmc.org/api/getPdf?pmcid=PMC2722908	warfarin-treated patients pooled for the 2009 dosing-algorithm analysis								
COHO:0001362	owl:NamedIndividual	Karolinska Breast Cancer Study					722	Karolinska Breast Cancer Study (KARBAC) Sweden 662 722 338 63	https://europepmc.org/api/getPdf?pmcid=PMC4204770	cases and controls contributed to the BCAC COGS genotyping (table row: controls, cases, ER+, ER-), 2013	662	Karolinska Breast Cancer Study (KARBAC) Sweden 662 722 338 63	https://europepmc.org/api/getPdf?pmcid=PMC4204770	cases and controls contributed to the BCAC COGS genotyping (table row: controls, cases, ER+, ER-), 2013
COHO:0001363	owl:NamedIndividual	Korea National Cancer Center gastric cancer case-control study	1727	Of these initial 1,727 participants who were enrolled in this study, 56 individuals with an incomplete semiquantitative food frequency questionnaire (SQFFQ) and 15 individuals with an implausible total energy intake (< 500 or > 4,000 kcal/day) were excluded.	https://www.ebi.ac.uk/europepmc/webservices/rest/PMC7902036/fullTextXML	participants (cases and controls) enrolled March 2011 to December 2014								
COHO:0001364	owl:NamedIndividual	Korea-NCC (National Cancer Center) Colorectal Cancer Study					1780	Of the 1,780 patients who agreed to participate in this study, 290 participants were excluded due to incomplete data from the semiquantitative food frequency questionnaire (SQFFQ) or general questionnaire, and 13 others were excluded due to implausible energy intake (< 500 or > 4,000 kcal/day).	https://www.ebi.ac.uk/europepmc/webservices/rest/PMC11369566/fullTextXML	CRC patients who agreed to take part (Aug 2010 to Sep 2020) and health check-up controls, before exclusions	18471	Of the 1,780 patients who agreed to participate in this study, 290 participants were excluded due to incomplete data from the semiquantitative food frequency questionnaire (SQFFQ) or general questionnaire, and 13 others were excluded due to implausible energy intake (< 500 or > 4,000 kcal/day).	https://www.ebi.ac.uk/europepmc/webservices/rest/PMC11369566/fullTextXML	CRC patients who agreed to take part (Aug 2010 to Sep 2020) and health check-up controls, before exclusions
COHO:0001365	owl:NamedIndividual	Low Concentration Atropine for Myopia Progression Study	438	ParticipantsA total of 438 children aged 4 to 12 years with myopia of at least -1.0 diopter (D) and astigmatism of -2.5 D or less.	PMID:30514630	children randomised in phase 1 (2016-2017)								
COHO:0001366	owl:NamedIndividual	Leipzig Childhood Obesity cohort	1745	As the type of mutation escapes standard genetic screening algorithms, we rescreened the Leipzig Childhood Obesity cohort of 1,745 patients and identified four additional patients with the identical mutation, ectopic ASIP expression and a similar phenotype.	PMID:36536132	patients in the cohort as rescreened for a genetic study (2022)								
COHO:0001367	owl:NamedIndividual	Lung Oncology Research & Discovery	4002	After the QC filters, 4002 cases of European descent confirmed at genotyping were available for subsequent analyses.	https://www.ebi.ac.uk/europepmc/webservices/rest/PMC11282926/fullTextXML	genotyped lung cancer surgery patients of European descent passing QC (analysed subset), 2021								
COHO:0001368	owl:NamedIndividual	Multicenter AIDS Cohort Study	6972	A total of 6,972 men have been enrolled.	https://media.springernature.com/original/springer-static/esm/art%3A10.1038%2Fs41586-023-06370-4/MediaObjects/41586_2023_6370_MOESM1_ESM.pdf	men enrolled across all enrolment waves								
COHO:0001369	owl:NamedIndividual	Manchester Lung Health Check	2541	Out of 2541 attendees, 56% were high-risk (n=1430/2541) and offered screening; 44% were low-risk (n=1111/2541) and not screened.	PMID:40046247	attendees of the 2016 pilot Lung Health Checks								
COHO:0001370	owl:NamedIndividual	Mayo Vascular Disease Biorepository	5268	Up to December 2012, 8800 patients referred for vascular ultrasound examination and non-invasive lower extremity arterial evaluation were approached, of whom 5268 consented.	PMID:24689004	patients consented up to December 2012								
COHO:0001372	owl:NamedIndividual	MELARISK study	1244	The MELARISK study comprised of 1,244 European-ancestry melanoma cases who were recruited through a nationwide network of French Dermatology Departments and Oncogenetic clinics between 1992 and 2011.	PMID:27347659	European-ancestry melanoma cases recruited 1992-2011	1244	The MELARISK study comprised of 1,244 European-ancestry melanoma cases who were recruited through a nationwide network of French Dermatology Departments and Oncogenetic clinics between 1992 and 2011.	PMID:27347659	European-ancestry melanoma cases recruited 1992-2011				
COHO:0001373	owl:NamedIndividual	Multicenter Hemophilia Cohort Studies	1219	We evaluated a multicenter cohort of 1219 subjects with hemophilia or related disorders prospectively, focusing on 319 subjects with documented dates of seroconversion to human immunodeficiency virus type 1 (HIV-1).	PMID:2477702	subjects in the first study (MHCS-I) only, as of 1989								
COHO:0001374	owl:NamedIndividual	Myeloma XI trial	4420	Across two pathways, for TE and TNE patients, 4420 newly diagnosed, symptomatic, patients with myeloma were recruited.	https://www.ebi.ac.uk/europepmc/webservices/rest/PMC10952726/fullTextXML	newly diagnosed patients recruited across both pathways								
COHO:0001375	owl:NamedIndividual	MRC Myeloma IX trial	1970	1970 patients were enrolled between May, 2003, and November, 2007, of whom 1960 were eligible for intention-to-treat analysis: 981 in the zoledronic acid group (555 on intensive chemotherapy, 426 on non-intensive chemotherapy); and 979 on clodronic acid (556 on intensive chemotherapy, 423 on non-intensive chemotherapy).	PMID:21131037	patients enrolled May 2003 to November 2007								
COHO:0001376	owl:NamedIndividual	Mexican Genomic Database for Addiction Research	7171	The MxGDAR/Encodat database included 7171 of the 13,228 buccal epithelial samples collected (54.21%) that met the following quality criteria: i) 230/260 and 260/230 ratios > 1.8, ii) concentration > 50 ng/µL, and iii) no signs of DNA degradation.	PMID:32390825	participants whose buccal DNA samples passed quality criteria (2016)								
COHO:0001377	owl:NamedIndividual	Nicotine Addiction Genetics Finland study	2188	Data from diagnostic interview, blood samples, and informed consent were available on 2188 individuals.	PMID:24927283	individuals with interview, blood sample and consent (2005)								
COHO:0001378	owl:NamedIndividual	Netherlands Study of Cognition, Environment and Genes	837	Sample 1 (S1, n = 837) was recruited through media advertisement or through the Science Live Program of the NEMO Science Center in Amsterdam (www.sciencelive.nl).	PMID:23257114	general-population sample (sample 1) only								
COHO:0001379	owl:NamedIndividual	UK Nephropathy Family Study and Oxford Regional Prospective Study	1232	The study population consisted of 1,232 participants in the Oxford Regional Prospective Study (ORPS, n = 418) and Nephropathy Family Study (NFS, n = 814) with more than one A1C assessment, representing 84% of the whole cohorts.	PMID:21335371	analysed subset: ORPS and NFS participants with more than one HbA1c (84% of both cohorts)								
COHO:0001380	owl:NamedIndividual	Nephropathy Family Study	1066	Between 2000 and 2005, 1,066 subjects, aged 10–16 years, who had developed type 1 diabetes before the age of 16 years, were recruited throughout four English regions (East Anglia, Birmingham, Bristol, and Oxford) for detailed phenotypic and genetic study of the early pathogenesis of microalbuminuria.	PMID:19918004	young people with type 1 diabetes recruited 2000-2005 (parents not counted)								
COHO:0001381	owl:NamedIndividual	Nigerian Breast Cancer Study					1233	Between 1998 and 2009, 1,233 invasive breast cancer cases and 1,101 controls were recruited.	PMID:20716701	invasive breast cancer cases and controls recruited in Ibadan 1998-2009	1101	Between 1998 and 2009, 1,233 invasive breast cancer cases and 1,101 controls were recruited.	PMID:20716701	invasive breast cancer cases and controls recruited in Ibadan 1998-2009
COHO:0001384	owl:NamedIndividual	National Survey of Physical Traits	3557	Samples in the NSPT cohort included 3,557 Chinese individuals recruited as volunteers from three regional districts in China: Zhengzhou, Taizhou, and Nanning.	PMID:40938633	volunteers recruited in Zhengzhou, Taizhou and Nanning								
COHO:0001385	owl:NamedIndividual	New York Genome Center ALS Consortium	4828	WGS was performed on 4,828 donors, with a final set of 4,746 passing quality control.	https://www.medrxiv.org/content/10.64898/2026.04.29.26350889v1.full-text	donors whole-genome sequenced (4,746 passed QC), 2026								
COHO:0001387	owl:NamedIndividual	Pancreatic Cancer Case-Control Consortium	7956	After quality control (Online Methods, Fig. 1, Supplementary Table 2), 7,956 individuals (4,164 cases and 3,792 controls) and 654,470 SNPs with call rates greater than 98% were analyzed.	PMID:26098869	cases and controls genotyped in the PanC4 GWAS after QC (9 member studies), 2015	4164	After quality control (Online Methods, Fig. 1, Supplementary Table 2), 7,956 individuals (4,164 cases and 3,792 controls) and 654,470 SNPs with call rates greater than 98% were analyzed.	PMID:26098869	cases and controls genotyped in the PanC4 GWAS after QC (9 member studies), 2015	3792	After quality control (Online Methods, Fig. 1, Supplementary Table 2), 7,956 individuals (4,164 cases and 3,792 controls) and 654,470 SNPs with call rates greater than 98% were analyzed.	PMID:26098869	cases and controls genotyped in the PanC4 GWAS after QC (9 member studies), 2015
COHO:0001388	owl:NamedIndividual	UPenn Local TGCT Study					277	We performed a genome-wide scan among 277 TGCT cases and 919 controls.	PMID:19483682	TGCT cases and PennCATH male controls in the 2009 genome-wide scan	919	We performed a genome-wide scan among 277 TGCT cases and 919 controls.	PMID:19483682	TGCT cases and PennCATH male controls in the 2009 genome-wide scan
COHO:0001389	owl:NamedIndividual	Phenotype, Genotype & Biomarkers in ALS and Related Disorders	705	The PGB study enrolled 705 patients with ALS (n = 472), primary lateral sclerosis (n = 47), progressive muscular atrophy (n = 20), hereditary spastic paraplegia (n = 162) and other related disorders (n = 4).	PMID:39270623	patients with ALS or a related disorder enrolled (primary participants), 2019								
COHO:0001390	owl:NamedIndividual	PLATelet inhibition and patient Outcomes	18624	In this multicenter, double-blind, randomized trial, we compared ticagrelor (180-mg loading dose, 90 mg twice daily thereafter) and clopidogrel (300-to-600-mg loading dose, 75 mg daily thereafter) for the prevention of cardiovascular events in 18,624 patients admitted to the hospital with an acute coronary syndrome, with or without ST-segment elevation.	PMID:19717846	patients with acute coronary syndrome randomised (2008)								
COHO:0001391	owl:NamedIndividual	Pustular Psoriasis, Elucidating Underlying Mechanisms	161	The remaining 161 patients were enrolled between 2016 and 2020 through the sister research study Pustular Psoriasis, Elucidating Underlying Mechanisms (PLUM).	PMID:32936291	patients with palmoplantar pustulosis enrolled through PLUM 2016-2020 (analysed subset only)								
COHO:0001392	owl:NamedIndividual	Primary Open-Angle African American Glaucoma Genetics Study	10255	The Primary Open-Angle African American Glaucoma Genetics (POAAGG) study recruited 10,255 individuals of African descent from the Philadelphia area, representing the largest single-city study of POAG nationwide.	PMID:40782885	individuals of African descent recruited (cases, controls and glaucoma suspects), 2024								
COHO:0001393	owl:NamedIndividual	Project MinE	11385	DNA Profiles Collected Project MinE data 11385 Cases 8,835 Controls 2,550	https://www.projectmine.com/	DNA profiles (whole genomes) collected by Project MinE: ALS cases and controls (2026)	8835	DNA Profiles Collected Project MinE data 11385 Cases 8,835 Controls 2,550	https://www.projectmine.com/	DNA profiles (whole genomes) collected by Project MinE: ALS cases and controls (2026)	2550	DNA Profiles Collected Project MinE data 11385 Cases 8,835 Controls 2,550	https://www.projectmine.com/	DNA profiles (whole genomes) collected by Project MinE: ALS cases and controls (2026)
COHO:0001394	owl:NamedIndividual	Pulmonary Hypertension and the Hypoxic Response in Sickle Cell Disease	381		https://www.ncbi.nlm.nih.gov/research/bionlp/RESTful/pmcoa.cgi/BioC_json/PMC3258348/unicode	children and adolescents with sickle cell anaemia (HbSS) recruited (HbSS subset only; controls and other genotypes excluded)								
COHO:0001396	owl:NamedIndividual	Genome-Wide Association Study on Calcific Aortic Valve Stenosis in Quebec					1009	A GWAS on 1009 cases and 1017 ethnically matched controls was combined with a large-scale eQTL mapping study of human aortic valve tissues (n = 233) to identify susceptibility genes for CAVS.	PMID:29511167	first-phase (QUEBEC-CAVS-1) cases and controls passing QC; no stated total (2018)	1017	A GWAS on 1009 cases and 1017 ethnically matched controls was combined with a large-scale eQTL mapping study of human aortic valve tissues (n = 233) to identify susceptibility genes for CAVS.	PMID:29511167	first-phase (QUEBEC-CAVS-1) cases and controls passing QC; no stated total (2018)
COHO:0001397	owl:NamedIndividual	REDS-III Brazil Sickle Cell Disease Cohort	2795	A total of 2795 participants at six Brazilian sites were enrolled between 2013 and 2015.	PMID:30027669	people with sickle cell disease enrolled at six Brazilian sites (2015)								
COHO:0001398	owl:NamedIndividual	Raine Eye Health Study	1344	A total of 1344 participants (51.3% male) were assessed over a 24-month period.	PMID:23301674	Raine Study Generation 2 participants given the eye assessment at the 20-year follow-up								
COHO:0001399	owl:NamedIndividual	Racial Variability in Genotypic Determinants of Breast Cancer Risk Study					143	After quality control, we included 143 cases and 254 controls of African ancestry from BNCS in the ROOT consortium.	https://media.springernature.com/original/springer-static/esm/art%3A10.1038%2Fs41588-024-01736-4/MediaObjects/41588_2024_1736_MOESM1_ESM.pdf	African-ancestry cases and controls included in the ROOT consortium after QC (analysed subset); no stated total	254	After quality control, we included 143 cases and 254 controls of African ancestry from BNCS in the ROOT consortium.	https://media.springernature.com/original/springer-static/esm/art%3A10.1038%2Fs41588-024-01736-4/MediaObjects/41588_2024_1736_MOESM1_ESM.pdf	African-ancestry cases and controls included in the ROOT consortium after QC (analysed subset); no stated total
COHO:0001400	owl:NamedIndividual	Genome-Wide Association Study of Adiposity in Samoans	3504	A total of 3,504 participants were recruited into the study.	PMID:24799123	adult Samoans recruited in 2010								
COHO:0001401	owl:NamedIndividual	Sanford Biobank	26291	The Sanford Health population is a cohort of 26 291 European‐origin patients from the Sanford Biobank and the Imagenetics program.	PMID:41669951	European-origin patients from the Sanford Biobank and the Imagenetics program together (genotyped analysis cohort)								
COHO:0001402	owl:NamedIndividual	Salvador-SCAALA study	1445	The total number of children recruited in the first resurvey with questionnaires completed was 1,445.	PMID:16796729	children recruited in the first (2005) resurvey with questionnaires completed								
COHO:0001403	owl:NamedIndividual	San Francisco City Clinic Cohort	6705	PATIENTS--Cohort included 6705 homosexual and bisexual men originally recruited from 1978 to 1980 for studies of sexually transmitted hepatitis B.	PMID:2261554	homosexual and bisexual men recruited 1978-1980								
COHO:0001404	owl:NamedIndividual	Silent Cerebral Infarct Multi-Center Clinical Trial	196	A total of 196 children (mean age, 10 years) were randomly assigned to the observation or transfusion group and were followed for a median of 3 years.	PMID:25140956	children randomised to transfusion or observation (2013)								
COHO:0001405	owl:NamedIndividual	Swiss Kidney Project on Genes in Hypertension	1128	The Swiss Kidney Project on Genes in Hypertension (SKIPOGH) is a multicenter cohort including 1128 participants recruited from the general population of Lausanne, Geneva and Bern (2009-12).	PMID:41695656	participants recruited at baseline in Lausanne, Geneva and Bern (2012)								
COHO:0001406	owl:NamedIndividual	SLOVENIA study	350	Slovenia Slovenia Asthma cohort Tertiary care 350 5–19 162 (46) 89.9 (14.85) 193 † † 86 Peripheral blood	https://pmc.ncbi.nlm.nih.gov/articles/PMC5967359/	children and young people with asthma aged 5-19 in the study, as listed in the PiCA design paper (2017)								
COHO:0001407	owl:NamedIndividual	Santiago Longitudinal Study	1798		https://www.ncbi.nlm.nih.gov/research/bionlp/RESTful/pmcoa.cgi/BioC_json/PMC6696926/unicode	infants enrolled 1991-1996 in the iron-deficiency preventive trial and neurophysiology study								
COHO:0001409	owl:NamedIndividual	Swedish National Myeloma Biobank	1668	For the Swedish-Norwegian discovery sample set, we obtained 1,668 and 157 samples from the Swedish National Myeloma Biobank (Skåne University Hospital, Lund, Sweden) and the Norwegian Biobank for Myeloma (Trondheim, Norway), respectively.	PMID:26007630	MM patients from the biobank genotyped in the Swedish GWAS discovery set (analysed subset)								
COHO:0001410	owl:NamedIndividual	Seoul National University Hospital Diabetes Study	1393	Seoul National University Hospital (SNUH) Study The Seoul National University Hospital (SNUH) case-control samples were consisted of 761 T2D patients of the Diabetes Clinic of SNUH and 632 nondiabetic control subjects.	https://media.springernature.com/original/springer-static/esm/art%3A10.1038%2Fng.1019/MediaObjects/41588_2012_BFng1019_MOESM23_ESM.pdf	T2D cases and nondiabetic controls in the AGEN-T2D stage 3 replication	761	Seoul National University Hospital (SNUH) Study The Seoul National University Hospital (SNUH) case-control samples were consisted of 761 T2D patients of the Diabetes Clinic of SNUH and 632 nondiabetic control subjects.	https://media.springernature.com/original/springer-static/esm/art%3A10.1038%2Fng.1019/MediaObjects/41588_2012_BFng1019_MOESM23_ESM.pdf	T2D cases and nondiabetic controls in the AGEN-T2D stage 3 replication	632	Seoul National University Hospital (SNUH) Study The Seoul National University Hospital (SNUH) case-control samples were consisted of 761 T2D patients of the Diabetes Clinic of SNUH and 632 nondiabetic control subjects.	https://media.springernature.com/original/springer-static/esm/art%3A10.1038%2Fng.1019/MediaObjects/41588_2012_BFng1019_MOESM23_ESM.pdf	T2D cases and nondiabetic controls in the AGEN-T2D stage 3 replication
COHO:0001411	owl:NamedIndividual	Hispanic Community Children's Health Study/Study of Latino Youth	1466	Between 2012 and 2014, SOL Youth enrolled 1466 youth aged 8 to 16 years living in the household of a parent/caregiver who were participants in HCHS/SOL.	PMID:41294090	youth aged 8-16 enrolled 2012-2014								
COHO:0001413	owl:NamedIndividual	Singapore Preconception Study of Long-Term Maternal and Child Outcomes	1032	Between February 2015 and October 2017, the S-PRESTO study recruited 1039 Chinese, Malay or Indian (or any combinations thereof) women aged 18-45 years and who intended to get pregnant and deliver in Singapore, resulting in 1032 unique participants and 373 children born in the cohort.	PMID:33222050	unique women enrolled preconception 2015-2017								
COHO:0001414	owl:NamedIndividual	Swiss Pediatric Sepsis Study	1096	Between Sept 1, 2011, and Dec 31, 2015, we enrolled 1096 children to our study.	PMID:30169202	children enrolled Sept 2011-Dec 2015 (1181 sepsis episodes), 2011-2015								
COHO:0001415	owl:NamedIndividual	Systematic Treatment Enhancement Program for Bipolar Disorder	4360	Data were drawn from the Systematic Treatment Enhancement Program for Bipolar Disorder (STEP-BD), a naturalistic study of 4360 outpatients 15 years or older with BD.	PMID:35773558	outpatients aged 15+ with bipolar disorder enrolled								
COHO:0001416	owl:NamedIndividual	Simultaneous Study of Gemcitabine-Docetaxel Combination adjuvant treatment, as well as Extended Bisphosphonate and Surveillance-Trial	3754	From 2005–2007, 3754 patients from 251 study centers were randomly allocated to treatment groups (1898 FEC → Doc, 1856 FEC → Doc/Gem).	PMID:33097092	patients randomised 2005-2007 from 251 centres								
COHO:0001417	owl:NamedIndividual	Seoul National University Prospectively Enrolled Registry for Renal Cell Carcinoma-Nephrectomy	1120	We included the cases of 1,120 patients with RCC who were registered in the Seoul National University Prospectively Enrolled Registry for RCC-Nephrectomy (SUPER-RCC-Nx) and had their blood stored in the human biobank [21].	PMID:38200428	registered RCC patients with stored blood, included in the 2024 GWAS (analysed subset)								
COHO:0001418	owl:NamedIndividual	Triple A Barcelona Study	471	Cohort DescriptionA total of 471 individuals, 454 males and 17 females (3.6%), with AAA were included.	https://www.ebi.ac.uk/europepmc/webservices/rest/PMC12250419/fullTextXML	individuals with AAA included, 2019 to March 2025								
COHO:0001419	owl:NamedIndividual	Trans-National Asthma Genetic Consortium					23948	These studies included 56 studies of European-ancestry (19,954 cases, 107,715 controls), seven studies of African-ancestry (2,149 cases, 6,055 controls), two Japanese studies (1,239 cases, 3,976 controls) and one Latino study (606 cases, 792 controls), making a total of 23,948 cases and 118,538 controls.	PMID:29273806	asthma cases and controls in the 2018 multi-ancestry meta-analysis	118538	These studies included 56 studies of European-ancestry (19,954 cases, 107,715 controls), seven studies of African-ancestry (2,149 cases, 6,055 controls), two Japanese studies (1,239 cases, 3,976 controls) and one Latino study (606 cases, 792 controls), making a total of 23,948 cases and 118,538 controls.	PMID:29273806	asthma cases and controls in the 2018 multi-ancestry meta-analysis
COHO:0001421	owl:NamedIndividual	Brain Bank for Aging Research	6500	現在までの蓄積は, 脳パラフィンブロック6,500例以上, 凍結脳 (部分) 1,500例以上, 凍結半脳450例以上で, 30件以上の共同研究を実行中である.	https://www.jstage.jst.go.jp/article/geriatrics1964/42/5/42_5_483/_article/-char/ja/	more than 6,500 cases with brain paraffin blocks accumulated, as of 2005 (a lower bound)								
COHO:0001423	owl:NamedIndividual	Transcriptomic Analysis of Left Ventricular Gene Expression	140	A large cohort of patients (n = 140) undergoing elective cardiac surgery for aortic valve replacement were enrolled in this study.	PMID:28687077	aortic valve surgery patients enrolled (as reported in 2017)								
COHO:0001424	owl:NamedIndividual	Trondheim Parkinson's Disease Study	1221	By the end of January 2020, the Trondheim PD cohort contained 1,221 participants (65% males).	PMID:34315208	participants in the cohort by end of January 2020								
COHO:0001425	owl:NamedIndividual	Taiwan Super Control Study	920	We tested the association of the SLC2A10 polymorphism with HbA1c in the Taiwan Super Control Study (TWSC) [35]. Subjects with diabetes were excluded, as defined by physician diagnosis, medication use, or HbA1c ≥ 6.5%. A total of 920 participants were included.	https://www.ebi.ac.uk/europepmc/webservices/rest/PMC7274451/fullTextXML	non-diabetic participants analysed for HbA1c (analysed subset)								
COHO:0001426	owl:NamedIndividual	Taizhou Longitudinal Study	201000	The Taizhou Longitudinal Study (TZL) is a population-based prospective cohort initiated in 2007, recruiting over 201,000 adults aged 20-80 from urban and rural areas of Taizhou, Jiangsu Province, China.	PMID:41663009	adults aged 20-80 recruited since 2007 (stated as over 201,000), 2026								
COHO:0001427	owl:NamedIndividual	UK Aneurysm Growth Study	3670	Some 3670 participants were included in the analyses, each with one or more completed questionnaire responses and two or more post-recruitment scans, with at least one scan >= 30 mm in diameter (Table 1).	PMID:38055889	men with AAA included in the 2023 growth analysis (analysed subset; controls not counted), 2011-2019								
COHO:0001429	owl:NamedIndividual	CoFAR Eosinophilic Esophagitis Registry	708	708 subjects were enrolled between May 2011 and March 2016, and 705 subjects were analyzed, as 3 were determined to be ineligible.	https://pmc.ncbi.nlm.nih.gov/articles/PMC6132253/	subjects enrolled May 2011 to March 2016								
COHO:0001430	owl:NamedIndividual	Vanderbilt Online Musicality Study	3258	In total, 3,258 participants (1,948 females, 727 males, 583 unknown) consented to the study, completed at least a portion of the online study, and passed quality control filters (see Figure 2).	https://pmc.ncbi.nlm.nih.gov/articles/PMC10038917/	participants who consented, completed at least part of the online study and passed QC								
COHO:0001431	owl:NamedIndividual	Viva la Familia Study	1030	The Viva la Familia cohort consisted of 1030 children from 319 families selected based on an overweight proband between the ages of 4 and 19 y.	PMID:16960181	children (probands and siblings) in 319 families								
COHO:0001432	owl:NamedIndividual	Western Australian Melanoma Health Study	1643	The final sample consisted of 1643 consenting cases out of 3420 cancer notifications (48.04%), of which 1455 cases completed one or more components of the study and 1157 completed all components.	PMID:21474410	consenting melanoma cases								
COHO:0001433	owl:NamedIndividual	Warfarin Anticoagulation in Patients in sub-Saharan Africa	681	"""enrollmentInfo"":{""count"":681,""type"":""ACTUAL""}"	https://clinicaltrials.gov/api/v2/studies/NCT03512080	actual enrollment registered on ClinicalTrials.gov								
COHO:0001434	owl:NamedIndividual	Women's Environmental Cancer and Radiation Epidemiology Study					1521	The population-based WECARE Study included 1521 cases with CBC and 2212 age- and year of first diagnosis-matched controls with unilateral breast cancer recruited during two phases in the USA, Canada, and Denmark.	https://www.ebi.ac.uk/europepmc/webservices/rest/PMC4940926/fullTextXML	CBC cases and UBC controls who completed interview and biospecimen, WECARE I and II	2212	The population-based WECARE Study included 1521 cases with CBC and 2212 age- and year of first diagnosis-matched controls with unilateral breast cancer recruited during two phases in the USA, Canada, and Denmark.	https://www.ebi.ac.uk/europepmc/webservices/rest/PMC4940926/fullTextXML	CBC cases and UBC controls who completed interview and biospecimen, WECARE I and II
COHO:0001435	owl:NamedIndividual	Wills Eye Hospital GWAS					409	We recruited 409 UM cases via the UPenn Genetic Diagnostic Laboratory from patients receiving treatment at the Wills Eye Hospital (Philadelphia, PA, USA).	https://www.ebi.ac.uk/europepmc/webservices/rest/PMC12226357/fullTextXML	uveal melanoma cases recruited and controls selected from the Penn Medicine Biobank	937	We recruited 409 UM cases via the UPenn Genetic Diagnostic Laboratory from patients receiving treatment at the Wills Eye Hospital (Philadelphia, PA, USA).	https://www.ebi.ac.uk/europepmc/webservices/rest/PMC12226357/fullTextXML	uveal melanoma cases recruited and controls selected from the Penn Medicine Biobank
COHO:0001436	owl:NamedIndividual	WOBASZ II	6170	Out of eligible persons, 6170 (2760 men and 3410 women) were examined (the response rate 45.5%).	PMID:26620680	persons examined in 2013-2014								
COHO:0001437	owl:NamedIndividual	Oxford Regional Prospective Study of Childhood Diabetes	527	From 1986 to 1997, 91% (n=527) of eligible children were recruited at a mean age 8.8 (SD 4.0) years.	https://pmc.ncbi.nlm.nih.gov/articles/PMC2276285/	children recruited at diagnosis 1986-1997								
COHO:0001438	owl:NamedIndividual	Study of Underlying Genetic Determinants of Vitamin D and Highly Related Traits	79366	We have performed a large 25-hydroxyvitamin D meta-GWAS involving 31 studies with a total of 79,366 individuals.	https://www.ebi.ac.uk/europepmc/webservices/rest/PMC5772647/fullTextXML	individuals of European ancestry in the 2018 discovery meta-GWAS of 31 cohorts								
COHO:0001439	owl:NamedIndividual	International Cannabis Consortium	32330	We conducted a meta-analysis of genome-wide association data of 13 cohorts (N=32 330) and four replication samples (N=5627).	PMID:27023175	individuals of European ancestry in the 13 discovery cohorts of the 2016 lifetime cannabis use meta-GWAS								
COHO:0001441	owl:NamedIndividual	Shikamachi health improvement practice genome cohort study	4121	The study population of the Shika study consisted of 4121 individuals from 40 years of age.	https://www.ebi.ac.uk/europepmc/webservices/rest/PMC5748769/fullTextXML	residents aged 40 and over in the four model districts (questionnaire survey, 2015-2016)								
COHO:0001443	owl:NamedIndividual	Defining the Basis of Fibromuscular Dysplasia	375	DEFINE-FMD continues to recruit subjects and as of July 2019 over 375 subjects have been enrolled (approximately 50% cases, 50% controls).	https://europepmc.org/api/getPdf?pmcid=PMC6918065	subjects enrolled by July 2019 (stated as 'over 375', a lower bound; about half cases, half controls)								
COHO:0001444	owl:NamedIndividual	Center for Oral Health Research in Appalachia cohort 2	1015	The current study included 1,015 participants from COHRA2 continuously enrolled between November 2011 and February 2017 (followed through May 2020) and 116 participants from COHRASmile enrolled between October 2017 and March 2019 (followed through August 2021) (Fig. 1).	https://www.ebi.ac.uk/europepmc/webservices/rest/PMC10890941/fullTextXML	analysed subset: mothers enrolled Nov 2011-Feb 2017 who completed at least one postpartum visit								
COHO:0001445	owl:NamedIndividual	Genetic Analysis of Idiopathic Thrombophilia 2 Project	935	This sample consisted of 935 individuals in 35 extended families selected through a proband with idiopathic thrombophilia.	PMID:26784699	individuals in 35 extended families								
COHO:0001446	owl:NamedIndividual	Human Reproductive Behaviour Consortium	542901	For Age at First Birth (AFB), we included 542,901 individuals (n=124,088 males; n=418,758 females) from 36 studies.	https://www.ebi.ac.uk/europepmc/webservices/rest/PMC7612120/fullTextXML	individuals in the 2021 age-at-first-birth meta-GWAS of 36 studies								
COHO:0001447	owl:NamedIndividual	SerGenCovid-19	7169	The SerGenCovid-19 project successfully collected data from 7,169 participants across Italy.	https://www.ebi.ac.uk/europepmc/webservices/rest/PMC12875989/fullTextXML	participants from whom data were collected, May 2021 to February 2022								
COHO:0001448	owl:NamedIndividual	CALGB 40502	799	In all, 799 patients were enrolled and randomly assigned; 16 did notstarttreatment:eightwererandomlyassignedtopaclitaxel,fourto nab-paclitaxel, and four to ixabepilone (CONSORT diagram; Fig 1).	https://europepmc.org/api/getPdf?pmcid=PMC4500830	patients enrolled and randomly assigned, 2008-2011								
COHO:0001449	owl:NamedIndividual	Asklepios Study	2524	The Asklepios study comprises 2524 subjects (1301 women) approximately 35 to 55 years of age at the baseline examination in 2002–2004 (round 1), with a complete re-examination of 91% of subjects after a median of 10.1 (9.8–10.8) years of follow-up (round 2: in 2011–2016).	https://www.ebi.ac.uk/europepmc/webservices/rest/PMC6723474/fullTextXML	subjects examined at baseline (round 1, 2002-2004)								
COHO:0001450	owl:NamedIndividual	CORtisol NETwork consortium	25314	The CORNET consortium extended its genome-wide association meta-analysis for morning plasma cortisol from 12,597 to 25,314 subjects and from ~2.2 M to ~7 M SNPs, in 17 population-based cohorts of European ancestries.	PMID:33469137	subjects in the extended 2021 GWAS meta-analysis of morning plasma cortisol (17 cohorts)								
COHO:0001451	owl:NamedIndividual	Amsterdam Born Children and their Development	8266	Pregnant women living in Amsterdam between January 2003 and March 2004 were eligible to participate in the Amsterdam Born Children and their Development cohort study (n = 12,393) and were recruited at the first prenatal visit (n = 8266) [44].	PMID:41550966	pregnant women recruited at the first prenatal visit (of 12,393 eligible), 2003-2004								
COHO:0001452	owl:NamedIndividual	100-plus Study	332	To date (September 2018), 332 centenarians were included in the study.	PMID:30362018	centenarians included by September 2018 (family members and partners not counted)								
COHO:0001453	owl:NamedIndividual	Two Sister Study					1422	We conducted the Two Sister Study, a sister-matched case-control study, by enrolling 1422 women between September 2008 and December 2010, who were younger than age 50 years at diagnosis with breast cancer and were enrolled within 4 years of diagnosis, and 1669 breast cancer-free control sisters from the Sister Study.	PMID:22773825	young-onset breast cancer cases enrolled 2008-2010 and their breast cancer-free control sisters from the Sister Study	1669	We conducted the Two Sister Study, a sister-matched case-control study, by enrolling 1422 women between September 2008 and December 2010, who were younger than age 50 years at diagnosis with breast cancer and were enrolled within 4 years of diagnosis, and 1669 breast cancer-free control sisters from the Sister Study.	PMID:22773825	young-onset breast cancer cases enrolled 2008-2010 and their breast cancer-free control sisters from the Sister Study
COHO:0001454	owl:NamedIndividual	Women's Health Study: From Adolescence to Adulthood	1549	The Women's Health Study: From Adolescence to Adulthood (A2A) is a longitudinal observational cohort study that enrolled 1,549 participants [n = 787 surgically confirmed women with endometriosis (cases) and n = 762 controls] from November 2012–June 2018, enrolling 85% of those who were eligible to participate in the study.	PMID:38665804	participants enrolled Nov 2012-Jun 2018 (endometriosis cases and controls), 2012-2018	787	The Women's Health Study: From Adolescence to Adulthood (A2A) is a longitudinal observational cohort study that enrolled 1,549 participants [n = 787 surgically confirmed women with endometriosis (cases) and n = 762 controls] from November 2012–June 2018, enrolling 85% of those who were eligible to participate in the study.	PMID:38665804	participants enrolled Nov 2012-Jun 2018 (endometriosis cases and controls), 2012-2018	762	The Women's Health Study: From Adolescence to Adulthood (A2A) is a longitudinal observational cohort study that enrolled 1,549 participants [n = 787 surgically confirmed women with endometriosis (cases) and n = 762 controls] from November 2012–June 2018, enrolling 85% of those who were eligible to participate in the study.	PMID:38665804	participants enrolled Nov 2012-Jun 2018 (endometriosis cases and controls), 2012-2018
COHO:0001455	owl:NamedIndividual	African Ancestry Breast Cancer Genetic Consortium					18034	In brief, we analyzed whole-genome sequenced and high-density genotyped data from 18,034 female cases with breast cancer and 22,104 female controls of African ancestry from 26 studies participating in the AABCG, with 85.3% of participants from the United States and 14.7% from the African continent and Barbados.	https://europepmc.org/api/getPdf?pmcid=PMC11284829	female cases and controls of African ancestry from 26 studies in the 2024 GWAS	22104	In brief, we analyzed whole-genome sequenced and high-density genotyped data from 18,034 female cases with breast cancer and 22,104 female controls of African ancestry from 26 studies participating in the AABCG, with 85.3% of participants from the United States and 14.7% from the African continent and Barbados.	https://europepmc.org/api/getPdf?pmcid=PMC11284829	female cases and controls of African ancestry from 26 studies in the 2024 GWAS
COHO:0001456	owl:NamedIndividual	Australian Asthma Genetics Consortium	7197	The Australian GWAS included data from 7,197 individuals of whom 5,523 (77%) were genotyped with Illumina 610K (Illumina, San Diego, CA, USA) array 1,674 (23%) with Illumina 370K array as part of four genotyping projects that are summarised in the webappendix (pp 11): the AAGC (n=1,810), QIMR_610K (n=2,483), QIMR_370K (n=1,674) and Busselton (n=1,230) projects.	https://www.ncbi.nlm.nih.gov/research/bionlp/RESTful/pmcoa.cgi/BioC_xml/PMC3517659/unicode	individuals in the 2011 Australian asthma GWAS (cases and controls)	2669	The Australian GWAS included data from 7,197 individuals of whom 5,523 (77%) were genotyped with Illumina 610K (Illumina, San Diego, CA, USA) array 1,674 (23%) with Illumina 370K array as part of four genotyping projects that are summarised in the webappendix (pp 11): the AAGC (n=1,810), QIMR_610K (n=2,483), QIMR_370K (n=1,674) and Busselton (n=1,230) projects.	https://www.ncbi.nlm.nih.gov/research/bionlp/RESTful/pmcoa.cgi/BioC_xml/PMC3517659/unicode	individuals in the 2011 Australian asthma GWAS (cases and controls)	4528	The Australian GWAS included data from 7,197 individuals of whom 5,523 (77%) were genotyped with Illumina 610K (Illumina, San Diego, CA, USA) array 1,674 (23%) with Illumina 370K array as part of four genotyping projects that are summarised in the webappendix (pp 11): the AAGC (n=1,810), QIMR_610K (n=2,483), QIMR_370K (n=1,674) and Busselton (n=1,230) projects.	https://www.ncbi.nlm.nih.gov/research/bionlp/RESTful/pmcoa.cgi/BioC_xml/PMC3517659/unicode	individuals in the 2011 Australian asthma GWAS (cases and controls)
COHO:0001457	owl:NamedIndividual	Aarhus Prostate Cancer Study					1140	Aarhus Aarhus Prostate Cancer Study Aarhus Denmark Hospital-based, Retrospective, Observational Karina Dalsgaard Sorensen, Torben Falck Orntoft European 1140 570 1079 550	https://media.springernature.com/original/springer-static/esm/art%3A10.1038%2Fs41588-018-0142-8/MediaObjects/41588_2018_142_MOESM1_ESM.pdf	cases and controls contributed to the PRACTICAL OncoArray genotyping (analysed subset), 2018	570	Aarhus Aarhus Prostate Cancer Study Aarhus Denmark Hospital-based, Retrospective, Observational Karina Dalsgaard Sorensen, Torben Falck Orntoft European 1140 570 1079 550	https://media.springernature.com/original/springer-static/esm/art%3A10.1038%2Fs41588-018-0142-8/MediaObjects/41588_2018_142_MOESM1_ESM.pdf	cases and controls contributed to the PRACTICAL OncoArray genotyping (analysed subset), 2018
COHO:0001458	owl:NamedIndividual	Amsterdam Breast Cancer Study					1325	Amsterdam Breast Cancer Study (ABCS) Netherlands 1429 1325 420 153	https://pmc.ncbi.nlm.nih.gov/articles/PMC4204770/	cases and controls contributed to the BCAC COGS (iCOGS) genotyping (analysed subset), 2014	1429	Amsterdam Breast Cancer Study (ABCS) Netherlands 1429 1325 420 153	https://pmc.ncbi.nlm.nih.gov/articles/PMC4204770/	cases and controls contributed to the BCAC COGS (iCOGS) genotyping (analysed subset), 2014
COHO:0001459	owl:NamedIndividual	Amsterdam Breast Cancer Study – Familial					1769	ABCS-F cases (N = 1,769) were selected from the linked databases of the Division of Diagnostic Oncology and the Tumor Registry of the Antoni van Leeuwenhoek hospital in Amsterdam32.	https://www.ebi.ac.uk/europepmc/webservices/rest/PMC4948019/fullTextXML	cases and controls of the ABCS-F case-control study (2016)	1968	ABCS-F cases (N = 1,769) were selected from the linked databases of the Division of Diagnostic Oncology and the Tumor Registry of the Antoni van Leeuwenhoek hospital in Amsterdam32.	https://www.ebi.ac.uk/europepmc/webservices/rest/PMC4948019/fullTextXML	cases and controls of the ABCS-F case-control study (2016)
COHO:0001460	owl:NamedIndividual	Australian Breast Cancer Tissue Bank	6225	Size of the bioresource 6,225 donors as at 15 May 2014 On-going recruitment of 500-600 new donors per annum	https://openbioresources.metajnl.com/articles/10.5334/ojb.aa	breast cancer donors in the biobank as at 15 May 2014								
COHO:0001461	owl:NamedIndividual	Anonymous Blood Donor Cohort	1006	Eighteen known SNPs within or near brain-expressed miRNAs in three samples (Danish, Swedish and Norwegian: 420/163/257 schizophrenia patients and 1006/177/293 control subjects), were analyzed.	https://www.ebi.ac.uk/europepmc/webservices/rest/PMC1964806/fullTextXML	Danish blood-donor control subjects in the 2007 study cited for the cohort (analysed subset)								
COHO:0001462	owl:NamedIndividual	Adelaide Blood Pools	530	This study consisted of 530 unrelated individuals in total, with 106 individuals in the thin CCT group (covers 20% lower tail of the underlying CCT distribution) and 105 individuals in the thick CCT group (covers 20% upper tail).	https://www.ebi.ac.uk/europepmc/webservices/rest/PMC2869325/fullTextXML	unrelated individuals in the Adelaide sample (pools drawn from its thinnest and thickest fifths), 2010	106	This study consisted of 530 unrelated individuals in total, with 106 individuals in the thin CCT group (covers 20% lower tail of the underlying CCT distribution) and 105 individuals in the thick CCT group (covers 20% upper tail).	https://www.ebi.ac.uk/europepmc/webservices/rest/PMC2869325/fullTextXML	unrelated individuals in the Adelaide sample (pools drawn from its thinnest and thickest fifths), 2010	105	This study consisted of 530 unrelated individuals in total, with 106 individuals in the thin CCT group (covers 20% lower tail of the underlying CCT distribution) and 105 individuals in the thick CCT group (covers 20% upper tail).	https://www.ebi.ac.uk/europepmc/webservices/rest/PMC2869325/fullTextXML	unrelated individuals in the Adelaide sample (pools drawn from its thinnest and thickest fifths), 2010
COHO:0001463	owl:NamedIndividual	Aneurysm Consortium					1866	A genome-wide discovery study was performed by comparing data from 1866 cases with AAA and 5435 unscreened controls from the WTCCC2 study consisting of samples from the 1958 British Birth Cohort and from the UK National Blood Service.	https://europepmc.org/api/getPdf?pmcid=PMC3213391	AAA cases and WTCCC2 controls in the consortium's 2011 GWAS discovery study	5435	A genome-wide discovery study was performed by comparing data from 1866 cases with AAA and 5435 unscreened controls from the WTCCC2 study consisting of samples from the 1958 British Birth Cohort and from the UK National Blood Service.	https://europepmc.org/api/getPdf?pmcid=PMC3213391	AAA cases and WTCCC2 controls in the consortium's 2011 GWAS discovery study
COHO:0001464	owl:NamedIndividual	Autism Case-Control cohort					1453	To boost power for identifying these associations, we examined an Autism Case-Control cohort (ACC cohort, Table 1), comprising 1,453 subjects with ASDs from several US sites, and 7,070 control subjects without ASDs from the Children's Hospital of Philadelphia, who were also genotyped on the same platform.	https://www.ncbi.nlm.nih.gov/research/bionlp/RESTful/pmcoa.cgi/BioC_xml/PMC2943511/unicode	subjects with ASDs and controls in the ACC cohort as genotyped for the 2009 GWAS	7070	To boost power for identifying these associations, we examined an Autism Case-Control cohort (ACC cohort, Table 1), comprising 1,453 subjects with ASDs from several US sites, and 7,070 control subjects without ASDs from the Children's Hospital of Philadelphia, who were also genotyped on the same platform.	https://www.ncbi.nlm.nih.gov/research/bionlp/RESTful/pmcoa.cgi/BioC_xml/PMC2943511/unicode	subjects with ASDs and controls in the ACC cohort as genotyped for the 2009 GWAS
COHO:0001465	owl:NamedIndividual	Action to Control Cardiovascular Risk in Diabetes	10251	A total of 10,251 participants with type 2 diabetes were recruited from seven clinical networks in the U.S. and Canada between 2001 and 2005 and randomized in a 1:1 ratio to receive intensive glucose-lowering treatment, aiming for an HbA1c level below 6%, or to standard treatment, aiming for an HbA1c level between 7.0% and 7.9%.	https://www.ebi.ac.uk/europepmc/webservices/rest/PMC6196830/fullTextXML	participants with type 2 diabetes randomised 2001-2005								
COHO:0001466	owl:NamedIndividual	Anglo-Cardiff Collaborative Trial	12000	Subjects were drawn from the ACCT (Anglo‐Cardiff Collaborative Trial) population, which consists of >12 000 individuals, selected at random from local general practice lists and open‐access Cardiovascular Risk Assessment Clinics across East Anglia and Wales.	https://www.ebi.ac.uk/europepmc/webservices/rest/PMC12553408/fullTextXML	more than 12,000 individuals in the ACCT population (a lower bound), 2025								
COHO:0001467	owl:NamedIndividual	Alcoholic Cirrhosis GWAS					712	Genome-wide association meta-analysis of 712 cases with alcohol-related cirrhosis and 1,466 controls.	http://gengastro.med.tu-dresden.de/suppl/alc_cirrhosis/	cases and drinking controls in the 2015 German+UK discovery meta-analysis	1466	Genome-wide association meta-analysis of 712 cases with alcohol-related cirrhosis and 1,466 controls.	http://gengastro.med.tu-dresden.de/suppl/alc_cirrhosis/	cases and drinking controls in the 2015 German+UK discovery meta-analysis
COHO:0001468	owl:NamedIndividual	University of Manchester Longitudinal Study of Cognition in Normal Healthy Old Age	6375	The University of Manchester Longitudinal Study of Cognition in Normal Healthy Old Age (UMLCHA) recruited 6375 individuals aged 42–94 years old from Newcastle and Manchester, UK, starting in 1983 through 199324.	PMID:40908294	individuals aged 42-94 recruited in Newcastle and Manchester 1983-1993								
COHO:0001470	owl:NamedIndividual	Alzheimer's Disease Cardiff Cohort	1947	We used plasma samples collected from 1439 early and late onset sporadic AD cases and 508 screened elderly controls. Information on age at assessment, sex, APOE genotype and genome-wide array genotyping was available for all 1947 samples.	https://pmc.ncbi.nlm.nih.gov/articles/PMC9924904/	analysed subset: AD cases and screened controls with plasma samples and genotypes (2020)	1439	We used plasma samples collected from 1439 early and late onset sporadic AD cases and 508 screened elderly controls. Information on age at assessment, sex, APOE genotype and genome-wide array genotyping was available for all 1947 samples.	https://pmc.ncbi.nlm.nih.gov/articles/PMC9924904/	analysed subset: AD cases and screened controls with plasma samples and genotypes (2020)	508	We used plasma samples collected from 1439 early and late onset sporadic AD cases and 508 screened elderly controls. Information on age at assessment, sex, APOE genotype and genome-wide array genotyping was available for all 1947 samples.	https://pmc.ncbi.nlm.nih.gov/articles/PMC9924904/	analysed subset: AD cases and screened controls with plasma samples and genotypes (2020)
COHO:0001471	owl:NamedIndividual	Analyse des DEterminants génétiques et environnementaux de la Leucoaraiose dans une population de sujets Agés Hypertendus présentant des troubles cognitifs DEbutants	376	Of the 376 patients included in V1, 131 participated in V2 (among the rest, 51 patients died, 60 were lost to follow-up, 130 were not able to visit due to their functional status and/or refused to participate, and 6 patients provided no specific reason).	https://pmc.ncbi.nlm.nih.gov/articles/PMC7175941/	hypertensive patients included at visit 1 (ADELAHYDE-1)								
COHO:0001472	owl:NamedIndividual	Evolution de la Rigidité Artérielle	483	The aim of the present longitudinal study was to compare the progression of aortic stiffness over a 6-year period in treated hypertensive subjects and normotensive subjects, and to evaluate the determinants of this progression.Methods and resultsData for the present analysis were gathered from 483 subjects who had 2 health checkups at the Centre d'Investigations Préventives et Cliniques, the first one in 1992--1993 and the second one in 1998--1999.	https://www.ebi.ac.uk/europepmc/webservices/rest/search?query=EXT_ID%3A11889014+AND+SRC%3AMED&format=json&resultType=core	subjects with two health checkups (1992-1993 and 1998-1999) analysed								
COHO:0001473	owl:NamedIndividual	ADHD-VHIR study	1186	Spain Discovery Cohort N=1186 (603 cases, 583 controls)	https://media.springernature.com/original/springer-static/esm/art%3A10.1038%2Fnpp.2014.267/MediaObjects/41386_2015_BFnpp2014267_MOESM62_ESM.pdf	adult ADHD cases and blood-donor controls genotyped in the GWAS discovery stage, after QC	603	Spain Discovery Cohort N=1186 (603 cases, 583 controls)	https://media.springernature.com/original/springer-static/esm/art%3A10.1038%2Fnpp.2014.267/MediaObjects/41386_2015_BFnpp2014267_MOESM62_ESM.pdf	adult ADHD cases and blood-donor controls genotyped in the GWAS discovery stage, after QC	583	Spain Discovery Cohort N=1186 (603 cases, 583 controls)	https://media.springernature.com/original/springer-static/esm/art%3A10.1038%2Fnpp.2014.267/MediaObjects/41386_2015_BFnpp2014267_MOESM62_ESM.pdf	adult ADHD cases and blood-donor controls genotyped in the GWAS discovery stage, after QC
COHO:0001474	owl:NamedIndividual	Action in Diabetes and Vascular disease: Preterax and Diamicron-MR Controlled Evaluation	11140	Following successful recruitment and randomisation of 11 140 participants by March 2003, the study is currently half way through its planned follow-up of 4.5 years.	https://www.nature.com/articles/1001890	participants randomised (2003)								
COHO:0001475	owl:NamedIndividual	Aneurysm-Express Biobank Study	503	DNA of 503 patients in Aneurysm-Express biobank study was extracted from whole blood EDTA or (when no blood was available) aneurysm tissue samples following standardized in-house validated protocols for the Aneurysm-Express Genomics Study (AAAGS).	https://pmc.ncbi.nlm.nih.gov/articles/PMC6934821/	patients whose DNA was extracted for the Aneurysm-Express Genomics Study (inclusions 2003-2013)								
COHO:0001476	owl:NamedIndividual	Atrial Fibrillation Biobank LMU	3573	AFLMU (Germany) 3573 Ongoing registry of AF patients from a large arrhythmia clinic	https://pmc.ncbi.nlm.nih.gov/articles/PMC6528378/	AF patients in the registry contributed to the CATCH ME combined dataset (2019)								
COHO:0001477	owl:NamedIndividual	Early Treatment of Atrial Fibrillation for Stroke Prevention Trial	2789	Between July 2011 and December 2016, 135 sites in 11 countries randomized 2789 patients to the EAST-AFNET 4 trial.	https://pmc.ncbi.nlm.nih.gov/articles/PMC8982435/	patients randomised July 2011-December 2016								
COHO:0001478	owl:NamedIndividual	AFTER EU	891	The study population included two groups: 451 patients with type 1 diabetes and diabetic nephropathy and 440 control subjects with type 1 diabetes for >15 years and persistent normoalbuminuria. Baseline clinical and laboratory characteristics of the 891 patients are shown in Table 1.	https://pmc.ncbi.nlm.nih.gov/articles/PMC2890360/	type 1 diabetic patients: nephropathy cases and normoalbuminuric controls, recruited 1993-2000	451	The study population included two groups: 451 patients with type 1 diabetes and diabetic nephropathy and 440 control subjects with type 1 diabetes for >15 years and persistent normoalbuminuria. Baseline clinical and laboratory characteristics of the 891 patients are shown in Table 1.	https://pmc.ncbi.nlm.nih.gov/articles/PMC2890360/	type 1 diabetic patients: nephropathy cases and normoalbuminuric controls, recruited 1993-2000	440	The study population included two groups: 451 patients with type 1 diabetes and diabetic nephropathy and 440 control subjects with type 1 diabetes for >15 years and persistent normoalbuminuria. Baseline clinical and laboratory characteristics of the 891 patients are shown in Table 1.	https://pmc.ncbi.nlm.nih.gov/articles/PMC2890360/	type 1 diabetic patients: nephropathy cases and normoalbuminuric controls, recruited 1993-2000
COHO:0001479	owl:NamedIndividual	Autism Genome Project	9050	To explore the contribution of CNV to ASD, we expanded our previous study (stage 1)6 with an additional 1,604 families (stage 2), bringing the total to 9,050 individuals from 2,845 ASD-affected families.	https://www.ebi.ac.uk/europepmc/webservices/rest/PMC4067558/fullTextXML	individuals from 2,845 ASD-affected families in the 2014 CNV analysis (stages 1 and 2)								
COHO:0001481	owl:NamedIndividual	San Francisco Bay Area Adult Glioma Study					1110	The total number of subjects from both series that were identified as eligible to participate in the San Francisco Bay Area Adult Glioma Study, 1991–2000, includes 1,110 cases and 1,284 controls.	https://doi.org/10.1186/1471-2407-6-148	eligible (not necessarily enrolled) cases and controls of series 1-2, 1991-2000	1284	The total number of subjects from both series that were identified as eligible to participate in the San Francisco Bay Area Adult Glioma Study, 1991–2000, includes 1,110 cases and 1,284 controls.	https://doi.org/10.1186/1471-2407-6-148	eligible (not necessarily enrolled) cases and controls of series 1-2, 1991-2000
COHO:0001482	owl:NamedIndividual	Aichi Colorectal Cancer Study					640	The Aichi CRC Study: This study had two case-control collections (Aichi-1 and Aichi-2) with a total of 640 cases and 1,414 controls 1 .	https://media.springernature.com/original/springer-static/esm/art%3A10.1038%2Fng.2985/MediaObjects/41588_2014_BFng2985_MOESM57_ESM.pdf	colorectal cancer cases and controls in Aichi-1 and Aichi-2 combined (2014)	1414	The Aichi CRC Study: This study had two case-control collections (Aichi-1 and Aichi-2) with a total of 640 cases and 1,414 controls 1 .	https://media.springernature.com/original/springer-static/esm/art%3A10.1038%2Fng.2985/MediaObjects/41588_2014_BFng2985_MOESM57_ESM.pdf	colorectal cancer cases and controls in Aichi-1 and Aichi-2 combined (2014)
COHO:0001483	owl:NamedIndividual	African American Breast Cancer Epidemiology and Risk Consortium					5739	Cases and controls in the AMBER Consortium, by subtype and study, 2013 Case-control studies Cohort studies Total with questionnaire data available CBCS WCHS BWHS MEC Breast cancer cases 1,535 1,088 2,063 1,053 5,739 ER+ 841 555 848 623 2,867 ER− 587 225 444 224 1,480 ER unknown 107 308 771 206 1,392 ER−, PR−, HER2− 336 130 153 — 619 Age at diagnosis <40 227 125 178 0 530 Age at diagnosis ≥40 1,308 963 1,885 1,053 5,209 Controls 788 975 8,298 4,212 14,273	https://pmc.ncbi.nlm.nih.gov/articles/PMC3945713/	pooled breast cancer cases and controls with questionnaire data in the four member studies, 2013	14273	Cases and controls in the AMBER Consortium, by subtype and study, 2013 Case-control studies Cohort studies Total with questionnaire data available CBCS WCHS BWHS MEC Breast cancer cases 1,535 1,088 2,063 1,053 5,739 ER+ 841 555 848 623 2,867 ER− 587 225 444 224 1,480 ER unknown 107 308 771 206 1,392 ER−, PR−, HER2− 336 130 153 — 619 Age at diagnosis <40 227 125 178 0 530 Age at diagnosis ≥40 1,308 963 1,885 1,053 5,209 Controls 788 975 8,298 4,212 14,273	https://pmc.ncbi.nlm.nih.gov/articles/PMC3945713/	pooled breast cancer cases and controls with questionnaire data in the four member studies, 2013
COHO:0001484	owl:NamedIndividual	Acute Myocardial Infarction Gene Study					809	Between 2004 and 2006, we enrolled a cohort of 809 consecutive men younger than 65 and suffering from non-ST-segment elevation MI or ST- segment elevation MI with an onset of symptoms less than 24 hours before admission.	https://media.springernature.com/original/springer-static/esm/art%3A10.1038%2Fng.327/MediaObjects/41588_2009_BFng327_MOESM15_ESM.pdf	MI cases enrolled 2004-2006 (809); Dortmund Health Study controls genotyped (1,132)	1132	Between 2004 and 2006, we enrolled a cohort of 809 consecutive men younger than 65 and suffering from non-ST-segment elevation MI or ST- segment elevation MI with an onset of symptoms less than 24 hours before admission.	https://media.springernature.com/original/springer-static/esm/art%3A10.1038%2Fng.327/MediaObjects/41588_2009_BFng327_MOESM15_ESM.pdf	MI cases enrolled 2004-2006 (809); Dortmund Health Study controls genotyped (1,132)
COHO:0001485	owl:NamedIndividual	Amsterdam UMC COVID-19 Biobank	416	Between March 23rd and May 26th 2020, 416 patients with COVID-19 were included in the Amsterdam UMC COVID-19 Biobank (online appendix eFig. 1).	https://www.ebi.ac.uk/europepmc/webservices/rest/PMC8118723/fullTextXML	COVID-19 patients included 23 March-26 May 2020								
COHO:0001486	owl:NamedIndividual	Australian National Endometrial Cancer Study					1399	Table 1 Descriptive characteristics of 1,399 women with endometrial cancer and 740 population-based controls	https://link.springer.com/article/10.1007/s10552-011-9894-5	endometrial cancer cases and population controls with interview data (2007)	740	Table 1 Descriptive characteristics of 1,399 women with endometrial cancer and 740 population-based controls	https://link.springer.com/article/10.1007/s10552-011-9894-5	endometrial cancer cases and population controls with interview data (2007)
COHO:0001487	owl:NamedIndividual	Lübeck Registry of Structural Heart Disease					1254	Angio-Lueb /KORAF3 CAD 2658 1655/1003 1254/1404	https://media.springernature.com/original/springer-static/esm/art%3A10.1038%2Fng.2480/MediaObjects/41588_2013_BFng2480_MOESM9_ESM.pdf	CAD cases from the registry's angiography sample (Angio-Lueb) in the CARDIoGRAMplusC4D stage 2 analysis; controls are KORA F3				
COHO:0001488	owl:NamedIndividual	Australia and New Zealand Multiple Sclerosis Genetics Consortium					3268	The 3268 MS cases and 3579 healthy controls genotyped for the fine-mapping component of this study formed part of a larger ANZgene MS loci fine-mapping study, and were phenotyped according to established criteria.	https://www.ebi.ac.uk/europepmc/webservices/rest/PMC4798184/fullTextXML	ANZ MS cases and healthy controls genotyped in the ANZgene fine-mapping study (2016)	3579	The 3268 MS cases and 3579 healthy controls genotyped for the fine-mapping component of this study formed part of a larger ANZgene MS loci fine-mapping study, and were phenotyped according to established criteria.	https://www.ebi.ac.uk/europepmc/webservices/rest/PMC4798184/fullTextXML	ANZ MS cases and healthy controls genotyped in the ANZgene fine-mapping study (2016)
COHO:0001489	owl:NamedIndividual	Australian & New Zealand Registry of Advanced Glaucoma	9373		https://anzrag.com.au/	participants in the registry (website counter), 2026								
COHO:0001490	owl:NamedIndividual	Alberta Ovarian Tumor Types Study	1000	Patients were sampled from an ongoing study of ovarian histological types comprising approximately 1,000 women with ovarian carcinomas (300 endometrioid, 300 clear cell, 300 mucinous, and 100 high-grade serous).	https://pmc.ncbi.nlm.nih.gov/articles/PMC3794544/	women with ovarian carcinoma in the study (approximate), 2013								
COHO:0001491	owl:NamedIndividual	Australian Prostate Cancer BioResource	3100	The validation cohort of prostate cancer patients (N = 40) were recruited as part of the Australian Prostate Cancer BioResource (APCB) consisting of 3,100 patients including 350 men recruited via collaborations with urologists, 2,000 men from the QLD node of APCB, and 750 men recruited in collaboration with The Cancer Council Queensland.	https://pmc.ncbi.nlm.nih.gov/articles/PMC5923293/	prostate cancer patients in the bioresource (2018)								
COHO:0001492	owl:NamedIndividual	Aberdeen Prospective Osteoporosis Screening Study	5119	Subjects are women from the Aberdeen Prospective Osteoporosis Screening Study (APOSS) cohort, a population-based screening program for assessing osteoporotic fracture risk, which initially recruited 5119 women aged 45–54 years between 1990 and 1994 using random selection from Community Health Index [15].	https://pmc.ncbi.nlm.nih.gov/articles/PMC5506508/	women attending the baseline visit 1990-1994								
COHO:0001493	owl:NamedIndividual	Apixaban for Reduction in Stroke and Other Thromboembolic Events in Atrial Fibrillation	18201	In this randomized, double-blind trial, we compared apixaban (at a dose of 5 mg twice daily) with warfarin (target international normalized ratio, 2.0 to 3.0) in 18,201 patients with atrial fibrillation and at least one additional risk factor for stroke.	https://www.ebi.ac.uk/europepmc/webservices/rest/search?query=EXT_ID%3A21870978+AND+SRC%3AMED&format=json&resultType=core	randomised patients in the main analysis (2011)								
COHO:0001494	owl:NamedIndividual	Aarhus Osteoporosis Study					462	We investigated if the polymorphisms in the IL-1α gene affect the risk of osteoporotic fractures, bone mineral density (BMD), and bone turnover in 462 osteoporotic patients and 336 normal controls.	https://doi.org/10.1007/s00223-006-0059-6	osteoporotic cases and normal controls	336	We investigated if the polymorphisms in the IL-1α gene affect the risk of osteoporotic fractures, bone mineral density (BMD), and bone turnover in 462 osteoporotic patients and 336 normal controls.	https://doi.org/10.1007/s00223-006-0059-6	osteoporotic cases and normal controls
COHO:0001495	owl:NamedIndividual	Amsterdam Resuscitation Studies	3005	We included 3005 cases and continue to collect DNA samples at the same rate.	https://pmc.ncbi.nlm.nih.gov/articles/PMC4189338/	OHCA cases with VT/VF and DNA collected, July 2007-January 2014 (DNA sub-collection only)								
COHO:0001497	owl:NamedIndividual	Arsenic Health Risk Assessment and Molecular Epidemiology	1392	The study comprised 1,392 participants of whom 852 were cancer cases (529 basal cell carcinoma of skin, BCC; 214 bladder; 109 kidney) and 540 were controls.	https://doi.org/10.1007/s00420-010-0519-1	cancer cases and hospital controls recruited 2002-2004	852	The study comprised 1,392 participants of whom 852 were cancer cases (529 basal cell carcinoma of skin, BCC; 214 bladder; 109 kidney) and 540 were controls.	https://doi.org/10.1007/s00420-010-0519-1	cancer cases and hospital controls recruited 2002-2004	540	The study comprised 1,392 participants of whom 852 were cancer cases (529 basal cell carcinoma of skin, BCC; 214 bladder; 109 kidney) and 540 were controls.	https://doi.org/10.1007/s00420-010-0519-1	cancer cases and hospital controls recruited 2002-2004
COHO:0001498	owl:NamedIndividual	Athens Study of Psychosis Proneness and Incidence of Schizophrenia	2243	Briefly, the Athens Study of Psychosis Proneness and Incidence of Schizophrenia (ASPIS) examined 2243 randomly selected young male conscripts aged 18 to 24 years from the Greek Air Force in their first 2 weeks of admission to the National Basic Air Force Training Center.	https://www.ebi.ac.uk/europepmc/webservices/rest/PMC2572614/fullTextXML	young male conscripts examined								
COHO:0001499	owl:NamedIndividual	Australian Twin Eye Study	2235	This study examined 2,235 people at total cost of approximately AUS$1,564,500.	https://pmc.ncbi.nlm.nih.gov/articles/PMC3855231/	twins and siblings examined in the Twins Eye Study in Tasmania, including the BATS wave (2009)								
COHO:0001500	owl:NamedIndividual	AtheroGene Registry	3800	Three thousand eight hundred patients, who underwent coronary angiography, were recruited in the AtheroGene Study at the Department of Medicine II of the Johannes Gutenberg‐University Mainz or the Bundeswehr‐Zentralkrankenhaus Koblenz, from June 1999 to March 2004.	https://pmc.ncbi.nlm.nih.gov/articles/PMC7428563/	patients undergoing coronary angiography recruited June 1999-March 2004								
COHO:0001501	owl:NamedIndividual	Australian Twin Migraine	6350	The Australian Twin Migraine GWA study (N = 6,350) included 2,825 migraine cases and 3,525 controls, 805 of whom met the diagnostic criteria for MDD.	https://www.ebi.ac.uk/europepmc/webservices/rest/search?query=EXT_ID%3A24081561+AND+SRC%3AMED&format=json&resultType=core	migraine cases and controls in the GWA sample (2013)	2825	The Australian Twin Migraine GWA study (N = 6,350) included 2,825 migraine cases and 3,525 controls, 805 of whom met the diagnostic criteria for MDD.	https://www.ebi.ac.uk/europepmc/webservices/rest/search?query=EXT_ID%3A24081561+AND+SRC%3AMED&format=json&resultType=core	migraine cases and controls in the GWA sample (2013)	3525	The Australian Twin Migraine GWA study (N = 6,350) included 2,825 migraine cases and 3,525 controls, 805 of whom met the diagnostic criteria for MDD.	https://www.ebi.ac.uk/europepmc/webservices/rest/search?query=EXT_ID%3A24081561+AND+SRC%3AMED&format=json&resultType=core	migraine cases and controls in the GWA sample (2013)
COHO:0001502	owl:NamedIndividual	Asthma UK Genetics of Severe Asthma	1026	We genotyped 1026 individuals of European ancestry with severe asthma based on the Global Initiative for Asthma (GINA) criteria.18 Only subjects in classes 3–5 were included, recruited across UK-based centres.	https://doi.org/10.1136/thoraxjnl-2011-201262	severe asthma cases genotyped (discovery cohort), 2012	1026	We genotyped 1026 individuals of European ancestry with severe asthma based on the Global Initiative for Asthma (GINA) criteria.18 Only subjects in classes 3–5 were included, recruited across UK-based centres.	https://doi.org/10.1136/thoraxjnl-2011-201262	severe asthma cases genotyped (discovery cohort), 2012				
COHO:0001503	owl:NamedIndividual	Amsterdam UMC dilated cardiomyopathy GWAS cohort					978	Following QC procedures, the genome-wide data (the non-pruned data) for the 978 high-quality cases and 7207 high-quality controls were imputed to the TOPMed imputation panel on the Michigan Imputation Server.	https://media.springernature.com/original/springer-static/esm/art%3A10.1038%2Fs41588-024-01975-5/MediaObjects/41588_2024_1975_MOESM1_ESM.pdf	DCM cases and NTR controls passing genotype QC (2024)	7207	Following QC procedures, the genome-wide data (the non-pruned data) for the 978 high-quality cases and 7207 high-quality controls were imputed to the TOPMed imputation panel on the Michigan Imputation Server.	https://media.springernature.com/original/springer-static/esm/art%3A10.1038%2Fs41588-024-01975-5/MediaObjects/41588_2024_1975_MOESM1_ESM.pdf	DCM cases and NTR controls passing genotype QC (2024)
COHO:0001505	owl:NamedIndividual	Bipolar Affective Case Control Study					515	The aim of our study is to explore the association of DTNBP1 with BD and with a sub phenotype, presence/absence of psychotic symptoms, in a sample of 515 patients with BD (ICD10/DSMIV) and 1,316 ethnically matched control subjects recruited from the UK.	https://www.ebi.ac.uk/europepmc/webservices/rest/search?query=EXT_ID%3A19089808+AND+SRC%3AMED&format=json&resultType=core	bipolar disorder cases and UK controls (2009)	1316	The aim of our study is to explore the association of DTNBP1 with BD and with a sub phenotype, presence/absence of psychotic symptoms, in a sample of 515 patients with BD (ICD10/DSMIV) and 1,316 ethnically matched control subjects recruited from the UK.	https://www.ebi.ac.uk/europepmc/webservices/rest/search?query=EXT_ID%3A19089808+AND+SRC%3AMED&format=json&resultType=core	bipolar disorder cases and UK controls (2009)
COHO:0001506	owl:NamedIndividual	Arizona Study of Aging and Neurodegenerative Disorders and Brain and Body Donation Program	3100	The BBDP has been in existence since 1987 and has enrolled more than 3100 subjects over that time, which constitutes more than 2% of the current combined populations of the surrounding retirement communities.	https://www.ncbi.nlm.nih.gov/research/bionlp/RESTful/pmcoa.cgi/BioC_xml/PMC4593391/unicode	subjects enrolled since 1987 (stated as 'more than 3100'), 2015								
COHO:0001507	owl:NamedIndividual	BARCODE1	6393	Among 40,292 persons invited to participate, 8953 (22.2%) expressed interest in participating and 6393 had their polygenic risk score calculated; 745 (11.7%) had a polygenic risk score in the 90th percentile or higher and were invited to undergo screening.	https://www.ebi.ac.uk/europepmc/webservices/rest/search?query=EXT_ID:40214032%20AND%20SRC:MED&format=json&resultType=core	men with a polygenic risk score calculated (genotyped participants), 2025								
COHO:0001508	owl:NamedIndividual	Therapeutic Trial collection	1340	Similarly, details on the first validation set that includes subjects assembled by Bayer Schering Pharma from its therapeutic trials include a total of 1340 cases (Table 1b).	https://pmc.ncbi.nlm.nih.gov/articles/PMC3099419/	MS/CIS patients pooled from the Bayer Schering Pharma trials (cases in the 2009 validation set)	1340	Similarly, details on the first validation set that includes subjects assembled by Bayer Schering Pharma from its therapeutic trials include a total of 1340 cases (Table 1b).	https://pmc.ncbi.nlm.nih.gov/articles/PMC3099419/	MS/CIS patients pooled from the Bayer Schering Pharma trials (cases in the 2009 validation set)				
COHO:0001509	owl:NamedIndividual	Berlin Birth Cohort	2089	Two thousand and eighty-nine (2089) Caucasian women without preexisting diabetes and preexisting hypertension with singleton pregnancies delivering consecutively at the Charité obstetrics department participated in this study.	PMID:19696694	women (mother-child pairs) analysed in a 2009 study of the cohort; analysed subset, no whole-cohort total found								
COHO:0001510	owl:NamedIndividual	British Breast Cancer Study					1695	For this analysis we included 1695 cases, 1564 of whom had two sequential or simultaneous primary breast cancers, and 131 of whom had at least two affected first degree relatives. The excess relative risk among cases with a second primary and those with two affected first degree relatives has been shown to be equivalent( 1 ) so the subsequent analysis assumes that all cases are bilateral. 2001 controls were ascertained as friends and non-blood relatives of the cases.	https://pmc.ncbi.nlm.nih.gov/articles/PMC3272480/	analysed subset: cases and controls of white ancestry in a 2012 BBCS analysis; no total stated	2001	For this analysis we included 1695 cases, 1564 of whom had two sequential or simultaneous primary breast cancers, and 131 of whom had at least two affected first degree relatives. The excess relative risk among cases with a second primary and those with two affected first degree relatives has been shown to be equivalent( 1 ) so the subsequent analysis assumes that all cases are bilateral. 2001 controls were ascertained as friends and non-blood relatives of the cases.	https://pmc.ncbi.nlm.nih.gov/articles/PMC3272480/	analysed subset: cases and controls of white ancestry in a 2012 BBCS analysis; no total stated
COHO:0001511	owl:NamedIndividual	Biobank of the Americas-Genomelink	8417	Finally, we validated the selected PRS models using an independent set of 8,417 individuals from Biobank of the Americas-Genomelink (BbofA-GL); and performed a PRS-Phewas.	PMID:39218908	BbofA-GL individuals used to validate PRS models (survey Aug 2022-Feb 2023)								
COHO:0001512	owl:NamedIndividual	British Columbia Non-Hodgkin Lymphoma study					828	828 cases and 848 controls completed at least part of a study questionnaire; however, only those subjects with DNA available were used in this study.	PMID:19917125	cases and controls who completed at least part of the study questionnaire; no total stated	848	828 cases and 848 controls completed at least part of a study questionnaire; however, only those subjects with DNA available were used in this study.	PMID:19917125	cases and controls who completed at least part of the study questionnaire; no total stated
COHO:0001513	owl:NamedIndividual	British Columbia Familial Hypercholesterolemia Registry	339	We recruited 339 patients with clinically diagnosed HeFH, with a total of 3700 person-years of follow-up.	PMID:27931859	patients with clinically diagnosed HeFH recruited (2016 report)								
COHO:0001514	owl:NamedIndividual	New York Breast Cancer Family Registry	4004	The New York site enrolled 4004 individuals, of which 1139 women were affected with breast cancer at baseline and eligible for this analysis.	https://pmc.ncbi.nlm.nih.gov/articles/PMC5731703/	individuals enrolled at the New York site (1996-2011)								
COHO:0001515	owl:NamedIndividual	Philadelphia Breast Cancer Family Registry	780	Total probands 2927 4766 2160 1134 780 183 11,950	https://pmc.ncbi.nlm.nih.gov/articles/PMC468645/	probands (index family members) recruited at the Philadelphia site 1996-2003; relatives not included								
COHO:0001516	owl:NamedIndividual	Utah Breast Cancer Family Registry	183	Total probands 2927 4766 2160 1134 780 183 11,950	https://pmc.ncbi.nlm.nih.gov/articles/PMC468645/	probands (index family members) recruited at the Utah site 1996-2003; relatives not included								
COHO:0001517	owl:NamedIndividual	Barry Caerphilly Growth Study	1163	The Barry Caerphilly Growth (BCG) cohort study is a long-term follow-up of a randomized controlled trial of 1,163 infants born consecutively between March 1972 and October 1974 in two populations from the towns of Barry and Caerphilly in South Wales [15].	PMID:22479550	infants born March 1972-October 1974 in the milk-token trial								
COHO:0001518	owl:NamedIndividual	Breast Cancer in Northern Israel Study	11608	Data from two large prospective population-based case-control studies, the Molecular Epidemiology of Colorectal Cancer (MECC, n = 8,383) and the Breast Cancer in Northern Israel Study (BCINIS, n = 11,608), were used to better understand the nature and temporality of a possible association between cancer diagnosis and AF events before and after cancer diagnosis.	https://pmc.ncbi.nlm.nih.gov/articles/PMC5764256/	BCINIS participants (cases and controls) in a 2018 analysis								
COHO:0001519	owl:NamedIndividual	Blood-Cell Consortium	746667	BCX2 is a consortium comprising of trans-ethnic data of blood cell traits of 746,667 individuals from five different ancestries.	PMID:34925446	individuals in the second-phase (BCX2) trans-ethnic GWAS of blood-cell traits (2020)								
COHO:0001520	owl:NamedIndividual	Bavarian Endometrial Cancer Cases and Controls Study	221	Replication analysis in the German population included 221 cases from the Bavarian Endometrial Cancer Study (BECS) and 251 healthy controls aged 55 years and older from the Bavarian Breast Cancer Cases and Controls (BBCC).	https://pmc.ncbi.nlm.nih.gov/articles/PMC13537468/	analysed subset: BECS endometrial cancer cases genotyped on OncoArray and used in a 2025 replication (its controls came from BBCC)	221	Replication analysis in the German population included 221 cases from the Bavarian Endometrial Cancer Study (BECS) and 251 healthy controls aged 55 years and older from the Bavarian Breast Cancer Cases and Controls (BBCC).	https://pmc.ncbi.nlm.nih.gov/articles/PMC13537468/	analysed subset: BECS endometrial cancer cases genotyped on OncoArray and used in a 2025 replication (its controls came from BBCC)				
COHO:0001521	owl:NamedIndividual	Belfast Elderly Longitudinal Free-living Ageing Study	500	In the BELFAST study, 90 year old subjects, who are 'very good' for their age, also called 'elite' (approximately 500), were recruited through their General Practitioners, from the Greater Belfast area [1,2].	PMID:20507630	'elite' 90-year-old subjects recruited through GPs (approximate)								
COHO:0001522	owl:NamedIndividual	Flanders-Belgian AD cohort	2370	The Flanders-Belgian study cohort (Belgium_AD, n = 2370), was ascertained in the frame of a prospective study of AD, as previously described in Bettens et al.	https://pmc.ncbi.nlm.nih.gov/articles/PMC4370231/	Belgian AD patients and controls in a 2014 genetic analysis	1263	The Flanders-Belgian study cohort (Belgium_AD, n = 2370), was ascertained in the frame of a prospective study of AD, as previously described in Bettens et al.	https://pmc.ncbi.nlm.nih.gov/articles/PMC4370231/	Belgian AD patients and controls in a 2014 genetic analysis	1107	The Flanders-Belgian study cohort (Belgium_AD, n = 2370), was ascertained in the frame of a prospective study of AD, as previously described in Bettens et al.	https://pmc.ncbi.nlm.nih.gov/articles/PMC4370231/	Belgian AD patients and controls in a 2014 genetic analysis
COHO:0001523	owl:NamedIndividual	Boston Early-Onset COPD Study	139	The cohort of 139 probands in the Boston Early-Onset COPD Study was recruited from lung transplant and general pulmonary clinics between September 1994 and July 2002.	PMID:15539711	probands with severe early-onset COPD recruited 1994-2002; their enrolled relatives not included								
COHO:0001524	owl:NamedIndividual	Bangladesh Vitamin E and Selenium Trial	7000	There were 7,000 participants enrolled in the trial between April 2006 and August 2009.	PMID:23590571	participants randomised (enrolled April 2006-August 2009)								
COHO:0001525	owl:NamedIndividual	Black Women with Breast Cancer: Etiology, Survival, and Treatment Outcomes Study	785	For the present retrospective cohort analysis, of the 785 BEST participants in the parent study, we excluded women missing data on stage at diagnosis (n = 30), those with stage IV disease at diagnosis (n = 27), with bilateral breast cancer (n = 36), those missing timing of genetic testing (n = 45), or missing timing of surgery (n = 14) yielding a final analytic sample of 633.	PMID:41360000	BEST participants in the parent study (Black women diagnosed 2005-2018 at age 50 or younger)								
COHO:0001527	owl:NamedIndividual	Brains for Dementia Research	3276	At January 2018, a total of 3,276 volunteers had been recruited to the study, with 3,128 of the recruited 3,276 undergoing baseline assessments and 6,676 follow up assessments undertaken at this census date.	https://pmc.ncbi.nlm.nih.gov/articles/PMC6294579/	volunteers recruited to the study by January 2018								
COHO:0001528	owl:NamedIndividual	Scottish Bipolar Family Study	283	Participants were adolescents and young adults (N = 283, age 15–30 years) recruited as part of the Scottish Bipolar Family Study (SBFS) (Chan et al., 2016; Ganzola et al., 2018; Sprooten et al., 2011; Whalley et al., 2015).	PMID:32954013	adolescents and young adults (high-risk and controls) recruited to the SBFS								
COHO:0001529	owl:NamedIndividual	Brazilian Immunogenetics of Asthma and Schistosomiasis	822	By use of a whole-population ascertainment scheme, 822 individuals were enrolled from a schistosomiasis-endemic area in Conde, Bahia, in Brazil.	PMID:18717640	individuals enrolled by whole-population ascertainment (2004)								
COHO:0001530	owl:NamedIndividual	Biobank Innovations for Chronic Cerebrovascular Disease With Alzheimer's Disease Study	1013	As of December 2020, a total of 1,013 participants were enrolled in BICWALZS.	https://www.ebi.ac.uk/europepmc/webservices/rest/PMC8898610/fullTextXML	older adults with cognitive complaints enrolled October 2016 to December 2020								
COHO:0001531	owl:NamedIndividual	Breast Cancer in Galway Genetic Study					988	In order to clarify whether TGFBR1*6A is associated with breast cancer risk, we have genotyped this polymorphism in 988 breast cancer cases and 1,016 controls from the West of Ireland and also performed a meta-analysis of previously published data (5,150 cases and 6,344 controls).	PMID:19390964	breast cancer cases and controls from the West of Ireland genotyped in the study's 2010 paper	1016	In order to clarify whether TGFBR1*6A is associated with breast cancer risk, we have genotyped this polymorphism in 988 breast cancer cases and 1,016 controls from the West of Ireland and also performed a meta-analysis of previously published data (5,150 cases and 6,344 controls).	PMID:19390964	breast cancer cases and controls from the West of Ireland genotyped in the study's 2010 paper
COHO:0001532	owl:NamedIndividual	Bipolar Genome Study					2191	We present new genotype data for 1,190 cases and 401 controls and perform a genome-wide association study including additional samples for a total of 2,191 cases and 1,434 controls.	PMID:21738484	European-ancestry bipolar cases and controls genotyped in the GAIN and TGen stages combined (2011)	1434	We present new genotype data for 1,190 cases and 401 controls and perform a genome-wide association study including additional samples for a total of 2,191 cases and 1,434 controls.	PMID:21738484	European-ancestry bipolar cases and controls genotyped in the GAIN and TGen stages combined (2011)
COHO:0001533	owl:NamedIndividual	Biological pathways of risk and resilience in Syrian refugee children	1600	At baseline, 77 ITSs were visited and N = 2282 families approached, n = 1600 (70.1%) of whom were eligible, consented to participate, and completed data collection.	PMID:35041012	families (child-caregiver dyads) consented and assessed at baseline (2017-2018)								
COHO:0001534	owl:NamedIndividual	Biological Determinants of Peritoneal Dialysis	3817	The Bio-PD study enrolled 3817 participants undergo- ing PD at 70 centers across Australia, Belgium, Can- ada, Hong Kong, Sweden, the United Kingdom, and the United States.	https://europepmc.org/api/getPdf?pmcid=PMC12807162	participants enrolled (prospectively, or with DNA procured from earlier PD studies)								
COHO:0001535	owl:NamedIndividual	A systems BIOlogy Study to TAilored Treatment in Chronic Heart Failure	4254	Patient selection For the current analysis the BIOSTAT-CHF index cohort (n =2516) and validation cohort (n =1738) were combined to achieve a larger set of patients (n =4254).	https://europepmc.org/api/getPdf?pmcid=PMC7319410	heart failure patients in the index (2516) and validation (1738) cohorts combined								
COHO:0001536	owl:NamedIndividual	Human genetic determinants of severe malaria in Malawi					1815	A total of 1,815 children (aged 2 months - 14 years) admitted to the national hospital in Blantyre, Malawi, were enrolled into an unmatched case-control study during 1994-2007.	https://www.malariagen.net/partner_study/human-genetic-determinants-severe-malaria-malawi/	children with severe malaria enrolled 1994-2007 (cases) and cord-blood controls 2006-2007	3777	A total of 1,815 children (aged 2 months - 14 years) admitted to the national hospital in Blantyre, Malawi, were enrolled into an unmatched case-control study during 1994-2007.	https://www.malariagen.net/partner_study/human-genetic-determinants-severe-malaria-malawi/	children with severe malaria enrolled 1994-2007 (cases) and cord-blood controls 2006-2007
COHO:0001537	owl:NamedIndividual	Begleitende Evaluierung innovativer Testverfahren zur Darmkrebsfrüherkennung	8000	Since the end of 2005, more than 8,000 participants were recruited for the BLITZ study, which is still ongoing.	https://pmc.ncbi.nlm.nih.gov/articles/PMC6035076/	participants recruited since the end of 2005 (a lower bound: 'more than 8,000'), 2018								
COHO:0001540	owl:NamedIndividual	Bavarian Ovarian Cancer Cases and Controls					684	BAV 17 Germany Bavarian Ovarian Cancer Cases and Controls 2002-2006 Hospital/Clinic-based Interview 57.31 (13.77) 629 (47.9) 684 (52.1)	https://europepmc.org/api/getPdf?pmcid=PMC10165492	controls and cases from BAV in the OCAC 2023 pooled analysis of lifetime ovulatory years (analysed subset)	629	BAV 17 Germany Bavarian Ovarian Cancer Cases and Controls 2002-2006 Hospital/Clinic-based Interview 57.31 (13.77) 629 (47.9) 684 (52.1)	https://europepmc.org/api/getPdf?pmcid=PMC10165492	controls and cases from BAV in the OCAC 2023 pooled analysis of lifetime ovulatory years (analysed subset)
COHO:0001541	owl:NamedIndividual	Belgian Ovarian Cancer Study					277	Belgian Ovarian Cancer Study BEL Belgium, University Hospital Leuven Hospital based/ Case-‐control 277 1352 99	https://media.springernature.com/original/springer-static/esm/art%3A10.1038%2Fng.2564/MediaObjects/41588_2013_BFng2564_MOESM8_ESM.pdf	cases and controls from BEL in the 2013 OCAC GWAS meta-analysis (analysed subset)	1352	Belgian Ovarian Cancer Study BEL Belgium, University Hospital Leuven Hospital based/ Case-‐control 277 1352 99	https://media.springernature.com/original/springer-static/esm/art%3A10.1038%2Fng.2564/MediaObjects/41588_2013_BFng2564_MOESM8_ESM.pdf	cases and controls from BEL in the 2013 OCAC GWAS meta-analysis (analysed subset)
COHO:0001542	owl:NamedIndividual	Bonn-Mannheim MDD study					586	Sample size of all PGC29 cohorts: boma (Ncas=586; Ncon=1,062)	https://media.springernature.com/original/springer-static/esm/art%3A10.1038%2Fs41588-018-0090-3/MediaObjects/41588_2018_90_MOESM1_ESM.pdf	MDD cases and controls in the PGC29 boma cohort (analysed subset), 2018	1062	Sample size of all PGC29 cohorts: boma (Ncas=586; Ncon=1,062)	https://media.springernature.com/original/springer-static/esm/art%3A10.1038%2Fs41588-018-0090-3/MediaObjects/41588_2018_90_MOESM1_ESM.pdf	MDD cases and controls in the PGC29 boma cohort (analysed subset), 2018
COHO:0001543	owl:NamedIndividual	BOMA-Bipolar Study					682	In the GWAS, we investigated 499,494 autosomal and 12,484 X-chromosomal SNPs in 682 patients with BD and in 1300 controls.	https://europepmc.org/api/getPdf?pmcid=PMC3059436	German bipolar cases and controls in the Bonn-Mannheim GWAS after quality control (2011)	1300	In the GWAS, we investigated 499,494 autosomal and 12,484 X-chromosomal SNPs in 682 patients with BD and in 1300 controls.	https://europepmc.org/api/getPdf?pmcid=PMC3059436	German bipolar cases and controls in the Bonn-Mannheim GWAS after quality control (2011)
COHO:0001544	owl:NamedIndividual	Genetic determinants of COVID-19 complications in the Brazilian population	5233	Here we present the results from the BRACOVID study 89 enrolling 5,233 participants with distinct COVID-19 clinical presentations and from a 90 diverse population in Brazil.	https://www.medrxiv.org/content/medrxiv/early/2021/10/07/2021.10.06.21264631.full.pdf	first participants enrolled and analysed (3533 hospitalised cases, 1700 non-hospitalised controls), 2021	3533	Here we present the results from the BRACOVID study 89 enrolling 5,233 participants with distinct COVID-19 clinical presentations and from a 90 diverse population in Brazil.	https://www.medrxiv.org/content/medrxiv/early/2021/10/07/2021.10.06.21264631.full.pdf	first participants enrolled and analysed (3533 hospitalised cases, 1700 non-hospitalised controls), 2021	1700	Here we present the results from the BRACOVID study 89 enrolling 5,233 participants with distinct COVID-19 clinical presentations and from a 90 diverse population in Brazil.	https://www.medrxiv.org/content/medrxiv/early/2021/10/07/2021.10.06.21264631.full.pdf	first participants enrolled and analysed (3533 hospitalised cases, 1700 non-hospitalised controls), 2021
COHO:0001545	owl:NamedIndividual	Biologics in Rheumatoid Arthritis Genetics and Genomics Study Syndicate	3584	Of 3584 participants starting TNFi, 3459 had IMD data to allow analysis.	https://www.ebi.ac.uk/europepmc/webservices/rest/PMC10907806/fullTextXML	BRAGGSS participants starting their first TNF inhibitor, data cut-off 30 November 2020 (a subset: other biologics excluded)								
COHO:0001546	owl:NamedIndividual	Bangladesh Risk of Acute Vascular Events Study					8133	In a case–control study involving 8133 first-onset MI cases and 8124 controls recruited in Bangladesh, we calculated odds ratios (ORs) for MI adjusted, for age, sex, smoking status, history of diabetes, history of hypertension, family history of MI, and LDL-cholesterol.	https://www.ebi.ac.uk/europepmc/webservices/rest/PMC11730263/fullTextXML	first-onset MI cases and controls recruited in Bangladesh (2024 risk-factor analysis)	8124	In a case–control study involving 8133 first-onset MI cases and 8124 controls recruited in Bangladesh, we calculated odds ratios (ORs) for MI adjusted, for age, sex, smoking status, history of diabetes, history of hypertension, family history of MI, and LDL-cholesterol.	https://www.ebi.ac.uk/europepmc/webservices/rest/PMC11730263/fullTextXML	first-onset MI cases and controls recruited in Bangladesh (2024 risk-factor analysis)
COHO:0001547	owl:NamedIndividual	Belgian case-control study on bladder cancer risk	586	Two-tailed p values < 0.05 were considered to reflect statistical significance.ResultsA total of 586 participants (200 cases and 386 controls) were included in the study.	https://www.ebi.ac.uk/europepmc/webservices/rest/PMC3042097/fullTextXML	bladder cancer cases and population controls in the study	200	Two-tailed p values < 0.05 were considered to reflect statistical significance.ResultsA total of 586 participants (200 cases and 386 controls) were included in the study.	https://www.ebi.ac.uk/europepmc/webservices/rest/PMC3042097/fullTextXML	bladder cancer cases and population controls in the study	386	Two-tailed p values < 0.05 were considered to reflect statistical significance.ResultsA total of 586 participants (200 cases and 386 controls) were included in the study.	https://www.ebi.ac.uk/europepmc/webservices/rest/PMC3042097/fullTextXML	bladder cancer cases and population controls in the study
COHO:0001548	owl:NamedIndividual	Breast Cancer Study of the University Clinic Heidelberg					848	BSUCH Breast Cancer Study of the University Clinic Heidelberg 13 Germany All cases diagnosed with breast cancer in 2007- 2009 at the University Women`s Clinic Heidelberg. Female blood donors recruited in 2007- 2009 at the Institute of Transfusion Medicine & Immunology, Mannheim. 848 954	https://media.springernature.com/original/springer-static/esm/art%3A10.1038%2Fng.2563/MediaObjects/41588_2013_BFng2563_MOESM7_ESM.pdf	cases and controls after quality control in the BCAC iCOGS genotyping (analysed subset), 2013	954	BSUCH Breast Cancer Study of the University Clinic Heidelberg 13 Germany All cases diagnosed with breast cancer in 2007- 2009 at the University Women`s Clinic Heidelberg. Female blood donors recruited in 2007- 2009 at the Institute of Transfusion Medicine & Immunology, Mannheim. 848 954	https://media.springernature.com/original/springer-static/esm/art%3A10.1038%2Fng.2563/MediaObjects/41588_2013_BFng2563_MOESM7_ESM.pdf	cases and controls after quality control in the BCAC iCOGS genotyping (analysed subset), 2013
COHO:0001550	owl:NamedIndividual	Brisbane Twin Nevus Study	3957	Among 3957 participants (158 per year), we saw an approximate halving of naevus counts over the 25-year period, and examined multiple explanations for this trend.	https://www.ebi.ac.uk/europepmc/webservices/rest/search?query=EXT_ID%3A40576277+AND+SRC%3AMED&format=json&resultType=core	12-year-old twins and nearest-age siblings examined 1992-2016								
COHO:0001551	owl:NamedIndividual	Bus Santé	20000	More than 20,000 Geneva residents have already participated in the Bus Santé study since it was launched in 1992.	https://www.specchio-hub.ch/en/studies/bus-sante	Geneva residents examined since 1992 (a lower bound: 'more than')								
COHO:0001552	owl:NamedIndividual	Camargo Cohort Study	2997	In the present study, 2997 serum samples from all the subjects included in the Camargo Cohort have been analyzed.	https://www.ebi.ac.uk/europepmc/webservices/rest/PMC11031476/fullTextXML	all subjects enrolled at baseline 2006-2011								
COHO:0001553	owl:NamedIndividual	Cantabria Osteoporosis Case-control	2321	CABRIO‐CC Cantabria Osteoporosis Case‐control Case‐control, cross‐sectional Clinic‐based plus volunteers Spain Santander Caucasian (Spanish) 2,321	https://static-content.springer.com/esm/art%3A10.1038%2Fng.2249/MediaObjects/41588_2012_BFng2249_MOESM26_ESM.pdf	participants with DNA and BMD and/or fracture data (GEFOS replication sample), 2012								
COHO:0001554	owl:NamedIndividual	Coronary Artery Disease and Genomics	5031	A GWA study using the Genome-Wide Human SNP 6.0 Array (Affymetrix, Santa Clara, USA) was conducted to discover SNPs associated with CAD in the CADomics study (Coronary Artery Disease and Genomics), a case-control study of CAD (2,078 CAD cases and 2,953 controls).	https://www.ncbi.nlm.nih.gov/research/bionlp/RESTful/pmcoa.cgi/BioC_xml/PMC3157552/unicode	CAD cases and population controls in the discovery GWAS (2011)	2078	A GWA study using the Genome-Wide Human SNP 6.0 Array (Affymetrix, Santa Clara, USA) was conducted to discover SNPs associated with CAD in the CADomics study (Coronary Artery Disease and Genomics), a case-control study of CAD (2,078 CAD cases and 2,953 controls).	https://www.ncbi.nlm.nih.gov/research/bionlp/RESTful/pmcoa.cgi/BioC_xml/PMC3157552/unicode	CAD cases and population controls in the discovery GWAS (2011)	2953	A GWA study using the Genome-Wide Human SNP 6.0 Array (Affymetrix, Santa Clara, USA) was conducted to discover SNPs associated with CAD in the CADomics study (Coronary Artery Disease and Genomics), a case-control study of CAD (2,078 CAD cases and 2,953 controls).	https://www.ncbi.nlm.nih.gov/research/bionlp/RESTful/pmcoa.cgi/BioC_xml/PMC3157552/unicode	CAD cases and population controls in the discovery GWAS (2011)
COHO:0001555	owl:NamedIndividual	Caerphilly Prospective Study	2512	The CaPS was set up to study the influence of CVD risk factors in the development of coronary heart disease (CHD) [12], and recruited an initial 2512 men, aged 45 to 59 years living in the town of Caerphilly and five adjacent villages, South Wales, UK (response rate 89%).	https://www.ebi.ac.uk/europepmc/webservices/rest/PMC5295119/fullTextXML	men aged 45-59 recruited at baseline (phase 1, 1979-1983)								
COHO:0001556	owl:NamedIndividual	Amagasaki Study	5745	The Amagasaki Study (CAGE-‐Amagasaki) is an ongoing population-‐based cohort study of 5,745 individuals (3,435 males and 2,310 females), aged >18 years and recruited for a baseline examination between September 2002 to August 2003	https://static-content.springer.com/esm/art%3A10.1038%2Fng.834/MediaObjects/41588_2011_BFng834_MOESM19_ESM.pdf	individuals recruited at baseline, September 2002 to August 2003								
COHO:0001557	owl:NamedIndividual	Kyushu University Fukuoka Cohort Study	12959	The Kyushu University Fukuoka Cohort Study is a community-based prospective epidemiologic cohort of 12,959 subjects, who participated in the baseline survey during the period from February 2004 to August 2007.	https://www.ncbi.nlm.nih.gov/research/bionlp/RESTful/pmcoa.cgi/BioC_xml/PMC4673465/unicode	participants in the baseline survey, February 2004 to August 2007								
COHO:0001559	owl:NamedIndividual	Calcium Intake Fracture Outcome Study	1460	The participants were 1460 women aged 75.1 ± 2.7 years at baseline (1998) recruited from the general population and randomized to receive 1200 mg of calcium carbonate daily or an identical placebo.	https://www.ebi.ac.uk/europepmc/webservices/rest/search?query=EXT_ID%3A20614474+AND+SRC%3AMED&format=json&resultType=core	women randomised to calcium or placebo in 1998								
COHO:0001560	owl:NamedIndividual	CALEX-family study	647	Calex‐family Calex‐family study Cohort Population‐based, fami Finland Jyväskylä and its surrondings North European 647	https://static-content.springer.com/esm/art%3A10.1038%2Fng.2249/MediaObjects/41588_2012_BFng2249_MOESM26_ESM.pdf	family members with DNA and BMD and/or fracture data (GEFOS replication sample), 2012								
COHO:0001561	owl:NamedIndividual	Cancer de Mama	2074	In the present case-control study, we examined the association between serum concentrations of thyroid hormones and BC in 2074 Mexican women who participated in the Cáncer de Mama (CAMA) study.	https://www.ebi.ac.uk/europepmc/webservices/rest/PMC6085630/fullTextXML	breast cancer cases and matched population controls recruited 2004-2007	1000	In the present case-control study, we examined the association between serum concentrations of thyroid hormones and BC in 2074 Mexican women who participated in the Cáncer de Mama (CAMA) study.	https://www.ebi.ac.uk/europepmc/webservices/rest/PMC6085630/fullTextXML	breast cancer cases and matched population controls recruited 2004-2007	1074	In the present case-control study, we examined the association between serum concentrations of thyroid hormones and BC in 2074 Mexican women who participated in the Cáncer de Mama (CAMA) study.	https://www.ebi.ac.uk/europepmc/webservices/rest/PMC6085630/fullTextXML	breast cancer cases and matched population controls recruited 2004-2007
COHO:0001562	owl:NamedIndividual	Chinese Academy of Medical Sciences Cancer Hospital Study					642	CAMSCH Mainland China 642 555 32 334	https://media.springernature.com/original/springer-static/esm/art%3A10.1038%2Fng.2456/MediaObjects/41588_2012_BFng2456_MOESM34_ESM.pdf	never-smoking female cases and controls in the 2012 FLCCA GWAS (analysed subset only)	334	CAMSCH Mainland China 642 555 32 334	https://media.springernature.com/original/springer-static/esm/art%3A10.1038%2Fng.2456/MediaObjects/41588_2012_BFng2456_MOESM34_ESM.pdf	never-smoking female cases and controls in the 2012 FLCCA GWAS (analysed subset only)
COHO:0001563	owl:NamedIndividual	Canadian screening study	730	Canada Canadian screening study UHN, BCCA Lam/Tsao/Liu Canada screening cohort 2004-2011, 2008-2013 267 463 730	https://media.springernature.com/original/springer-static/esm/art%3A10.1038%2Fng.3892/MediaObjects/41588_2017_BFng3892_MOESM1_ESM.pdf	nested lung cancer cases and controls in the OncoArray lung cancer study (2017)	267	Canada Canadian screening study UHN, BCCA Lam/Tsao/Liu Canada screening cohort 2004-2011, 2008-2013 267 463 730	https://media.springernature.com/original/springer-static/esm/art%3A10.1038%2Fng.3892/MediaObjects/41588_2017_BFng3892_MOESM1_ESM.pdf	nested lung cancer cases and controls in the OncoArray lung cancer study (2017)	463	Canada Canadian screening study UHN, BCCA Lam/Tsao/Liu Canada screening cohort 2004-2011, 2008-2013 267 463 730	https://media.springernature.com/original/springer-static/esm/art%3A10.1038%2Fng.3892/MediaObjects/41588_2017_BFng3892_MOESM1_ESM.pdf	nested lung cancer cases and controls in the OncoArray lung cancer study (2017)
COHO:0001564	owl:NamedIndividual	Prostate Cancer Genetics Study	1012	To investigate this, the authors undertook a case-control study (n = 1,012) of the association between NSAIDs and more advanced prostate cancer in Ohio men recruited between 2001 and 2004 and evaluated whether this association was modified by a functional polymorphism in the lymphotoxin alpha (LTA) gene (LTA C+80A, where the CC genotype results in higher LTA production).	https://www.ebi.ac.uk/europepmc/webservices/rest/search?query=EXT_ID%3A16931544+AND+SRC%3AMED&format=json&resultType=core	cases and controls in the 2001-2004 Cleveland case-control study								
COHO:0001565	owl:NamedIndividual	Canadian Asthma Primary Prevention Study	545	A total of 545 high-risk infants (at least 1 first-degree relative with asthma or 2 first-degree relatives with other IgE-mediated allergic diseases) identified before birth.	https://www.ebi.ac.uk/europepmc/webservices/rest/search?query=EXT_ID%3A10891016+AND+SRC%3AMED&format=json&resultType=core	high-risk infants identified before birth and randomised								
COHO:0001566	owl:NamedIndividual	Carotid Atherosclerosis Progression Study	6962	In the Carotid Atherosclerosis Progression Study (CAPS), members of a German primary healthcare scheme were invited of whom 6,962 participants (attendance rate 21%) agreed to take part.	https://www.ncbi.nlm.nih.gov/research/bionlp/RESTful/pmcoa.cgi/BioC_xml/PMC4254855/unicode	members of a primary health-care scheme who agreed to take part at baseline								
COHO:0001567	owl:NamedIndividual	Cáncer de Pulmón en Asturias					877	All 877 cases and 840 controls were Caucasian.	https://www.ebi.ac.uk/europepmc/webservices/rest/PMC5560148/fullTextXML	incident lung cancer cases and hospital controls recruited October 2000 to December 2010	840	All 877 cases and 840 controls were Caucasian.	https://www.ebi.ac.uk/europepmc/webservices/rest/PMC5560148/fullTextXML	incident lung cancer cases and hospital controls recruited October 2000 to December 2010
COHO:0001568	owl:NamedIndividual	Collaborative Atorvastatin Diabetes Study	2838	2838 patients aged 40-75 years in 132 centres in the UK and Ireland were randomised to placebo (n=1410) or atorvastatin 10 mg daily (n=1428).	https://www.ebi.ac.uk/europepmc/webservices/rest/search?query=EXT_ID%3A15325833+AND+SRC%3AMED&format=json&resultType=core	patients randomised to atorvastatin or placebo, 1997-2001								
COHO:0001569	owl:NamedIndividual	Cholesterol and Recurrent Events	4159	In a double-blind trial lasting five years we administered either 40 mg of pravastatin per day or placebo to 4159 patients (3583 men and 576 women) with myocardial infarction who had plasma total cholesterol levels below 240 mg per deciliter (mean, 209) and low-density lipoprotein (LDL) cholesterol levels of 115 to 174 mg per deciliter (mean, 139).	PMID:8801446	patients randomised (3583 men, 576 women)								
COHO:0001571	owl:NamedIndividual	Carotene and Retinol Efficacy Trial	18314	The Beta-Carotene and Retinol Efficacy Trial (CARET) tested the effect of daily beta-carotene (30 mg) and retinyl palmitate (25,000 IU) on the incidence of lung cancer, other cancers, and death in 18,314 participants who were at high risk for lung cancer because of a history of smoking or asbestos exposure.	PMID:15572756	participants randomised (smokers, former smokers and asbestos-exposed workers)								
COHO:0001572	owl:NamedIndividual	Clinical Antipsychotic Trials of Intervention Effectiveness	1493	A total of 1493 patients with schizophrenia were recruited at 57 U.S. sites and randomly assigned to receive olanzapine (7.5 to 30 mg per day), perphenazine (8 to 32 mg per day), quetiapine (200 to 800 mg per day), or risperidone (1.5 to 6.0 mg per day) for up to 18 months.	PMID:16172203	patients with schizophrenia randomised in phase 1								
COHO:0001573	owl:NamedIndividual	Comorbidity and Trauma Study					1459	A total of 1459 Australian cases ascertained from opioid replacement therapy clinics, 531 neighborhood controls ascertained from economically disadvantaged areas near opioid replacement therapy clinics, and 1495 unrelated Australian Twin Registry controls not dependent on alcohol or illicit drugs selected from a twin and family sample.	PMID:23303482	heroin-dependent cases and neighbourhood controls in the candidate-gene study	531	A total of 1459 Australian cases ascertained from opioid replacement therapy clinics, 531 neighborhood controls ascertained from economically disadvantaged areas near opioid replacement therapy clinics, and 1495 unrelated Australian Twin Registry controls not dependent on alcohol or illicit drugs selected from a twin and family sample.	PMID:23303482	heroin-dependent cases and neighbourhood controls in the candidate-gene study
COHO:0001574	owl:NamedIndividual	Croatian Colorectal Cancer Genetic Study					764	Finally, a case–control CRC study from Croatia consisting of 764 cases and 460 population-based controls was also included in the analysis.	PMID:30103784	colorectal cancer cases and population controls genotyped genome-wide (analysed set), 2018	460	Finally, a case–control CRC study from Croatia consisting of 764 cases and 460 population-based controls was also included in the analysis.	PMID:30103784	colorectal cancer cases and population controls genotyped genome-wide (analysed set), 2018
COHO:0001575	owl:NamedIndividual	Cambridgeshire Case-Control Study					517	The Cambridgeshire Case-Control Population (Poulton et al. 2002; Halsall et al. 2003) consists of a collection of 517 Type 2 diabetics and 517 matched controls.	PMID:14551916	type 2 diabetes cases and matched controls in the collection	517	The Cambridgeshire Case-Control Population (Poulton et al. 2002; Halsall et al. 2003) consists of a collection of 517 Type 2 diabetics and 517 matched controls.	PMID:14551916	type 2 diabetes cases and matched controls in the collection
COHO:0001576	owl:NamedIndividual	Cleveland Clinic GeneBank Study	9880	The present analysis included a total of 9,880 GeneBank participants in the score derivation using the XGBoost algorithm, 8,987 of which had DASI score calculated.	PMID:39603580	GeneBank participants included in the example analysis								
COHO:0001577	owl:NamedIndividual	Cleveland Clinic FMD Biorepository	412	The processed DNA samples were batched and transferred to the University of Michigan for GWAS analysis.Between 2010 and 2015, adult subjects with mFMD (Nunrelated = 412) were enrolled with IRB approval in the Cleveland Clinic FMD Biorepository.	https://www.ebi.ac.uk/europepmc/webservices/rest/PMC7474092/fullTextXML	unrelated adults with multifocal FMD enrolled 2010-2015								
COHO:0001578	owl:NamedIndividual	Crete Cancer Genetics Program					728	CCGP Crete Cancer Genetics Program Hospital-based case-control study Greece 366 728 332 681 0 0	https://media.springernature.com/original/springer-static/esm/art%3A10.1038%2Fnature24284/MediaObjects/41586_2017_BFnature24284_MOESM1_ESM.pdf	samples received for OncoArray genotyping (cases and controls), 2017	366	CCGP Crete Cancer Genetics Program Hospital-based case-control study Greece 366 728 332 681 0 0	https://media.springernature.com/original/springer-static/esm/art%3A10.1038%2Fnature24284/MediaObjects/41586_2017_BFnature24284_MOESM1_ESM.pdf	samples received for OncoArray genotyping (cases and controls), 2017
COHO:0001580	owl:NamedIndividual	Cross Cancer Institute Prostate Brachytherapy Cohort	296	Genomic DNA from 296 men treated with (125)I prostate brachytherapy monotherapy was extracted from saliva samples for this study.	PMID:24656733	men treated with 125I brachytherapy monotherapy who gave saliva DNA								
COHO:0001581	owl:NamedIndividual	Connecticut Endometrial Cancer Study					668	The study enrolled 668 incident cases and 674 population controls.	PMID:21387312	incident endometrial cancer cases and population controls enrolled (2004-2009)	674	The study enrolled 668 incident cases and 674 population controls.	PMID:21387312	incident endometrial cancer cases and population controls enrolled (2004-2009)
COHO:0001582	owl:NamedIndividual	Besta Cerebrovascular Diseases Registry	372	Milano 372 25 74 65 407 European Cross-sectional Illumina 610/660	https://pmc.ncbi.nlm.nih.gov/articles/PMC3490334/	ischaemic stroke cases genotyped for METASTROKE (analysed subset), 2012								
COHO:0001583	owl:NamedIndividual	Central and Eastern European Renal Cell Carcinoma Study					1097	In a case-control study of kidney cancer in four central European countries, with 1097 incident cases and 1476 controls, we found an increased risk for self-reported hypertension and for obesity.	PMID:19034282	incident renal cell carcinoma cases and hospital controls (1999-2003)	1476	In a case-control study of kidney cancer in four central European countries, with 1097 incident cases and 1476 controls, we found an increased risk for self-reported hypertension and for obesity.	PMID:19034282	incident renal cell carcinoma cases and hospital controls (1999-2003)
COHO:0001584	owl:NamedIndividual	CEFALO					352	We conducted interviews, in person, with 352 case patients (participation rate: 83%) and 646 control subjects (participation rate: 71%) and their parents.	PMID:21795665	cases and controls interviewed (2004-2008)	646	We conducted interviews, in person, with 352 case patients (participation rate: 83%) and 646 control subjects (participation rate: 71%) and their parents.	PMID:21795665	cases and controls interviewed (2004-2008)
COHO:0001585	owl:NamedIndividual	Color Genomics	11502	The clinical cohort included DNA samples from 11,502 individuals whose healthcare provider had ordered a Color multi-gene panel test (Fig. 1b).	https://www.ebi.ac.uk/europepmc/webservices/rest/PMC6880438/fullTextXML	clinical cohort sequenced by low-coverage WGS (analysed subset)								
COHO:0001586	owl:NamedIndividual	Candidate Gene Association Resource	41000	A database of genotype and phenotype data was created that includes records for approximately 41,000 study participants with approximately 50,000 SNPs from more than 2,000 selected candidate genes.	https://www.ncbi.nlm.nih.gov/projects/gap/cgi-bin/study.cgi?study_id=phs000283.v6.p3	participants of the nine cohorts in the CARe genotype-phenotype database (approximate)								
COHO:0001587	owl:NamedIndividual	Copenhagen General Population Study	160000	The Copenhagen General Population Study Adults (≥20 years) from the Copenhagen area enrolled since 2003 (~160,000)	https://pmc.ncbi.nlm.nih.gov/articles/PMC9960719/	adults enrolled since 2003 (approximate, enrolment ongoing), 2023								
COHO:0001588	owl:NamedIndividual	China Multi-Center Collaborative Study of Cardiovascular Epidemiology 1998	11480	The China MUCA (1992–1994) and the China MUCA (1998) selected 14,392 (9 clusters) and 11,480 participants (11 clusters) aged 35–59 years using cluster random sampling method in 1992–1994 and 1998, respectively.	PMID:34327424	participants aged 35-59 selected by cluster sampling in 1998 (11 clusters)								
COHO:0001589	owl:NamedIndividual	Chingford 1000 Women Study	1003	All 1353 women in that age range were invited to participate, of which 1003 were included.	PMID:38637130	women included at baseline (1989)								
COHO:0001590	owl:NamedIndividual	Chinese Prostate Cancer Genetic and Environmental Correlation Study					495	We genotyped 495 prostate cancer cases and 640 age matched non-cancer male controls (Supplementary Table S1) using the iCOGS SNP array [8].	PMID:26881390	cases and controls genotyped on the iCOGS array (analysed subset)	640	We genotyped 495 prostate cancer cases and 640 age matched non-cancer male controls (Supplementary Table S1) using the iCOGS SNP array [8].	PMID:26881390	cases and controls genotyped on the iCOGS array (analysed subset)
COHO:0001591	owl:NamedIndividual	ChooseWell 365	602	Among 602 employees enrolled (mean [SD] age, 43.6 [12.2] years; 478 [79.4%] women), 299 were randomized to the intervention group and 303 were randomized to the control group.	PMID:34097048	employees enrolled and randomised (2016-2018)								
COHO:0001592	owl:NamedIndividual	Children's Health Study	12000	More than 12,000 school children living in southern California are involved in this ongoing study.	https://healthstudy.usc.edu/	school children enrolled across all recruitment waves since 1993 (lower bound)								
COHO:0001593	owl:NamedIndividual	Copenhagen Ischemic Heart Disease Study	10540	The numbers of IHD patients were 3,780 of 54,613 participants in the CGPS (79% prevalent and 21% incident), 2,006 of 10,474 participants in the CCHS (22% prevalent and 78% incident), and 5,270 of 10,540 participants in the CIHDS (100% prevalent).	PMID:22563304	IHD patients referred 1991-2009 plus controls from the CGPS	5270	The numbers of IHD patients were 3,780 of 54,613 participants in the CGPS (79% prevalent and 21% incident), 2,006 of 10,474 participants in the CCHS (22% prevalent and 78% incident), and 5,270 of 10,540 participants in the CIHDS (100% prevalent).	PMID:22563304	IHD patients referred 1991-2009 plus controls from the CGPS	5270	The numbers of IHD patients were 3,780 of 54,613 participants in the CGPS (79% prevalent and 21% incident), 2,006 of 10,474 participants in the CCHS (22% prevalent and 78% incident), and 5,270 of 10,540 participants in the CIHDS (100% prevalent).	PMID:22563304	IHD patients referred 1991-2009 plus controls from the CGPS
COHO:0001594	owl:NamedIndividual	Community Intervention of Metabolic Syndrome in China and Chinese Family Health Study	86428	The CIMIC is a large community-based study, which recruited 86,428 participants aged ≥18 years by a 3-stage cluster random sampling method in 2007–2008.	PMID:34327424	adults aged 18 or over recruited at baseline (2007-2008)								
COHO:0001595	owl:NamedIndividual	Mayo Clinic Center for the Individualized Treatment of Alcoholism Study	442	Previously, the Mayo Clinic Center for the Individualized Treatment of Alcoholism Study (ClinicalTrials.gov Identifier: NCT00662571) recruited 442 participants with AUD [11,12].	PMID:35752286	participants with alcohol use disorder recruited (2008-2013)								
COHO:0001596	owl:NamedIndividual	ChiLdhood Arthritis Risk factor Identification sTudY					558	Lastly, CLARITY29 consisted of 558 cases and 704 controls collected from the Royal Children’s Hospital and Monash Medical Centre in Melbourne.	PMID:32887683	JIA cases and controls collected (genotyping set of the 2020 GRS study)	704	Lastly, CLARITY29 consisted of 558 cases and 704 controls collected from the Royal Children’s Hospital and Monash Medical Centre in Melbourne.	PMID:32887683	JIA cases and controls collected (genotyping set of the 2020 GRS study)
COHO:0001597	owl:NamedIndividual	California Men's Health Study	84170	We recruited 84,170 participants, approximately 40% from minority populations and over 5,000 who identified themselves as other than heterosexual.	PMID:16813653	men recruited 2002-2003								
COHO:0001598	owl:NamedIndividual	Spanish National Cancer Centre Breast Cancer Study					902	Spanish National Cancer Centre Breast Cancer Study (CNIO-BCS) Spain 876 902 242 88	PMID:24548884	cases and controls in the BCAC COGS analysis (analysed subset), 2014	876	Spanish National Cancer Centre Breast Cancer Study (CNIO-BCS) Spain 876 902 242 88	PMID:24548884	cases and controls in the BCAC COGS analysis (analysed subset), 2014
COHO:0001599	owl:NamedIndividual	Nutrition, Metabolism and Atherosclerosis Clinic cohort	725	Among the 20,434 subjects attending the lipid clinic, we identified and included 725 individuals who carried an FH causing mutation in this retrospective cohort study.	PMID:28456682	FH mutation carriers identified among 20,434 lipid clinic patients (2017)								
COHO:0001600	owl:NamedIndividual	Chonnam National University Lung Cancer Study					3938	The study population consisted of 3938 patients with newly diagnosed lung cancer and 1700 population-based controls.	PMID:21342495	lung cancer patients diagnosed 2000-2010 and population-based controls	1700	The study population consisted of 3938 patients with newly diagnosed lung cancer and 1700 population-based controls.	PMID:21342495	lung cancer patients diagnosed 2000-2010 and population-based controls
COHO:0001601	owl:NamedIndividual	An Epidemiological Study of Periodontal Disease and Diabetes: Cytokine Genes and Inflammation Factors	235	A total of 235 subjects were examined; 173 (73.62%) were female and 62 (26.38%) male.	PMID:19563285	Gullah African Americans with type 2 diabetes examined (2004-2006)								
COHO:0001602	owl:NamedIndividual	Copenhagen Cardiovascular Genetic study	80000	The Copenhagen Cardiovascular Genetic study (COGEN) is comprised of approximately 80,000 patients admitted to six cardiology departments in the capital region of Copenhagen, Denmark, from 2010–2017.	PMID:34143812	patients with samples in the biobank (admissions 2010-2017), approximate								
COHO:0001603	owl:NamedIndividual	Colorectal Cancer Genetic Susceptibility Study					1012	The Scotland1 GWAS consisted of genotyping 1,012 early-onset Scottish CRC cases and 1,012 controls using the Illumina HumanHap300 and HumanHap240S arrays (COGS Study).	PMID:22634755	early-onset cases and controls genotyped for the Scotland1 GWAS (analysed subset)	1012	The Scotland1 GWAS consisted of genotyping 1,012 early-onset Scottish CRC cases and 1,012 controls using the Illumina HumanHap300 and HumanHap240S arrays (COGS Study).	PMID:22634755	early-onset cases and controls genotyped for the Scotland1 GWAS (analysed subset)
COHO:0001604	owl:NamedIndividual	ColoCare Study	2000	As of April 2018, we have recruited >2,000 patients across all sites.	PMID:30523039	patients recruited across all sites by April 2018 (lower bound)								
COHO:0001605	owl:NamedIndividual	Colorectal cancer: Longitudinal, Observational study on Nutritional and lifestyle factors that influence colorectal tumour recurrence, survival and quality of life	2107	The COLON study is a prospective cohort study among 2107 adults newly diagnosed with stage I-IV CRC, recruited between 2010 and 2020 via 11 hospitals throughout the Netherlands.	PMID:41212533	adults newly diagnosed with stage I-IV CRC recruited 2010-2020								
COHO:0001606	owl:NamedIndividual	Post-Columbian Study of Environmental and Heritable Causes of Breast Cancer					955	In the COLUMBUS-Colombia study, we included 955 breast cancer cases diagnosed from 2011 to 2017, ages 21 to 88 years, and 1,053 controls who did not have first-degree relatives with breast cancer and matched controls with cases by recruiting hospital, education level, socioeconomic status, and local origin data.	PMID:39625644	Colombian arm only: cases diagnosed 2011-2017 and controls in the 2024 PRS analysis	1053	In the COLUMBUS-Colombia study, we included 955 breast cancer cases diagnosed from 2011 to 2017, ages 21 to 88 years, and 1,053 controls who did not have first-degree relatives with breast cancer and matched controls with cases by recruiting hospital, education level, socioeconomic status, and local origin data.	PMID:39625644	Colombian arm only: cases diagnosed 2011-2017 and controls in the 2024 PRS analysis
COHO:0001607	owl:NamedIndividual	Consortium for the Investigation of Renal Malignancies					1424	Of the 3113 individuals diagnosed with RCC who were invited to participate in CONFIRM, 1424 provided consent.	PMID:39272843	registry-identified RCC cases (diagnosed 2009-2015) who consented; controls not counted				
COHO:0001608	owl:NamedIndividual	Danish National Patient Register	8085603	During this period, 8,085,603 distinct persons were registered in the DNPR at least once.	PMID:26604824	distinct persons registered at least once, 1977-2012								
COHO:0001609	owl:NamedIndividual	Duke Neurogenetics Study	1332	The present analyses focus on a substantially smaller subsample of the full DNS sample (N = 1332) because the measure of caregiving was added to the DNS protocol during the final year of data collection.	PMID:31629936	university students in the full DNS sample								
COHO:0001610	owl:NamedIndividual	Dubbo Osteoporosis Epidemiology Study	4000	Approximately 4,000 men and women aged 60 years and older have been recruited and followed up for almost 30 years.	PMID:38485241	men and women aged 60+ recruited 1989-2020 (approximate)								
COHO:0001611	owl:NamedIndividual	Danish Osteoporosis Prevention Study	2016	Between 1990 and 1993, 2016 women were enrolled in a prospectively followed cohort.	PMID:23048011	women enrolled 1990-1993 (randomised and non-randomised arms)								
COHO:0001612	owl:NamedIndividual	Diseases of the Ovary and their Evaluation Study					1502	Of the 2,025 eligible cases, 1,502 (74.2%) were interviewed and 1,108 had invasive disease and 394 had borderline tumors.	https://pmc.ncbi.nlm.nih.gov/articles/PMC3499637/	interviewed cases and controls, 2002-2009	1849	Of the 2,025 eligible cases, 1,502 (74.2%) were interviewed and 1,108 had invasive disease and 394 had borderline tumors.	https://pmc.ncbi.nlm.nih.gov/articles/PMC3499637/	interviewed cases and controls, 2002-2009
COHO:0001614	owl:NamedIndividual	Danish Pelvic Mass Study	1218	Serum from 1218 patients in the prospective ongoing pelvic mass study was collected prior to diagnosis.	PMID:22835718	patients with preoperative serum in the ongoing study (as of about 2012)								
COHO:0001615	owl:NamedIndividual	Assessment of Risk for Colorectal Tumors in Canada					1257	Briefly, the ARCTIC study involved 1,257 CRC cases and 1,336 matched community controls from the Ontario Familial Colorectal Cancer Registry.	PMID:20437058	colorectal cancer cases and matched controls from the Ontario Familial Colorectal Cancer Registry	1336	Briefly, the ARCTIC study involved 1,257 CRC cases and 1,336 matched community controls from the Ontario Familial Colorectal Cancer Registry.	PMID:20437058	colorectal cancer cases and matched controls from the Ontario Familial Colorectal Cancer Registry
COHO:0001616	owl:NamedIndividual	Breast Cancer Collaborative Registry	4945	"""enrollmentInfo"":{""count"":4945,""type"":""ACTUAL""}"	https://clinicaltrials.gov/api/v2/studies/NCT00666731?fields=EnrollmentInfo,BriefTitle	participants enrolled under the BCCR protocol NCT00666731, 2006-2016 (actual enrolment)								
COHO:0001617	owl:NamedIndividual	Bipolar Disorder Research Network	4219	Replication analyses of hospital admissions were conducted with data from the Bipolar Disorder Research Network cohort (N=4,219).	PMID:38859703	BDRN participants in a replication analysis (genotyped cohort with hospital-admission data)								
COHO:0001619	owl:NamedIndividual	International Consortium on Lithium Genetics	2563	Here we report the results of a genome-wide association study of lithium response in 2,563 patients collected by 22 participating sites from the International Consortium on Lithium Genetics (ConLiGen); the largest attempted so far.	PMID:26806518	lithium-treated bipolar patients from 22 sites in the 2016 GWAS of lithium response								
COHO:0001620	owl:NamedIndividual	Cohort of Norway	173236	Thus, the total number of individuals in the CONOR cohort is 173 236.	PMID:17984119	individuals who took part in the ten CONOR surveys 1994-2003								
COHO:0001621	owl:NamedIndividual	CONsorzio Studi ITaliani sui Tumori Ereditari Alla Mammella	1482	CONSIT TEAM Italy 324 122 408 127 171 17 277 36 1180 302 1482	https://media.springernature.com/original/springer-static/esm/art%3A10.1038%2Fs41525-025-00529-w/MediaObjects/41525_2025_529_MOESM1_ESM.pdf	BRCA1 and BRCA2 carriers genotyped (iCOGS and OncoArray) and contributed to CIMBA, as used in a 2025 ovarian cancer analysis								
COHO:0001622	owl:NamedIndividual	COPD Pathology: Addressing Critical gaps, Early Treatment & diagnosis and Innovative Concepts	3784	After closure, the pulmonary function databases of the UMCU / UMCG were merged into one single pulmonary function database, which contains 6136 pulmonary function records and obtained in 3784 subjects.	https://cordis.europa.eu/project/id/201379/reporting	NELSON participants in the COPACETIC discovery pulmonary function database (UMC Utrecht and Groningen), 2011								
COHO:0001623	owl:NamedIndividual	Copenhagen Breast Cancer Study	463	CBCS Denmark 106 26 152 29 21 2 118 9 397 66 463	https://media.springernature.com/original/springer-static/esm/art%3A10.1038%2Fs41525-025-00529-w/MediaObjects/41525_2025_529_MOESM1_ESM.pdf	BRCA1 and BRCA2 carriers genotyped (iCOGS and OncoArray) and contributed to CIMBA, as used in a 2025 ovarian cancer analysis								
COHO:0001624	owl:NamedIndividual	Copenhagen Lung Cancer Study	2117	Copenhagen Copenhagen lung cancer study Copenhagen S. E. Bojesen Denmark Hosp.CC 2004 (controls) 2012-2013 (cases) 657 1460 2117 22441734	https://media.springernature.com/original/springer-static/esm/art%3A10.1038%2Fng.3892/MediaObjects/41588_2017_BFng3892_MOESM1_ESM.pdf	cases and controls submitted for OncoArray genotyping (2013)	657	Copenhagen Copenhagen lung cancer study Copenhagen S. E. Bojesen Denmark Hosp.CC 2004 (controls) 2012-2013 (cases) 657 1460 2117 22441734	https://media.springernature.com/original/springer-static/esm/art%3A10.1038%2Fng.3892/MediaObjects/41588_2017_BFng3892_MOESM1_ESM.pdf	cases and controls submitted for OncoArray genotyping (2013)	1460	Copenhagen Copenhagen lung cancer study Copenhagen S. E. Bojesen Denmark Hosp.CC 2004 (controls) 2012-2013 (cases) 657 1460 2117 22441734	https://media.springernature.com/original/springer-static/esm/art%3A10.1038%2Fng.3892/MediaObjects/41588_2017_BFng3892_MOESM1_ESM.pdf	cases and controls submitted for OncoArray genotyping (2013)
COHO:0001625	owl:NamedIndividual	Corea (Genetics of COVID-related Manifestation)					108		https://media.springernature.com/original/springer-static/esm/art%3A10.1038%2Fs41586-021-03767-x/MediaObjects/41586_2021_3767_MOESM6_ESM.xlsx	COVID-19 cases (reported infection) and controls contributed to the HGI release 5 meta-analyses	6500		https://media.springernature.com/original/springer-static/esm/art%3A10.1038%2Fs41586-021-03767-x/MediaObjects/41586_2021_3767_MOESM6_ESM.xlsx	COVID-19 cases (reported infection) and controls contributed to the HGI release 5 meta-analyses
COHO:0001626	owl:NamedIndividual	COloRectal tumour Gene Identification study					1476	CORGI cases comprised 1,476 individuals from the COloRectal tumour Gene Identification study 30.	PMID:23263490	CORGI cases (colorectal cancer or adenomas) and spouse/partner controls used in a 2013 study	1666	CORGI cases comprised 1,476 individuals from the COloRectal tumour Gene Identification study 30.	PMID:23263490	CORGI cases (colorectal cancer or adenomas) and spouse/partner controls used in a 2013 study
COHO:0001629	owl:NamedIndividual	Center for Prostate Disease Research Multicenter National Database	30000	30K military patients with prostate cancer integrating 5 DoD and 1 civilian medical centers in Multi-Center National Database	https://medschool.usuhs.edu/sur/research/center-for-prostate-disease-research	military patients with prostate cancer in the database (rounded, as the website states it)								
COHO:0001630	owl:NamedIndividual	California Pacific Medical Center Research Institute Cohort	19276	Samples were obtained from 19,276 women.	PMID:27565998	women who gave blood samples 2004-2011								
COHO:0001631	owl:NamedIndividual	Canadian Pharmacogenomics Network for Drug Safety					9800	As of June 2018, 9,800 ADR cases and 88,500 matched controls have been enrolled from across 13 pediatric academic health centres in Canada	https://www.bcchr.ca/POPi/research-capabilities	ADR cases and matched controls enrolled, as of June 2018 (no total stated)	88500	As of June 2018, 9,800 ADR cases and 88,500 matched controls have been enrolled from across 13 pediatric academic health centres in Canada	https://www.bcchr.ca/POPi/research-capabilities	ADR cases and matched controls enrolled, as of June 2018 (no total stated)
COHO:0001632	owl:NamedIndividual	Hong Kong Cardiovascular Risk Factor Prevalence Study	2895	Briefly, in 1995–1996 (CRISPS-1), 2895 Hong Kong Chinese, aged 25–74, were randomly recruited from the general population of Hong Kong to undergo a comprehensive assessment.	PMID:36335348	adults recruited at baseline (CRISPS-1), 1995-1996								
COHO:0001637	owl:NamedIndividual	Chinese University of Hong Kong Diabetes Study	3061	CUHK CUHKDS Chinese 1477 1584 3061 Case-control	https://media.springernature.com/original/springer-static/esm/art%3A10.1038%2Fng.1019/MediaObjects/41588_2012_BFng1019_MOESM23_ESM.pdf	T2D cases and controls in the AGEN-T2D stage 3 replication	1477	CUHK CUHKDS Chinese 1477 1584 3061 Case-control	https://media.springernature.com/original/springer-static/esm/art%3A10.1038%2Fng.1019/MediaObjects/41588_2012_BFng1019_MOESM23_ESM.pdf	T2D cases and controls in the AGEN-T2D stage 3 replication	1584	CUHK CUHKDS Chinese 1477 1584 3061 Case-control	https://media.springernature.com/original/springer-static/esm/art%3A10.1038%2Fng.1019/MediaObjects/41588_2012_BFng1019_MOESM23_ESM.pdf	T2D cases and controls in the AGEN-T2D stage 3 replication
COHO:0001638	owl:NamedIndividual	Chennai Urban Rural Epidemiology Study	26001	In the baseline survey carried out between 2001 and 2003, all 26001 individuals were screened for diabetes.	PMID:29985959	adults screened for diabetes in the baseline survey, 2001-2003								
COHO:0001639	owl:NamedIndividual	China Pulmonary Thromboembolism Registry Study	14937	Up to 31 December 2019, the CURES has enrolled 14,937 eligible patients and collected 1500 blood samples of patients from 100 medical centers in the China PE-DVT network.	PMID:32522676	eligible patients enrolled, 2009 to 31 December 2019								
COHO:0001640	owl:NamedIndividual	CVPath Institute Sudden Cardiac Death registry	5262	Between January 1995 and December 2015, CVPath Institute was referred 5262 hearts from cases of unexpected sudden death from the Office of the Chief Medical Examiner of the State of Maryland (OCME-MD).	https://pmc.ncbi.nlm.nih.gov/articles/PMC8173469/	hearts of sudden-death cases referred January 1995 to December 2015								
COHO:0001641	owl:NamedIndividual	Cleveland Clinic Foundation/Veteran Affairs Medical Center Cohort					1037	We studied 1037 individuals with AMD subcategorized using AREDS criteria and 370 control subjects without retinal disease.	PMID:20042177	AMD cases and controls studied in 2010 (no total stated)	370	We studied 1037 individuals with AMD subcategorized using AREDS criteria and 370 control subjects without retinal disease.	PMID:20042177	AMD cases and controls studied in 2010 (no total stated)
COHO:0001643	owl:NamedIndividual	Dutch Asthma GWAS					915	The Dutch Asthma GWAS (DAG) cohort consists of in total 915 asthma cases and 986 controls	https://media.springernature.com/original/springer-static/esm/art%3A10.1038%2Fs41588-017-0014-7/MediaObjects/41588_2017_14_MOESM1_ESM.pdf	asthma cases and controls of the two genotyping phases (no total stated)	986	The Dutch Asthma GWAS (DAG) cohort consists of in total 915 asthma cases and 986 controls	https://media.springernature.com/original/springer-static/esm/art%3A10.1038%2Fs41588-017-0014-7/MediaObjects/41588_2017_14_MOESM1_ESM.pdf	asthma cases and controls of the two genotyping phases (no total stated)
COHO:0001655	owl:NamedIndividual	Deterioration of Kidney Allograft Function Genomics	3402	3,402 kidney or simultaneous kidney-pancreas transplant (SPK) recipients in 5 U.S. and 2 Canadian transplant centers were consented and enrolled at the time of transplantation in the DeKAF Genomics, a prospective observational, study between 2006 and 2011.	https://pmc.ncbi.nlm.nih.gov/articles/PMC3787982/	kidney or SPK transplant recipients enrolled 2006-2011								
COHO:0001663	owl:NamedIndividual	Gastrointestinal Cancer Clinic of Dana-Farber Cancer Institute Study	360	Gastrointestinal Cancer Clinic of Dana-Farber Cancer Institute Study (DFCI-GCC) 360 USA Pathologically- confirmed cases sequentially identified from an outpatient gastrointestinal cancer clinic	https://media.springernature.com/original/springer-static/esm/art%3A10.1038%2Fng.3052/MediaObjects/41588_2014_BFng3052_MOESM19_ESM.pdf	pancreatic cancer cases in the PanScan III stage 1 analysis (analysed subset)								
COHO:0001664	owl:NamedIndividual	Dongfeng-Tongji cohort study	41129	During the first follow-up in 2013, 14,120 retired workers were newly recruited, consequently, there was a total number of 41,129 participants with baseline information.	PMID:37960242	retirees with baseline information (2008-2010 baseline plus 2013 new recruits)								
COHO:0001665	owl:NamedIndividual	Danish HIV Cohort Study	4025	The study population included all 4,025 patients from The Danish HIV Cohort Study seen during the period 1995-2004.	PMID:16964827	all cohort patients seen 1995-2004								
COHO:0001667	owl:NamedIndividual	DietCompLyf Breast Cancer Survival Study	3159	3159 women with grades I-III breast cancer were recruited 9-15 months post-diagnosis from 56 UK hospitals.	PMID:23664318	women with breast cancer recruited from 56 UK hospitals								
COHO:0001668	owl:NamedIndividual	Drug-Induced Liver Injury Network Prospective Study	2622	Between 2004 and 2024, a total of 2622 participants with suspected DILI were enrolled in the DILIN prospective study.	https://pmc.ncbi.nlm.nih.gov/articles/PMC12133418/	participants with suspected DILI enrolled 2004-2024								
COHO:0001673	owl:NamedIndividual	Dutch Renal Cell Cancer Study					748	Dutch Renal Cell Cancer Study (Dutch) 50-52 Radboud University/Comp rehensive Cancer Centre East, NL Case series Population/ho spital based 1999- 2009 - - 748 1,832*** TaqMan TaqMan RUNMC RUNMC	https://media.springernature.com/original/springer-static/esm/art%3A10.1038%2Fng.723/MediaObjects/41588_2011_BFng723_MOESM3_ESM.pdf	RCC cases and NBS controls genotyped for replication (no total stated), 2009	1832	Dutch Renal Cell Cancer Study (Dutch) 50-52 Radboud University/Comp rehensive Cancer Centre East, NL Case series Population/ho spital based 1999- 2009 - - 748 1,832*** TaqMan TaqMan RUNMC RUNMC	https://media.springernature.com/original/springer-static/esm/art%3A10.1038%2Fng.723/MediaObjects/41588_2011_BFng723_MOESM3_ESM.pdf	RCC cases and NBS controls genotyped for replication (no total stated), 2009
COHO:0001677	owl:NamedIndividual	Edinburgh Artery Study	1592	Arterial disease was assessed in 1592 participants by means of the WHO questionnaire on intermittent claudication and measurement of the ankle brachial systolic pressure index (ABPI) and change in ankle systolic pressure during reactive hyperaemia.	PMID:1917239	men and women aged 55-74 assessed at baseline								
COHO:0001678	owl:NamedIndividual	European Collaborative Study					1200	We conducted a genome-wide association study of 1200 cHL patients and 6417 control subjects, with validation in an independent replication series, to identify common genetic variants associated with total cHL and subtypes defined by tumor EBV status.	PMID:22286212	cHL cases and controls in the 2012 European GWAS (no total stated)	6417	We conducted a genome-wide association study of 1200 cHL patients and 6417 control subjects, with validation in an independent replication series, to identify common genetic variants associated with total cHL and subtypes defined by tumor EBV status.	PMID:22286212	cHL cases and controls in the 2012 European GWAS (no total stated)
COHO:0001679	owl:NamedIndividual	Etude Cas-Témoins de l'Infarctus du Myocarde					671	The SLC6A4 polymorphism has been investigated by polymerase chain reaction in 671 male patients with MI and in 688 controls from the Etude Cas-Témoins de l'Infarctus du Myocarde (ECTIM) multicentric study.	PMID:12081984	male MI cases and controls genotyped in the example study (analysed subset)	688	The SLC6A4 polymorphism has been investigated by polymerase chain reaction in 671 male patients with MI and in 688 controls from the Etude Cas-Témoins de l'Infarctus du Myocarde (ECTIM) multicentric study.	PMID:12081984	male MI cases and controls genotyped in the example study (analysed subset)
COHO:0001680	owl:NamedIndividual	Edinburgh Osteoporosis Study	2020	EDOS Edinburgh Osteoporosis Study Cross‐sectional Clinical‐based UK Edinburgh and Lothian British (white caucasian) 2,020 Clinical referral population of patients assessed for evaluation of osteoporosis	https://static-content.springer.com/esm/art%3A10.1038%2Fng.2249/MediaObjects/41588_2012_BFng2249_MOESM26_ESM.pdf	patients with DNA and BMD and/or fracture data (GEFOS replication), 2012								
COHO:0001698	owl:NamedIndividual	EpiLymph					2362	A total of 2,362 lymphoma cases and 2,465 controls were recruited into the study.	https://www.ebi.ac.uk/europepmc/webservices/rest/PMC7351167/fullTextXML	lymphoma cases and controls recruited	2465	A total of 2,362 lymphoma cases and 2,465 controls were recruited into the study.	https://www.ebi.ac.uk/europepmc/webservices/rest/PMC7351167/fullTextXML	lymphoma cases and controls recruited
COHO:0001714	owl:NamedIndividual	Ewha Womans University Hospital PCOS Study	1810	A total of 1,810 reproductive-aged women were recruited, including 927 control women and 883 women with PCOS, diagnosed based on the European Society for Human Reproduction and Embryology criteria.	PMID:32591571	women recruited (PCOS cases and controls), 2010	883	A total of 1,810 reproductive-aged women were recruited, including 927 control women and 883 women with PCOS, diagnosed based on the European Society for Human Reproduction and Embryology criteria.	PMID:32591571	women recruited (PCOS cases and controls), 2010	927	A total of 1,810 reproductive-aged women were recruited, including 927 control women and 883 women with PCOS, diagnosed based on the European Society for Human Reproduction and Embryology criteria.	PMID:32591571	women recruited (PCOS cases and controls), 2010
COHO:0001718	owl:NamedIndividual	Familial Breast Cancer Study	3652	Three thousand nine hundred and sixty breast cancer cases were used in stage 1, of which 3,652 were from cancer genetics clinics in the UK recruited through the Familial Breast Cancer Study (FBCS) and 308 were from oncology clinics in the UK recruited through the Prospective study of Outcomes in Sporadic versus Hereditary breast cancer (POSH) study.	https://pmc.ncbi.nlm.nih.gov/articles/PMC3632836/	FBCS breast cancer cases in stage 1 of the 2010 GWAS (analysed subset)								
COHO:0001719	owl:NamedIndividual	Finnish Colorectal Cancer Predisposition Study	1514	To identify susceptibility genes for this common phenotype, we examined familial cases derived from a consecutive series of 1514 Finnish CRC patients.	PMID:24146633	consecutive colorectal cancer patients in the series (2013)								
COHO:0001726	owl:NamedIndividual	Finnish Genetic Study of Arrhythmic Events	5869	The study population is derived from the Fingesture study, which has collected data from 5869 consecutive autopsy-verified SCD victims in Northern Finland (population ≈600 000) between 1998 and 2017.	PMID:36172703	consecutive autopsy-verified sudden cardiac death victims 1998-2017	5869	The study population is derived from the Fingesture study, which has collected data from 5869 consecutive autopsy-verified SCD victims in Northern Finland (population ≈600 000) between 1998 and 2017.	PMID:36172703	consecutive autopsy-verified sudden cardiac death victims 1998-2017				
COHO:0001732	owl:NamedIndividual	FIRE-3	592	Between Jan 23, 2007, and Sept 19, 2012, 592 patients with KRAS exon 2 wild-type tumours were randomly assigned and received treatment (297 in the FOLFIRI plus cetuximab group and 295 in the FOLFIRI plus bevacizumab group).	PMID:25088940	patients with KRAS exon 2 wild-type tumours randomised and treated (2012)								
COHO:0001809	owl:NamedIndividual	Glasgow Stroke Sample	599	Glasgow 599 599 72 105 137 1,775 EUR	https://media.springernature.com/original/springer-static/esm/art%3A10.1038%2Fs41588-018-0058-3/MediaObjects/41588_2018_58_MOESM1_ESM.pdf	ischaemic stroke cases analysed in MEGASTROKE (analysed subset), 2018	599	Glasgow 599 599 72 105 137 1,775 EUR	https://media.springernature.com/original/springer-static/esm/art%3A10.1038%2Fs41588-018-0058-3/MediaObjects/41588_2018_58_MOESM1_ESM.pdf	ischaemic stroke cases analysed in MEGASTROKE (analysed subset), 2018				
COHO:0001878	owl:NamedIndividual	Hebrew University Genetic Resource					1156	Case (n=1,156) and control (n=2,279) samples were selected from an Ashkenazi Jewish repository (Hebrew University Genetic Resource, HUGR, http://hugr.huji.ac.il).	https://www.ebi.ac.uk/europepmc/webservices/rest/PMC3905728/fullTextXML	schizophrenia cases and controls selected from the repository (2013)	2279	Case (n=1,156) and control (n=2,279) samples were selected from an Ashkenazi Jewish repository (Hebrew University Genetic Resource, HUGR, http://hugr.huji.ac.il).	https://www.ebi.ac.uk/europepmc/webservices/rest/PMC3905728/fullTextXML	schizophrenia cases and controls selected from the repository (2013)
COHO:0001899	owl:NamedIndividual	International COPD Genetics Network	3117	We demonstrated replication of association for these seven IREB2 SNPs (all p values < or = 0.02) in a family-based study of 3117 subjects from the International COPD Genetics Network	PMID:19800047	subjects (COPD probands and siblings) genotyped (2009)								
COHO:0001903	owl:NamedIndividual	Hospital Clínic Primary HIV-1 Infection Cohort	346	A total of 346 consecutive acute/recently infected patients were included.	PMID:30472421	consecutive patients with acute/recent HIV-1 infection enrolled 1997-2015								
COHO:0001906	owl:NamedIndividual	Italian Cohort Naïve Antiretrovirals	17298	General characteristics of 17,298 people living with HIV enrolled in the ICONA Cohort Study: Italy, 1997–2023.	https://pmc.ncbi.nlm.nih.gov/articles/PMC12280848/	people with HIV enrolled with HIV diagnosis 1997-2023 (analysed in the cancer study)								
COHO:0001927	owl:NamedIndividual	INTERPHONE study					6311	The Interphone study recruited 6311 cases with intracerebral tumours and 7658 controls from 13 countries (Denmark, Finland, Norway, Sweden, Germany, United Kingdom, France, Italy, Israel, Japan, Canada, Australia and New Zealand).	PMID:34648614	intracranial tumour cases and controls recruited (parotid cases not included)	7658	The Interphone study recruited 6311 cases with intracerebral tumours and 7658 controls from 13 countries (Denmark, Finland, Norway, Sweden, Germany, United Kingdom, France, Italy, Israel, Japan, Canada, Australia and New Zealand).	PMID:34648614	intracranial tumour cases and controls recruited (parotid cases not included)
COHO:0001929	owl:NamedIndividual	Lymphoma Specialized Program of Research Excellence Molecular Epidemiology Resource Cohort Study	6972	Cumulative enrolment was 6972 participants (5256 at Mayo and 1716 at Iowa).	https://europepmc.org/api/getPdf?pmcid=PMC5837578	newly diagnosed lymphoma patients enrolled 2002-2015								
COHO:0001952	owl:NamedIndividual	Human genetic determinants of severe malaria in North East Tanzania					501	Malaria cases: 501 Male: 260 (52) Female: 224 (45) Not recorded: 18 (3) <1: 121 (24) 1-2: 172 (34) 2-5: 188 (38) 5-15: 20 (4) Mzigua: 132 (26) Wasambaa: 100 (20) Other: 269 (54) Healthy controls: 504	https://www.malariagen.net/partner_study/human-genetic-determinants-severe-malaria-north-east-tanzania/	severe malaria cases and healthy community controls contributed to MalariaGEN CP1 (2006-2008)	504	Malaria cases: 501 Male: 260 (52) Female: 224 (45) Not recorded: 18 (3) <1: 121 (24) 1-2: 172 (34) 2-5: 188 (38) 5-15: 20 (4) Mzigua: 132 (26) Wasambaa: 100 (20) Other: 269 (54) Healthy controls: 504	https://www.malariagen.net/partner_study/human-genetic-determinants-severe-malaria-north-east-tanzania/	severe malaria cases and healthy community controls contributed to MalariaGEN CP1 (2006-2008)
COHO:0001964	owl:NamedIndividual	King Faisal Specialist Hospital and Research Center cohort	6416	Out of 6566 samples, quality control excluded 150 samples due to variant calling missingness > 5%, heterozygosity rate > 5 standard deviations above the mean, and mismatch between genotypically-determined and self-reported sex, resulting in 6416 samples consisting of 5399 patients and 1017 reference samples.	PMID:37852978	genotyped samples passing QC: 5399 cardiology patients and 1017 population reference individuals (2023)								
COHO:0001969	owl:NamedIndividual	Human genetic determinants of severe malaria in Kumasi, Ghana					1923	Malaria cases: 1923 Male: 954 (50) Female: 846 (44) Not recorded: 125 (6) <1: 434 (23) 1-2: 476 (25) 2-5: 713 (37) 5-15: 296 (15) Not recorded: 4 (<1) Akans (Ashanti Eastern): 1038 (54) Frafra Nankana Grushie Kusasi: 188 (10) Notherner: 186 (10) Other: 511 (27) Healthy controls: 2326	https://www.malariagen.net/partner_study/human-genetic-determinants-severe-malaria-kumasi-ghana/	severe malaria cases and cord-blood controls contributed to MalariaGEN CP1 (2006-2008)	2326	Malaria cases: 1923 Male: 954 (50) Female: 846 (44) Not recorded: 125 (6) <1: 434 (23) 1-2: 476 (25) 2-5: 713 (37) 5-15: 296 (15) Not recorded: 4 (<1) Akans (Ashanti Eastern): 1038 (54) Frafra Nankana Grushie Kusasi: 188 (10) Notherner: 186 (10) Other: 511 (27) Healthy controls: 2326	https://www.malariagen.net/partner_study/human-genetic-determinants-severe-malaria-kumasi-ghana/	severe malaria cases and cord-blood controls contributed to MalariaGEN CP1 (2006-2008)
COHO:0001976	owl:NamedIndividual	Korean Osteoporosis Study at Asan Medical Center					101	KorAMC Genant 101 1193 0.08	https://pmc.ncbi.nlm.nih.gov/articles/PMC4102322/	vertebral fracture cases and non-fracture controls in the GEFOS/GENOMOS vertebral fracture analysis (analysed subset)	1193	KorAMC Genant 101 1193 0.08	https://pmc.ncbi.nlm.nih.gov/articles/PMC4102322/	vertebral fracture cases and non-fracture controls in the GEFOS/GENOMOS vertebral fracture analysis (analysed subset)
COHO:0001995	owl:NamedIndividual	Mayo-Perlegen Linked Efforts to Accelerate Parkinson's Solutions Collaboration	1550	Study Design: Case-Control Study Type: Case-Control dbGaP estimated ancestry using GRAF-pop Total number of consented subjects: 1550	https://www.ncbi.nlm.nih.gov/projects/gap/cgi-bin/study.cgi?study_id=phs000048.v1.p1	consented subjects in the dbGaP study (cases, unaffected siblings and unrelated controls)								
COHO:0002008	owl:NamedIndividual	Lung Institute of Western Australia Asthma Genetic Cohort	883	The LIWA cohort included a total of 883 unrelated Caucasians (125 severe, 172 moderate, 386 mild and 200 non-asthmatics) aged between 18 and 85.	PMID:24691493	unrelated Caucasians: 125 severe, 172 moderate and 386 mild asthmatics and 200 non-asthmatics					200	The LIWA cohort included a total of 883 unrelated Caucasians (125 severe, 172 moderate, 386 mild and 200 non-asthmatics) aged between 18 and 85.	PMID:24691493	unrelated Caucasians: 125 severe, 172 moderate and 386 mild asthmatics and 200 non-asthmatics
COHO:0002016	owl:NamedIndividual	LOOP study	6004	LOOP was a randomized clinical trial, including 6004 participants at risk of AF but without diagnosed AF, with 1:3 randomization to screening with an implantable loop recorder (ILR) and anticoagulation upon detection of AF or usual care (Supplementary Note 2).	https://www.ebi.ac.uk/europepmc/webservices/rest/PMC13350093/fullTextXML	participants randomised (1:3 to implantable loop recorder or usual care)								
COHO:0002036	owl:NamedIndividual	Mayo lung cancer GWAS	754	First, a genome-wide association study of single nucleotide polymorphisms (SNPs) was done with 754 never smokers (377 matched case-control pairs at Mayo Clinic, Rochester, MN, USA).	PMID:20304703	never smokers in 377 matched lung cancer case-control pairs genotyped in the GWAS (2010)								
COHO:0002037	owl:NamedIndividual	Mayo Clinic-MD Anderson-Memorial Sloan Kettering Pharmacogenomics Research Network Breast Cancer Aromatase Inhibitor Pharmacogenomics Study	687	To test that hypothesis, we performed a genome‐wide association study (GWAS) of plasma anastrozole concentrations in 687 postmenopausal patients with ER+ breast cancer enrolled in the Mayo Clinic‐MD Anderson‐Memorial Sloan Kettering (Mayo‐MDA‐MSK) Pharmacogenomics Research Network (PGRN) Breast Cancer Aromatase Inhibitor Pharmacogenomics study.	https://www.ebi.ac.uk/europepmc/webservices/rest/PMC6612579/fullTextXML	women in the plasma anastrozole GWAS (analysed subset of those enrolled), 2019								
COHO:0002042	owl:NamedIndividual	Mind Clinical Imaging Consortium					188	Across the four research sites— UNM, UMinn, MGH and UIowa —188 patients with schizophrenia and 190 demographic, age and sex- matched healthy control subjects were recruited for this study between July 2004 and July 2006 (Table 1).	https://www.ncbi.nlm.nih.gov/research/bionlp/RESTful/pmcoa.cgi/BioC_xml/PMC3727653/unicode	patients with schizophrenia and matched healthy controls recruited at four sites, July 2004 - July 2006 (2004-2006)	190	Across the four research sites— UNM, UMinn, MGH and UIowa —188 patients with schizophrenia and 190 demographic, age and sex- matched healthy control subjects were recruited for this study between July 2004 and July 2006 (Table 1).	https://www.ncbi.nlm.nih.gov/research/bionlp/RESTful/pmcoa.cgi/BioC_xml/PMC3727653/unicode	patients with schizophrenia and matched healthy controls recruited at four sites, July 2004 - July 2006 (2004-2006)
COHO:0002054	owl:NamedIndividual	Melbourne Epidemiological Study of Childhood Asthma	484	†The percentages from ages 14 to 50 follow-ups are based on the combined sample of 484 participants (401 original at age 7 + 83 SA added at age 10)	https://www.ebi.ac.uk/europepmc/webservices/rest/PMC13331842/fullTextXML	combined sample: 401 recruited at age 7 in 1964 plus 83 severe asthmatics added at age 10 (1967)								
COHO:0002072	owl:NamedIndividual	Michigan, Mayo, AREDS, Pennsylvania Cohort Study	3340	Study Design: Case-Control Study Type: Case-Control dbGaP estimated ancestry using GRAF-pop Total number of consented subjects: 3340	https://www.ncbi.nlm.nih.gov/projects/gap/cgi-bin/study.cgi?study_id=phs000182.v3.p1	consented subjects in the dbGaP study (AMD patients and controls genotyped at CIDR)	2185	Study Design: Case-Control Study Type: Case-Control dbGaP estimated ancestry using GRAF-pop Total number of consented subjects: 3340	https://www.ncbi.nlm.nih.gov/projects/gap/cgi-bin/study.cgi?study_id=phs000182.v3.p1	consented subjects in the dbGaP study (AMD patients and controls genotyped at CIDR)	1155	Study Design: Case-Control Study Type: Case-Control dbGaP estimated ancestry using GRAF-pop Total number of consented subjects: 3340	https://www.ncbi.nlm.nih.gov/projects/gap/cgi-bin/study.cgi?study_id=phs000182.v3.p1	consented subjects in the dbGaP study (AMD patients and controls genotyped at CIDR)
COHO:0002073	owl:NamedIndividual	Mayo Clinic Ovarian Cancer Case-Control Study	2253	A total of 2253 women (1157 cases and 1096 controls) were enrolled as of May 10, 2012.	https://www.ncbi.nlm.nih.gov/research/bionlp/RESTful/pmcoa.cgi/BioC_xml/PMC3672269/unicode	women enrolled December 1999 - May 2012 (cases with ovarian tumours and controls)	1157	A total of 2253 women (1157 cases and 1096 controls) were enrolled as of May 10, 2012.	https://www.ncbi.nlm.nih.gov/research/bionlp/RESTful/pmcoa.cgi/BioC_xml/PMC3672269/unicode	women enrolled December 1999 - May 2012 (cases with ovarian tumours and controls)	1096	A total of 2253 women (1157 cases and 1096 controls) were enrolled as of May 10, 2012.	https://www.ncbi.nlm.nih.gov/research/bionlp/RESTful/pmcoa.cgi/BioC_xml/PMC3672269/unicode	women enrolled December 1999 - May 2012 (cases with ovarian tumours and controls)
COHO:0002124	owl:NamedIndividual	National Cancer Institute-Surveillance, Epidemiology, and End Results Interdisciplinary Case-Control Study of Non-Hodgkin's Lymphoma					1321	Interviews were completed with 1,321 cases ascertained from population-based cancer registries in Seattle, Detroit, Los Angeles and Iowa, and with 1,057 frequency-matched controls, selected by random-digit dialing and from the Medicare files database.	PMID:17588155	interviewed NHL cases and frequency-matched controls, 1998-2000	1057	Interviews were completed with 1,321 cases ascertained from population-based cancer registries in Seattle, Detroit, Los Angeles and Iowa, and with 1,057 frequency-matched controls, selected by random-digit dialing and from the Medicare files database.	PMID:17588155	interviewed NHL cases and frequency-matched controls, 1998-2000
COHO:0002131	owl:NamedIndividual	National Eye Institute Glaucoma Human Genetics Collaboration					2517	The NEIGHBOR consortium collected 2,517 POAG cases and 2,428 controls, and an additional 1,000 cases and 1,183 controls were collected for the GLAUGEN study.	https://www.ncbi.nlm.nih.gov/research/bionlp/RESTful/pmcoa.cgi/BioC_xml/PMC3485429/unicode	POAG cases and controls collected by the NEIGHBOR consortium (2012)	2428	The NEIGHBOR consortium collected 2,517 POAG cases and 2,428 controls, and an additional 1,000 cases and 1,183 controls were collected for the GLAUGEN study.	https://www.ncbi.nlm.nih.gov/research/bionlp/RESTful/pmcoa.cgi/BioC_xml/PMC3485429/unicode	POAG cases and controls collected by the NEIGHBOR consortium (2012)
COHO:0002132	owl:NamedIndividual	National Eye Institute Glaucoma Human Genetics Collaboration Heritable Overall Operational Database					3853	To identify new susceptibility loci, we meta-analyzed GWAS results from 8 independent studies from the United States (3,853 cases and 33,480 controls) and investigated the most significant SNPs in two Australian studies (1,252 cases and 2,592 controls), 3 European studies (875 cases and 4,107 controls) and a Singaporean Chinese study (1,037 cases and 2,543 controls).	https://www.ncbi.nlm.nih.gov/research/bionlp/RESTful/pmcoa.cgi/BioC_xml/PMC4731307/unicode	POAG cases and controls in the 8-dataset discovery meta-analysis (2016)	33480	To identify new susceptibility loci, we meta-analyzed GWAS results from 8 independent studies from the United States (3,853 cases and 33,480 controls) and investigated the most significant SNPs in two Australian studies (1,252 cases and 2,592 controls), 3 European studies (875 cases and 4,107 controls) and a Singaporean Chinese study (1,037 cases and 2,543 controls).	https://www.ncbi.nlm.nih.gov/research/bionlp/RESTful/pmcoa.cgi/BioC_xml/PMC4731307/unicode	POAG cases and controls in the 8-dataset discovery meta-analysis (2016)
COHO:0002171	owl:NamedIndividual	Nomura Study	3517	Data from both cohorts were combined for analysis, resulting in a total sample size of 3517 participants (Appendix B).	https://www.ebi.ac.uk/europepmc/webservices/rest/PMC12701544/fullTextXML	analysed subset: participants of the 2002 and 2014 cohorts who continued through follow-up								
COHO:0002190	owl:NamedIndividual	National Taiwan University Hospital Diabetes Study	3024	NTUH NTUHDS Chinese 1512 1512 3024 Case-control	https://media.springernature.com/original/springer-static/esm/art%3A10.1038%2Fng.1019/MediaObjects/41588_2012_BFng1019_MOESM23_ESM.pdf	cases and controls in the AGEN-T2D stage 3 replication	1512	NTUH NTUHDS Chinese 1512 1512 3024 Case-control	https://media.springernature.com/original/springer-static/esm/art%3A10.1038%2Fng.1019/MediaObjects/41588_2012_BFng1019_MOESM23_ESM.pdf	cases and controls in the AGEN-T2D stage 3 replication	1512	NTUH NTUHDS Chinese 1512 1512 3024 Case-control	https://media.springernature.com/original/springer-static/esm/art%3A10.1038%2Fng.1019/MediaObjects/41588_2012_BFng1019_MOESM23_ESM.pdf	cases and controls in the AGEN-T2D stage 3 replication
COHO:0002214	owl:NamedIndividual	Leiden University Medical Centre Breast Cancer Study					357	Leiden University Medical Centre Breast Cancer Study (ORIGO) Netherlands 327 357 211 70	https://pmc.ncbi.nlm.nih.gov/articles/PMC4204770/	cases and controls genotyped on iCOGS (BCAC); no total stated	327	Leiden University Medical Centre Breast Cancer Study (ORIGO) Netherlands 327 357 211 70	https://pmc.ncbi.nlm.nih.gov/articles/PMC4204770/	cases and controls genotyped on iCOGS (BCAC); no total stated
COHO:0002234	owl:NamedIndividual	Norwegian ParkWest Study					212	In total, 212 incident PD cases and 205 controls assented to engage in the ParkWest study.	https://www.ebi.ac.uk/europepmc/webservices/rest/PMC9098431/fullTextXML	incident Parkinson's disease patients and controls enrolled 2004-2006; no total stated	205	In total, 212 incident PD cases and 205 controls assented to engage in the ParkWest study.	https://www.ebi.ac.uk/europepmc/webservices/rest/PMC9098431/fullTextXML	incident Parkinson's disease patients and controls enrolled 2004-2006; no total stated
COHO:0002235	owl:NamedIndividual	Predictive Values of Blood Pressure and Arterial Stiffness in Institutionalized Very Aged Population Study	1126	A total of 1,126 subjects (874 women) who were living in French and Italian nursing homes were enrolled (mean age, 88 ± 5 years).	PMID:22999729	nursing-home residents aged 80+ enrolled								
COHO:0002240	owl:NamedIndividual	Prostate Cancer study Medical University Sofia	281	PCMUS (n=281) Prostate Cancer Study Medical University Sofia Sofia, Bulgaria Case-control 89 192	https://media.springernature.com/original/springer-static/esm/art%3A10.1038%2Fs41467-021-21287-0/MediaObjects/41467_2021_21287_MOESM1_ESM.pdf	OncoArray-genotyped cases and controls	192	PCMUS (n=281) Prostate Cancer Study Medical University Sofia Sofia, Bulgaria Case-control 89 192	https://media.springernature.com/original/springer-static/esm/art%3A10.1038%2Fs41467-021-21287-0/MediaObjects/41467_2021_21287_MOESM1_ESM.pdf	OncoArray-genotyped cases and controls	89	PCMUS (n=281) Prostate Cancer Study Medical University Sofia Sofia, Bulgaria Case-control 89 192	https://media.springernature.com/original/springer-static/esm/art%3A10.1038%2Fs41467-021-21287-0/MediaObjects/41467_2021_21287_MOESM1_ESM.pdf	OncoArray-genotyped cases and controls
COHO:0002267	owl:NamedIndividual	Mount Sinai Hospital-Princess Margaret Multicancer Study	4957	A total of 4957 subjects were recruited which consisted of 3534 Upper aerodigestive tract (UADT) cancer cases and 1423 healthy controls.	https://www.ebi.ac.uk/europepmc/webservices/rest/PMC7454981/fullTextXML	lung and head and neck cancer cases and controls recruited	3534	A total of 4957 subjects were recruited which consisted of 3534 Upper aerodigestive tract (UADT) cancer cases and 1423 healthy controls.	https://www.ebi.ac.uk/europepmc/webservices/rest/PMC7454981/fullTextXML	lung and head and neck cancer cases and controls recruited	1423	A total of 4957 subjects were recruited which consisted of 3534 Upper aerodigestive tract (UADT) cancer cases and 1423 healthy controls.	https://www.ebi.ac.uk/europepmc/webservices/rest/PMC7454981/fullTextXML	lung and head and neck cancer cases and controls recruited
COHO:0002274	owl:NamedIndividual	Prostate Project Foundation - Postgraduate Medical School, Surrey					311	SUN study represents a cohort of 311 men with confirmed prostate cancer who presented to two district hospitals (Royal Surrey County Hospital and Frimley Park Hospital) between February 2009 and March 2011 and 242 healthy volunteers with normal PSA.	https://media.springernature.com/original/springer-static/esm/art%3A10.1038%2Fng.3094/MediaObjects/41588_2014_BFng3094_MOESM58_ESM.pdf	prostate cancer cases and healthy volunteers recruited 2009-2011; no total stated	242	SUN study represents a cohort of 311 men with confirmed prostate cancer who presented to two district hospitals (Royal Surrey County Hospital and Frimley Park Hospital) between February 2009 and March 2011 and 242 healthy volunteers with normal PSA.	https://media.springernature.com/original/springer-static/esm/art%3A10.1038%2Fng.3094/MediaObjects/41588_2014_BFng3094_MOESM58_ESM.pdf	prostate cancer cases and healthy volunteers recruited 2009-2011; no total stated
COHO:0002322	owl:NamedIndividual	Royal Marsden Hospital Ovarian Cancer Study	165	Royal Marsden Hospital study RMH UK Hospital based 165 (18) -	https://media.springernature.com/original/springer-static/esm/art%3A10.1038%2Fng.424/MediaObjects/41588_2009_BFng424_MOESM8_ESM.pdf	ovarian cancer cases in the stage 1 UK GWAS (analysed subset)								
COHO:0002323	owl:NamedIndividual	Royal Marsden Hospital Trust/Institute of Cancer Research Family History and DNA Registry	708	A total of 2838 healthy individuals were recruited as part of ongoing National Cancer Research Network genetic epidemiological studies, NSCCG (1219), the Genetic Lung Cancer Predisposition Study (GELCAPS) (1999–2004; n=911), and the Royal Marsden Hospital Trust/Institute of Cancer Research Family History and DNA Registry (1999–2004; n=708).	https://www.ebi.ac.uk/europepmc/webservices/rest/PMC2607223/fullTextXML	healthy controls drawn from the registry for one study (subset), 2004								
COHO:0002379	owl:NamedIndividual	Shanghai Institute of Hypertension GWAS	901	Shanghai Institute of Hypertension (SIH) GWAS (N=901)	https://media.springernature.com/original/springer-static/esm/art%3A10.1038%2Fng.1087/MediaObjects/41588_2012_BFng1087_MOESM24_ESM.pdf	hypertension cases and normotensive controls in the GWAS	446	Shanghai Institute of Hypertension (SIH) GWAS (N=901)	https://media.springernature.com/original/springer-static/esm/art%3A10.1038%2Fng.1087/MediaObjects/41588_2012_BFng1087_MOESM24_ESM.pdf	hypertension cases and normotensive controls in the GWAS	455	Shanghai Institute of Hypertension (SIH) GWAS (N=901)	https://media.springernature.com/original/springer-static/esm/art%3A10.1038%2Fng.1087/MediaObjects/41588_2012_BFng1087_MOESM24_ESM.pdf	hypertension cases and normotensive controls in the GWAS
COHO:0002381	owl:NamedIndividual	Silk Road	496	A total of 496 subjects participated in the study (206 males and 290 females), coming from 20 different communities of six countries in the Caucasus and Central Asia: Georgia, Armenia, Azerbaijan, Uzbekistan, Kazakhstan and Tajikistan (Figure 1).	PMID:24626196	people who took part in the Marco Polo 2010 expedition study								
COHO:0002385	owl:NamedIndividual	Shanghai Jiao Tong University Diabetes Study	388	SJTU SJTUDS Chinese 190 198 388 Case-control	https://media.springernature.com/original/springer-static/esm/art%3A10.1038%2Fng.1019/MediaObjects/41588_2012_BFng1019_MOESM23_ESM.pdf	early-onset T2D probands and normoglycaemic controls in the AGEN-T2D GWAS (stage 2)	190	SJTU SJTUDS Chinese 190 198 388 Case-control	https://media.springernature.com/original/springer-static/esm/art%3A10.1038%2Fng.1019/MediaObjects/41588_2012_BFng1019_MOESM23_ESM.pdf	early-onset T2D probands and normoglycaemic controls in the AGEN-T2D GWAS (stage 2)	198	SJTU SJTUDS Chinese 190 198 388 Case-control	https://media.springernature.com/original/springer-static/esm/art%3A10.1038%2Fng.1019/MediaObjects/41588_2012_BFng1019_MOESM23_ESM.pdf	early-onset T2D probands and normoglycaemic controls in the AGEN-T2D GWAS (stage 2)
COHO:0002386	owl:NamedIndividual	Städtisches Klinikum Karlsruhe Deutsches Krebsforschungszentrum Study					136	Women diagnosed with primary in situ or invasive breast cancer at the Städtisches Klinikum Karlsruhe from March 1993 to July 2005. Cases were 21-93 years of age. Controls selected from GC-HBOC 136 168	https://media.springernature.com/original/springer-static/esm/art%3A10.1038%2Fng.2563/MediaObjects/41588_2013_BFng2563_MOESM7_ESM.pdf	cases and controls genotyped on iCOGS (BCAC), post-QC; no total stated (2005)	168	Women diagnosed with primary in situ or invasive breast cancer at the Städtisches Klinikum Karlsruhe from March 1993 to July 2005. Cases were 21-93 years of age. Controls selected from GC-HBOC 136 168	https://media.springernature.com/original/springer-static/esm/art%3A10.1038%2Fng.2563/MediaObjects/41588_2013_BFng2563_MOESM7_ESM.pdf	cases and controls genotyped on iCOGS (BCAC), post-QC; no total stated (2005)
COHO:0002412	owl:NamedIndividual	Singapore Translational and Clinical Research in Psychosis	975	A total of 975 individuals diagnosed with schizophrenia were recruited.	https://www.ebi.ac.uk/europepmc/webservices/rest/PMC9954179/fullTextXML	people with schizophrenia recruited to the programme's schizophrenia study								
COHO:0002435	owl:NamedIndividual	Finnish Genetic Predisposition to Prostate Cancer Study	3591	TAMPERE (n=3591) Finnish Genetic Predisposition to Prostate Cancer Study Tampere, Finland Population- based, case- control, observational 1179 2412	https://media.springernature.com/original/springer-static/esm/art%3A10.1038%2Fs41467-021-21287-0/MediaObjects/41467_2021_21287_MOESM1_ESM.pdf	OncoArray-genotyped cases and controls	2412	TAMPERE (n=3591) Finnish Genetic Predisposition to Prostate Cancer Study Tampere, Finland Population- based, case- control, observational 1179 2412	https://media.springernature.com/original/springer-static/esm/art%3A10.1038%2Fs41467-021-21287-0/MediaObjects/41467_2021_21287_MOESM1_ESM.pdf	OncoArray-genotyped cases and controls	1179	TAMPERE (n=3591) Finnish Genetic Predisposition to Prostate Cancer Study Tampere, Finland Population- based, case- control, observational 1179 2412	https://media.springernature.com/original/springer-static/esm/art%3A10.1038%2Fs41467-021-21287-0/MediaObjects/41467_2021_21287_MOESM1_ESM.pdf	OncoArray-genotyped cases and controls
COHO:0002439	owl:NamedIndividual	TASPRAC Study	1963	Rare DDR gene variants (predicted to be damaging and present in two or more family members) were identified and subsequently genotyped in 1963 individuals (700 familial and 459 sporadic PrCa cases, 482 unaffected relatives, and 322 screened controls), and association analyses accounting for relatedness (MQLS) undertaken.	PMID:39001544	individuals of the full Australian familial and case-control resources genotyped								
COHO:0002483	owl:NamedIndividual	University of California San Francisco Atrial Fibrillation Study	113	Total number of consented subjects: 113	https://www.ncbi.nlm.nih.gov/projects/gap/cgi-bin/study.cgi?study_id=phs001933.v2.p1	consented early-onset AF subjects in the dbGaP/TOPMed case set								
COHO:0002517	owl:NamedIndividual	Familial Prostate Cancer Study Ulm					702	controls Ulm 995 18 (1.8%) 1 (0.1%) 19 (1.9%) 976 (98.1%) ref. cases Ulmb 702 13 (1.9%) 0 (0%) 13 (1.9%) 689 (98.1%) 0.97 (0.44–2.08) 1.00	https://europepmc.org/api/getPdf?pmcid=PMC3311578	cases and population controls from Ulm used in a 2012 association study (analysed subset)	995	controls Ulm 995 18 (1.8%) 1 (0.1%) 19 (1.9%) 976 (98.1%) ref. cases Ulmb 702 13 (1.9%) 0 (0%) 13 (1.9%) 689 (98.1%) 0.97 (0.44–2.08) 1.00	https://europepmc.org/api/getPdf?pmcid=PMC3311578	cases and population controls from Ulm used in a 2012 association study (analysed subset)
COHO:0002522	owl:NamedIndividual	University of North Carolina CanCORS study	1013	North Carolina (UNC)22 eastern/central counties‡ University of North Carolina* -- 1013	https://www.ncbi.nlm.nih.gov/research/bionlp/RESTful/pmcoa.cgi/BioC_xml/PMC3654676/unicode	colorectal cancer patients enrolled at the UNC CanCORS site (Table 2), 2005								
COHO:0002531	owl:NamedIndividual	Utah Chronic Lymphocytic Leukemia Study					355	Utah Chronic Lymphocytic Leukemia Study UTAH 355 420 Mixed: clinic- and population- based cases and controls, USA	https://media.springernature.com/original/springer-static/esm/art%3A10.1038%2Fncomms10933/MediaObjects/41467_2016_BFncomms10933_MOESM1570_ESM.pdf	CLL cases and controls with DNA available	420	Utah Chronic Lymphocytic Leukemia Study UTAH 355 420 Mixed: clinic- and population- based cases and controls, USA	https://media.springernature.com/original/springer-static/esm/art%3A10.1038%2Fncomms10933/MediaObjects/41467_2016_BFncomms10933_MOESM1570_ESM.pdf	CLL cases and controls with DNA available
COHO:0002536	owl:NamedIndividual	University of Wisconsin Transdisciplinary Tobacco Use Research Center Trial	1504	One thousand five hundred four adults who smoked at least 10 cigarettes per day during the past 6 months and reported being motivated to quit smoking.	PMID:19884613	adults randomised in the trial								
COHO:0002549	owl:NamedIndividual	Västerbotten Intervention Project	86242	Between inception through 2007, a total of 86,242 individuals have participated with almost 27,000 participating twice.	PMID:20339479	individuals who had participated in the VIP health examinations since inception (2007)								
COHO:0002563	owl:NamedIndividual	Wake Forest University Breast Cancer Study					820	First, this study is part of our second phase of the genotyping effort from an ongoing breast cancer case–control study (820 cases and 859 controls as of 1 July 2008).	https://europepmc.org/api/getPdf?pmcid=PMC2722862	cases and controls enrolled in the ongoing case-control study by 1 July 2008	859	First, this study is part of our second phase of the genotyping effort from an ongoing breast cancer case–control study (820 cases and 859 controls as of 1 July 2008).	https://europepmc.org/api/getPdf?pmcid=PMC2722862	cases and controls enrolled in the ongoing case-control study by 1 July 2008
COHO:0002566	owl:NamedIndividual	Women's Health Initiative Clinical Trial	68132	There are two major components of WHI: (1) a Clinical Trial (CT) that enrolled and randomized 68,132 women ages 50 – 79 into at least one of three placebo-control clinical trials (hormone therapy, dietary modification, and calcium/vitamin D); and (2) an Observational Study (OS) that enrolled 93,676 women of the same age range into a parallel prospective cohort study.	https://media.springernature.com/original/springer-static/esm/art%3A10.1038%2Fng.2608/MediaObjects/41588_2013_BFng2608_MOESM1_ESM.pdf	women enrolled and randomised in the WHI Clinical Trial, 1993-1998								
COHO:0002577	owl:NamedIndividual	Wenzhou Medical University Biobank - Tibetans	3008	As described above, there were 3,008 Ti- betan and 373 Han subjects collected from the TP after QC.	https://europepmc.org/api/getPdf?pmcid=PMC5402460	Tibetans retained after genotype quality control (analysed subset), 2017								
COHO:0002584	owl:NamedIndividual	Washington University Genetics Study	1901	A hospital-based series of 1901 patients with newly diagnosed prostate cancer, who were treated for prostate cancer	https://media.springernature.com/original/springer-static/esm/art%3A10.1038%2Fng.2560/MediaObjects/41588_2013_BFng2560_MOESM4_ESM.pdf	men with newly diagnosed prostate cancer in the hospital-based series, treated August 2004 to August 2011								
COHO:0002594	owl:NamedIndividual	Nurses' Health Studies	275000		https://nurseshealthstudy.org/about-nhs	participants of NHS, NHS II and NHS3 together (stated as more than 275,000)								
COHO:0002595	owl:NamedIndividual	International Consortium on the Genetics of Heroin Dependence	6488	Total number of consented subjects: 6488	https://www.ncbi.nlm.nih.gov/projects/gap/cgi-bin/study.cgi?study_id=phs000277.v2.p1	consented subjects in the dbGaP study phs000277 (cases and controls)								
COHO:0002596	owl:NamedIndividual	Cardiovascular Effects of Air Pollution and Noise in Stockholm	22314	Gothenburg, MONICA Gothenburg, PPS Stockholm, CEANS Umeå, VIP Participants (n) 4 500 5 850 22314 42580	https://europepmc.org/api/getPdf?pmcid=PMC8438896	CEANS participants in the pooled 2021 mortality analysis (analysed set of the four sub-cohorts)								
COHO:0002597	owl:NamedIndividual	My Purchases cohort	459	The cohort included 459 participants as of July 03, 2023.	PMID:38062070	participants recruited June 2021 to July 2023								
COHO:0002598	owl:NamedIndividual	Study on Transitions in Employment, Ability and Motivation	15118	This cohort comprised 15,118 persons who participated in STREAM of which 82.2% responded at T2 (N = 12,430).	PMID:32414410	persons in the first STREAM cohort at baseline (T1, 2010)								
COHO:0002599	owl:NamedIndividual	Swedish Cervical Screening Cohort	673257	Number of women with samples Number of samples (from different sampling dates) 23–30 214,575 317,020 31–49 359,743 632,641 50–70 191,906 279,008 All 673,257 (663,387 in above age groups)	https://pmc.ncbi.nlm.nih.gov/articles/PMC11208431/	women with biobanked cervical samples, 2011 to end of 2021								
COHO:0002600	owl:NamedIndividual	Dutch Famine Birth Cohort	2414	The Dutch famine birth cohort consists of 2414 singletons born alive and at term in the Wilhelmina Gasthuis in Amsterdam around the time of the Dutch famine (1943–1947) whose birth records have been kept.	PMID:33664071	singletons born alive at term in the Wilhelmina Gasthuis 1943-1947 whose birth records were kept								
COHO:0002601	owl:NamedIndividual	Diabetes Prediction in Skåne	35683	35,683 cord blood samples were collected at birth along with basic demographic data.	PMID:29752553	newborns screened with cord blood samples at birth, 2000-2004								
COHO:0002602	owl:NamedIndividual	Étude Longitudinale Française depuis l'Enfance	18329	A total of 18 329 children were recruited at birth in a random sample of maternity units in metropolitan France during 25 selected days of 2011 spread over the year.	PMID:31747017	children recruited at birth in 2011								
COHO:0002603	owl:NamedIndividual	ENVIRonmental influence ON early AGEing	2400	De studie werd opgestart in februari 2010 in samenwerking met Ziekenhuis Oost-Limburg en kent momenteel al meer dan 2400 deelnemers!	https://limburgsgeboortecohort.be/	participants (mother-newborn pairs) enrolled since February 2010, stated as more than 2400								
COHO:0002604	owl:NamedIndividual	Finnish HPV vaccination cohort	32175	Recruitment resulted in equal enrolment of four birth cohorts (born 1992-1995) comprising altogether 32,175 (40% response) early adolescents: 20,514 girls (50.5-53.0% response by arm) and 11,661 boys (21.9-31.6%% response by arm).	PMID:25593103	early adolescents (20,514 girls, 11,661 boys) enrolled in the trial, 2007-2010								
COHO:0002605	owl:NamedIndividual	Nascita e INFanzia: gli Effetti dell'Ambiente	7423	Number of participants 7423	https://molgeniscatalogue.org/Global%20Exposome%20Cohorts/collections/NINFEA	participants (pregnant women) recruited 2005-2016								
COHO:0002606	owl:NamedIndividual	Rhea Study	1458	Number of participants 1458	https://molgeniscatalogue.org/Global%20Exposome%20Cohorts/collections/RHEA	participants (catalogue entry; unit not stated)								
COHO:0002607	owl:NamedIndividual	Rotterdam Study III	3932	In 2006, a further extension of the cohort was initiated in which 3932 subjects were included, aged 45–54 years, out of 6057 invited, living in the Ommoord district.	https://www.ebi.ac.uk/europepmc/webservices/rest/PMC7250962/fullTextXML	subjects aged 45-54 included in the 2006 extension (RS-III), 2006-2008								
COHO:0002608	owl:NamedIndividual	Suivi de l'Exposition à la Pollution Atmosphérique durant la Grossesse et Effets sur la Santé	484	A total of 484 pregnant women were recruited, with excellent compliance to the repeated urine sampling protocol (median, 43 urine samples per woman during pregnancy).	PMID:31615055	pregnant women (families) recruited July 2014 - July 2017 (2014-2017)								
COHO:0002609	owl:NamedIndividual	Sysdimet study	131	Altogether, 131 individuals were assigned to either the Healthy Diet (n = 44), a whole-grain-enriched diet (WGED) (n = 42) or a control (n = 45) diet, and 104 participants (mean ± SD: age 59 ± 7 years; BMI 31.1 ± 3.5 kg/m(2)) who had completed the study, were analysed (Healthy Diet n = 36, WGED n = 34 and control diet n = 34).	PMID:21870174	individuals randomised to the three diets								
COHO:0002610	owl:NamedIndividual	Finnish Maternity Cohort	1000000	At the end of 2016 the FMC comprised 2.0 million serum samples from about 1 million women.	PMID:29071810	women with stored serum samples (about 1 million; 2.0 million samples), 2016								
COHO:0002611	owl:NamedIndividual	Polish-Norwegian Study	13172	The baseline data collection contains records for 13 172 individuals (2010-11), between 45 and 64 years of age, from the city of Kielce and surrounding rural area.	PMID:25948663	individuals aged 45-64 in the 2010-11 baseline (2010-2011)								
COHO:0002612	owl:NamedIndividual	Monitoring Project on Risk Factors for Chronic Diseases	22769	In the Monitoring Project on Chronic Disease Risk Factors (MORGEN-project), baseline cardiovascular risk factor data were collected in 1993–1997 in 22 769 men and women aged 20–65 years [23], [24].	https://www.ebi.ac.uk/europepmc/webservices/rest/PMC3241680/fullTextXML	men and women aged 20-65 examined at baseline 1993-1997								
COHO:0002613	owl:NamedIndividual	Generation R Next Study	3604	Number of participants 3604	https://molgeniscatalogue.org/Global%20Exposome%20Cohorts/collections/GenR%20Next	participants (women) in the catalogue entry; recruitment ongoing								
COHO:0002614	owl:NamedIndividual	Nordic Children and Adults Born Preterm	2100000	The Finnish study population includes all births in Finland during 1987–2023, identified from the Finnish Medical Birth Register, THL (approximately 2 100 000 children).	https://www.oulu.fi/en/projects/nordic-children-and-adults-born-preterm-nordcap	all births in Finland 1987-2023 (approximate)								
COHO:0002615	owl:NamedIndividual	Wearable data collection study	100	The wearablesensor cohort in HEAP consists of healthy pregnant and non-pregnant women (N=100)followed up for at least four months with systematic longitudinal sampling using wearablesdevices and urine sampling.	https://api.datacite.org/dois/10.5281/zenodo.10707225	healthy pregnant and non-pregnant women								
COHO:0002616	owl:NamedIndividual	Kardiovize Brno 2030	2160	Results The study enrolled 2160 participants (54.8% women), with a mean age of 47 ± 11.3 years.	PMID:28812915	participants enrolled at baseline (2013-2014)								
COHO:0002617	owl:NamedIndividual	1970 British Cohort Study	17000	The 1970 British Cohort Study (BCS70) is an ongoing, multidisciplinary, longitudinal study of a cohort of over 17 000 births in England, Scotland and Wales.	https://www.ebi.ac.uk/europepmc/webservices/rest/PMC10244059/fullTextXML	births in a single week of 1970 (stated as over 17 000)								
COHO:0002618	owl:NamedIndividual	Study on the influence of Air pollution on Lung function, Inflammation and Ageing	4874	Between 1985 and 1994 baseline examinations were conducted in 4874 women who were 55 years of age at time of recruitment.	https://www.ebi.ac.uk/europepmc/webservices/rest/PMC4000047/fullTextXML	women aged 55 examined at baseline 1985-1994								
COHO:0002619	owl:NamedIndividual	NoMa study	115	In short, 701 subjects were assessed for eligibility, 115 were randomly assigned, 100 completed the study, and 99 were analyzed independent of the compliance (Supplemental Figure 1).	https://www.ebi.ac.uk/europepmc/webservices/rest/PMC6499508/fullTextXML	subjects randomly assigned (2012-2014)								
COHO:0002620	owl:NamedIndividual	National Health and Nutrition Survey – HYDRIA	4011	HYDRIA is a large nationally representative Greek survey that investigated food, macronutrient and micronutrient intakes in a sample of 4011 adults over 18 years of age, providing observations and conclusions on population health in relation to the nutritional status of the population.	https://www.ebi.ac.uk/europepmc/webservices/rest/PMC13423517/fullTextXML	adults aged 18+ who took part in the 2013-2014 survey								
COHO:0002621	owl:NamedIndividual	Grain Fibre Modification for Gut-mediated Health Effects	23	Twenty-one (12 women) of 23 recruited subjects completed an intervention with a four-week run-in and two four-week test periods in cross-over design.	https://europepmc.org/api/getPdf?pmcid=PMC4230797	subjects recruited (21 completed)								
COHO:0002622	owl:NamedIndividual	Piccolipiù birth cohort	3358	Piccolipiù is the name of a birth cohort of 3,358 children enrolled in six maternity wards located in five Italian cities (Florence, Rome, Trieste, Turin, and Viareggio) between October 2011 and March 2015 [26].	https://www.ebi.ac.uk/europepmc/webservices/rest/PMC9529104/fullTextXML	children enrolled October 2011 - March 2015 (2011-2015)								
COHO:0002623	owl:NamedIndividual	Foods for weight management	99	Originally 99 (28 males, 71 females) obese (inclusion criteria being body mass index (BMI) 30–40 kg/m2, age 30–65 years) subjects were recruited into the intervention study.	https://www.ebi.ac.uk/europepmc/webservices/rest/PMC3389694/fullTextXML	obese subjects recruited (28 men, 71 women)								
COHO:0002624	owl:NamedIndividual	Constances	220000	We used data from Constances, a prospective cohort study of the French population, that includes 220 000 participants aged 18 to 69 at enrolment between 2012 and 2020.	https://www.ebi.ac.uk/europepmc/webservices/rest/PMC13084877/fullTextXML	adults aged 18-69 enrolled 2012-2020								
COHO:0002625	owl:NamedIndividual	Gene and Environment: Prospective Study on Infancy in Italy	719	The cohort consisted of 704 women (54% of the contacted) and 719 children.	PMID:18326421	children enrolled at birth 2003-2004 (with 704 mothers)								
COHO:0002626	owl:NamedIndividual	Kaunas cohort	3294	In 2012–2013, we invited the KANC cohort of 3294 mothers and their 4−6-year-old children to participate in this study.	https://www.ebi.ac.uk/europepmc/webservices/rest/PMC4838715/fullTextXML	mothers in the KANC newborn cohort (with their children), 2012								
COHO:0002627	owl:NamedIndividual	Central European Longitudinal Studies of Parents and Children: Young Adults	967	From a total of 967 participants, 909 young adult participants meet the inclusion criteria and were retained and analyzed in this study.	https://www.ebi.ac.uk/europepmc/webservices/rest/PMC11142448/fullTextXML	analysed subset: participants examined 2019-2023 with surveys and knee strength testing								
COHO:0002628	owl:NamedIndividual	European Longitudinal Study of Pregnancy and Childhood	7589	Information on 7589 children (5738 children from Brno and 1851 children from Znojmo regions, including 81 twins and one set of triplets) was collected from medical records during the first study wave (96% of all eligible births).	https://www.ebi.ac.uk/europepmc/webservices/rest/PMC5837270/fullTextXML	children born 1991-1992 with medical-record data at baseline								
COHO:0002629	owl:NamedIndividual	Perturbateurs Endocriniens: Étude Longitudinale sur les Anomalies de la Grossesse, l’Infertilité et l’Enfance	3421	The PELAGIE cohort included 3,421 pregnant women from Brittany from 2002 through February 2006.	https://www.ebi.ac.uk/europepmc/webservices/rest/PMC3222984/fullTextXML	pregnant women enrolled 2002-2006								
COHO:0002630	owl:NamedIndividual	Generation XXI	8647	Between April 2005 and August 2006, 8647 liveborn infants were enrolled in all the public maternity wards in the Porto Metropolitan Area.	https://www.ebi.ac.uk/europepmc/webservices/rest/PMC13013234/fullTextXML	liveborn infants enrolled 2005-2006								
COHO:0002631	owl:NamedIndividual	Moli-sani Study	24325	From 2005, 24,325 participants were enrolled, with a participation rate of 70%.	https://www.moli-sani.org/?page_id=423	adults aged 35+ enrolled 2005-2010								
COHO:0002632	owl:NamedIndividual	Central European Longitudinal Studies of Parents and Children: The Next Generation	3200	Celkem do ní vstoupilo více než 3 200 maminek a dětí.	https://www.celspac.cz/tng	mothers and children who joined 2017-2026 (more than; website, in Czech)								
COHO:0002633	owl:NamedIndividual	Cypriot Children's Health and Environment Observatory	350		https://web.cut.ac.cy/childrenfirstcy/	participating children (more than), 22 primary schools (2024)								
COHO:0002634	owl:NamedIndividual	Observation of Cardiovascular Risks and Health in Luxembourg	1558	The ORISCAV-LUX study was carried out by the Luxembourg Institute of Health (LIH) within the Department of Precision Health in 2007–2009 (Wave 1, 1432 participants) and in 2016-2018 (Wave 2, 1558 participants.	https://www.lih.lu/en/oriscav-lux/	participants of wave 2 (2016-2018)								
COHO:0002635	owl:NamedIndividual	Barcelona Life Study Cohort	1080	The enrolment of the BiSC participants (n=1080) was carried out between October 2018 and April 2021 at three tertiary university hospitals in Barcelona, Spain, including Hospital Sant Joan de Déu, Hospital de la Santa Creu i Sant Pau, and Hospital Clínic de Barcelona, and their corresponding primary healthcare centres.	https://projectebisc.org/en/bisc-project/	pregnant women enrolled 2018-2021								
COHO:0002636	owl:NamedIndividual	Puberty and metabolic risk in obese children. Epigenetic alterations and pathophysiological and diagnostic implications	191	Longitudinal study based on the follow-up until puberty of a cohort of 191 prepubertal Spanish boys and girls without congenital, chronic, or inflammatory diseases: undernutrition: or intake of any drug that could alter blood glucose, blood pressure, or lipid metabolism.	PMID:36601007	children followed from prepuberty to puberty								
COHO:0002637	owl:NamedIndividual	Study of Secondary Exposure to Pesticides among Children, Adolescents, and Adults	746	We measured AChE activity in fresh fingerstick blood from 746 participants ages 4 to 26 years who resided in an agricultural county in Ecuador, totaling 3119 observations.	PMID:41904267	analysed subset: participants with AChE measured at eight exams over 16 years (2024)								
COHO:0002638	owl:NamedIndividual	Rome Longitudinal Study	2000000	Rome Longitudinal Study: administrative cohort of >2 million individuals all ages, enrolled at Census date (Oct. 9 2011) and followed up until 2019 (to be updated).	https://molgeniscatalogue.org/Global%20Exposome%20Cohorts/collections/ROLS	residents of all ages enrolled at the 2011 census (more than)								
COHO:0002639	owl:NamedIndividual	Prevention Cube	773900	Number of participants 773900	https://molgeniscatalogue.org/Global%20Exposome%20Cohorts/collections/Precube	employees under IDEWE surveillance, 1993-2025 (catalogue field)								
COHO:0002640	owl:NamedIndividual	Czech Health, Alcohol and Psychosocial factors In Eastern Europe study	8856	Four representative urban cohorts of middle-aged men and women were established in the Czech Republic (n = 8,856), Poland (n = 10,727), Lithuania (n = 10,940), and Russia (n = 9,363) in the early 2000s.	https://molgeniscatalogue.org/Global%20Exposome%20Cohorts/collections/HAPIEE-CZ	men and women aged 45-69 at baseline 2002-2005								
COHO:0002641	owl:NamedIndividual	International Lipid-Based Nutrient Supplements Project-DYAD-Malawi	1391	We enrolled 1391 women with uncomplicated pregnancies	PMID:25646337	pregnant women enrolled and randomised from 2011								
COHO:0002642	owl:NamedIndividual	New Hampshire Birth Cohort Study	1500	Today our study has over 1,500 women and 1,500 children from New Hampshire and Vermont participating in this important study.	https://www.protectkidshealth.com/about	women enrolled (more than), with over 1,500 children								
COHO:0002643	owl:NamedIndividual	Shanghai Dapuqiao Aging and Cognition Study	2287	Data were collected across three examination waves in 2019, 2022, and 2024, with 2287, 1518, and 3554 eligible participants included after exclusions, respectively.	https://molgeniscatalogue.org/Global%20Exposome%20Cohorts/collections/SDACS	eligible participants of wave 1 (2019)								
COHO:0002644	owl:NamedIndividual	Survey of Health, Ageing and Retirement in Europe	140000	From 2004 until today, 530,000 in-depth interviews with 140,000 people aged 50 or older from 28 European countries and Israel have been conducted.	https://share-eric.eu/infrastructure	people aged 50+ interviewed since 2004 (all waves, 28 countries and Israel)								
COHO:0002645	owl:NamedIndividual	Harmonized Diagnostic Assessment of Dementia for the Longitudinal Aging Study in India	4635	A total of 4635 participants were recruited between 2022 and 2024 from 22 states and union territories of India, accounting for 97.9% of the population in India.	PMID:39482079	participants of Wave 2 (follow-up plus refresher sample), 2022-2024								
COHO:0002646	owl:NamedIndividual	Hokkaido Study on Environment and Children's Health	20926	This cohort consists of 20,926 pregnant women.	PMID:34022817	pregnant women of the Hokkaido cohort only (the larger of the two sub-cohorts), 2003-2012								
COHO:0002647	owl:NamedIndividual	GINIplus/LISA North	3390	Number of participants 3390	https://molgeniscatalogue.org/Global%20Exposome%20Cohorts/collections/GINI%2FLISA%20North	children of GINIplus and LISA in the Wesel (North) area, as listed by the catalogue								
COHO:0002648	owl:NamedIndividual	Walnuts Smart Snack Dietary Intervention Trial	771	After data collection, 771 participants were equally randomized in two groups (386/385), but because of some exclusions post-randomization, 748 were finally included.	PMID:34169045	adolescents randomised (2015-2016)								
COHO:0002649	owl:NamedIndividual	GENOBOX study	1775	Number of participants 1775	https://molgeniscatalogue.org/Global%20Exposome%20Cohorts/collections/GENOBOX	children and adolescents in the cohort, as listed in the catalogue (1998-2015)								
COHO:0002650	owl:NamedIndividual	Rio Birth Cohort Study on Environmental Exposure and Childhood Development	142	A pilot study (PIPA Pilot study) was carried out between September 2017 and August 2018, with 142 pregnant women enrolled in and 135 children born at the Federal University of Rio de Janeiro Maternity School [24].	PMID:35409976	pregnant women enrolled in the pilot phase only (135 children born), 2017-2018								
COHO:0002651	owl:NamedIndividual	Programming Research in Obesity, Growth, Environment and Social Stressors	948	A total of 948 mothers were enrolled in pregnancy and gave birth to a live child.	PMID:42225914	mothers enrolled in pregnancy who gave birth to a live child (2007-2010)								
COHO:0002652	owl:NamedIndividual	Infants' Environmental Health Study	451	We enrolled 451 pregnant women from Matina County, Costa Rica, which has large-scale banana production.	PMID:25198283	pregnant women enrolled (2010-2011)								
COHO:0002653	owl:NamedIndividual	Multi-Partner Consortium to Expand Dementia Research in Latin America	5834	As of August 17, 2024, a total of 5834 participants had been enrolled in the study (Fig. 1).	PMID:41586258	participants enrolled (retrospective and prospective cohorts) as of 17 August 2024								
COHO:0002654	owl:NamedIndividual	Sustainable plant protection transition: a global health approach	792	Number of participants 792	https://molgeniscatalogue.org/Global%20Exposome%20Cohorts/collections/SPRINT	subjects of the 2021 field study, as listed in the catalogue								
COHO:0002655	owl:NamedIndividual	Maule Cohort	9462	The study recruited 9,462 adults aged 35–74 years between 2014 and 2020.	https://molgeniscatalogue.org/Global%20Exposome%20Cohorts/collections/MAUCO	adults recruited 2014-2020								
COHO:0002656	owl:NamedIndividual	Survey on Health, Well-Being, and Aging in Colombia	23694	A total of 36,153 older adults were found, of these 23,694 surveys were carried out, for a percentage of national effective response of 66% in 244 municipalities (Table 2).	PMID:31607769	older adults surveyed (effective surveys) in 244 municipalities (2015)								
COHO:0002657	owl:NamedIndividual	Encuesta Nacional de Situación Nutricional	151343	La tercera Encuesta Nacional de Situación Nutricional de Colombia (ENSIN) 2015 es una operación estadística poblacional realizada entre noviembre de 2015 a diciembre de 2016, en la cual, se entrevistaron 151.343 personas de 44.202 hogares en 295 municipios del país.	https://www.icbf.gov.co/bienestar/nutricion/encuesta-nacional-situacion-nutricional	people interviewed in the 2015 round (44,202 households), 2015-2016								
COHO:0002658	owl:NamedIndividual	Cohorts Consortium of Latin America and the Caribbean	174180	At the time of the first datalock, data from 174 180 individuals have been pooled: 171 937 (98.7%) have complete follow-up or were censored (e.g. lost-to follow-up or death by other causes), 578 (0.3%) have had a first non-fatal cardiovascular event and 1665 (1.0%) have experienced a fatal cardiovascular event (Table 1).	PMID:32888015	individuals pooled from 32 cohorts at the first datalock (29 March 2020)								
COHO:0002659	owl:NamedIndividual	Ecuador Life	2404	A total of 2404 newborns were recruited between 2006 and 2009 in a public hospital serving the rural district of Quininde, Esmeraldas Province, in a tropical region of coastal Ecuador.	PMID:24990475	newborns recruited 2006-2009								
COHO:0002660	owl:NamedIndividual	Banco Nacional de Tumores Terry Fox	2065	Number of participants 2065	https://molgeniscatalogue.org/Global%20Exposome%20Cohorts/collections/BNTTF	donors recruited 2011-2013, as listed in the catalogue								
COHO:0002661	owl:NamedIndividual	China Health and Retirement Longitudinal Study	17708	The national baseline survey for the study was conducted between June 2011 and March 2012 and involved 17 708 respondents.	PMID:23243115	respondents in the 2011-2012 national baseline								
COHO:0002662	owl:NamedIndividual	REal-time Assessment of Community Transmission	3000000	REACT Cohort is now made up of over 3 million people who have consented to follow-up by providing permission for us to contact them future research and/or to link to their health data.	https://www.imperial.ac.uk/medicine/research-and-impact/groups/react-study/	people consenting to recontact and/or health-data linkage (stated as 'over 3 million')								
COHO:0002663	owl:NamedIndividual	3xG study	301	Dit gebeurt door onderzoek bij 301 opgroeiende kinderen uit de regio en door verwerking van de ziekte- en sterfteregisters van de drie gemeenten.	https://studie3xg.be/nl	children followed in the cohort								
COHO:0002664	owl:NamedIndividual	Cohort ’18, Growing Up in Hungary	8287	By the end of this wave of our data collection, 8,287 expectants joined our study.	https://kohorsz18.hu/en/about-the-study/research-waves.html	pregnant women who joined in the prenatal wave (2018-2019)								
COHO:0002665	owl:NamedIndividual	COMmunity-based Behavior and Attitude survey in Tuvalu	1030	The COMmunity-based Behavior and Attitude survey in Tuvalu (COMBAT) collected data between February and May 2022 from 1030 adults (985 with complete data) from Funafuti, the main island, and the other 8 outlying islands [17].	PMID:38351973	adults surveyed in the 2022 wave								
COHO:0002666	owl:NamedIndividual	São Paulo Western Region Birth Cohort	6207	A total of 7066 births occurred in the period, and 6207 mother-child pairs who resided in the studied setting were enrolled in the cohort.	PMID:33952246	mother-child pairs enrolled (births April 2012 - March 2014), 2012-2014								
COHO:0002667	owl:NamedIndividual	Next Steps	16122	The total number of cohort members who have ever participated in the study is 16 122, including 352 Black Caribbean and Black African pupils who joined the study at Sweep 4 as part of an ethnic minority boost.	https://pmc.ncbi.nlm.nih.gov/articles/PMC11561396/	cohort members who ever took part (2004-2023), including the Sweep 4 ethnic minority boost								
COHO:0002668	owl:NamedIndividual	PROMESA cohort study	506	Number of participants 506	https://molgeniscatalogue.org/Global%20Exposome%20Cohorts/collections/PROMESA	children, as the cohort's catalogue entry gives it								
COHO:0002669	owl:NamedIndividual	Butajira Nutrition, Mental Health, and Pregnancy Study	1024	Out of the 1,024 women who were enrolled in the study, 196 women exited from the study.	PMID:37620778	pregnant women enrolled (2017-2019), 2018-2019								
COHO:0002670	owl:NamedIndividual	Primeiros Laços	80	Eighty adolescent mothers were included and randomized to receive either Primeiros Laços (intervention group, n = 40) or healthcare as usual (control group, n = 40).	PMID:34257407	pregnant adolescents randomised (40 intervention, 40 usual care), 2015-2016								
COHO:0002671	owl:NamedIndividual	Golestan Cohort Study	50045	Briefly, GCS is a prospective study of 50,045 adults, aged 40–75 years, who were enrolled between 2004 and 2008, from 329 rural and urban areas of the Golestan province in northeast Iran.	PMID:37781157	adults aged 40-75 enrolled 2004-2008								
COHO:0002672	owl:NamedIndividual	Norwegian Family Based Life Course Study	6272827	This comprises in all 6,272,827 individuals.	https://doi.org/10.1007/s00038-012-0379-4	individuals in the 1960-2001 censuses with a personal identity number								
COHO:0002673	owl:NamedIndividual	Chilean COVID-19 Biorepository	2262	In five months, 2262 participants were enrolled, pseudonymized, and sorted by disease severity.	PMID:39596552	adults with confirmed SARS-CoV-2 infection enrolled (2020-2021)								
COHO:0002674	owl:NamedIndividual	Million Women Study	1300000	1.3 million women aged 50–64 years were recruited into the Million Women Study in 1996–2001.	PMID:42167794	women aged 50-64 recruited 1996-2001 (rounded figure as stated)								
COHO:0002675	owl:NamedIndividual	Saudi Biobank	60000	With more than 60,000 participants enrolled to date—and a target of 200,000 participants—the Biobank integrates rich datasets, including EHRs, self-reported information, and diverse biospecimens [3].	PMID:41721974	participants enrolled to date (lower bound, 'more than 60,000'), recruitment ongoing (2026)								
COHO:0002676	owl:NamedIndividual	Prospective Epidemiological Research Studies in Iran	170564	Between 2014 and 2020, the PERSIAN Cohort enrolled 170,564 adults across 18 study districts.	PMID:41286709	adults aged 35-70 enrolled at baseline across 18 districts, 2014-2020								
COHO:0002677	owl:NamedIndividual	Generation Victoria	123516	A further 5833 children and 9122 parents/guardians were recruited to the Advance Cohort, bringing the total participants enrolled to 123 516 (49 686 children, 73 830 parents/guardians).	https://pmc.ncbi.nlm.nih.gov/articles/PMC13016905/	children and parents/guardians enrolled (Cohort 2020s plus Advance Cohort), 2020-2023								
COHO:0002678	owl:NamedIndividual	South Asia Biobank	149051	The data from 149,051 adults ages 18 years and above used for the present study were collected between 2018 and 2022.	PMID:38071311	adults whose data were collected 2018-2022 (as used by the example study)								
COHO:0002679	owl:NamedIndividual	Dementias Platform UK	3370929	The Dementias Platform UK Data Portal is a data repository facilitating access to data for 3 370 929 individuals in 42 cohorts.	PMID:32328990	individuals across the 42 cohorts of the DPUK Data Portal (2020)								
COHO:0002680	owl:NamedIndividual	Iganga-Mayuge Health and Demographic Surveillance Site	95000	The IMHDSS cohort covers a catchment area of 155 km2 with a population of 95 000 individuals and is served by 23 health facilities.	PMID:40018598	population under surveillance (rounded)								
COHO:0002681	owl:NamedIndividual	HUNT4 70+	9956	In HUNT4 70+, all inhabitants aged 70+ were invited (N = 19,403), with 9956 (51.3%) participating (Figure 1).	PMID:40879407	inhabitants aged 70+ who took part in HUNT4 70+ (2017-2019)								
COHO:0002683	owl:NamedIndividual	German National Cohort	205415	Between 2014 and 2019, a total of 205,415 men and women aged 19–74 years were recruited and examined in 18 study centres in Germany.	PMID:36260190	men and women aged 19-74 recruited and examined at baseline, 2014-2019								
COHO:0002684	owl:NamedIndividual	The Malaysian Cohort	106527	The Malaysian Cohort (TMC) project is a large population-based cohort study that managed to recruit 106,527 participants over a period from the year 2006 until 2012 [23].	PMID:34299667	participants recruited 2006-2012								
COHO:0002685	owl:NamedIndividual	Cancer Prevention Study-3	303682	In total, 303,682 participants were enrolled.	PMID:28171707	participants enrolled 2006-2013								
COHO:0002686	owl:NamedIndividual	Personalized Environment and Genes Study	19445	The PEGS cohort contains 19,445 demographically diverse participants who provided phenotype and exposure data by completing three surveys.	PMID:41927563	participants in PEGS Data Freeze 3.1 (2023)								
COHO:0002687	owl:NamedIndividual	Newfoundland and Labrador Genome Project	2500	The NLGP cohort consists of the initial 2,500 participants for whom medical history and saliva samples were obtained with informed consent under a study protocol approved by the Newfoundland and Labrador Health Research Ethics Board (Ethics Reference #: 2018.243).	PMID:37117635	initial participants with medical history and saliva samples, as analysed in the 2023 paper								
COHO:0002688	owl:NamedIndividual	UKCTOCS Longitudinal Women's Cohort	202280	UKCTOCS Longitudinal Women’s Cohort (UKLWC) includes the 202,280 postmenopausal women from the general population who joined the United Kingdom Collaborative Trial of Ovarian Cancer Screening	https://uklwc.mrcctu.ucl.ac.uk/overview	postmenopausal women who joined UKCTOCS (2005)								
COHO:0002689	owl:NamedIndividual	Kilifi Health and Demographic Surveillance System	261919	In March 2011, there were 29 970 households with 261 919 residents under surveillance; 49% of these were aged <15 years and 18% were aged <5 years (Figure 2).	PMID:22544844	residents under surveillance in March 2011								
COHO:0002690	owl:NamedIndividual	Cancer Prevention Study II Nutrition Cohort	184194	During the period 1992–1993, 184,194 CPS-II participants 50–74 y of age who resided in 21 states were recruited for participation in the CPS-II Nutrition Cohort.	https://www.ebi.ac.uk/europepmc/webservices/rest/PMC10718084/fullTextXML	CPS-II participants aged 50-74 recruited to the Nutrition Cohort 1992-1993								
COHO:0002691	owl:NamedIndividual	Environmental influences on Child Health Outcomes Cohort	60553	As of March 4, 2022, the EWC cohorts contributed data from 60,553 children and consented 29,622 children for new EWCP data and biospecimen collection.	PMID:36963379	children contributing data from the ECHO cohorts, as of the March 2022 data lock								
COHO:0002692	owl:NamedIndividual	Japan Public Health Center-based Prospective Study for the Next Generation	115385	Results: As of December 31, 2016, we have established a population-based cohort of 115,385 persons (Response rate 44.1%), among whom 55,278 (47.9% of participants) have provided blood and urine samples.	https://europepmc.org/api/getPdf?pmcid=PMC6908844	persons enrolled 2011-2016								
COHO:0002693	owl:NamedIndividual	China Patient-centered Evaluative Assessment of Cardiac Events Million Persons Project	2660666	We enrolled 2 660 666 participants aged 35-75 years from 31 provinces between 2014 and 2018 in the cross-sectional China Patient-Centered Evaluative Assessment of Cardiac Events Million Persons Project.	PMID:33038086	participants aged 35-75 enrolled in 31 provinces, 2014-2018								
COHO:0002694	owl:NamedIndividual	Africa Centre Demographic Information System	231179	Since 2000, 231 179 unique individuals have participated in the cohort, generating >2 million person-years of follow-up.	PMID:33437994	unique individuals who have participated since 2000 (ACDIS and its 2017 expansion, PIP), 2018								
COHO:0002695	owl:NamedIndividual	LifeGene	50437	LifeGene startade i september 2009 och innehåller information från totalt 50,437 deltagare.	https://www.lifegene.se/	participants with information in LifeGene (recruited 2009-2016)								
COHO:0002696	owl:NamedIndividual	SG100K	100000	The PRECISE-SG100K resource is a unique multi-ancestry Asian population cohort dataset of ~100,000 Singaporean residents, jointly created by PRECISE, SG100K Institutions and GIS.	https://www.npm.sg/our-data-users/data-access/data-access-to-precise-sg100k/	approximate number of Singapore residents across the four member cohorts in the PRECISE-SG100K dataset								
COHO:0002697	owl:NamedIndividual	South African Population Research Infrastructure Network	355000	In 2020, the SAPRIN population cohort covered 355000 individuals for whom data on births and deaths, residency status and migration, household asset ownership status, and measures of well-being including employment, education and social protection are updated three times a year.	https://europepmc.org/api/getPdf?pmcid=PMC9365637	individuals under surveillance in the three founding HDSS nodes in 2020								
COHO:0002698	owl:NamedIndividual	Lifecourse biological pathways underlying social differences in healthy aging	1700000	Lifepath researchers explored SEP as a risk factor for adult NCDs in a multi-cohort study of over 1.7 million individuals from 48 independent cohorts from the UK, France, Switzerland, Portugal, Italy, the USA, and Australia (7) (Figure 1) (see the section “Health inequalities in cohorts and the underlying mechanisms,” page 18).	https://www.ebi.ac.uk/europepmc/webservices/rest/PMC7235337/fullTextXML	individuals from 48 cohorts pooled in the flagship multi-cohort analysis of socioeconomic position and mortality (stated as 'over 1.7 million')								
COHO:0002699	owl:NamedIndividual	Vorarlberg Health Monitoring and Prevention Programme	167371	Between 1985 and 2001, 167 371 adult Vorarlberg residents were enrolled in the VHM&PP Study Cohort after signing an informed consent to store and process personal data (height, weight, smoking and other factors).	PMID:16234822	adult residents enrolled 1985-2001								
COHO:0002700	owl:NamedIndividual	45 and Up Study	267357	A total of 1 395 174 invitations were mailed and 267 357 participants enrolled.	PMID:35604374	men and women enrolled 2005-2009								
COHO:0002701	owl:NamedIndividual	International Health Cohorts Consortium	33872619	A Breakdown of ~33,872,619 unique participants across 69 reporting sites.	https://www.ebi.ac.uk/europepmc/webservices/rest/PMC12371067/fullTextXML	unique participants across the 69 member cohorts that reported (approximate, summed by the consortium), 2025								
