aggregation_id	aggregation_label	member_name	member_acronym	member_id	member_country	source_url	source_pmid	quote	quote verified	confidence	include	remark
COHO:0000012	Atopic Dermatitis Research Network	Effect of Dupilumab (Anti-IL4Rα) on the Host-Microbe Interface in Atopic Dermatitis	ADRN-09	new	United_States	https://clinicaltrials.gov/api/v2/studies?query.term=%22Atopic%20Dermatitis%20Research%20Network%22&pageSize=100&format=json		Effect of Dupilumab (Anti-IL4Rα) on the Host-Microbe Interface in Atopic Dermatitis	yes	high	yes	Official registry query returned 11 ADRN protocols; NCT03389893; protocol ID DAIT ADRN-09.
COHO:0000012	Atopic Dermatitis Research Network	Atopic Dermatitis Research Network (ADRN) Influenza Vaccine Study	ADRN-05	new	United_States	https://clinicaltrials.gov/api/v2/studies?query.term=%22Atopic%20Dermatitis%20Research%20Network%22&pageSize=100&format=json		Atopic Dermatitis Research Network (ADRN) Influenza Vaccine Study	yes	high	yes	Official registry query returned 11 ADRN protocols; NCT01737710; protocol ID DAIT ADRN-05.
COHO:0000012	Atopic Dermatitis Research Network	Targeted Investigation of Microbiome 2 Treat Atopic Dermatitis (TIME-2)	ADRN-14	new	United_States	https://clinicaltrials.gov/api/v2/studies?query.term=%22Atopic%20Dermatitis%20Research%20Network%22&pageSize=100&format=json		Targeted Investigation of Microbiome 2 Treat Atopic Dermatitis (TIME-2)	yes	high	yes	Official registry query returned 11 ADRN protocols; NCT06504160; protocol ID DAIT ADRN-14.
COHO:0000012	Atopic Dermatitis Research Network	Registry for the Atopic Dermatitis Research Network	ADRN-02	new	United_States	https://clinicaltrials.gov/api/v2/studies?query.term=%22Atopic%20Dermatitis%20Research%20Network%22&pageSize=100&format=json		Registry for the Atopic Dermatitis Research Network	yes	high	yes	Official registry query returned 11 ADRN protocols; NCT01494142; protocol ID DAIT ADRN-02.
COHO:0000012	Atopic Dermatitis Research Network	Etiology of Eczema Herpeticum (EH)	ADRN-06	new	United_States	https://clinicaltrials.gov/api/v2/studies?query.term=%22Atopic%20Dermatitis%20Research%20Network%22&pageSize=100&format=json		Etiology of Eczema Herpeticum (EH)	yes	high	yes	Official registry query returned 11 ADRN protocols; NCT03038932; protocol ID DAIT ADRN-06.
COHO:0000012	Atopic Dermatitis Research Network	Targeted Investigation of Microbiome Elimination	ADRN-13	new	United_States	https://clinicaltrials.gov/api/v2/studies?query.term=%22Atopic%20Dermatitis%20Research%20Network%22&pageSize=100&format=json		Targeted Investigation of Microbiome Elimination	yes	high	yes	Official registry query returned 11 ADRN protocols; NCT05177328; protocol ID DAIT ADRN-13.
COHO:0000012	Atopic Dermatitis Research Network	Targeted Microbiome Transplant in Atopic Dermatitis	ADRN-08	new	United_States	https://clinicaltrials.gov/api/v2/studies?query.term=%22Atopic%20Dermatitis%20Research%20Network%22&pageSize=100&format=json		Targeted Microbiome Transplant in Atopic Dermatitis	yes	high	yes	Official registry query returned 11 ADRN protocols; NCT03151148; protocol ID DAIT ADRN-08.
COHO:0000012	Atopic Dermatitis Research Network	Atopic Dermatitis (AD) and Food Allergy	ADRN-10	new	United_States	https://clinicaltrials.gov/api/v2/studies?query.term=%22Atopic%20Dermatitis%20Research%20Network%22&pageSize=100&format=json		Atopic Dermatitis (AD) and Food Allergy	yes	high	yes	Official registry query returned 11 ADRN protocols; NCT03168113; protocol ID DAIT ADRN-10.
COHO:0000012	Atopic Dermatitis Research Network	Atopic Dermatitis Research Network (ADRN) Influenza Vaccine Pilot	ADRN-03	new	United_States	https://clinicaltrials.gov/api/v2/studies?query.term=%22Atopic%20Dermatitis%20Research%20Network%22&pageSize=100&format=json		Atopic Dermatitis Research Network (ADRN) Influenza Vaccine Pilot	yes	high	yes	Official registry query returned 11 ADRN protocols; NCT01518478; protocol ID DAIT ADRN-03.
COHO:0000012	Atopic Dermatitis Research Network	Interferon Responses in Eczema Herpeticum	ADRN-01	new	United_States	https://clinicaltrials.gov/api/v2/studies?query.term=%22Atopic%20Dermatitis%20Research%20Network%22&pageSize=100&format=json		Interferon Responses in Eczema Herpeticum	yes	high	yes	Official registry query returned 11 ADRN protocols; NCT01429311; protocol ID DAIT ADRN-01.
COHO:0000012	Atopic Dermatitis Research Network	ADRN Barrier/Immunoprofiling Exploratory Pilot Study	ADRN-04	new	United_States	https://clinicaltrials.gov/api/v2/studies?query.term=%22Atopic%20Dermatitis%20Research%20Network%22&pageSize=100&format=json		ADRN Barrier/Immunoprofiling Exploratory Pilot Study	yes	high	yes	Official registry query returned 11 ADRN protocols; NCT02115399; protocol ID DAIT ADRN-04.
COHO:0000017	Berlin-Frankfurt-Münster trials	ALL-BFM 81	ALL-BFM 81	new		https://www.nature.com/articles/leu2009257	PMID:20010625	ALL-BFM 81	yes	high	yes	Five consecutive ALL-BFM trials, 1981–2000; multicountry recruitment (Germany, Austria and Switzerland).
COHO:0000017	Berlin-Frankfurt-Münster trials	ALL-BFM 83	ALL-BFM 83	new		https://www.nature.com/articles/leu2009257	PMID:20010625	ALL-BFM 83	no	high	yes	Five consecutive ALL-BFM trials, 1981–2000; multicountry recruitment (Germany, Austria and Switzerland).
COHO:0000017	Berlin-Frankfurt-Münster trials	ALL-BFM 86	ALL-BFM 86	new		https://www.nature.com/articles/leu2009257	PMID:20010625	ALL-BFM 86	no	high	yes	Five consecutive ALL-BFM trials, 1981–2000; multicountry recruitment (Germany, Austria and Switzerland).
COHO:0000017	Berlin-Frankfurt-Münster trials	ALL-BFM 90	ALL-BFM 90	new		https://www.nature.com/articles/leu2009257	PMID:20010625	ALL-BFM 90	no	high	yes	Five consecutive ALL-BFM trials, 1981–2000; multicountry recruitment (Germany, Austria and Switzerland).
COHO:0000017	Berlin-Frankfurt-Münster trials	ALL-BFM 95	ALL-BFM 95	new		https://www.nature.com/articles/leu2009257	PMID:20010625	ALL-BFM 95	yes	high	yes	Five consecutive ALL-BFM trials, 1981–2000; multicountry recruitment (Germany, Austria and Switzerland).
COHO:0000020	Breast Cancer Association Consortium	Australian Breast Cancer Family Study	ABCFS	new	Australia	https://www.ncbi.nlm.nih.gov/research/bionlp/RESTful/pmcoa.cgi/BioC_xml/PMC5601244/unicode	PMID:28670784	Australian Breast Cancer Family Study	yes	medium	yes	Table 1: all 21 participating studies in this 2017 BCAC analysis; not a current consortium-wide roster.
COHO:0000020	Breast Cancer Association Consortium	Amsterdam Breast Cancer Study	ABCS	new	Netherlands	https://www.ncbi.nlm.nih.gov/research/bionlp/RESTful/pmcoa.cgi/BioC_xml/PMC5601244/unicode	PMID:28670784	Amsterdam Breast Cancer Study	yes	medium	yes	Table 1: all 21 participating studies in this 2017 BCAC analysis; not a current consortium-wide roster.
COHO:0000020	Breast Cancer Association Consortium	Bavarian Breast Cancer Cases and Controls	BBCC	new	Germany	https://www.ncbi.nlm.nih.gov/research/bionlp/RESTful/pmcoa.cgi/BioC_xml/PMC5601244/unicode	PMID:28670784	Bavarian Breast Cancer Cases and Controls	yes	medium	yes	Table 1: all 21 participating studies in this 2017 BCAC analysis; not a current consortium-wide roster.
COHO:0000020	Breast Cancer Association Consortium	Breast Oncology Galicia Network	BREOGAN	new	Spain	https://www.ncbi.nlm.nih.gov/research/bionlp/RESTful/pmcoa.cgi/BioC_xml/PMC5601244/unicode	PMID:28670784	Breast Oncology Galicia Network	yes	medium	yes	Table 1: all 21 participating studies in this 2017 BCAC analysis; not a current consortium-wide roster.
COHO:0000020	Breast Cancer Association Consortium	CECILE Breast cancer Study	CECILE	new	France	https://www.ncbi.nlm.nih.gov/research/bionlp/RESTful/pmcoa.cgi/BioC_xml/PMC5601244/unicode	PMID:28670784	CECILE Breast cancer Study	yes	medium	yes	Table 1: all 21 participating studies in this 2017 BCAC analysis; not a current consortium-wide roster.
COHO:0000020	Breast Cancer Association Consortium	Copenhagen General Population Study	CGPS	new	Denmark	https://www.ncbi.nlm.nih.gov/research/bionlp/RESTful/pmcoa.cgi/BioC_xml/PMC5601244/unicode	PMID:28670784	Copenhagen General Population Study	yes	medium	yes	Table 1: all 21 participating studies in this 2017 BCAC analysis; not a current consortium-wide roster.
COHO:0000020	Breast Cancer Association Consortium	Cancer Prevention Study II	CPSII	COHO:0000024	United_States	https://www.ncbi.nlm.nih.gov/research/bionlp/RESTful/pmcoa.cgi/BioC_xml/PMC5601244/unicode	PMID:28670784	Cancer Prevention Study II	yes	medium	yes	Table 1: all 21 participating studies in this 2017 BCAC analysis; not a current consortium-wide roster. COHO's 1982 American Cancer Society cohort definition identifies CPS-II despite the shorter label.
COHO:0000020	Breast Cancer Association Consortium	ESTHER Breast Cancer Study	ESTHER	new	Germany	https://www.ncbi.nlm.nih.gov/research/bionlp/RESTful/pmcoa.cgi/BioC_xml/PMC5601244/unicode	PMID:28670784	ESTHER Breast Cancer Study	yes	medium	yes	Table 1: all 21 participating studies in this 2017 BCAC analysis; not a current consortium-wide roster.
COHO:0000020	Breast Cancer Association Consortium	Gene‐Environment Interaction and Breast Cancer in Germany	GENICA	new	Germany	https://www.ncbi.nlm.nih.gov/research/bionlp/RESTful/pmcoa.cgi/BioC_xml/PMC5601244/unicode	PMID:28670784	Gene‐Environment Interaction and Breast Cancer in Germany	yes	medium	yes	Table 1: all 21 participating studies in this 2017 BCAC analysis; not a current consortium-wide roster.
COHO:0000020	Breast Cancer Association Consortium	Kuopio Breast Cancer Project	KBCP	new	Finland	https://www.ncbi.nlm.nih.gov/research/bionlp/RESTful/pmcoa.cgi/BioC_xml/PMC5601244/unicode	PMID:28670784	Kuopio Breast Cancer Project	yes	medium	yes	Table 1: all 21 participating studies in this 2017 BCAC analysis; not a current consortium-wide roster.
COHO:0000020	Breast Cancer Association Consortium	Leuven Multidisciplinary Breast Centre	LMBC	new	Belgium	https://www.ncbi.nlm.nih.gov/research/bionlp/RESTful/pmcoa.cgi/BioC_xml/PMC5601244/unicode	PMID:28670784	Leuven Multidisciplinary Breast Centre	yes	medium	yes	Table 1: all 21 participating studies in this 2017 BCAC analysis; not a current consortium-wide roster.
COHO:0000020	Breast Cancer Association Consortium	Mammary Carcinoma Risk Factor Investigation	MARIE	new	Germany	https://www.ncbi.nlm.nih.gov/research/bionlp/RESTful/pmcoa.cgi/BioC_xml/PMC5601244/unicode	PMID:28670784	Mammary Carcinoma Risk Factor Investigation	yes	medium	yes	Table 1: all 21 participating studies in this 2017 BCAC analysis; not a current consortium-wide roster.
COHO:0000020	Breast Cancer Association Consortium	Mayo Clinic Breast Cancer Study	MCBCS	new	United_States	https://www.ncbi.nlm.nih.gov/research/bionlp/RESTful/pmcoa.cgi/BioC_xml/PMC5601244/unicode	PMID:28670784	Mayo Clinic Breast Cancer Study	yes	medium	yes	Table 1: all 21 participating studies in this 2017 BCAC analysis; not a current consortium-wide roster.
COHO:0000020	Breast Cancer Association Consortium	Melbourne Collaborative Cohort Study	MCCS	new	Australia	https://www.ncbi.nlm.nih.gov/research/bionlp/RESTful/pmcoa.cgi/BioC_xml/PMC5601244/unicode	PMID:28670784	Melbourne Collaborative Cohort Study	yes	medium	yes	Table 1: all 21 participating studies in this 2017 BCAC analysis; not a current consortium-wide roster.
COHO:0000020	Breast Cancer Association Consortium	Montreal Gene‐Environment Breast Cancer Study	MTLGEBCS	new	Canada	https://www.ncbi.nlm.nih.gov/research/bionlp/RESTful/pmcoa.cgi/BioC_xml/PMC5601244/unicode	PMID:28670784	Montreal Gene‐Environment Breast Cancer Study	yes	medium	yes	Table 1: all 21 participating studies in this 2017 BCAC analysis; not a current consortium-wide roster.
COHO:0000020	Breast Cancer Association Consortium	NCI Polish Breast Cancer Study	PBCS	new	Poland	https://www.ncbi.nlm.nih.gov/research/bionlp/RESTful/pmcoa.cgi/BioC_xml/PMC5601244/unicode	PMID:28670784	NCI Polish Breast Cancer Study	yes	medium	yes	Table 1: all 21 participating studies in this 2017 BCAC analysis; not a current consortium-wide roster.
COHO:0000020	Breast Cancer Association Consortium	Karolinska Mammography Project for Risk Prediction of Breast Cancer‐prevalent cases	pKARMA	new	Sweden	https://www.ncbi.nlm.nih.gov/research/bionlp/RESTful/pmcoa.cgi/BioC_xml/PMC5601244/unicode	PMID:28670784	Karolinska Mammography Project for Risk Prediction of Breast Cancer‐prevalent cases	yes	medium	yes	Table 1: all 21 participating studies in this 2017 BCAC analysis; not a current consortium-wide roster.
COHO:0000020	Breast Cancer Association Consortium	Singapore and Sweden Breast Cancer Study	SASBAC	new	Sweden	https://www.ncbi.nlm.nih.gov/research/bionlp/RESTful/pmcoa.cgi/BioC_xml/PMC5601244/unicode	PMID:28670784	Singapore and Sweden Breast Cancer Study	yes	medium	yes	Table 1: all 21 participating studies in this 2017 BCAC analysis; not a current consortium-wide roster.
COHO:0000020	Breast Cancer Association Consortium	Sheffield Breast Cancer Study	SBCS	new	United_Kingdom	https://www.ncbi.nlm.nih.gov/research/bionlp/RESTful/pmcoa.cgi/BioC_xml/PMC5601244/unicode	PMID:28670784	Sheffield Breast Cancer Study	yes	medium	yes	Table 1: all 21 participating studies in this 2017 BCAC analysis; not a current consortium-wide roster.
COHO:0000020	Breast Cancer Association Consortium	Study of Epidemiology and Risk Factors in Cancer Heredity	SEARCH	new	United_Kingdom	https://www.ncbi.nlm.nih.gov/research/bionlp/RESTful/pmcoa.cgi/BioC_xml/PMC5601244/unicode	PMID:28670784	Study of Epidemiology and Risk Factors in Cancer Heredity	yes	medium	yes	Table 1: all 21 participating studies in this 2017 BCAC analysis; not a current consortium-wide roster.
COHO:0000020	Breast Cancer Association Consortium	UK Breakthrough Generations Study	UKBGS	new	United_Kingdom	https://www.ncbi.nlm.nih.gov/research/bionlp/RESTful/pmcoa.cgi/BioC_xml/PMC5601244/unicode	PMID:28670784	UK Breakthrough Generations Study	yes	medium	yes	Table 1: all 21 participating studies in this 2017 BCAC analysis; not a current consortium-wide roster.
COHO:0000022	Cancer and Leukemia Group B	CALGB 9130	CALGB 9130	new		https://www.ncbi.nlm.nih.gov/research/bionlp/RESTful/pmcoa.cgi/BioC_xml/PMC9641080/unicode		CALGB 9130	yes	medium	yes	All six trials in Table 1 of this CALGB/Alliance pooled NSCLC analysis; scope is this analysis.
COHO:0000022	Cancer and Leukemia Group B	CALGB 9431	CALGB 9431	new		https://www.ncbi.nlm.nih.gov/research/bionlp/RESTful/pmcoa.cgi/BioC_xml/PMC9641080/unicode		CALGB 9431	yes	medium	yes	All six trials in Table 1 of this CALGB/Alliance pooled NSCLC analysis; scope is this analysis.
COHO:0000022	Cancer and Leukemia Group B	CALGB 9534	CALGB 9534	new		https://www.ncbi.nlm.nih.gov/research/bionlp/RESTful/pmcoa.cgi/BioC_xml/PMC9641080/unicode		CALGB 9534	yes	medium	yes	All six trials in Table 1 of this CALGB/Alliance pooled NSCLC analysis; scope is this analysis.
COHO:0000022	Cancer and Leukemia Group B	CALGB 30105	CALGB 30105	new		https://www.ncbi.nlm.nih.gov/research/bionlp/RESTful/pmcoa.cgi/BioC_xml/PMC9641080/unicode		CALGB 30105	yes	medium	yes	All six trials in Table 1 of this CALGB/Alliance pooled NSCLC analysis; scope is this analysis.
COHO:0000022	Cancer and Leukemia Group B	CALGB 30106	CALGB 30106	new		https://www.ncbi.nlm.nih.gov/research/bionlp/RESTful/pmcoa.cgi/BioC_xml/PMC9641080/unicode		CALGB 30106	yes	medium	yes	All six trials in Table 1 of this CALGB/Alliance pooled NSCLC analysis; scope is this analysis.
COHO:0000022	Cancer and Leukemia Group B	CALGB 39801	CALGB 39801	new		https://www.ncbi.nlm.nih.gov/research/bionlp/RESTful/pmcoa.cgi/BioC_xml/PMC9641080/unicode		CALGB 39801	yes	medium	yes	All six trials in Table 1 of this CALGB/Alliance pooled NSCLC analysis; scope is this analysis.
COHO:0000023	Cancer Genome Atlas	Acute Myeloid Leukemia		new		https://www.cancer.gov/ccg/research/genome-sequencing/tcga/studied-cancers		Acute Myeloid Leukemia	yes	high	yes	Tumour-type participant collection named in NCI's TCGA 'Cancers Selected for Study' table; table uses histology groupings rather than all 33 project codes.
COHO:0000023	Cancer Genome Atlas	Adrenocortical Carcinoma		new		https://www.cancer.gov/ccg/research/genome-sequencing/tcga/studied-cancers		Adrenocortical Carcinoma	yes	high	yes	Tumour-type participant collection named in NCI's TCGA 'Cancers Selected for Study' table; table uses histology groupings rather than all 33 project codes.
COHO:0000023	Cancer Genome Atlas	Bladder Urothelial Carcinoma		new		https://www.cancer.gov/ccg/research/genome-sequencing/tcga/studied-cancers		Bladder Urothelial Carcinoma	yes	high	yes	Tumour-type participant collection named in NCI's TCGA 'Cancers Selected for Study' table; table uses histology groupings rather than all 33 project codes.
COHO:0000023	Cancer Genome Atlas	Breast Ductal Carcinoma		new		https://www.cancer.gov/ccg/research/genome-sequencing/tcga/studied-cancers		Breast Ductal Carcinoma	yes	high	yes	Tumour-type participant collection named in NCI's TCGA 'Cancers Selected for Study' table; table uses histology groupings rather than all 33 project codes.
COHO:0000023	Cancer Genome Atlas	Breast Lobular Carcinoma		new		https://www.cancer.gov/ccg/research/genome-sequencing/tcga/studied-cancers		Breast Lobular Carcinoma	yes	high	yes	Tumour-type participant collection named in NCI's TCGA 'Cancers Selected for Study' table; table uses histology groupings rather than all 33 project codes.
COHO:0000023	Cancer Genome Atlas	Cervical Carcinoma		new		https://www.cancer.gov/ccg/research/genome-sequencing/tcga/studied-cancers		Cervical Carcinoma	yes	high	yes	Tumour-type participant collection named in NCI's TCGA 'Cancers Selected for Study' table; table uses histology groupings rather than all 33 project codes.
COHO:0000023	Cancer Genome Atlas	Cholangiocarcinoma		new		https://www.cancer.gov/ccg/research/genome-sequencing/tcga/studied-cancers		Cholangiocarcinoma	yes	high	yes	Tumour-type participant collection named in NCI's TCGA 'Cancers Selected for Study' table; table uses histology groupings rather than all 33 project codes.
COHO:0000023	Cancer Genome Atlas	Colorectal Adenocarcinoma		new		https://www.cancer.gov/ccg/research/genome-sequencing/tcga/studied-cancers		Colorectal Adenocarcinoma	yes	high	yes	Tumour-type participant collection named in NCI's TCGA 'Cancers Selected for Study' table; table uses histology groupings rather than all 33 project codes.
COHO:0000023	Cancer Genome Atlas	Esophageal Carcinoma		new		https://www.cancer.gov/ccg/research/genome-sequencing/tcga/studied-cancers		Esophageal Carcinoma	yes	high	yes	Tumour-type participant collection named in NCI's TCGA 'Cancers Selected for Study' table; table uses histology groupings rather than all 33 project codes.
COHO:0000023	Cancer Genome Atlas	Gastric Adenocarcinoma		new		https://www.cancer.gov/ccg/research/genome-sequencing/tcga/studied-cancers		Gastric Adenocarcinoma	yes	high	yes	Tumour-type participant collection named in NCI's TCGA 'Cancers Selected for Study' table; table uses histology groupings rather than all 33 project codes.
COHO:0000023	Cancer Genome Atlas	Glioblastoma Multiforme		new		https://www.cancer.gov/ccg/research/genome-sequencing/tcga/studied-cancers		Glioblastoma Multiforme	yes	high	yes	Tumour-type participant collection named in NCI's TCGA 'Cancers Selected for Study' table; table uses histology groupings rather than all 33 project codes.
COHO:0000023	Cancer Genome Atlas	Head and Neck Squamous Cell Carcinoma		new (in new_cohorts_ega)		https://www.cancer.gov/ccg/research/genome-sequencing/tcga/studied-cancers		Head and Neck Squamous Cell Carcinoma	yes	high	yes	Tumour-type participant collection named in NCI's TCGA 'Cancers Selected for Study' table; table uses histology groupings rather than all 33 project codes. Missing table explicitly names TCGA-HNSC (head and neck cancer).
COHO:0000023	Cancer Genome Atlas	Hepatocellular Carcinoma		new		https://www.cancer.gov/ccg/research/genome-sequencing/tcga/studied-cancers		Hepatocellular Carcinoma	yes	high	yes	Tumour-type participant collection named in NCI's TCGA 'Cancers Selected for Study' table; table uses histology groupings rather than all 33 project codes.
COHO:0000023	Cancer Genome Atlas	Chromophobe Renal Cell Carcinoma		new		https://www.cancer.gov/ccg/research/genome-sequencing/tcga/studied-cancers		Chromophobe Renal Cell Carcinoma	yes	high	yes	Tumour-type participant collection named in NCI's TCGA 'Cancers Selected for Study' table; table uses histology groupings rather than all 33 project codes.
COHO:0000023	Cancer Genome Atlas	Clear Cell Renal Cell Carcinoma		new		https://www.cancer.gov/ccg/research/genome-sequencing/tcga/studied-cancers		Clear Cell Renal Cell Carcinoma	yes	high	yes	Tumour-type participant collection named in NCI's TCGA 'Cancers Selected for Study' table; table uses histology groupings rather than all 33 project codes.
COHO:0000023	Cancer Genome Atlas	Papillary Renal Cell Carcinoma		new		https://www.cancer.gov/ccg/research/genome-sequencing/tcga/studied-cancers		Papillary Renal Cell Carcinoma	yes	high	yes	Tumour-type participant collection named in NCI's TCGA 'Cancers Selected for Study' table; table uses histology groupings rather than all 33 project codes.
COHO:0000023	Cancer Genome Atlas	Lower Grade Glioma		new		https://www.cancer.gov/ccg/research/genome-sequencing/tcga/studied-cancers		Lower Grade Glioma	yes	high	yes	Tumour-type participant collection named in NCI's TCGA 'Cancers Selected for Study' table; table uses histology groupings rather than all 33 project codes.
COHO:0000023	Cancer Genome Atlas	Lung Adenocarcinoma		new		https://www.cancer.gov/ccg/research/genome-sequencing/tcga/studied-cancers		Lung Adenocarcinoma	yes	high	yes	Tumour-type participant collection named in NCI's TCGA 'Cancers Selected for Study' table; table uses histology groupings rather than all 33 project codes.
COHO:0000023	Cancer Genome Atlas	Lung Squamous Cell Carcinoma		new		https://www.cancer.gov/ccg/research/genome-sequencing/tcga/studied-cancers		Lung Squamous Cell Carcinoma	yes	high	yes	Tumour-type participant collection named in NCI's TCGA 'Cancers Selected for Study' table; table uses histology groupings rather than all 33 project codes.
COHO:0000023	Cancer Genome Atlas	Mesothelioma		new		https://www.cancer.gov/ccg/research/genome-sequencing/tcga/studied-cancers		Mesothelioma	yes	high	yes	Tumour-type participant collection named in NCI's TCGA 'Cancers Selected for Study' table; table uses histology groupings rather than all 33 project codes.
COHO:0000023	Cancer Genome Atlas	Ovarian Serous Adenocarcinoma		new		https://www.cancer.gov/ccg/research/genome-sequencing/tcga/studied-cancers		Ovarian Serous Adenocarcinoma	yes	high	yes	Tumour-type participant collection named in NCI's TCGA 'Cancers Selected for Study' table; table uses histology groupings rather than all 33 project codes.
COHO:0000023	Cancer Genome Atlas	Pancreatic Ductal Adenocarcinoma		new		https://www.cancer.gov/ccg/research/genome-sequencing/tcga/studied-cancers		Pancreatic Ductal Adenocarcinoma	yes	high	yes	Tumour-type participant collection named in NCI's TCGA 'Cancers Selected for Study' table; table uses histology groupings rather than all 33 project codes.
COHO:0000023	Cancer Genome Atlas	Paraganglioma & Pheochromocytoma		new		https://www.cancer.gov/ccg/research/genome-sequencing/tcga/studied-cancers		Paraganglioma & Pheochromocytoma	yes	high	yes	Tumour-type participant collection named in NCI's TCGA 'Cancers Selected for Study' table; table uses histology groupings rather than all 33 project codes.
COHO:0000023	Cancer Genome Atlas	Prostate Adenocarcinoma		new		https://www.cancer.gov/ccg/research/genome-sequencing/tcga/studied-cancers		Prostate Adenocarcinoma	yes	high	yes	Tumour-type participant collection named in NCI's TCGA 'Cancers Selected for Study' table; table uses histology groupings rather than all 33 project codes.
COHO:0000023	Cancer Genome Atlas	Sarcoma		new		https://www.cancer.gov/ccg/research/genome-sequencing/tcga/studied-cancers		Sarcoma	yes	high	yes	Tumour-type participant collection named in NCI's TCGA 'Cancers Selected for Study' table; table uses histology groupings rather than all 33 project codes.
COHO:0000023	Cancer Genome Atlas	Skin Cutaneous Melanoma		new		https://www.cancer.gov/ccg/research/genome-sequencing/tcga/studied-cancers		Skin Cutaneous Melanoma	yes	high	yes	Tumour-type participant collection named in NCI's TCGA 'Cancers Selected for Study' table; table uses histology groupings rather than all 33 project codes.
COHO:0000023	Cancer Genome Atlas	Testicular Germ Cell Cancer		new		https://www.cancer.gov/ccg/research/genome-sequencing/tcga/studied-cancers		Testicular Germ Cell Cancer	yes	high	yes	Tumour-type participant collection named in NCI's TCGA 'Cancers Selected for Study' table; table uses histology groupings rather than all 33 project codes.
COHO:0000023	Cancer Genome Atlas	Thymoma		new		https://www.cancer.gov/ccg/research/genome-sequencing/tcga/studied-cancers		Thymoma	yes	high	yes	Tumour-type participant collection named in NCI's TCGA 'Cancers Selected for Study' table; table uses histology groupings rather than all 33 project codes.
COHO:0000023	Cancer Genome Atlas	Thyroid Papillary Carcinoma		new		https://www.cancer.gov/ccg/research/genome-sequencing/tcga/studied-cancers		Thyroid Papillary Carcinoma	yes	high	yes	Tumour-type participant collection named in NCI's TCGA 'Cancers Selected for Study' table; table uses histology groupings rather than all 33 project codes.
COHO:0000023	Cancer Genome Atlas	Uterine Carcinosarcoma		new		https://www.cancer.gov/ccg/research/genome-sequencing/tcga/studied-cancers		Uterine Carcinosarcoma	yes	high	yes	Tumour-type participant collection named in NCI's TCGA 'Cancers Selected for Study' table; table uses histology groupings rather than all 33 project codes.
COHO:0000023	Cancer Genome Atlas	Uterine Corpus Endometrioid Carcinoma		new		https://www.cancer.gov/ccg/research/genome-sequencing/tcga/studied-cancers		Uterine Corpus Endometrioid Carcinoma	yes	high	yes	Tumour-type participant collection named in NCI's TCGA 'Cancers Selected for Study' table; table uses histology groupings rather than all 33 project codes.
COHO:0000023	Cancer Genome Atlas	Uveal Melanoma		new		https://www.cancer.gov/ccg/research/genome-sequencing/tcga/studied-cancers		Uveal Melanoma	yes	high	yes	Tumour-type participant collection named in NCI's TCGA 'Cancers Selected for Study' table; table uses histology groupings rather than all 33 project codes.
COHO:0000026	Candesartan in Heart failure Assessment of Reduction in Mortality and morbidity	CHARM Alternative	CHARM Alternative	new		https://www.ebi.ac.uk/europepmc/webservices/rest/search?query=TITLE%3ACHARM%20AND%20TITLE%3Aprogramme%20AND%20TITLE%3Abaseline&format=json&resultType=core&pageSize=5	PMID:12798823	CHARM Alternative	yes	high	yes	Three component trials explicitly named in the CHARM baseline/design report.
COHO:0000026	Candesartan in Heart failure Assessment of Reduction in Mortality and morbidity	CHARM Added	CHARM Added	new		https://www.ebi.ac.uk/europepmc/webservices/rest/search?query=TITLE%3ACHARM%20AND%20TITLE%3Aprogramme%20AND%20TITLE%3Abaseline&format=json&resultType=core&pageSize=5	PMID:12798823	CHARM Added	yes	high	yes	Three component trials explicitly named in the CHARM baseline/design report.
COHO:0000026	Candesartan in Heart failure Assessment of Reduction in Mortality and morbidity	CHARM Preserved	CHARM Preserved	new		https://www.ebi.ac.uk/europepmc/webservices/rest/search?query=TITLE%3ACHARM%20AND%20TITLE%3Aprogramme%20AND%20TITLE%3Abaseline&format=json&resultType=core&pageSize=5	PMID:12798823	CHARM Preserved	yes	high	yes	Three component trials explicitly named in the CHARM baseline/design report.
COHO:0000029	CARDIoGRAMplusC4D	Atherosclerotic Disease, VAscular FuNction, & GenetiC Epidemiology study	ADVANCE	new	United_States	https://media.springernature.com/original/springer-static/esm/art%3A10.1038%2Fng.2480/MediaObjects/41588_2013_BFng2480_MOESM9_ESM.pdf	PMID:23202125	ADVANCE	yes	medium	yes	Supplementary Tables 2a–2b, stages 2–3; combined case/control cohorts separated, EGCUT/PROMIS genotyping partitions merged. Stage 1 CARDIoGRAM is only cited as an aggregate.
COHO:0000029	CARDIoGRAMplusC4D	The Academic Medical Center Amsterdam Premature Atherosclerosis Study	AMC-PAS	new	Netherlands	https://media.springernature.com/original/springer-static/esm/art%3A10.1038%2Fng.2480/MediaObjects/41588_2013_BFng2480_MOESM9_ESM.pdf	PMID:23202125	AMC-PAS	yes	medium	yes	Supplementary Tables 2a–2b, stages 2–3; combined case/control cohorts separated, EGCUT/PROMIS genotyping partitions merged. Stage 1 CARDIoGRAM is only cited as an aggregate. AMC-PAS is erroneously also a synonym of COHO:0000016 (ALSPAC); disease/population differs, so no match.
COHO:0000029	CARDIoGRAMplusC4D	Lübeck Registry of Structural Heart Disease	Angio-Lueb	new	Germany	https://media.springernature.com/original/springer-static/esm/art%3A10.1038%2Fng.2480/MediaObjects/41588_2013_BFng2480_MOESM9_ESM.pdf	PMID:23202125	Angio-Lueb	yes	medium	yes	Supplementary Tables 2a–2b, stages 2–3; combined case/control cohorts separated, EGCUT/PROMIS genotyping partitions merged. Stage 1 CARDIoGRAM is only cited as an aggregate.
COHO:0000029	CARDIoGRAMplusC4D	KORA (Kooperative Gesundheitsforschung in der Region Augsburg) survey S3/F3	KORA F3	new	Germany	https://media.springernature.com/original/springer-static/esm/art%3A10.1038%2Fng.2480/MediaObjects/41588_2013_BFng2480_MOESM9_ESM.pdf	PMID:23202125	KORA F3	yes	medium	yes	Supplementary Tables 2a–2b, stages 2–3; combined case/control cohorts separated, EGCUT/PROMIS genotyping partitions merged. Stage 1 CARDIoGRAM is only cited as an aggregate.
COHO:0000029	CARDIoGRAMplusC4D	Cardiogenics Study	Cardiogenics	COHO:0000028		https://media.springernature.com/original/springer-static/esm/art%3A10.1038%2Fng.2480/MediaObjects/41588_2013_BFng2480_MOESM9_ESM.pdf	PMID:23202125	Cardiogenics	yes	medium	yes	Supplementary Tables 2a–2b, stages 2–3; combined case/control cohorts separated, EGCUT/PROMIS genotyping partitions merged. Stage 1 CARDIoGRAM is only cited as an aggregate.
COHO:0000029	CARDIoGRAMplusC4D	The Dietary, Lifestyle, and Genetic determinants of Obesity and Metabolic syndrome study	DILGOM	new	Finland	https://media.springernature.com/original/springer-static/esm/art%3A10.1038%2Fng.2480/MediaObjects/41588_2013_BFng2480_MOESM9_ESM.pdf	PMID:23202125	DILGOM	yes	medium	yes	Supplementary Tables 2a–2b, stages 2–3; combined case/control cohorts separated, EGCUT/PROMIS genotyping partitions merged. Stage 1 CARDIoGRAM is only cited as an aggregate.
COHO:0000029	CARDIoGRAMplusC4D	The Duke Cathgen Study	DUKE	new	United_States	https://media.springernature.com/original/springer-static/esm/art%3A10.1038%2Fng.2480/MediaObjects/41588_2013_BFng2480_MOESM9_ESM.pdf	PMID:23202125	DUKE	yes	medium	yes	Supplementary Tables 2a–2b, stages 2–3; combined case/control cohorts separated, EGCUT/PROMIS genotyping partitions merged. Stage 1 CARDIoGRAM is only cited as an aggregate. Cardiac catheterisation cohort, not COHO:0000055 Duke Cognition Cohort.
COHO:0000029	CARDIoGRAMplusC4D	Estonian Genome Center of University of Tartu	EGCUT	COHO:0000064	Estonia	https://media.springernature.com/original/springer-static/esm/art%3A10.1038%2Fng.2480/MediaObjects/41588_2013_BFng2480_MOESM9_ESM.pdf	PMID:23202125	EGCUT	yes	medium	yes	Supplementary Tables 2a–2b, stages 2–3; combined case/control cohorts separated, EGCUT/PROMIS genotyping partitions merged. Stage 1 CARDIoGRAM is only cited as an aggregate. EGCUT is identified as the Estonian Biobank in the retrieved Cohort Profile (PMID:24518929). Also listed in new_cohorts_ega.tsv; existing COHO ID takes precedence.
COHO:0000029	CARDIoGRAMplusC4D	The European Prospective Investigation into Cancer	EPIC	COHO:0000066	United_Kingdom	https://media.springernature.com/original/springer-static/esm/art%3A10.1038%2Fng.2480/MediaObjects/41588_2013_BFng2480_MOESM9_ESM.pdf	PMID:23202125	EPIC	yes	medium	yes	Supplementary Tables 2a–2b, stages 2–3; combined case/control cohorts separated, EGCUT/PROMIS genotyping partitions merged. Stage 1 CARDIoGRAM is only cited as an aggregate. Supplement's study description specifies Cambridgeshire/Norfolk and its acknowledgements name EPIC-Norfolk, resolving COHO:0000065 versus COHO:0000066.
COHO:0000029	CARDIoGRAMplusC4D	Functional Genomic Diagnostic Tools for Coronary Artery Disease	FGENTCARD	COHO:0000189	Lebanon	https://media.springernature.com/original/springer-static/esm/art%3A10.1038%2Fng.2480/MediaObjects/41588_2013_BFng2480_MOESM9_ESM.pdf	PMID:23202125	FGENTCARD	yes	medium	yes	Supplementary Tables 2a–2b, stages 2–3; combined case/control cohorts separated, EGCUT/PROMIS genotyping partitions merged. Stage 1 CARDIoGRAM is only cited as an aggregate.
COHO:0000029	CARDIoGRAMplusC4D	Fragmin and Fast Revascularization during Instability in Coronary Artery Disease	FRISCII	new		https://media.springernature.com/original/springer-static/esm/art%3A10.1038%2Fng.2480/MediaObjects/41588_2013_BFng2480_MOESM9_ESM.pdf	PMID:23202125	FRISCII	yes	medium	yes	Supplementary Tables 2a–2b, stages 2–3; combined case/control cohorts separated, EGCUT/PROMIS genotyping partitions merged. Stage 1 CARDIoGRAM is only cited as an aggregate.
COHO:0000029	CARDIoGRAMplusC4D	Gene x Lifestyle interactions And Complex traits Involved in Elevated disease Risk	GLACIER	new	Sweden	https://media.springernature.com/original/springer-static/esm/art%3A10.1038%2Fng.2480/MediaObjects/41588_2013_BFng2480_MOESM9_ESM.pdf	PMID:23202125	GLACIER	yes	medium	yes	Supplementary Tables 2a–2b, stages 2–3; combined case/control cohorts separated, EGCUT/PROMIS genotyping partitions merged. Stage 1 CARDIoGRAM is only cited as an aggregate.
COHO:0000029	CARDIoGRAMplusC4D	The Genetics of Diabetes Audit and Research in Tayside Scotland	GoDARTS	COHO:0000082	United_Kingdom	https://media.springernature.com/original/springer-static/esm/art%3A10.1038%2Fng.2480/MediaObjects/41588_2013_BFng2480_MOESM9_ESM.pdf	PMID:23202125	GoDARTS	yes	medium	yes	Supplementary Tables 2a–2b, stages 2–3; combined case/control cohorts separated, EGCUT/PROMIS genotyping partitions merged. Stage 1 CARDIoGRAM is only cited as an aggregate.
COHO:0000029	CARDIoGRAMplusC4D	MRC/BHF Heart Protection Study	HPS	COHO:0000091	United_Kingdom	https://media.springernature.com/original/springer-static/esm/art%3A10.1038%2Fng.2480/MediaObjects/41588_2013_BFng2480_MOESM9_ESM.pdf	PMID:23202125	HPS	yes	medium	yes	Supplementary Tables 2a–2b, stages 2–3; combined case/control cohorts separated, EGCUT/PROMIS genotyping partitions merged. Stage 1 CARDIoGRAM is only cited as an aggregate.
COHO:0000029	CARDIoGRAMplusC4D	The INTERHEART Study	ITH	new		https://media.springernature.com/original/springer-static/esm/art%3A10.1038%2Fng.2480/MediaObjects/41588_2013_BFng2480_MOESM9_ESM.pdf	PMID:23202125	ITH	yes	medium	yes	Supplementary Tables 2a–2b, stages 2–3; combined case/control cohorts separated, EGCUT/PROMIS genotyping partitions merged. Stage 1 CARDIoGRAM is only cited as an aggregate.
COHO:0000029	CARDIoGRAMplusC4D	London Life Sciences Population study	LOLIPOP	new	United_Kingdom	https://media.springernature.com/original/springer-static/esm/art%3A10.1038%2Fng.2480/MediaObjects/41588_2013_BFng2480_MOESM9_ESM.pdf	PMID:23202125	LOLIPOP	yes	medium	yes	Supplementary Tables 2a–2b, stages 2–3; combined case/control cohorts separated, EGCUT/PROMIS genotyping partitions merged. Stage 1 CARDIoGRAM is only cited as an aggregate.
COHO:0000029	CARDIoGRAMplusC4D	LUdwigshafen RIsk and Cardiovascular health study	LURIC	new	Germany	https://media.springernature.com/original/springer-static/esm/art%3A10.1038%2Fng.2480/MediaObjects/41588_2013_BFng2480_MOESM9_ESM.pdf	PMID:23202125	LURIC-EMIL	yes	medium	yes	Supplementary Tables 2a–2b, stages 2–3; combined case/control cohorts separated, EGCUT/PROMIS genotyping partitions merged. Stage 1 CARDIoGRAM is only cited as an aggregate.
COHO:0000029	CARDIoGRAMplusC4D	Echinococcus Multilocularis and Internal Diseases in Leutkirch study	EMIL	new	Germany	https://media.springernature.com/original/springer-static/esm/art%3A10.1038%2Fng.2480/MediaObjects/41588_2013_BFng2480_MOESM9_ESM.pdf	PMID:23202125	LURIC-EMIL	yes	medium	yes	Supplementary Tables 2a–2b, stages 2–3; combined case/control cohorts separated, EGCUT/PROMIS genotyping partitions merged. Stage 1 CARDIoGRAM is only cited as an aggregate.
COHO:0000029	CARDIoGRAMplusC4D	METabolic Syndrome In Men	METSIM	new	Finland	https://media.springernature.com/original/springer-static/esm/art%3A10.1038%2Fng.2480/MediaObjects/41588_2013_BFng2480_MOESM9_ESM.pdf	PMID:23202125	METSIM	yes	medium	yes	Supplementary Tables 2a–2b, stages 2–3; combined case/control cohorts separated, EGCUT/PROMIS genotyping partitions merged. Stage 1 CARDIoGRAM is only cited as an aggregate.
COHO:0000029	CARDIoGRAMplusC4D	MONICA, Risk, Genetics, Archiving, and Monograph - Finland	MORGAM-FIN	new	Finland	https://media.springernature.com/original/springer-static/esm/art%3A10.1038%2Fng.2480/MediaObjects/41588_2013_BFng2480_MOESM9_ESM.pdf	PMID:23202125	MORGAM-FIN	yes	medium	yes	Supplementary Tables 2a–2b, stages 2–3; combined case/control cohorts separated, EGCUT/PROMIS genotyping partitions merged. Stage 1 CARDIoGRAM is only cited as an aggregate.
COHO:0000029	CARDIoGRAMplusC4D	MONICA, Risk, Genetics, Archiving, and Monograph - France	MORGAM-FRA	new	France	https://media.springernature.com/original/springer-static/esm/art%3A10.1038%2Fng.2480/MediaObjects/41588_2013_BFng2480_MOESM9_ESM.pdf	PMID:23202125	MORGAM-	yes	medium	yes	Supplementary Tables 2a–2b, stages 2–3; combined case/control cohorts separated, EGCUT/PROMIS genotyping partitions merged. Stage 1 CARDIoGRAM is only cited as an aggregate.
COHO:0000029	CARDIoGRAMplusC4D	MONICA, Risk, Genetics, Archiving, and Monograph - Germany	MORGAM-GER	new	Germany	https://media.springernature.com/original/springer-static/esm/art%3A10.1038%2Fng.2480/MediaObjects/41588_2013_BFng2480_MOESM9_ESM.pdf	PMID:23202125	MORGAM-	yes	medium	yes	Supplementary Tables 2a–2b, stages 2–3; combined case/control cohorts separated, EGCUT/PROMIS genotyping partitions merged. Stage 1 CARDIoGRAM is only cited as an aggregate.
COHO:0000029	CARDIoGRAMplusC4D	MONICA, Risk, Genetics, Archiving, and Monograph - Italy	MORGAM-ITA	new	Italy	https://media.springernature.com/original/springer-static/esm/art%3A10.1038%2Fng.2480/MediaObjects/41588_2013_BFng2480_MOESM9_ESM.pdf	PMID:23202125	MORGAM-ITA	yes	medium	yes	Supplementary Tables 2a–2b, stages 2–3; combined case/control cohorts separated, EGCUT/PROMIS genotyping partitions merged. Stage 1 CARDIoGRAM is only cited as an aggregate.
COHO:0000029	CARDIoGRAMplusC4D	MONICA, Risk, Genetics, Archiving, and Monograph - United Kingdom	MORGAM-UNK	new	United_Kingdom	https://media.springernature.com/original/springer-static/esm/art%3A10.1038%2Fng.2480/MediaObjects/41588_2013_BFng2480_MOESM9_ESM.pdf	PMID:23202125	MORGAM-	yes	medium	yes	Supplementary Tables 2a–2b, stages 2–3; combined case/control cohorts separated, EGCUT/PROMIS genotyping partitions merged. Stage 1 CARDIoGRAM is only cited as an aggregate.
COHO:0000029	CARDIoGRAMplusC4D	The Ottawa Heart Genomics Study	OHGS	new	Canada	https://media.springernature.com/original/springer-static/esm/art%3A10.1038%2Fng.2480/MediaObjects/41588_2013_BFng2480_MOESM9_ESM.pdf	PMID:23202125	OHGS	yes	medium	yes	Supplementary Tables 2a–2b, stages 2–3; combined case/control cohorts separated, EGCUT/PROMIS genotyping partitions merged. Stage 1 CARDIoGRAM is only cited as an aggregate.
COHO:0000029	CARDIoGRAMplusC4D	Prospective Investigation of the Vasculature in Uppsala Seniors	PIVUS	COHO:0000144	Sweden	https://media.springernature.com/original/springer-static/esm/art%3A10.1038%2Fng.2480/MediaObjects/41588_2013_BFng2480_MOESM9_ESM.pdf	PMID:23202125	PIVUS	yes	medium	yes	Supplementary Tables 2a–2b, stages 2–3; combined case/control cohorts separated, EGCUT/PROMIS genotyping partitions merged. Stage 1 CARDIoGRAM is only cited as an aggregate.
COHO:0000029	CARDIoGRAMplusC4D	Pfizer-MGH-Broad	PMB	new		https://media.springernature.com/original/springer-static/esm/art%3A10.1038%2Fng.2480/MediaObjects/41588_2013_BFng2480_MOESM9_ESM.pdf	PMID:23202125	PMB	yes	medium	yes	Supplementary Tables 2a–2b, stages 2–3; combined case/control cohorts separated, EGCUT/PROMIS genotyping partitions merged. Stage 1 CARDIoGRAM is only cited as an aggregate.
COHO:0000029	CARDIoGRAMplusC4D	PopGen	PopGen	new	Germany	https://media.springernature.com/original/springer-static/esm/art%3A10.1038%2Fng.2480/MediaObjects/41588_2013_BFng2480_MOESM9_ESM.pdf	PMID:23202125	PopGen	yes	medium	yes	Supplementary Tables 2a–2b, stages 2–3; combined case/control cohorts separated, EGCUT/PROMIS genotyping partitions merged. Stage 1 CARDIoGRAM is only cited as an aggregate.
COHO:0000029	CARDIoGRAMplusC4D	European collaborative study of the genetics of precocious coronary artery disease	PROCARDIS	COHO:0000142		https://media.springernature.com/original/springer-static/esm/art%3A10.1038%2Fng.2480/MediaObjects/41588_2013_BFng2480_MOESM9_ESM.pdf	PMID:23202125	PROCARDIS	yes	medium	yes	Supplementary Tables 2a–2b, stages 2–3; combined case/control cohorts separated, EGCUT/PROMIS genotyping partitions merged. Stage 1 CARDIoGRAM is only cited as an aggregate.
COHO:0000029	CARDIoGRAMplusC4D	The Pakistan Risk Of Myocardial Infarction Study	PROMIS	COHO:0000169	Pakistan	https://media.springernature.com/original/springer-static/esm/art%3A10.1038%2Fng.2480/MediaObjects/41588_2013_BFng2480_MOESM9_ESM.pdf	PMID:23202125	PROMIS	yes	medium	yes	Supplementary Tables 2a–2b, stages 2–3; combined case/control cohorts separated, EGCUT/PROMIS genotyping partitions merged. Stage 1 CARDIoGRAM is only cited as an aggregate.
COHO:0000029	CARDIoGRAMplusC4D	SCARF	SCARF	new	Sweden	https://media.springernature.com/original/springer-static/esm/art%3A10.1038%2Fng.2480/MediaObjects/41588_2013_BFng2480_MOESM9_ESM.pdf	PMID:23202125	SCARF	yes	medium	yes	Supplementary Tables 2a–2b, stages 2–3; combined case/control cohorts separated, EGCUT/PROMIS genotyping partitions merged. Stage 1 CARDIoGRAM is only cited as an aggregate.
COHO:0000029	CARDIoGRAMplusC4D	SHEEP	SHEEP	new	Sweden	https://media.springernature.com/original/springer-static/esm/art%3A10.1038%2Fng.2480/MediaObjects/41588_2013_BFng2480_MOESM9_ESM.pdf	PMID:23202125	SHEEP	yes	medium	yes	Supplementary Tables 2a–2b, stages 2–3; combined case/control cohorts separated, EGCUT/PROMIS genotyping partitions merged. Stage 1 CARDIoGRAM is only cited as an aggregate.
COHO:0000029	CARDIoGRAMplusC4D	Swedish Twin Registry	STR	COHO:0000160	Sweden	https://media.springernature.com/original/springer-static/esm/art%3A10.1038%2Fng.2480/MediaObjects/41588_2013_BFng2480_MOESM9_ESM.pdf	PMID:23202125	STR	yes	medium	yes	Supplementary Tables 2a–2b, stages 2–3; combined case/control cohorts separated, EGCUT/PROMIS genotyping partitions merged. Stage 1 CARDIoGRAM is only cited as an aggregate.
COHO:0000029	CARDIoGRAMplusC4D	The Hellenic Study of Interactions between Snps and Eating in Atherosclerosis Susceptibility (THISEAS) study	THISEAS	COHO:0000171	Greece	https://media.springernature.com/original/springer-static/esm/art%3A10.1038%2Fng.2480/MediaObjects/41588_2013_BFng2480_MOESM9_ESM.pdf	PMID:23202125	THISEAS	yes	medium	yes	Supplementary Tables 2a–2b, stages 2–3; combined case/control cohorts separated, EGCUT/PROMIS genotyping partitions merged. Stage 1 CARDIoGRAM is only cited as an aggregate.
COHO:0000029	CARDIoGRAMplusC4D	Uppsala Longitudinal Study of Adult Men	ULSAM	COHO:0000194	Sweden	https://media.springernature.com/original/springer-static/esm/art%3A10.1038%2Fng.2480/MediaObjects/41588_2013_BFng2480_MOESM9_ESM.pdf	PMID:23202125	ULSAM	yes	medium	yes	Supplementary Tables 2a–2b, stages 2–3; combined case/control cohorts separated, EGCUT/PROMIS genotyping partitions merged. Stage 1 CARDIoGRAM is only cited as an aggregate.
COHO:0000029	CARDIoGRAMplusC4D	The Wellcome Trust Case Control Consortium CAD2	WTCCC CAD2	new	United_Kingdom	https://media.springernature.com/original/springer-static/esm/art%3A10.1038%2Fng.2480/MediaObjects/41588_2013_BFng2480_MOESM9_ESM.pdf	PMID:23202125	WTCCC CAD2	yes	medium	yes	Supplementary Tables 2a–2b, stages 2–3; combined case/control cohorts separated, EGCUT/PROMIS genotyping partitions merged. Stage 1 CARDIoGRAM is only cited as an aggregate. The missing-cohort table's generic WTCCC CAD entry does not distinguish CAD2.
COHO:0000029	CARDIoGRAMplusC4D	Corogene	COROGENE	new	Finland	https://media.springernature.com/original/springer-static/esm/art%3A10.1038%2Fng.2480/MediaObjects/41588_2013_BFng2480_MOESM9_ESM.pdf	PMID:23202125	COROGENE	yes	medium	yes	Supplementary Tables 2a–2b, stages 2–3; combined case/control cohorts separated, EGCUT/PROMIS genotyping partitions merged. Stage 1 CARDIoGRAM is only cited as an aggregate.
COHO:0000029	CARDIoGRAMplusC4D	The Finnish Cardiovascular Study	FINCAVAS	new	Finland	https://media.springernature.com/original/springer-static/esm/art%3A10.1038%2Fng.2480/MediaObjects/41588_2013_BFng2480_MOESM9_ESM.pdf	PMID:23202125	FINCAVAS	yes	medium	yes	Supplementary Tables 2a–2b, stages 2–3; combined case/control cohorts separated, EGCUT/PROMIS genotyping partitions merged. Stage 1 CARDIoGRAM is only cited as an aggregate.
COHO:0000029	CARDIoGRAMplusC4D	Genomics Research in Cardiovascular disease	GenRIC	new	South_Korea	https://media.springernature.com/original/springer-static/esm/art%3A10.1038%2Fng.2480/MediaObjects/41588_2013_BFng2480_MOESM9_ESM.pdf	PMID:23202125	GenRIC	yes	medium	yes	Supplementary Tables 2a–2b, stages 2–3; combined case/control cohorts separated, EGCUT/PROMIS genotyping partitions merged. Stage 1 CARDIoGRAM is only cited as an aggregate.
COHO:0000043	Consortium for the Longitudinal Evaluation of African Americans with Early Rheumatoid Arthritis	CLEAR I	CLEAR I	new		https://www.ncbi.nlm.nih.gov/research/bionlp/RESTful/pmcoa.cgi/BioC_xml/PMC3052790/unicode	PMID:20461784	CLEAR I	yes	medium	yes	Separate longitudinal and cross-sectional registry cohorts.
COHO:0000043	Consortium for the Longitudinal Evaluation of African Americans with Early Rheumatoid Arthritis	CLEAR II	CLEAR II	new		https://www.ncbi.nlm.nih.gov/research/bionlp/RESTful/pmcoa.cgi/BioC_xml/PMC3052790/unicode	PMID:20461784	CLEAR II	yes	medium	yes	Separate longitudinal and cross-sectional registry cohorts.
COHO:0000044	Consortium of Minority Population Genome-Wide Association Studies of Stroke	Atherosclerosis Risk in Communities	ARIC	COHO:0000011		https://www.ncbi.nlm.nih.gov/research/bionlp/RESTful/pmcoa.cgi/BioC_xml/PMC4740911/unicode	PMID:26089329	Atherosclerosis Risk in Communities	yes	medium	yes	All nine studies explicitly listed as COMPASS members in Methods.
COHO:0000044	Consortium of Minority Population Genome-Wide Association Studies of Stroke	Cardiovascular Health Study	CHS	new		https://www.ncbi.nlm.nih.gov/research/bionlp/RESTful/pmcoa.cgi/BioC_xml/PMC4740911/unicode	PMID:26089329	Cardiovascular Health Study	yes	medium	yes	All nine studies explicitly listed as COMPASS members in Methods.
COHO:0000044	Consortium of Minority Population Genome-Wide Association Studies of Stroke	Dynamics of Health, Aging and Body Composition Study	HABC	new		https://www.ncbi.nlm.nih.gov/research/bionlp/RESTful/pmcoa.cgi/BioC_xml/PMC4740911/unicode	PMID:26089329	Dynamics of Health, Aging and Body Composition Study	yes	medium	yes	All nine studies explicitly listed as COMPASS members in Methods.
COHO:0000044	Consortium of Minority Population Genome-Wide Association Studies of Stroke	Women’s Health Initiative	WHI	new		https://www.ncbi.nlm.nih.gov/research/bionlp/RESTful/pmcoa.cgi/BioC_xml/PMC4740911/unicode	PMID:26089329	Women’s Health Initiative	yes	medium	yes	All nine studies explicitly listed as COMPASS members in Methods.
COHO:0000044	Consortium of Minority Population Genome-Wide Association Studies of Stroke	Genetics of Early Onset Stroke	GEOS	new		https://www.ncbi.nlm.nih.gov/research/bionlp/RESTful/pmcoa.cgi/BioC_xml/PMC4740911/unicode	PMID:26089329	Genetics of Early Onset Stroke	yes	medium	yes	All nine studies explicitly listed as COMPASS members in Methods.
COHO:0000044	Consortium of Minority Population Genome-Wide Association Studies of Stroke	Ischemic Stroke Genetics Study	ISGS	new		https://www.ncbi.nlm.nih.gov/research/bionlp/RESTful/pmcoa.cgi/BioC_xml/PMC4740911/unicode	PMID:26089329	Ischemic Stroke Genetics Study	yes	medium	yes	All nine studies explicitly listed as COMPASS members in Methods.
COHO:0000044	Consortium of Minority Population Genome-Wide Association Studies of Stroke	Vitamin Intervention for Stroke Prevention	VISP	new		https://www.ncbi.nlm.nih.gov/research/bionlp/RESTful/pmcoa.cgi/BioC_xml/PMC4740911/unicode	PMID:26089329	Vitamin Intervention for Stroke Prevention	yes	medium	yes	All nine studies explicitly listed as COMPASS members in Methods.
COHO:0000044	Consortium of Minority Population Genome-Wide Association Studies of Stroke	Healthy Aging in Neighborhoods of Diversity across the Life Span	HANDLS	new		https://www.ncbi.nlm.nih.gov/research/bionlp/RESTful/pmcoa.cgi/BioC_xml/PMC4740911/unicode	PMID:26089329	Healthy Aging in Neighborhoods of Diversity across the Life Span	yes	medium	yes	All nine studies explicitly listed as COMPASS members in Methods.
COHO:0000044	Consortium of Minority Population Genome-Wide Association Studies of Stroke	Siblings with Ischemic Stroke Study	SWISS	new		https://www.ncbi.nlm.nih.gov/research/bionlp/RESTful/pmcoa.cgi/BioC_xml/PMC4740911/unicode	PMID:26089329	Siblings with Ischemic Stroke Study	yes	medium	yes	All nine studies explicitly listed as COMPASS members in Methods.
COHO:0000045	Cooperative Health Research in the Region of Augsburg	S1	S1	new	Germany	https://www.helmholtz-munich.de/en/epi/projects/transcape		S1	no	high	yes	KORA baseline survey; follow-up examinations of the same recruited people are not separate members.
COHO:0000045	Cooperative Health Research in the Region of Augsburg	S2	S2	new	Germany	https://www.helmholtz-munich.de/en/epi/projects/transcape		S2	no	high	yes	KORA baseline survey; follow-up examinations of the same recruited people are not separate members.
COHO:0000045	Cooperative Health Research in the Region of Augsburg	S3	S3	new	Germany	https://www.helmholtz-munich.de/en/epi/projects/transcape		S3	no	high	yes	KORA baseline survey; follow-up examinations of the same recruited people are not separate members.
COHO:0000045	Cooperative Health Research in the Region of Augsburg	S4	S4	new	Germany	https://www.helmholtz-munich.de/en/epi/projects/transcape		S4	no	high	yes	KORA baseline survey; follow-up examinations of the same recruited people are not separate members.
COHO:0000053	Diabetes Research on Patient Stratification	Study 1		new		https://www.ncbi.nlm.nih.gov/research/bionlp/RESTful/pmcoa.cgi/BioC_xml/PMC4018481/unicode	PMID:24695864	Study 1	yes	high	yes	DIRECT prospective prediabetes cohort.
COHO:0000053	Diabetes Research on Patient Stratification	Study 2		new		https://www.ncbi.nlm.nih.gov/research/bionlp/RESTful/pmcoa.cgi/BioC_xml/PMC4018481/unicode	PMID:24695864	Study 2	yes	high	yes	DIRECT prospective newly diagnosed type 2 diabetes cohort.
COHO:0000062	EPIGEN	Salvador-SCAALA		new	Brazil	https://www.ncbi.nlm.nih.gov/research/bionlp/RESTful/pmcoa.cgi/BioC_xml/PMC9952852/unicode	PMID:33633342	Salvador-SCAALA cohort	yes	medium	yes	
COHO:0000062	EPIGEN	Bambuí cohort study of ageing		new	Brazil	https://www.ncbi.nlm.nih.gov/research/bionlp/RESTful/pmcoa.cgi/BioC_xml/PMC9952852/unicode	PMID:33633342	Bambuí cohort study of ageing	yes	medium	yes	
COHO:0000062	EPIGEN	1982 Pelotas birth cohort study		new	Brazil	https://www.ncbi.nlm.nih.gov/research/bionlp/RESTful/pmcoa.cgi/BioC_xml/PMC9952852/unicode	PMID:33633342	The 1982 Pelotas birth cohort study was conducted in Pelotas	yes	medium	yes	One of the three EPIGEN-Brazil population cohorts.
COHO:0000067	EuroTARGET project	prospective patients		new		https://www.ncbi.nlm.nih.gov/research/bionlp/RESTful/pmcoa.cgi/BioC_xml/PMC9220885/unicode		For each of the prospective patients, two 10 mL blood samples were collected.	yes	medium	no	"""prospective patients"" is not a cohort name; SUTOX is; EuroTARGET's prospectively recruited component; source gives no separate formal cohort name. The missing-cohort table's EuroTARGET mRCC patient cohort is broader."
COHO:0000067	EuroTARGET project	Dutch SUTOX consortium	SUTOX	new		https://www.ncbi.nlm.nih.gov/research/bionlp/RESTful/pmcoa.cgi/BioC_xml/PMC9220885/unicode		For subjects of the Dutch SUTOX consortium (the ‘historical patients’ in the EuroTARGET cohort)	yes	medium	yes	Historical patient collection explicitly incorporated in EuroTARGET; RIKEN is an external comparator and is not asserted as a member.
COHO:0000070	Finnish Twin Cohort Study	older twin cohort		new	Finland	https://www.ncbi.nlm.nih.gov/research/bionlp/RESTful/pmcoa.cgi/BioC_xml/PMC4493754/unicode	PMID:23298696	older twin cohort	yes	high	yes	Three main cohorts in the 2013 overview; follow-up waves are not separate recruitment cohorts.
COHO:0000070	Finnish Twin Cohort Study	Finntwin12	Finntwin12	new	Finland	https://www.ncbi.nlm.nih.gov/research/bionlp/RESTful/pmcoa.cgi/BioC_xml/PMC4493754/unicode	PMID:23298696	Finntwin12	yes	high	yes	Three main cohorts in the 2013 overview; follow-up waves are not separate recruitment cohorts.
COHO:0000070	Finnish Twin Cohort Study	Finntwin16	Finntwin16	new	Finland	https://www.ncbi.nlm.nih.gov/research/bionlp/RESTful/pmcoa.cgi/BioC_xml/PMC4493754/unicode	PMID:23298696	Finntwin16	yes	high	yes	Three main cohorts in the 2013 overview; follow-up waves are not separate recruitment cohorts.
COHO:0000071	FINRISK	1972		new	Finland	https://oup.silverchair-cdn.com/article-minimal/4641873	PMID:29165699	1972	yes	high	yes	FINRISK survey cohort; Table 1 identifies independent samples by survey year.
COHO:0000071	FINRISK	1977		new	Finland	https://oup.silverchair-cdn.com/article-minimal/4641873	PMID:29165699	1977	yes	high	yes	FINRISK survey cohort; Table 1 identifies independent samples by survey year.
COHO:0000071	FINRISK	1982		new	Finland	https://oup.silverchair-cdn.com/article-minimal/4641873	PMID:29165699	1982	yes	high	yes	FINRISK survey cohort; Table 1 identifies independent samples by survey year.
COHO:0000071	FINRISK	1987		new	Finland	https://oup.silverchair-cdn.com/article-minimal/4641873	PMID:29165699	1987	yes	high	yes	FINRISK survey cohort; Table 1 identifies independent samples by survey year.
COHO:0000071	FINRISK	1992		new	Finland	https://oup.silverchair-cdn.com/article-minimal/4641873	PMID:29165699	1992	yes	high	yes	FINRISK survey cohort; Table 1 identifies independent samples by survey year.
COHO:0000071	FINRISK	1997		new	Finland	https://oup.silverchair-cdn.com/article-minimal/4641873	PMID:29165699	1997	yes	high	yes	FINRISK survey cohort; Table 1 identifies independent samples by survey year.
COHO:0000071	FINRISK	2002		new	Finland	https://oup.silverchair-cdn.com/article-minimal/4641873	PMID:29165699	2002	yes	high	yes	FINRISK survey cohort; Table 1 identifies independent samples by survey year.
COHO:0000071	FINRISK	2007		new	Finland	https://oup.silverchair-cdn.com/article-minimal/4641873	PMID:29165699	2007	yes	high	yes	FINRISK survey cohort; Table 1 identifies independent samples by survey year.
COHO:0000071	FINRISK	2012		new	Finland	https://oup.silverchair-cdn.com/article-minimal/4641873	PMID:29165699	2012	yes	high	yes	FINRISK survey cohort; Table 1 identifies independent samples by survey year.
COHO:0000077	Genetic Consortium for Anorexia Nervosa	Canada		new	Canada	https://www.ncbi.nlm.nih.gov/research/bionlp/RESTful/pmcoa.cgi/BioC_xml/PMC4325090/unicode	PMID:24514567	Canada	yes	medium	no	the source lists contributing countries, not cohorts; Table 1, Discovery dataset: AN case/control collection labelled by country/site; discovery and replication samples kept distinct. No matching named COHO cohort can be established. Recruitment programmes may overlap between phases; phase-specific source datasets are retained for review.
COHO:0000077	Genetic Consortium for Anorexia Nervosa	Czech Republic		new	Czech_Republic	https://www.ncbi.nlm.nih.gov/research/bionlp/RESTful/pmcoa.cgi/BioC_xml/PMC4325090/unicode	PMID:24514567	Czech Republic	yes	medium	no	the source lists contributing countries, not cohorts; Table 1, Discovery dataset: AN case/control collection labelled by country/site; discovery and replication samples kept distinct. No matching named COHO cohort can be established. Recruitment programmes may overlap between phases; phase-specific source datasets are retained for review.
COHO:0000077	Genetic Consortium for Anorexia Nervosa	Finland		new	Finland	https://www.ncbi.nlm.nih.gov/research/bionlp/RESTful/pmcoa.cgi/BioC_xml/PMC4325090/unicode	PMID:24514567	Finland	yes	medium	no	the source lists contributing countries, not cohorts; Table 1, Discovery dataset: AN case/control collection labelled by country/site; discovery and replication samples kept distinct. No matching named COHO cohort can be established. Recruitment programmes may overlap between phases; phase-specific source datasets are retained for review.
COHO:0000077	Genetic Consortium for Anorexia Nervosa	France		new	France	https://www.ncbi.nlm.nih.gov/research/bionlp/RESTful/pmcoa.cgi/BioC_xml/PMC4325090/unicode	PMID:24514567	France	yes	medium	no	the source lists contributing countries, not cohorts; Table 1, Discovery dataset: AN case/control collection labelled by country/site; discovery and replication samples kept distinct. No matching named COHO cohort can be established. Recruitment programmes may overlap between phases; phase-specific source datasets are retained for review.
COHO:0000077	Genetic Consortium for Anorexia Nervosa	Germany		new	Germany	https://www.ncbi.nlm.nih.gov/research/bionlp/RESTful/pmcoa.cgi/BioC_xml/PMC4325090/unicode	PMID:24514567	Germany	yes	medium	no	the source lists contributing countries, not cohorts; Table 1, Discovery dataset: AN case/control collection labelled by country/site; discovery and replication samples kept distinct. No matching named COHO cohort can be established. Recruitment programmes may overlap between phases; phase-specific source datasets are retained for review.
COHO:0000077	Genetic Consortium for Anorexia Nervosa	Greece		new	Greece	https://www.ncbi.nlm.nih.gov/research/bionlp/RESTful/pmcoa.cgi/BioC_xml/PMC4325090/unicode	PMID:24514567	Greece	yes	medium	no	the source lists contributing countries, not cohorts; Table 1, Discovery dataset: AN case/control collection labelled by country/site; discovery and replication samples kept distinct. No matching named COHO cohort can be established. Recruitment programmes may overlap between phases; phase-specific source datasets are retained for review.
COHO:0000077	Genetic Consortium for Anorexia Nervosa	Italy-North		new	Italy	https://www.ncbi.nlm.nih.gov/research/bionlp/RESTful/pmcoa.cgi/BioC_xml/PMC4325090/unicode	PMID:24514567	Italy-North	yes	medium	no	the source lists contributing countries, not cohorts; Table 1, Discovery dataset: AN case/control collection labelled by country/site; discovery and replication samples kept distinct. No matching named COHO cohort can be established. Recruitment programmes may overlap between phases; phase-specific source datasets are retained for review.
COHO:0000077	Genetic Consortium for Anorexia Nervosa	Italy-South		new	Italy	https://www.ncbi.nlm.nih.gov/research/bionlp/RESTful/pmcoa.cgi/BioC_xml/PMC4325090/unicode	PMID:24514567	Italy-South	yes	medium	no	the source lists contributing countries, not cohorts; Table 1, Discovery dataset: AN case/control collection labelled by country/site; discovery and replication samples kept distinct. No matching named COHO cohort can be established. Recruitment programmes may overlap between phases; phase-specific source datasets are retained for review.
COHO:0000077	Genetic Consortium for Anorexia Nervosa	Netherlands		new	Netherlands	https://www.ncbi.nlm.nih.gov/research/bionlp/RESTful/pmcoa.cgi/BioC_xml/PMC4325090/unicode	PMID:24514567	Netherlands	yes	medium	no	the source lists contributing countries, not cohorts; Table 1, Discovery dataset: AN case/control collection labelled by country/site; discovery and replication samples kept distinct. No matching named COHO cohort can be established. Recruitment programmes may overlap between phases; phase-specific source datasets are retained for review.
COHO:0000077	Genetic Consortium for Anorexia Nervosa	Norway		new	Norway	https://www.ncbi.nlm.nih.gov/research/bionlp/RESTful/pmcoa.cgi/BioC_xml/PMC4325090/unicode	PMID:24514567	Norway	yes	medium	no	the source lists contributing countries, not cohorts; Table 1, Discovery dataset: AN case/control collection labelled by country/site; discovery and replication samples kept distinct. No matching named COHO cohort can be established. Recruitment programmes may overlap between phases; phase-specific source datasets are retained for review.
COHO:0000077	Genetic Consortium for Anorexia Nervosa	Poland		new	Poland	https://www.ncbi.nlm.nih.gov/research/bionlp/RESTful/pmcoa.cgi/BioC_xml/PMC4325090/unicode	PMID:24514567	Poland	yes	medium	no	the source lists contributing countries, not cohorts; Table 1, Discovery dataset: AN case/control collection labelled by country/site; discovery and replication samples kept distinct. No matching named COHO cohort can be established. Recruitment programmes may overlap between phases; phase-specific source datasets are retained for review.
COHO:0000077	Genetic Consortium for Anorexia Nervosa	Spain		new	Spain	https://www.ncbi.nlm.nih.gov/research/bionlp/RESTful/pmcoa.cgi/BioC_xml/PMC4325090/unicode	PMID:24514567	Spain	yes	medium	no	the source lists contributing countries, not cohorts; Table 1, Discovery dataset: AN case/control collection labelled by country/site; discovery and replication samples kept distinct. No matching named COHO cohort can be established. Recruitment programmes may overlap between phases; phase-specific source datasets are retained for review.
COHO:0000077	Genetic Consortium for Anorexia Nervosa	Sweden		new	Sweden	https://www.ncbi.nlm.nih.gov/research/bionlp/RESTful/pmcoa.cgi/BioC_xml/PMC4325090/unicode	PMID:24514567	Sweden	yes	medium	no	the source lists contributing countries, not cohorts; Table 1, Discovery dataset: AN case/control collection labelled by country/site; discovery and replication samples kept distinct. No matching named COHO cohort can be established. Recruitment programmes may overlap between phases; phase-specific source datasets are retained for review.
COHO:0000077	Genetic Consortium for Anorexia Nervosa	UK		new	United_Kingdom	https://www.ncbi.nlm.nih.gov/research/bionlp/RESTful/pmcoa.cgi/BioC_xml/PMC4325090/unicode	PMID:24514567	UK	yes	medium	no	the source lists contributing countries, not cohorts; Table 1, Discovery dataset: AN case/control collection labelled by country/site; discovery and replication samples kept distinct. No matching named COHO cohort can be established. Recruitment programmes may overlap between phases; phase-specific source datasets are retained for review.
COHO:0000077	Genetic Consortium for Anorexia Nervosa	USA		new	United_States	https://www.ncbi.nlm.nih.gov/research/bionlp/RESTful/pmcoa.cgi/BioC_xml/PMC4325090/unicode	PMID:24514567	USA	yes	medium	no	the source lists contributing countries, not cohorts; Table 1, Discovery dataset: AN case/control collection labelled by country/site; discovery and replication samples kept distinct. No matching named COHO cohort can be established. Recruitment programmes may overlap between phases; phase-specific source datasets are retained for review.
COHO:0000077	Genetic Consortium for Anorexia Nervosa	USA-Hakonarson		new	United_States	https://www.ncbi.nlm.nih.gov/research/bionlp/RESTful/pmcoa.cgi/BioC_xml/PMC4325090/unicode	PMID:24514567	USA-Hakonarson	yes	medium	no	the source lists contributing countries, not cohorts; Table 1, In silico replication: AN case/control collection labelled by country/site; discovery and replication samples kept distinct. No matching named COHO cohort can be established. Recruitment programmes may overlap between phases; phase-specific source datasets are retained for review.
COHO:0000077	Genetic Consortium for Anorexia Nervosa	Estonia		new	Estonia	https://www.ncbi.nlm.nih.gov/research/bionlp/RESTful/pmcoa.cgi/BioC_xml/PMC4325090/unicode	PMID:24514567	Estonia	yes	medium	no	the source lists contributing countries, not cohorts; Table 1, In silico replication: AN case/control collection labelled by country/site; discovery and replication samples kept distinct. No matching named COHO cohort can be established. Recruitment programmes may overlap between phases; phase-specific source datasets are retained for review.
COHO:0000077	Genetic Consortium for Anorexia Nervosa	Austria		new	Austria	https://www.ncbi.nlm.nih.gov/research/bionlp/RESTful/pmcoa.cgi/BioC_xml/PMC4325090/unicode	PMID:24514567	Austria	yes	medium	no	the source lists contributing countries, not cohorts; Table 1, De novo replication: AN case/control collection labelled by country/site; discovery and replication samples kept distinct. No matching named COHO cohort can be established. Recruitment programmes may overlap between phases; phase-specific source datasets are retained for review.
COHO:0000077	Genetic Consortium for Anorexia Nervosa	Czech Republic		new	Czech_Republic	https://www.ncbi.nlm.nih.gov/research/bionlp/RESTful/pmcoa.cgi/BioC_xml/PMC4325090/unicode	PMID:24514567	Czech Republic	yes	medium	no	the source lists contributing countries, not cohorts; Table 1, De novo replication: AN case/control collection labelled by country/site; discovery and replication samples kept distinct. No matching named COHO cohort can be established. Recruitment programmes may overlap between phases; phase-specific source datasets are retained for review.
COHO:0000077	Genetic Consortium for Anorexia Nervosa	Finland		new	Finland	https://www.ncbi.nlm.nih.gov/research/bionlp/RESTful/pmcoa.cgi/BioC_xml/PMC4325090/unicode	PMID:24514567	Finland	yes	medium	no	the source lists contributing countries, not cohorts; Table 1, De novo replication: AN case/control collection labelled by country/site; discovery and replication samples kept distinct. No matching named COHO cohort can be established. Recruitment programmes may overlap between phases; phase-specific source datasets are retained for review.
COHO:0000077	Genetic Consortium for Anorexia Nervosa	France		new	France	https://www.ncbi.nlm.nih.gov/research/bionlp/RESTful/pmcoa.cgi/BioC_xml/PMC4325090/unicode	PMID:24514567	France	yes	medium	no	the source lists contributing countries, not cohorts; Table 1, De novo replication: AN case/control collection labelled by country/site; discovery and replication samples kept distinct. No matching named COHO cohort can be established. Recruitment programmes may overlap between phases; phase-specific source datasets are retained for review.
COHO:0000077	Genetic Consortium for Anorexia Nervosa	Germany		new	Germany	https://www.ncbi.nlm.nih.gov/research/bionlp/RESTful/pmcoa.cgi/BioC_xml/PMC4325090/unicode	PMID:24514567	Germany	yes	medium	no	the source lists contributing countries, not cohorts; Table 1, De novo replication: AN case/control collection labelled by country/site; discovery and replication samples kept distinct. No matching named COHO cohort can be established. Recruitment programmes may overlap between phases; phase-specific source datasets are retained for review.
COHO:0000077	Genetic Consortium for Anorexia Nervosa	Greece		new	Greece	https://www.ncbi.nlm.nih.gov/research/bionlp/RESTful/pmcoa.cgi/BioC_xml/PMC4325090/unicode	PMID:24514567	Greece	yes	medium	no	the source lists contributing countries, not cohorts; Table 1, De novo replication: AN case/control collection labelled by country/site; discovery and replication samples kept distinct. No matching named COHO cohort can be established. Recruitment programmes may overlap between phases; phase-specific source datasets are retained for review.
COHO:0000077	Genetic Consortium for Anorexia Nervosa	Italy-South		new	Italy	https://www.ncbi.nlm.nih.gov/research/bionlp/RESTful/pmcoa.cgi/BioC_xml/PMC4325090/unicode	PMID:24514567	Italy-South	yes	medium	no	the source lists contributing countries, not cohorts; Table 1, De novo replication: AN case/control collection labelled by country/site; discovery and replication samples kept distinct. No matching named COHO cohort can be established. Recruitment programmes may overlap between phases; phase-specific source datasets are retained for review.
COHO:0000077	Genetic Consortium for Anorexia Nervosa	Netherlands		new	Netherlands	https://www.ncbi.nlm.nih.gov/research/bionlp/RESTful/pmcoa.cgi/BioC_xml/PMC4325090/unicode	PMID:24514567	Netherlands	yes	medium	no	the source lists contributing countries, not cohorts; Table 1, De novo replication: AN case/control collection labelled by country/site; discovery and replication samples kept distinct. No matching named COHO cohort can be established. Recruitment programmes may overlap between phases; phase-specific source datasets are retained for review.
COHO:0000077	Genetic Consortium for Anorexia Nervosa	Poland		new	Poland	https://www.ncbi.nlm.nih.gov/research/bionlp/RESTful/pmcoa.cgi/BioC_xml/PMC4325090/unicode	PMID:24514567	Poland	yes	medium	no	the source lists contributing countries, not cohorts; Table 1, De novo replication: AN case/control collection labelled by country/site; discovery and replication samples kept distinct. No matching named COHO cohort can be established. Recruitment programmes may overlap between phases; phase-specific source datasets are retained for review.
COHO:0000077	Genetic Consortium for Anorexia Nervosa	Spain		new	Spain	https://www.ncbi.nlm.nih.gov/research/bionlp/RESTful/pmcoa.cgi/BioC_xml/PMC4325090/unicode	PMID:24514567	Spain	yes	medium	no	the source lists contributing countries, not cohorts; Table 1, De novo replication: AN case/control collection labelled by country/site; discovery and replication samples kept distinct. No matching named COHO cohort can be established. Recruitment programmes may overlap between phases; phase-specific source datasets are retained for review.
COHO:0000077	Genetic Consortium for Anorexia Nervosa	UK		new	United_Kingdom	https://www.ncbi.nlm.nih.gov/research/bionlp/RESTful/pmcoa.cgi/BioC_xml/PMC4325090/unicode	PMID:24514567	UK	yes	medium	no	the source lists contributing countries, not cohorts; Table 1, De novo replication: AN case/control collection labelled by country/site; discovery and replication samples kept distinct. No matching named COHO cohort can be established. Recruitment programmes may overlap between phases; phase-specific source datasets are retained for review.
COHO:0000077	Genetic Consortium for Anorexia Nervosa	USA		new	United_States	https://www.ncbi.nlm.nih.gov/research/bionlp/RESTful/pmcoa.cgi/BioC_xml/PMC4325090/unicode	PMID:24514567	USA	yes	medium	no	the source lists contributing countries, not cohorts; Table 1, De novo replication: AN case/control collection labelled by country/site; discovery and replication samples kept distinct. No matching named COHO cohort can be established. Recruitment programmes may overlap between phases; phase-specific source datasets are retained for review.
COHO:0000077	Genetic Consortium for Anorexia Nervosa	Japan		new	Japan	https://www.ncbi.nlm.nih.gov/research/bionlp/RESTful/pmcoa.cgi/BioC_xml/PMC4325090/unicode	PMID:24514567	Japan	yes	medium	no	the source lists contributing countries, not cohorts; Table 1, De novo replication: AN case/control collection labelled by country/site; discovery and replication samples kept distinct. No matching named COHO cohort can be established. Recruitment programmes may overlap between phases; phase-specific source datasets are retained for review.
COHO:0000081	Genetic Research in Isolated					https://www.frontiersin.org/journals/genetics/articles/10.3389/fgene.2016.00190/full		The ERF study, which is a part of the Genetic Research in Isolated Populations (GRIP) Program	no	low	yes	Only one named member retrieved: Erasmus Rucphen Family Study (ERF), COHO:0000063. Official programme page names disease investigations but no other separately named cohorts; member fields left empty because fewer than two are identifiable.
COHO:0000085	German Multiple Myeloma Study Group	GMMG-HD9/ DSMM XVIII	GMMG-HD9/ DSMM XVIII	new		https://gmmg.info/rekrutierende-studien/		GMMG-HD9/ DSMM XVIII	yes	high	yes	
COHO:0000085	German Multiple Myeloma Study Group	GMMG-HD10/ DSMM XX / 64007957MMY2003	GMMG-HD10/ DSMM XX / 64007957MMY2003	new		https://gmmg.info/rekrutierende-studien/		GMMG-HD10/ DSMM XX / 64007957MMY2003	yes	high	yes	
COHO:0000085	German Multiple Myeloma Study Group	GMMG-HD8/ DSMM XIX	GMMG-HD8/ DSMM XIX	new		https://gmmg.info/nicht-rekutierende-studien/		GMMG-HD8/ DSMM XIX	yes	high	yes	
COHO:0000085	German Multiple Myeloma Study Group	GMMG-HD7	GMMG-HD7	new		https://gmmg.info/nicht-rekutierende-studien/		GMMG-HD7	yes	high	yes	
COHO:0000085	German Multiple Myeloma Study Group	GMMG-CONCEPT	GMMG-CONCEPT	new		https://gmmg.info/nicht-rekutierende-studien/		GMMG-CONCEPT	yes	high	yes	
COHO:0000085	German Multiple Myeloma Study Group	GMMG-DADA	GMMG-DADA	new		https://gmmg.info/nicht-rekutierende-studien/		GMMG-DADA	yes	high	yes	
COHO:0000085	German Multiple Myeloma Study Group	GMMG-DANTE	GMMG-DANTE	new		https://gmmg.info/nicht-rekutierende-studien/		GMMG-DANTE	yes	high	yes	
COHO:0000085	German Multiple Myeloma Study Group	GMMG-HD4	GMMG-HD4	new		https://gmmg.info/studien-follow-up/		GMMG-HD4	yes	high	yes	
COHO:0000085	German Multiple Myeloma Study Group	GMMG-MM5	GMMG-MM5	new		https://gmmg.info/studien-follow-up/		GMMG-MM5	yes	high	yes	
COHO:0000085	German Multiple Myeloma Study Group	GMMG-BPV	GMMG-BPV	new		https://gmmg.info/studien-follow-up/		GMMG-BPV	yes	high	yes	
COHO:0000085	German Multiple Myeloma Study Group	GMMG-HD6	GMMG-HD6	new		https://gmmg.info/studien-follow-up/		GMMG-HD6	yes	high	yes	
COHO:0000085	German Multiple Myeloma Study Group	GMMG-ReLApsE	GMMG-ReLApsE	new		https://gmmg.info/studien-follow-up/		GMMG-ReLApsE	yes	high	yes	
COHO:0000085	German Multiple Myeloma Study Group	GMMG-PERSPECTIVE	GMMG-PERSPECTIVE	new		https://gmmg.info/studien-follow-up/		GMMG-PERSPECTIVE	yes	high	yes	
COHO:0000085	German Multiple Myeloma Study Group	GMMG-BIRMA	GMMG-BIRMA	new (in new_cohorts_ega)		https://gmmg.info/studien-follow-up/		GMMG-BIRMA	yes	high	yes	Missing-cohort table names THE PHASE II GMMG-BIRMA TRIAL (Hipo_K08K).
COHO:0000085	German Multiple Myeloma Study Group	GMMG-HD1	GMMG-HD1	new		https://gmmg.info/studienarchiv/		GMMG-HD1	yes	high	yes	
COHO:0000085	German Multiple Myeloma Study Group	GMMG-HD2	GMMG-HD2	new		https://gmmg.info/studienarchiv/		GMMG-HD2	yes	high	yes	
COHO:0000085	German Multiple Myeloma Study Group	GMMG-HD3	GMMG-HD3	new		https://gmmg.info/studienarchiv/		GMMG-HD3	yes	high	yes	
COHO:0000085	German Multiple Myeloma Study Group	GMMG-HD11	GMMG-HD11	new	Germany	https://gmmg.info/rekrutierende-studien/		Start der GMMG-HD11 Studie	yes	high	yes	Source announcement specifies July 2026 start at 60 German sites.
COHO:0000088	Greece Hellenic Isolated Cohorts	MANOLIS	MANOLIS	COHO:0000166	Greece	https://www.ncbi.nlm.nih.gov/research/bionlp/RESTful/pmcoa.cgi/BioC_xml/PMC8640022/unicode	PMID:34857772	The two cohorts included in this analysis, MANOLIS and Pomak, are part of the Hellenic Isolated Cohorts	yes	medium	yes	
COHO:0000088	Greece Hellenic Isolated Cohorts	Pomak		new	Greece	https://www.ncbi.nlm.nih.gov/research/bionlp/RESTful/pmcoa.cgi/BioC_xml/PMC8640022/unicode	PMID:34857772	The two cohorts included in this analysis, MANOLIS and Pomak, are part of the Hellenic Isolated Cohorts	yes	medium	yes	
COHO:0000094	Human Genetics Initiative					https://www.nimh.nih.gov/about/advisory-boards-and-groups/namhc/2016/may/namhc-minutes-of-the-245th-meeting		More than 170 studies are represented in 16 collections	no	low	yes	NIMH Human Genetics Initiative/NIMH-RGR, not COVID-19 HGI. Retrieved official account reports >170 studies in 16 disorder-related collections but names no constituent cohort; institutional staff and disorder categories are not cohorts.
COHO:0000100	INfancia y Medio Ambiente Project	Riera d’Ebre		new		https://www.proyectoinma.org/en/inma-project/study-design/		Riera d’Ebre	yes	high	yes	Regional cohort in the official seven-cohort design; source spells the first cohort both Riera and Ribera d’Ebre.
COHO:0000100	INfancia y Medio Ambiente Project	Menorca		new		https://www.proyectoinma.org/en/inma-project/study-design/		Menorca	yes	high	yes	
COHO:0000100	INfancia y Medio Ambiente Project	Granada		new		https://www.proyectoinma.org/en/inma-project/study-design/		Granada	yes	high	yes	
COHO:0000100	INfancia y Medio Ambiente Project	Valencia		new		https://www.proyectoinma.org/en/inma-project/study-design/		Valencia	yes	high	yes	
COHO:0000100	INfancia y Medio Ambiente Project	Sabadell		new		https://www.proyectoinma.org/en/inma-project/study-design/		Sabadell	yes	high	yes	
COHO:0000100	INfancia y Medio Ambiente Project	Asturias		new		https://www.proyectoinma.org/en/inma-project/study-design/		Asturias	yes	high	yes	
COHO:0000100	INfancia y Medio Ambiente Project	Gipuzkoa		new		https://www.proyectoinma.org/en/inma-project/study-design/		Gipuzkoa	yes	high	yes	
COHO:0000102	International Headache Genetics Consortium	23andMe Inc.	23andMe	new		https://www.ncbi.nlm.nih.gov/research/bionlp/RESTful/pmcoa.cgi/BioC_xml/PMC5331903/unicode	PMID:27322543	23andMe Inc.	yes	medium	yes	Table 1 of the 2016 IHGC meta-analysis; named dataset denotes the contributing participant collection.
COHO:0000102	International Headache Genetics Consortium	Avon Longitudinal Study of Parents and Children	ALSPAC	COHO:0000016		https://www.ncbi.nlm.nih.gov/research/bionlp/RESTful/pmcoa.cgi/BioC_xml/PMC5331903/unicode	PMID:27322543	Avon Longitudinal Study of Parents and Children	yes	medium	yes	Table 1 of the 2016 IHGC meta-analysis; named dataset denotes the contributing participant collection. Also appears in new_cohorts_ega, but the existing COHO ID takes precedence. ALSPAC is also listed in new_cohorts_ega.tsv; existing COHO ID takes precedence.
COHO:0000102	International Headache Genetics Consortium	Australian Twin Migraine	ATM	new		https://www.ncbi.nlm.nih.gov/research/bionlp/RESTful/pmcoa.cgi/BioC_xml/PMC5331903/unicode	PMID:27322543	Australian Twin Migraine	yes	medium	yes	Table 1 of the 2016 IHGC meta-analysis; named dataset denotes the contributing participant collection.
COHO:0000102	International Headache Genetics Consortium	1958 British Birth Cohort	B58C	new (in new_cohorts_ega)		https://www.ncbi.nlm.nih.gov/research/bionlp/RESTful/pmcoa.cgi/BioC_xml/PMC5331903/unicode	PMID:27322543	1958 British Birth Cohort	yes	medium	yes	Table 1 of the 2016 IHGC meta-analysis; named dataset denotes the contributing participant collection. Listed there as 1958 Birth Cohort.
COHO:0000102	International Headache Genetics Consortium	Danish Headache Center	Danish HC	new		https://www.ncbi.nlm.nih.gov/research/bionlp/RESTful/pmcoa.cgi/BioC_xml/PMC5331903/unicode	PMID:27322543	Danish Headache Center	yes	medium	yes	Table 1 of the 2016 IHGC meta-analysis; named dataset denotes the contributing participant collection.
COHO:0000102	International Headache Genetics Consortium	deCODE Genetics Inc.	DeCODE	new		https://www.ncbi.nlm.nih.gov/research/bionlp/RESTful/pmcoa.cgi/BioC_xml/PMC5331903/unicode	PMID:27322543	deCODE Genetics Inc.	yes	medium	yes	Table 1 of the 2016 IHGC meta-analysis; named dataset denotes the contributing participant collection.
COHO:0000102	International Headache Genetics Consortium	Dutch migraine with aura	Dutch MA	new		https://www.ncbi.nlm.nih.gov/research/bionlp/RESTful/pmcoa.cgi/BioC_xml/PMC5331903/unicode	PMID:27322543	Dutch migraine with aura	yes	medium	yes	Table 1 of the 2016 IHGC meta-analysis; named dataset denotes the contributing participant collection.
COHO:0000102	International Headache Genetics Consortium	Dutch migraine without aura	Dutch MO	new		https://www.ncbi.nlm.nih.gov/research/bionlp/RESTful/pmcoa.cgi/BioC_xml/PMC5331903/unicode	PMID:27322543	Dutch migraine without aura	yes	medium	yes	Table 1 of the 2016 IHGC meta-analysis; named dataset denotes the contributing participant collection.
COHO:0000102	International Headache Genetics Consortium	Estonian Genome Center, University of Tartu	EGCUT	COHO:0000064		https://www.ncbi.nlm.nih.gov/research/bionlp/RESTful/pmcoa.cgi/BioC_xml/PMC5331903/unicode	PMID:27322543	Estonian Genome Center, University of Tartu	yes	medium	yes	Table 1 of the 2016 IHGC meta-analysis; named dataset denotes the contributing participant collection. EGCUT is identified as the Estonian Biobank in the retrieved Cohort Profile (PMID:24518929). Also listed in new_cohorts_ega.tsv; existing COHO ID takes precedence.
COHO:0000102	International Headache Genetics Consortium	Finnish migraine with aura	Finnish MA	new		https://www.ncbi.nlm.nih.gov/research/bionlp/RESTful/pmcoa.cgi/BioC_xml/PMC5331903/unicode	PMID:27322543	Finnish migraine with aura	yes	medium	yes	Table 1 of the 2016 IHGC meta-analysis; named dataset denotes the contributing participant collection.
COHO:0000102	International Headache Genetics Consortium	German migraine with aura	German MA	new		https://www.ncbi.nlm.nih.gov/research/bionlp/RESTful/pmcoa.cgi/BioC_xml/PMC5331903/unicode	PMID:27322543	German migraine with aura	yes	medium	yes	Table 1 of the 2016 IHGC meta-analysis; named dataset denotes the contributing participant collection.
COHO:0000102	International Headache Genetics Consortium	German migraine without aura	German MO	new		https://www.ncbi.nlm.nih.gov/research/bionlp/RESTful/pmcoa.cgi/BioC_xml/PMC5331903/unicode	PMID:27322543	German migraine without aura	yes	medium	yes	Table 1 of the 2016 IHGC meta-analysis; named dataset denotes the contributing participant collection.
COHO:0000102	International Headache Genetics Consortium	Nord-Trøndelag Health Study	HUNT	new		https://www.ncbi.nlm.nih.gov/research/bionlp/RESTful/pmcoa.cgi/BioC_xml/PMC5331903/unicode	PMID:27322543	Nord-Trøndelag Health Study	yes	medium	yes	Table 1 of the 2016 IHGC meta-analysis; named dataset denotes the contributing participant collection.
COHO:0000102	International Headache Genetics Consortium	Northern Finnish Birth Cohort	NFBC	new		https://www.ncbi.nlm.nih.gov/research/bionlp/RESTful/pmcoa.cgi/BioC_xml/PMC5331903/unicode	PMID:27322543	Northern Finnish Birth Cohort	yes	medium	yes	Table 1 of the 2016 IHGC meta-analysis; named dataset denotes the contributing participant collection.
COHO:0000102	International Headache Genetics Consortium	Netherlands Twin Register	NTR	COHO:0000125		https://www.ncbi.nlm.nih.gov/research/bionlp/RESTful/pmcoa.cgi/BioC_xml/PMC5331903/unicode	PMID:27322543	Netherlands Twin Register	yes	medium	yes	Table 1 combines NTR and NESDA in one GWAS dataset.
COHO:0000102	International Headache Genetics Consortium	Netherlands Study of Depression and Anxiety	NESDA	new		https://www.ncbi.nlm.nih.gov/research/bionlp/RESTful/pmcoa.cgi/BioC_xml/PMC5331903/unicode	PMID:27322543	NetherlandsStudy of Depression and Anxiety	yes	medium	yes	Table 1 combines NTR and NESDA; missing space in source rendering normalized in member_name.
COHO:0000102	International Headache Genetics Consortium	Rotterdam Study III	Rotterdam III	new		https://www.ncbi.nlm.nih.gov/research/bionlp/RESTful/pmcoa.cgi/BioC_xml/PMC5331903/unicode	PMID:27322543	Rotterdam Study III	yes	medium	yes	Table 1 of the 2016 IHGC meta-analysis; named dataset denotes the contributing participant collection. Distinct recruitment component; not forced to the broader Rotterdam Study COHO:0000148.
COHO:0000102	International Headache Genetics Consortium	Swedish Twin Registry	Swedish Twins	COHO:0000160		https://www.ncbi.nlm.nih.gov/research/bionlp/RESTful/pmcoa.cgi/BioC_xml/PMC5331903/unicode	PMID:27322543	Swedish Twin Registry	yes	medium	yes	Table 1 of the 2016 IHGC meta-analysis; named dataset denotes the contributing participant collection.
COHO:0000102	International Headache Genetics Consortium	The Tromsø Study	Tromsø	new		https://www.ncbi.nlm.nih.gov/research/bionlp/RESTful/pmcoa.cgi/BioC_xml/PMC5331903/unicode	PMID:27322543	The Tromsø Study	yes	medium	yes	Table 1 of the 2016 IHGC meta-analysis; named dataset denotes the contributing participant collection.
COHO:0000102	International Headache Genetics Consortium	Twins UK	Twins UK	COHO:0000175		https://www.ncbi.nlm.nih.gov/research/bionlp/RESTful/pmcoa.cgi/BioC_xml/PMC5331903/unicode	PMID:27322543	Twins UK	yes	medium	yes	Table 1 of the 2016 IHGC meta-analysis; named dataset denotes the contributing participant collection.
COHO:0000102	International Headache Genetics Consortium	Women’s Genome Health Study	WGHS	new		https://www.ncbi.nlm.nih.gov/research/bionlp/RESTful/pmcoa.cgi/BioC_xml/PMC5331903/unicode	PMID:27322543	Women’s Genome Health Study	yes	medium	yes	Table 1 of the 2016 IHGC meta-analysis; named dataset denotes the contributing participant collection.
COHO:0000102	International Headache Genetics Consortium	Young Finns	Young Finns	new		https://www.ncbi.nlm.nih.gov/research/bionlp/RESTful/pmcoa.cgi/BioC_xml/PMC5331903/unicode	PMID:27322543	Young Finns	yes	medium	yes	Table 1 of the 2016 IHGC meta-analysis; named dataset denotes the contributing participant collection.
COHO:0000103	International Multiple Sclerosis Genetics Consortium	Australia	ANZ	new	Australia	https://www.ebi.ac.uk/europepmc/webservices/rest/PMC3182531/supplementaryFiles	PMID:21833088	Australia	yes	medium	no	the source lists national sites and cities, not cohorts (the two matched COHO members, GAS and PROCARDIS, are control cohorts and are kept); 2011 supplement, Case collections (pp. 10–14); country/site label denotes the recruited MS sample, not the institution. Source code is shared by some collections.
COHO:0000103	International Multiple Sclerosis Genetics Consortium	Belgium	BEL	new	Belgium	https://www.ebi.ac.uk/europepmc/webservices/rest/PMC3182531/supplementaryFiles	PMID:21833088	Belgium	yes	medium	no	the source lists national sites and cities, not cohorts (the two matched COHO members, GAS and PROCARDIS, are control cohorts and are kept); 2011 supplement, Case collections (pp. 10–14); country/site label denotes the recruited MS sample, not the institution. Source code is shared by some collections.
COHO:0000103	International Multiple Sclerosis Genetics Consortium	Denmark	DEN	new	Denmark	https://www.ebi.ac.uk/europepmc/webservices/rest/PMC3182531/supplementaryFiles	PMID:21833088	Denmark	yes	medium	no	the source lists national sites and cities, not cohorts (the two matched COHO members, GAS and PROCARDIS, are control cohorts and are kept); 2011 supplement, Case collections (pp. 10–14); country/site label denotes the recruited MS sample, not the institution. Source code is shared by some collections.
COHO:0000103	International Multiple Sclerosis Genetics Consortium	Finland	FIN	new	Finland	https://www.ebi.ac.uk/europepmc/webservices/rest/PMC3182531/supplementaryFiles	PMID:21833088	Finland	yes	medium	no	the source lists national sites and cities, not cohorts (the two matched COHO members, GAS and PROCARDIS, are control cohorts and are kept); 2011 supplement, Case collections (pp. 10–14); country/site label denotes the recruited MS sample, not the institution. Source code is shared by some collections.
COHO:0000103	International Multiple Sclerosis Genetics Consortium	France	FRA	new	France	https://www.ebi.ac.uk/europepmc/webservices/rest/PMC3182531/supplementaryFiles	PMID:21833088	France	yes	medium	no	the source lists national sites and cities, not cohorts (the two matched COHO members, GAS and PROCARDIS, are control cohorts and are kept); 2011 supplement, Case collections (pp. 10–14); country/site label denotes the recruited MS sample, not the institution. Source code is shared by some collections.
COHO:0000103	International Multiple Sclerosis Genetics Consortium	Berlin	GEB	new	Germany	https://www.ebi.ac.uk/europepmc/webservices/rest/PMC3182531/supplementaryFiles	PMID:21833088	Berlin	yes	medium	no	the source lists national sites and cities, not cohorts (the two matched COHO members, GAS and PROCARDIS, are control cohorts and are kept); 2011 supplement, Case collections (pp. 10–14); country/site label denotes the recruited MS sample, not the institution. Source code is shared by some collections.
COHO:0000103	International Multiple Sclerosis Genetics Consortium	Munich	GEM	new	Germany	https://www.ebi.ac.uk/europepmc/webservices/rest/PMC3182531/supplementaryFiles	PMID:21833088	Munich	yes	medium	no	the source lists national sites and cities, not cohorts (the two matched COHO members, GAS and PROCARDIS, are control cohorts and are kept); 2011 supplement, Case collections (pp. 10–14); country/site label denotes the recruited MS sample, not the institution. Source code is shared by some collections.
COHO:0000103	International Multiple Sclerosis Genetics Consortium	Hamburg	GEH	new	Germany	https://www.ebi.ac.uk/europepmc/webservices/rest/PMC3182531/supplementaryFiles	PMID:21833088	Hamburg	yes	medium	no	the source lists national sites and cities, not cohorts (the two matched COHO members, GAS and PROCARDIS, are control cohorts and are kept); 2011 supplement, Case collections (pp. 10–14); country/site label denotes the recruited MS sample, not the institution. Source code is shared by some collections.
COHO:0000103	International Multiple Sclerosis Genetics Consortium	Ireland	IRE	new	Ireland	https://www.ebi.ac.uk/europepmc/webservices/rest/PMC3182531/supplementaryFiles	PMID:21833088	Ireland	yes	medium	no	the source lists national sites and cities, not cohorts (the two matched COHO members, GAS and PROCARDIS, are control cohorts and are kept); 2011 supplement, Case collections (pp. 10–14); country/site label denotes the recruited MS sample, not the institution. Source code is shared by some collections.
COHO:0000103	International Multiple Sclerosis Genetics Consortium	Piedmont	ITP	new	Italy	https://www.ebi.ac.uk/europepmc/webservices/rest/PMC3182531/supplementaryFiles	PMID:21833088	Piedmont	yes	medium	no	the source lists national sites and cities, not cohorts (the two matched COHO members, GAS and PROCARDIS, are control cohorts and are kept); 2011 supplement, Case collections (pp. 10–14); country/site label denotes the recruited MS sample, not the institution. Source code is shared by some collections.
COHO:0000103	International Multiple Sclerosis Genetics Consortium	San Raffaele, Milan	ITM	new	Italy	https://www.ebi.ac.uk/europepmc/webservices/rest/PMC3182531/supplementaryFiles	PMID:21833088	San Raffaele, Milan	yes	medium	no	the source lists national sites and cities, not cohorts (the two matched COHO members, GAS and PROCARDIS, are control cohorts and are kept); 2011 supplement, Case collections (pp. 10–14); country/site label denotes the recruited MS sample, not the institution. Source code is shared by some collections.
COHO:0000103	International Multiple Sclerosis Genetics Consortium	New Zealand	ANZ	new	New_Zealand	https://www.ebi.ac.uk/europepmc/webservices/rest/PMC3182531/supplementaryFiles	PMID:21833088	New Zealand	yes	medium	no	the source lists national sites and cities, not cohorts (the two matched COHO members, GAS and PROCARDIS, are control cohorts and are kept); 2011 supplement, Case collections (pp. 10–14); country/site label denotes the recruited MS sample, not the institution. Source code is shared by some collections.
COHO:0000103	International Multiple Sclerosis Genetics Consortium	Norway	NOR	new	Norway	https://www.ebi.ac.uk/europepmc/webservices/rest/PMC3182531/supplementaryFiles	PMID:21833088	Norway	yes	medium	no	the source lists national sites and cities, not cohorts (the two matched COHO members, GAS and PROCARDIS, are control cohorts and are kept); 2011 supplement, Case collections (pp. 10–14); country/site label denotes the recruited MS sample, not the institution. Source code is shared by some collections.
COHO:0000103	International Multiple Sclerosis Genetics Consortium	Poland	POL	new	Poland	https://www.ebi.ac.uk/europepmc/webservices/rest/PMC3182531/supplementaryFiles	PMID:21833088	Poland	yes	medium	no	the source lists national sites and cities, not cohorts (the two matched COHO members, GAS and PROCARDIS, are control cohorts and are kept); 2011 supplement, Case collections (pp. 10–14); country/site label denotes the recruited MS sample, not the institution. Source code is shared by some collections.
COHO:0000103	International Multiple Sclerosis Genetics Consortium	Spain	SPN	new	Spain	https://www.ebi.ac.uk/europepmc/webservices/rest/PMC3182531/supplementaryFiles	PMID:21833088	Spain	yes	medium	no	the source lists national sites and cities, not cohorts (the two matched COHO members, GAS and PROCARDIS, are control cohorts and are kept); 2011 supplement, Case collections (pp. 10–14); country/site label denotes the recruited MS sample, not the institution. Source code is shared by some collections.
COHO:0000103	International Multiple Sclerosis Genetics Consortium	Sweden	SWE	new	Sweden	https://www.ebi.ac.uk/europepmc/webservices/rest/PMC3182531/supplementaryFiles	PMID:21833088	Sweden	yes	medium	no	the source lists national sites and cities, not cohorts (the two matched COHO members, GAS and PROCARDIS, are control cohorts and are kept); 2011 supplement, Case collections (pp. 10–14); country/site label denotes the recruited MS sample, not the institution. Source code is shared by some collections.
COHO:0000103	International Multiple Sclerosis Genetics Consortium	University of Cambridge	UKC	new	United_Kingdom	https://www.ebi.ac.uk/europepmc/webservices/rest/PMC3182531/supplementaryFiles	PMID:21833088	University of Cambridge	yes	medium	no	the source lists national sites and cities, not cohorts (the two matched COHO members, GAS and PROCARDIS, are control cohorts and are kept); 2011 supplement, Case collections (pp. 10–14); country/site label denotes the recruited MS sample, not the institution. Source code is shared by some collections.
COHO:0000103	International Multiple Sclerosis Genetics Consortium	University of Cardiff	UKW	new	United_Kingdom	https://www.ebi.ac.uk/europepmc/webservices/rest/PMC3182531/supplementaryFiles	PMID:21833088	University of Cardiff	yes	medium	no	the source lists national sites and cities, not cohorts (the two matched COHO members, GAS and PROCARDIS, are control cohorts and are kept); 2011 supplement, Case collections (pp. 10–14); country/site label denotes the recruited MS sample, not the institution. Source code is shared by some collections.
COHO:0000103	International Multiple Sclerosis Genetics Consortium	University of Keele, Greater Manchester	UKN	new	United_Kingdom	https://www.ebi.ac.uk/europepmc/webservices/rest/PMC3182531/supplementaryFiles	PMID:21833088	University of Keele, Greater Manchester	yes	medium	no	the source lists national sites and cities, not cohorts (the two matched COHO members, GAS and PROCARDIS, are control cohorts and are kept); 2011 supplement, Case collections (pp. 10–14); country/site label denotes the recruited MS sample, not the institution. Source code is shared by some collections.
COHO:0000103	International Multiple Sclerosis Genetics Consortium	University of Plymouth	UKP	new	United_Kingdom	https://www.ebi.ac.uk/europepmc/webservices/rest/PMC3182531/supplementaryFiles	PMID:21833088	University of Plymouth	yes	medium	no	the source lists national sites and cities, not cohorts (the two matched COHO members, GAS and PROCARDIS, are control cohorts and are kept); 2011 supplement, Case collections (pp. 10–14); country/site label denotes the recruited MS sample, not the institution. Source code is shared by some collections.
COHO:0000103	International Multiple Sclerosis Genetics Consortium	Imperial College MS Tissue Bank	UKC	new	United_Kingdom	https://www.ebi.ac.uk/europepmc/webservices/rest/PMC3182531/supplementaryFiles	PMID:21833088	Imperial College MS Tissue Bank	yes	medium	no	the source lists national sites and cities, not cohorts (the two matched COHO members, GAS and PROCARDIS, are control cohorts and are kept); 2011 supplement, Case collections (pp. 10–14); country/site label denotes the recruited MS sample, not the institution. Source code is shared by some collections.
COHO:0000103	International Multiple Sclerosis Genetics Consortium	Boston	USB	new	United_States	https://www.ebi.ac.uk/europepmc/webservices/rest/PMC3182531/supplementaryFiles	PMID:21833088	Boston	yes	medium	no	the source lists national sites and cities, not cohorts (the two matched COHO members, GAS and PROCARDIS, are control cohorts and are kept); 2011 supplement, Case collections (pp. 10–14); country/site label denotes the recruited MS sample, not the institution. Source code is shared by some collections.
COHO:0000103	International Multiple Sclerosis Genetics Consortium	San Francisco	USC	new	United_States	https://www.ebi.ac.uk/europepmc/webservices/rest/PMC3182531/supplementaryFiles	PMID:21833088	San Francisco	yes	medium	no	the source lists national sites and cities, not cohorts (the two matched COHO members, GAS and PROCARDIS, are control cohorts and are kept); 2011 supplement, Case collections (pp. 10–14); country/site label denotes the recruited MS sample, not the institution. Source code is shared by some collections.
COHO:0000103	International Multiple Sclerosis Genetics Consortium	Berkley	USL	new	United_States	https://www.ebi.ac.uk/europepmc/webservices/rest/PMC3182531/supplementaryFiles	PMID:21833088	Berkley	yes	medium	no	the source lists national sites and cities, not cohorts (the two matched COHO members, GAS and PROCARDIS, are control cohorts and are kept); 2011 supplement, Case collections (pp. 10–14); country/site label denotes the recruited MS sample, not the institution. Source code is shared by some collections.
COHO:0000103	International Multiple Sclerosis Genetics Consortium	Twins	UST	new		https://www.ebi.ac.uk/europepmc/webservices/rest/PMC3182531/supplementaryFiles	PMID:21833088	Twins	yes	medium	no	the source lists national sites and cities, not cohorts (the two matched COHO members, GAS and PROCARDIS, are control cohorts and are kept); 2011 supplement, Case collections (pp. 10–14); country/site label denotes the recruited MS sample, not the institution. Source code is shared by some collections.
COHO:0000103	International Multiple Sclerosis Genetics Consortium	National Blood Service	NBS	new (in new_cohorts_ega)	United_Kingdom	https://www.ebi.ac.uk/europepmc/webservices/rest/PMC3182531/supplementaryFiles	PMID:21833088	National Blood Service	yes	medium	no	the source lists national sites and cities, not cohorts (the two matched COHO members, GAS and PROCARDIS, are control cohorts and are kept); 2011 supplement, Control collections (pp. 16–17): contributing control cohort; membership is specific to this analysis. Source spelling retained. WTCCC blood-service controls correspond to UK Blood Service Control Group in missing table; NBS collides with COHO:0000128 Nijmegen Biomedical Study.
COHO:0000103	International Multiple Sclerosis Genetics Consortium	1958 Birth Cohort	58C	new (in new_cohorts_ega)	United_Kingdom	https://www.ebi.ac.uk/europepmc/webservices/rest/PMC3182531/supplementaryFiles	PMID:21833088	1958 Birth Cohort	yes	medium	no	the source lists national sites and cities, not cohorts (the two matched COHO members, GAS and PROCARDIS, are control cohorts and are kept); 2011 supplement, Control collections (pp. 16–17): contributing control cohort; membership is specific to this analysis. Source spelling retained.
COHO:0000103	International Multiple Sclerosis Genetics Consortium	Cancer Hormone Replacement Epidemiology in Sweden	CAHRES	new	Sweden	https://www.ebi.ac.uk/europepmc/webservices/rest/PMC3182531/supplementaryFiles	PMID:21833088	Cancer Hormone Replacement Epidemiology in Sweden	yes	medium	no	the source lists national sites and cities, not cohorts (the two matched COHO members, GAS and PROCARDIS, are control cohorts and are kept); 2011 supplement, Control collections (pp. 16–17): contributing control cohort; membership is specific to this analysis. Source spelling retained.
COHO:0000103	International Multiple Sclerosis Genetics Consortium	Children’s Hospital of Philadelphia	CHOP	new		https://www.ebi.ac.uk/europepmc/webservices/rest/PMC3182531/supplementaryFiles	PMID:21833088	Children’s Hospital of Philadelphia	yes	medium	no	the source lists national sites and cities, not cohorts (the two matched COHO members, GAS and PROCARDIS, are control cohorts and are kept); 2011 supplement, Control collections (pp. 16–17): contributing control cohort; membership is specific to this analysis. Source spelling retained.
COHO:0000103	International Multiple Sclerosis Genetics Consortium	Epidemiological study of Genetics and Environment of Asthma	EGEA	new	France	https://www.ebi.ac.uk/europepmc/webservices/rest/PMC3182531/supplementaryFiles	PMID:21833088	Epidemiological study of Genetics and Environment of Asthma	yes	medium	no	the source lists national sites and cities, not cohorts (the two matched COHO members, GAS and PROCARDIS, are control cohorts and are kept); 2011 supplement, Control collections (pp. 16–17): contributing control cohort; membership is specific to this analysis. Source spelling retained.
COHO:0000103	International Multiple Sclerosis Genetics Consortium	Gabriel Advanced Survey	GAS	COHO:0000073		https://www.ebi.ac.uk/europepmc/webservices/rest/PMC3182531/supplementaryFiles	PMID:21833088	Gabriel Advanced Survey	yes	medium	yes	2011 supplement, Control collections (pp. 16–17): contributing control cohort; membership is specific to this analysis. Source spelling retained.
COHO:0000103	International Multiple Sclerosis Genetics Consortium	HealthMet 2000		new	Finland	https://www.ebi.ac.uk/europepmc/webservices/rest/PMC3182531/supplementaryFiles	PMID:21833088	HealthMet 2000	yes	medium	no	the source lists national sites and cities, not cohorts (the two matched COHO members, GAS and PROCARDIS, are control cohorts and are kept); 2011 supplement, Control collections (pp. 16–17): contributing control cohort; membership is specific to this analysis. Source spelling retained. GenMetS subset of Health 2000; no exact full-name/acronym match to COHO:0000090.
COHO:0000103	International Multiple Sclerosis Genetics Consortium	KORA S4	S4	new	Germany	https://www.ebi.ac.uk/europepmc/webservices/rest/PMC3182531/supplementaryFiles	PMID:21833088	KORA S4	yes	medium	no	the source lists national sites and cities, not cohorts (the two matched COHO members, GAS and PROCARDIS, are control cohorts and are kept); 2011 supplement, Control collections (pp. 16–17): contributing control cohort; membership is specific to this analysis. Source spelling retained.
COHO:0000103	International Multiple Sclerosis Genetics Consortium	POPGEN	POPGEN	new	Germany	https://www.ebi.ac.uk/europepmc/webservices/rest/PMC3182531/supplementaryFiles	PMID:21833088	POPGEN	yes	medium	no	the source lists national sites and cities, not cohorts (the two matched COHO members, GAS and PROCARDIS, are control cohorts and are kept); 2011 supplement, Control collections (pp. 16–17): contributing control cohort; membership is specific to this analysis. Source spelling retained.
COHO:0000103	International Multiple Sclerosis Genetics Consortium	European Network for Genetic-Epidemiological Studies	HYPERGENES	new	Italy	https://www.ebi.ac.uk/europepmc/webservices/rest/PMC3182531/supplementaryFiles	PMID:21833088	European Network for Genetic-Epidemiological Studies	yes	medium	no	the source lists national sites and cities, not cohorts (the two matched COHO members, GAS and PROCARDIS, are control cohorts and are kept); 2011 supplement, Control collections (pp. 16–17): contributing control cohort; membership is specific to this analysis. Source spelling retained.
COHO:0000103	International Multiple Sclerosis Genetics Consortium	Myaesthenia Gravis GWAS	MG_GWAS	new	Norway	https://www.ebi.ac.uk/europepmc/webservices/rest/PMC3182531/supplementaryFiles	PMID:21833088	Myaesthenia Gravis GWAS	yes	medium	no	the source lists national sites and cities, not cohorts (the two matched COHO members, GAS and PROCARDIS, are control cohorts and are kept); 2011 supplement, Control collections (pp. 16–17): contributing control cohort; membership is specific to this analysis. Source spelling retained.
COHO:0000103	International Multiple Sclerosis Genetics Consortium	PROCARDIS	PROCARDIS	COHO:0000142	Sweden	https://www.ebi.ac.uk/europepmc/webservices/rest/PMC3182531/supplementaryFiles	PMID:21833088	PROCARDIS	yes	medium	yes	2011 supplement, Control collections (pp. 16–17): contributing control cohort; membership is specific to this analysis. Source spelling retained.
COHO:0000104	International Schizophrenia Consortium	University of Aberdeen		new		https://www.ncbi.nlm.nih.gov/research/bionlp/RESTful/pmcoa.cgi/BioC_xml/PMC3912847/unicode	PMID:18668038	University of Aberdeen	yes	medium	no	the source lists universities, not cohorts; Table 1 names the seven ISC participant collections by ascertainment site; Cardiff collection has Bulgarian ancestry, so UK recruitment is not assumed.
COHO:0000104	International Schizophrenia Consortium	University College London		new		https://www.ncbi.nlm.nih.gov/research/bionlp/RESTful/pmcoa.cgi/BioC_xml/PMC3912847/unicode	PMID:18668038	University College London	yes	medium	no	the source lists universities, not cohorts; Table 1 names the seven ISC participant collections by ascertainment site; Cardiff collection has Bulgarian ancestry, so UK recruitment is not assumed.
COHO:0000104	International Schizophrenia Consortium	Portuguese Island Collection		new		https://www.ncbi.nlm.nih.gov/research/bionlp/RESTful/pmcoa.cgi/BioC_xml/PMC3912847/unicode	PMID:18668038	Portuguese Island Collection	yes	medium	no	the source lists universities, not cohorts; Table 1 names the seven ISC participant collections by ascertainment site; Cardiff collection has Bulgarian ancestry, so UK recruitment is not assumed.
COHO:0000104	International Schizophrenia Consortium	Karolinska Institutet		new		https://www.ncbi.nlm.nih.gov/research/bionlp/RESTful/pmcoa.cgi/BioC_xml/PMC3912847/unicode	PMID:18668038	Karolinska Institutet	yes	medium	no	the source lists universities, not cohorts; Table 1 names the seven ISC participant collections by ascertainment site; Cardiff collection has Bulgarian ancestry, so UK recruitment is not assumed.
COHO:0000104	International Schizophrenia Consortium	Cardiff University		new		https://www.ncbi.nlm.nih.gov/research/bionlp/RESTful/pmcoa.cgi/BioC_xml/PMC3912847/unicode	PMID:18668038	Cardiff University	yes	medium	no	the source lists universities, not cohorts; Table 1 names the seven ISC participant collections by ascertainment site; Cardiff collection has Bulgarian ancestry, so UK recruitment is not assumed.
COHO:0000104	International Schizophrenia Consortium	Trinity College Dublin		new		https://www.ncbi.nlm.nih.gov/research/bionlp/RESTful/pmcoa.cgi/BioC_xml/PMC3912847/unicode	PMID:18668038	Trinity College Dublin	yes	medium	no	the source lists universities, not cohorts; Table 1 names the seven ISC participant collections by ascertainment site; Cardiff collection has Bulgarian ancestry, so UK recruitment is not assumed.
COHO:0000104	International Schizophrenia Consortium	University of Edinburgh		new		https://www.ncbi.nlm.nih.gov/research/bionlp/RESTful/pmcoa.cgi/BioC_xml/PMC3912847/unicode	PMID:18668038	University of Edinburgh	yes	medium	no	the source lists universities, not cohorts; Table 1 names the seven ISC participant collections by ascertainment site; Cardiff collection has Bulgarian ancestry, so UK recruitment is not assumed.
COHO:0000105	Italian Network on Genetic Isolates Studies	Val Borbera	VBI	new	Italy	https://www.ncbi.nlm.nih.gov/research/bionlp/RESTful/pmcoa.cgi/BioC_xml/PMC7080768/unicode	PMID:31784700	Val Borbera	yes	medium	yes	Three regional populations explicitly identified as belonging to INGI.
COHO:0000105	Italian Network on Genetic Isolates Studies	Friuli Venezia Giulia	FVG	new	Italy	https://www.ncbi.nlm.nih.gov/research/bionlp/RESTful/pmcoa.cgi/BioC_xml/PMC7080768/unicode	PMID:31784700	Friuli Venezia Giulia	yes	medium	yes	Three regional populations explicitly identified as belonging to INGI.
COHO:0000105	Italian Network on Genetic Isolates Studies	Carlantino	CAR	new	Italy	https://www.ncbi.nlm.nih.gov/research/bionlp/RESTful/pmcoa.cgi/BioC_xml/PMC7080768/unicode	PMID:31784700	Carlantino	yes	medium	yes	Three regional populations explicitly identified as belonging to INGI.
COHO:0000116	Molecular Genetics of Schizophrenia Collaboration	Schizophrenia Genetics Initiative	SGI	new		https://www.ncbi.nlm.nih.gov/projects/gap/cgi-bin/study.cgi?study_id=phs000167.v1.p1		Schizophrenia Genetics Initiative	yes	high	yes	Official deposition explicitly identifies SGI, MGS1 and MGS2 as the three source collections; GAIN/nonGAIN are genotyping partitions.
COHO:0000116	Molecular Genetics of Schizophrenia Collaboration	Molecular Genetics of Schizophrenia Part 1	MGS1	new		https://www.ncbi.nlm.nih.gov/projects/gap/cgi-bin/study.cgi?study_id=phs000167.v1.p1		Molecular Genetics of Schizophrenia Part 1 (MGS1)	yes	high	yes	Official deposition explicitly identifies SGI, MGS1 and MGS2 as the three source collections; GAIN/nonGAIN are genotyping partitions.
COHO:0000116	Molecular Genetics of Schizophrenia Collaboration	Molecular Genetics of Schizophrenia Part 2	MGS2	new		https://www.ncbi.nlm.nih.gov/projects/gap/cgi-bin/study.cgi?study_id=phs000167.v1.p1		Part 2 (MGS2)	yes	high	yes	Official deposition explicitly identifies SGI, MGS1 and MGS2 as the three source collections; GAIN/nonGAIN are genotyping partitions.
COHO:0000117	MOnica Risk, Genetics, Archiving and Monograph	Newcastle (AUS-NEW, cohort 01, 1983)	AUS-NEW	new	Australia	https://www.thl.fi/publications/morgam/cohorts/tables/base_summary.htm		AUS-NEW 01 01 1983	yes	high	yes	Source Table 2 lists 80 distinct RUA/cohort combinations; first 60 in source order shown. Repeated examination rounds merged; display name combines the study label in linked Table 1 with Table 2's cohort code and survey period.
COHO:0000117	MOnica Risk, Genetics, Archiving and Monograph	Newcastle (AUS-NEW, cohort 02, 1988-89)	AUS-NEW	new	Australia	https://www.thl.fi/publications/morgam/cohorts/tables/base_summary.htm		02 01 1988-89	yes	high	yes	Repeated examination rounds merged; display name combines the study label in linked Table 1 with Table 2's cohort code and survey period.
COHO:0000117	MOnica Risk, Genetics, Archiving and Monograph	Newcastle (AUS-NEW, cohort 03, 1994)	AUS-NEW	new	Australia	https://www.thl.fi/publications/morgam/cohorts/tables/base_summary.htm		03 01 1994	yes	high	yes	Repeated examination rounds merged; display name combines the study label in linked Table 1 with Table 2's cohort code and survey period.
COHO:0000117	MOnica Risk, Genetics, Archiving and Monograph	Czech Republic (CZE-CZH, cohort 21, 2002-05)	CZE-CZH	new	Czech_Republic	https://www.thl.fi/publications/morgam/cohorts/tables/base_summary.htm		CZE-CZH 21 01 2002-05	yes	high	yes	Repeated examination rounds merged; display name combines the study label in linked Table 1 with Table 2's cohort code and survey period.
COHO:0000117	MOnica Risk, Genetics, Archiving and Monograph	DAN-MONICA (DEN-GLO, cohort 01, 1982-84)	DEN-GLO	new	Denmark	https://www.thl.fi/publications/morgam/cohorts/tables/base_summary.htm		DEN-GLO 01 01 1982-84	yes	high	yes	Repeated examination rounds merged; display name combines the study label in linked Table 1 with Table 2's cohort code and survey period.
COHO:0000117	MOnica Risk, Genetics, Archiving and Monograph	DAN-MONICA (DEN-GLO, cohort 02, 1986-87)	DEN-GLO	new	Denmark	https://www.thl.fi/publications/morgam/cohorts/tables/base_summary.htm		02 01 1986-87	yes	high	yes	Repeated examination rounds merged; display name combines the study label in linked Table 1 with Table 2's cohort code and survey period.
COHO:0000117	MOnica Risk, Genetics, Archiving and Monograph	DAN-MONICA (DEN-GLO, cohort 03, 1991-92)	DEN-GLO	new	Denmark	https://www.thl.fi/publications/morgam/cohorts/tables/base_summary.htm		03 01 1991-92	yes	high	yes	Repeated examination rounds merged; display name combines the study label in linked Table 1 with Table 2's cohort code and survey period.
COHO:0000117	MOnica Risk, Genetics, Archiving and Monograph	Estonia (EST-EST, cohort 21, 2002-12)	EST-EST	new	Estonia	https://www.thl.fi/publications/morgam/cohorts/tables/base_summary.htm		EST-EST 21 01 2002-12	yes	high	yes	Repeated examination rounds merged; display name combines the study label in linked Table 1 with Table 2's cohort code and survey period.
COHO:0000117	MOnica Risk, Genetics, Archiving and Monograph	ATBC (FIN-ATB, cohort 31, 1984-88)	FIN-ATB	new	Finland	https://www.thl.fi/publications/morgam/cohorts/tables/base_summary.htm		FIN-ATB 31 01 1984-88	yes	high	yes	Repeated examination rounds merged; display name combines the study label in linked Table 1 with Table 2's cohort code and survey period.
COHO:0000117	MOnica Risk, Genetics, Archiving and Monograph	FINRISK (FIN-EAS, cohort 01, 1982)	FIN-EAS	new	Finland	https://www.thl.fi/publications/morgam/cohorts/tables/base_summary.htm		FIN-EAS 01 01 1982	yes	high	yes	Repeated examination rounds merged; display name combines the study label in linked Table 1 with Table 2's cohort code and survey period.
COHO:0000117	MOnica Risk, Genetics, Archiving and Monograph	FINRISK (FIN-EAS, cohort 02, 1987)	FIN-EAS	new	Finland	https://www.thl.fi/publications/morgam/cohorts/tables/base_summary.htm		02 01 1987	yes	high	yes	Repeated examination rounds merged; display name combines the study label in linked Table 1 with Table 2's cohort code and survey period.
COHO:0000117	MOnica Risk, Genetics, Archiving and Monograph	FINRISK (FIN-EAS, cohort 03, 1992)	FIN-EAS	new	Finland	https://www.thl.fi/publications/morgam/cohorts/tables/base_summary.htm		03 01 1992	yes	high	yes	Repeated examination rounds merged; display name combines the study label in linked Table 1 with Table 2's cohort code and survey period.
COHO:0000117	MOnica Risk, Genetics, Archiving and Monograph	FINRISK (FIN-EAS, cohort 24, 1997)	FIN-EAS	new	Finland	https://www.thl.fi/publications/morgam/cohorts/tables/base_summary.htm		24 01 1997	yes	high	yes	Repeated examination rounds merged; display name combines the study label in linked Table 1 with Table 2's cohort code and survey period.
COHO:0000117	MOnica Risk, Genetics, Archiving and Monograph	FINRISK (FIN-EAS, cohort 25, 2002)	FIN-EAS	new	Finland	https://www.thl.fi/publications/morgam/cohorts/tables/base_summary.htm		25 01 2002	yes	high	yes	Repeated examination rounds merged; display name combines the study label in linked Table 1 with Table 2's cohort code and survey period.
COHO:0000117	MOnica Risk, Genetics, Archiving and Monograph	FINRISK (FIN-WES, cohort 01, 1982)	FIN-WES	new	Finland	https://www.thl.fi/publications/morgam/cohorts/tables/base_summary.htm		FIN-WES 01 01 1982	yes	high	yes	Repeated examination rounds merged; display name combines the study label in linked Table 1 with Table 2's cohort code and survey period.
COHO:0000117	MOnica Risk, Genetics, Archiving and Monograph	FINRISK (FIN-WES, cohort 02, 1987)	FIN-WES	new	Finland	https://www.thl.fi/publications/morgam/cohorts/tables/base_summary.htm		02 01 1987	yes	high	yes	Repeated examination rounds merged; display name combines the study label in linked Table 1 with Table 2's cohort code and survey period.
COHO:0000117	MOnica Risk, Genetics, Archiving and Monograph	FINRISK (FIN-WES, cohort 03, 1992)	FIN-WES	new	Finland	https://www.thl.fi/publications/morgam/cohorts/tables/base_summary.htm		03 01 1992	yes	high	yes	Repeated examination rounds merged; display name combines the study label in linked Table 1 with Table 2's cohort code and survey period.
COHO:0000117	MOnica Risk, Genetics, Archiving and Monograph	FINRISK (FIN-WES, cohort 24, 1997)	FIN-WES	new	Finland	https://www.thl.fi/publications/morgam/cohorts/tables/base_summary.htm		24 01 1997	yes	high	yes	Repeated examination rounds merged; display name combines the study label in linked Table 1 with Table 2's cohort code and survey period.
COHO:0000117	MOnica Risk, Genetics, Archiving and Monograph	FINRISK (FIN-WES, cohort 25, 2002)	FIN-WES	new	Finland	https://www.thl.fi/publications/morgam/cohorts/tables/base_summary.htm		25 01 2002	yes	high	yes	Repeated examination rounds merged; display name combines the study label in linked Table 1 with Table 2's cohort code and survey period.
COHO:0000117	MOnica Risk, Genetics, Archiving and Monograph	PRIME/Lille (FRA-LIL, cohort 21, 1991-93)	FRA-LIL	new	France	https://www.thl.fi/publications/morgam/cohorts/tables/base_summary.htm		FRA-LIL 21 01 1991-93	yes	high	yes	Repeated examination rounds merged; display name combines the study label in linked Table 1 with Table 2's cohort code and survey period.
COHO:0000117	MOnica Risk, Genetics, Archiving and Monograph	PRIME/Strasbourg (FRA-STR, cohort 21, 1991-93)	FRA-STR	new	France	https://www.thl.fi/publications/morgam/cohorts/tables/base_summary.htm		FRA-STR 21 01 1991-93	yes	high	yes	Repeated examination rounds merged; display name combines the study label in linked Table 1 with Table 2's cohort code and survey period.
COHO:0000117	MOnica Risk, Genetics, Archiving and Monograph	PRIME/Toulouse (FRA-TOU, cohort 21, 1991-93)	FRA-TOU	new	France	https://www.thl.fi/publications/morgam/cohorts/tables/base_summary.htm		FRA-TOU 21 01 1991-93	yes	high	yes	Repeated examination rounds merged; display name combines the study label in linked Table 1 with Table 2's cohort code and survey period.
COHO:0000117	MOnica Risk, Genetics, Archiving and Monograph	Augsburg (GER-AUG, cohort 01, 1984-85)	GER-AUG	new	Germany	https://www.thl.fi/publications/morgam/cohorts/tables/base_summary.htm		GER-AUG 01 01 1984-85	yes	high	yes	Repeated examination rounds merged; display name combines the study label in linked Table 1 with Table 2's cohort code and survey period.
COHO:0000117	MOnica Risk, Genetics, Archiving and Monograph	Augsburg (GER-AUG, cohort 02, 1989-90)	GER-AUG	new	Germany	https://www.thl.fi/publications/morgam/cohorts/tables/base_summary.htm		02 01 1989-90	yes	high	yes	Repeated examination rounds merged; display name combines the study label in linked Table 1 with Table 2's cohort code and survey period.
COHO:0000117	MOnica Risk, Genetics, Archiving and Monograph	Augsburg (GER-AUG, cohort 03, 1994-95)	GER-AUG	new	Germany	https://www.thl.fi/publications/morgam/cohorts/tables/base_summary.htm		03 01 1994-95	yes	high	yes	Repeated examination rounds merged; display name combines the study label in linked Table 1 with Table 2's cohort code and survey period.
COHO:0000117	MOnica Risk, Genetics, Archiving and Monograph	Augsburg (GER-AUG, cohort 24, 1999-2001)	GER-AUG	new	Germany	https://www.thl.fi/publications/morgam/cohorts/tables/base_summary.htm		24 01 1999-2001	yes	high	yes	Repeated examination rounds merged; display name combines the study label in linked Table 1 with Table 2's cohort code and survey period.
COHO:0000117	MOnica Risk, Genetics, Archiving and Monograph	ESTHER (GER-ESR, cohort 21, 2000-03)	GER-ESR	new	Germany	https://www.thl.fi/publications/morgam/cohorts/tables/base_summary.htm		GER-ESR 21 01 2000-03	yes	high	yes	Repeated examination rounds merged; display name combines the study label in linked Table 1 with Table 2's cohort code and survey period.
COHO:0000117	MOnica Risk, Genetics, Archiving and Monograph	Gutenberg Health Study (GER-GHS, cohort 21, 2007-12)	GER-GHS	new	Germany	https://www.thl.fi/publications/morgam/cohorts/tables/base_summary.htm		GER-GHS 21 01 2007-12	yes	high	yes	Repeated examination rounds merged; display name combines the study label in linked Table 1 with Table 2's cohort code and survey period.
COHO:0000117	MOnica Risk, Genetics, Archiving and Monograph	Greifswald (GER-GRE, cohort 21, 1997-2001)	GER-GRE	new	Germany	https://www.thl.fi/publications/morgam/cohorts/tables/base_summary.htm		GER-GRE 21 01 1997-2001	yes	high	yes	Repeated examination rounds merged; display name combines the study label in linked Table 1 with Table 2's cohort code and survey period.
COHO:0000117	MOnica Risk, Genetics, Archiving and Monograph	MONICA-Brianza (ITA-BRI, cohort 01, 1986-87)	ITA-BRI	new	Italy	https://www.thl.fi/publications/morgam/cohorts/tables/base_summary.htm		ITA-BRI 01 01 1986-87	yes	high	yes	Repeated examination rounds merged; display name combines the study label in linked Table 1 with Table 2's cohort code and survey period.
COHO:0000117	MOnica Risk, Genetics, Archiving and Monograph	MONICA-Brianza (ITA-BRI, cohort 02, 1989-90)	ITA-BRI	new	Italy	https://www.thl.fi/publications/morgam/cohorts/tables/base_summary.htm		02 01 1989-90	yes	high	yes	Repeated examination rounds merged; display name combines the study label in linked Table 1 with Table 2's cohort code and survey period.
COHO:0000117	MOnica Risk, Genetics, Archiving and Monograph	MONICA-Brianza (ITA-BRI, cohort 03, 1993-94)	ITA-BRI	new	Italy	https://www.thl.fi/publications/morgam/cohorts/tables/base_summary.htm		03 01 1993-94	yes	high	yes	Repeated examination rounds merged; display name combines the study label in linked Table 1 with Table 2's cohort code and survey period.
COHO:0000117	MOnica Risk, Genetics, Archiving and Monograph	Friuli (ITA-FRI, cohort 01, 1986)	ITA-FRI	new	Italy	https://www.thl.fi/publications/morgam/cohorts/tables/base_summary.htm		ITA-FRI 01 01 1986	yes	high	yes	Repeated examination rounds merged; display name combines the study label in linked Table 1 with Table 2's cohort code and survey period.
COHO:0000117	MOnica Risk, Genetics, Archiving and Monograph	Friuli (ITA-FRI, cohort 02, 1989)	ITA-FRI	new	Italy	https://www.thl.fi/publications/morgam/cohorts/tables/base_summary.htm		02 01 1989	yes	high	yes	Repeated examination rounds merged; display name combines the study label in linked Table 1 with Table 2's cohort code and survey period.
COHO:0000117	MOnica Risk, Genetics, Archiving and Monograph	Friuli (ITA-FRI, cohort 03, 1994)	ITA-FRI	new	Italy	https://www.thl.fi/publications/morgam/cohorts/tables/base_summary.htm		03 01 1994	yes	high	yes	Repeated examination rounds merged; display name combines the study label in linked Table 1 with Table 2's cohort code and survey period.
COHO:0000117	MOnica Risk, Genetics, Archiving and Monograph	Friuli (ITA-FSE, cohort 21, 1995-96)	ITA-FSE	new	Italy	https://www.thl.fi/publications/morgam/cohorts/tables/base_summary.htm		ITA-FSE 21 01 1995-96	yes	high	yes	Repeated examination rounds merged; display name combines the study label in linked Table 1 with Table 2's cohort code and survey period.
COHO:0000117	MOnica Risk, Genetics, Archiving and Monograph	Moli-sani (ITA-MOL, cohort 21, 2005-10)	ITA-MOL	new	Italy	https://www.thl.fi/publications/morgam/cohorts/tables/base_summary.htm		ITA-MOL 21 01 2005-10	yes	high	yes	Repeated examination rounds merged; display name combines the study label in linked Table 1 with Table 2's cohort code and survey period.
COHO:0000117	MOnica Risk, Genetics, Archiving and Monograph	PAMELA (ITA-PAM, cohort 21, 1990-93)	ITA-PAM	COHO:0000143	Italy	https://www.thl.fi/publications/morgam/cohorts/tables/base_summary.htm		ITA-PAM 21 01 1990-93	yes	high	yes	Repeated examination rounds merged; display name combines the study label in linked Table 1 with Table 2's cohort code and survey period. PAMELA, Monza, Italy matches COHO's full name, acronym, baseline age and blood-pressure study definition.
COHO:0000117	MOnica Risk, Genetics, Archiving and Monograph	Rome (ITA-ROM, cohort 01, 1982-87)	ITA-ROM	new	Italy	https://www.thl.fi/publications/morgam/cohorts/tables/base_summary.htm		ITA-ROM 01 01 1982-87	yes	high	yes	Repeated examination rounds merged; display name combines the study label in linked Table 1 with Table 2's cohort code and survey period.
COHO:0000117	MOnica Risk, Genetics, Archiving and Monograph	Rome (ITA-ROM, cohort 21, 1983-84)	ITA-ROM	new	Italy	https://www.thl.fi/publications/morgam/cohorts/tables/base_summary.htm		21 01 1983-84	yes	high	yes	Repeated examination rounds merged; display name combines the study label in linked Table 1 with Table 2's cohort code and survey period.
COHO:0000117	MOnica Risk, Genetics, Archiving and Monograph	Rome (ITA-ROM, cohort 22, 1986-87)	ITA-ROM	new	Italy	https://www.thl.fi/publications/morgam/cohorts/tables/base_summary.htm		22 01 1986-87	yes	high	yes	Repeated examination rounds merged; display name combines the study label in linked Table 1 with Table 2's cohort code and survey period.
COHO:0000117	MOnica Risk, Genetics, Archiving and Monograph	Rome (ITA-ROM, cohort 23, 1993-95)	ITA-ROM	new	Italy	https://www.thl.fi/publications/morgam/cohorts/tables/base_summary.htm		23 01 1993-95	yes	high	yes	Repeated examination rounds merged; display name combines the study label in linked Table 1 with Table 2's cohort code and survey period.
COHO:0000117	MOnica Risk, Genetics, Archiving and Monograph	Kaunas (LTU-KAH, cohort 31, 2007-08)	LTU-KAH	new	Lithuania	https://www.thl.fi/publications/morgam/cohorts/tables/base_summary.htm		LTU-KAH 31 02 2007-08	yes	high	yes	Repeated examination rounds merged; display name combines the study label in linked Table 1 with Table 2's cohort code and survey period.
COHO:0000117	MOnica Risk, Genetics, Archiving and Monograph	Kaunas (LTU-KAH, cohort 32, 2006-08)	LTU-KAH	new	Lithuania	https://www.thl.fi/publications/morgam/cohorts/tables/base_summary.htm		32 02 2006-08	yes	high	yes	Repeated examination rounds merged; display name combines the study label in linked Table 1 with Table 2's cohort code and survey period.
COHO:0000117	MOnica Risk, Genetics, Archiving and Monograph	Kaunas (LTU-KAH, cohort 33, 2006-08)	LTU-KAH	new	Lithuania	https://www.thl.fi/publications/morgam/cohorts/tables/base_summary.htm		33 02 2006-08	yes	high	yes	Repeated examination rounds merged; display name combines the study label in linked Table 1 with Table 2's cohort code and survey period.
COHO:0000117	MOnica Risk, Genetics, Archiving and Monograph	Kaunas (LTU-KAH, cohort 34, 2007-08)	LTU-KAH	new	Lithuania	https://www.thl.fi/publications/morgam/cohorts/tables/base_summary.htm		34 02 2007-08	yes	high	yes	Repeated examination rounds merged; display name combines the study label in linked Table 1 with Table 2's cohort code and survey period.
COHO:0000117	MOnica Risk, Genetics, Archiving and Monograph	Kaunas (LTU-KAH, cohort 35, 2005-08)	LTU-KAH	new	Lithuania	https://www.thl.fi/publications/morgam/cohorts/tables/base_summary.htm		35 02 2005-08	yes	high	yes	Repeated examination rounds merged; display name combines the study label in linked Table 1 with Table 2's cohort code and survey period.
COHO:0000117	MOnica Risk, Genetics, Archiving and Monograph	Kaunas (LTU-KAU, cohort 01, 1983-85)	LTU-KAU	new	Lithuania	https://www.thl.fi/publications/morgam/cohorts/tables/base_summary.htm		LTU-KAU 01 01 1983-85	yes	high	yes	Repeated examination rounds merged; display name combines the study label in linked Table 1 with Table 2's cohort code and survey period.
COHO:0000117	MOnica Risk, Genetics, Archiving and Monograph	Kaunas (LTU-KAU, cohort 02, 1986-87)	LTU-KAU	new	Lithuania	https://www.thl.fi/publications/morgam/cohorts/tables/base_summary.htm		02 01 1986-87	yes	high	yes	Repeated examination rounds merged; display name combines the study label in linked Table 1 with Table 2's cohort code and survey period.
COHO:0000117	MOnica Risk, Genetics, Archiving and Monograph	Kaunas (LTU-KAU, cohort 03, 1992-93)	LTU-KAU	new	Lithuania	https://www.thl.fi/publications/morgam/cohorts/tables/base_summary.htm		03 01 1992-93	yes	high	yes	Repeated examination rounds merged; display name combines the study label in linked Table 1 with Table 2's cohort code and survey period.
COHO:0000117	MOnica Risk, Genetics, Archiving and Monograph	Tromsø (NOR-TRO, cohort 21, 1986-87)	NOR-TRO	new	Norway	https://www.thl.fi/publications/morgam/cohorts/tables/base_summary.htm		NOR-TRO 21 03 1986-87	yes	high	yes	Repeated examination rounds merged; display name combines the study label in linked Table 1 with Table 2's cohort code and survey period.
COHO:0000117	MOnica Risk, Genetics, Archiving and Monograph	Krakow (POL-KRH, cohort 21, 2002-04)	POL-KRH	new	Poland	https://www.thl.fi/publications/morgam/cohorts/tables/base_summary.htm		POL-KRH 21 01 2002-04	yes	high	yes	Repeated examination rounds merged; display name combines the study label in linked Table 1 with Table 2's cohort code and survey period.
COHO:0000117	MOnica Risk, Genetics, Archiving and Monograph	Krakow (POL-TAR, cohort 01, 1983-84)	POL-TAR	new	Poland	https://www.thl.fi/publications/morgam/cohorts/tables/base_summary.htm		POL-TAR 01 01 1983-84	yes	high	yes	Repeated examination rounds merged; display name combines the study label in linked Table 1 with Table 2's cohort code and survey period.
COHO:0000117	MOnica Risk, Genetics, Archiving and Monograph	Krakow (POL-TAR, cohort 02, 1987-88)	POL-TAR	new	Poland	https://www.thl.fi/publications/morgam/cohorts/tables/base_summary.htm		02 01 1987-88	yes	high	yes	Repeated examination rounds merged; display name combines the study label in linked Table 1 with Table 2's cohort code and survey period.
COHO:0000117	MOnica Risk, Genetics, Archiving and Monograph	Krakow (POL-TAR, cohort 03, 1992-93)	POL-TAR	new	Poland	https://www.thl.fi/publications/morgam/cohorts/tables/base_summary.htm		03 01 1992-93	yes	high	yes	Repeated examination rounds merged; display name combines the study label in linked Table 1 with Table 2's cohort code and survey period.
COHO:0000117	MOnica Risk, Genetics, Archiving and Monograph	Warsaw (POL-WAR, cohort 01, 1983-85)	POL-WAR	new	Poland	https://www.thl.fi/publications/morgam/cohorts/tables/base_summary.htm		POL-WAR 01 01 1983-85	yes	high	yes	Repeated examination rounds merged; display name combines the study label in linked Table 1 with Table 2's cohort code and survey period.
COHO:0000117	MOnica Risk, Genetics, Archiving and Monograph	Warsaw (POL-WAR, cohort 02, 1988-89)	POL-WAR	new	Poland	https://www.thl.fi/publications/morgam/cohorts/tables/base_summary.htm		02 01 1988-89	yes	high	yes	Repeated examination rounds merged; display name combines the study label in linked Table 1 with Table 2's cohort code and survey period.
COHO:0000117	MOnica Risk, Genetics, Archiving and Monograph	Warsaw (POL-WAR, cohort 03, 1993)	POL-WAR	new	Poland	https://www.thl.fi/publications/morgam/cohorts/tables/base_summary.htm		03 01 1993	yes	high	yes	Repeated examination rounds merged; display name combines the study label in linked Table 1 with Table 2's cohort code and survey period.
COHO:0000117	MOnica Risk, Genetics, Archiving and Monograph	HAPIEE/Novosibirsk (RUS-NOH, cohort 24, 2002-05)	RUS-NOH	COHO:0000265	Russia	https://www.thl.fi/publications/morgam/cohorts/tables/base_summary.htm		RUS-NOH 24 02 2002-05	yes	high	yes	Repeated examination rounds merged; display name combines the study label in linked Table 1 with Table 2's cohort code and survey period.
COHO:0000117	MOnica Risk, Genetics, Archiving and Monograph	Novosibirsk (RUS-NOV, cohort 01, 1985-86)	RUS-NOV	new	Russia	https://www.thl.fi/publications/morgam/cohorts/tables/base_summary.htm		RUS-NOV 01 01 1985-86	yes	high	yes	Repeated examination rounds merged; display name combines the study label in linked Table 1 with Table 2's cohort code and survey period.
COHO:0000118	Monitoring of Trends and Determinants in Cardiovascular Disease	Newcastle	AUS-NEW	new	Australia	https://www.thl.fi/publications/monica/surveydb/table1.htm		Newcastle	yes	high	yes	Official population-survey data book, Table 1; same named population's age/coverage variants (a–d) merged. Country follows historical source code.
COHO:0000118	Monitoring of Trends and Determinants in Cardiovascular Disease	Perth	AUS-PER	new	Australia	https://www.thl.fi/publications/monica/surveydb/table1.htm		Perth	yes	high	yes	Official population-survey data book, Table 1; same named population's age/coverage variants (a–d) merged. Country follows historical source code.
COHO:0000118	Monitoring of Trends and Determinants in Cardiovascular Disease	Charleroi	BEL-CHA	new	Belgium	https://www.thl.fi/publications/monica/surveydb/table1.htm		Charleroi	yes	high	yes	Official population-survey data book, Table 1; same named population's age/coverage variants (a–d) merged. Country follows historical source code.
COHO:0000118	Monitoring of Trends and Determinants in Cardiovascular Disease	Ghent	BEL-GHE	new	Belgium	https://www.thl.fi/publications/monica/surveydb/table1.htm		Ghent	yes	high	yes	Official population-survey data book, Table 1; same named population's age/coverage variants (a–d) merged. Country follows historical source code.
COHO:0000118	Monitoring of Trends and Determinants in Cardiovascular Disease	Luxembourg	BEL-LUX	new	Belgium	https://www.thl.fi/publications/monica/surveydb/table1.htm		Luxembourg	yes	high	yes	Official population-survey data book, Table 1; same named population's age/coverage variants (a–d) merged. Country follows historical source code.
COHO:0000118	Monitoring of Trends and Determinants in Cardiovascular Disease	Halifax	CAN-HAL	new	Canada	https://www.thl.fi/publications/monica/surveydb/table1.htm		Halifax	yes	high	yes	Official population-survey data book, Table 1; same named population's age/coverage variants (a–d) merged. Country follows historical source code.
COHO:0000118	Monitoring of Trends and Determinants in Cardiovascular Disease	Beijing	CHN-BEI	new	China	https://www.thl.fi/publications/monica/surveydb/table1.htm		Beijing	yes	high	yes	Official population-survey data book, Table 1; same named population's age/coverage variants (a–d) merged. Country follows historical source code.
COHO:0000118	Monitoring of Trends and Determinants in Cardiovascular Disease	Czech Republic	CZE-CZE	new	Czech_Republic	https://www.thl.fi/publications/monica/surveydb/table1.htm		Czech Republic	yes	high	yes	Official population-survey data book, Table 1; same named population's age/coverage variants (a–d) merged. Country follows historical source code.
COHO:0000118	Monitoring of Trends and Determinants in Cardiovascular Disease	Glostrup	DEN-GLO	new	Denmark	https://www.thl.fi/publications/monica/surveydb/table1.htm		Glostrup	yes	high	yes	Official population-survey data book, Table 1; same named population's age/coverage variants (a–d) merged. Country follows historical source code. Not forced to COHO:0000048, whose definition describes a narrower age-60 Glostrup cohort.
COHO:0000118	Monitoring of Trends and Determinants in Cardiovascular Disease	Kuopio Province	FIN-KUO	new	Finland	https://www.thl.fi/publications/monica/surveydb/table1.htm		Kuopio Province	yes	high	yes	Official population-survey data book, Table 1; same named population's age/coverage variants (a–d) merged. Country follows historical source code.
COHO:0000118	Monitoring of Trends and Determinants in Cardiovascular Disease	North Karelia	FIN-NKA	new	Finland	https://www.thl.fi/publications/monica/surveydb/table1.htm		North Karelia	yes	high	yes	Official population-survey data book, Table 1; same named population's age/coverage variants (a–d) merged. Country follows historical source code.
COHO:0000118	Monitoring of Trends and Determinants in Cardiovascular Disease	Turku/Loimaa	FIN-TUL	new	Finland	https://www.thl.fi/publications/monica/surveydb/table1.htm		Turku/Loimaa	yes	high	yes	Official population-survey data book, Table 1; same named population's age/coverage variants (a–d) merged. Country follows historical source code.
COHO:0000118	Monitoring of Trends and Determinants in Cardiovascular Disease	Lille	FRA-LIL	new	France	https://www.thl.fi/publications/monica/surveydb/table1.htm		Lille	yes	high	yes	Official population-survey data book, Table 1; same named population's age/coverage variants (a–d) merged. Country follows historical source code.
COHO:0000118	Monitoring of Trends and Determinants in Cardiovascular Disease	Strasbourg	FRA-STR	new	France	https://www.thl.fi/publications/monica/surveydb/table1.htm		Strasbourg	yes	high	yes	Official population-survey data book, Table 1; same named population's age/coverage variants (a–d) merged. Country follows historical source code.
COHO:0000118	Monitoring of Trends and Determinants in Cardiovascular Disease	Toulouse	FRA-TOU	new	France	https://www.thl.fi/publications/monica/surveydb/table1.htm		Toulouse	yes	high	yes	Official population-survey data book, Table 1; same named population's age/coverage variants (a–d) merged. Country follows historical source code.
COHO:0000118	Monitoring of Trends and Determinants in Cardiovascular Disease	Augsburg (rural)	GER-AUR	new	Germany	https://www.thl.fi/publications/monica/surveydb/table1.htm		Augsburg (rural)	yes	high	yes	Official population-survey data book, Table 1; same named population's age/coverage variants (a–d) merged. Country follows historical source code.
COHO:0000118	Monitoring of Trends and Determinants in Cardiovascular Disease	Augsburg (urban)	GER-AUU	new	Germany	https://www.thl.fi/publications/monica/surveydb/table1.htm		Augsburg (urban)	yes	high	yes	Official population-survey data book, Table 1; same named population's age/coverage variants (a–d) merged. Country follows historical source code.
COHO:0000118	Monitoring of Trends and Determinants in Cardiovascular Disease	Berlin-Lichtenberg	GER-BER	new	Germany	https://www.thl.fi/publications/monica/surveydb/table1.htm		Berlin-Lichtenberg	yes	high	yes	Official population-survey data book, Table 1; same named population's age/coverage variants (a–d) merged. Country follows historical source code.
COHO:0000118	Monitoring of Trends and Determinants in Cardiovascular Disease	Bremen	GER-BRE	new	Germany	https://www.thl.fi/publications/monica/surveydb/table1.htm		Bremen	yes	high	yes	Official population-survey data book, Table 1; same named population's age/coverage variants (a–d) merged. Country follows historical source code.
COHO:0000118	Monitoring of Trends and Determinants in Cardiovascular Disease	Cottbus	GER-COT	new	Germany	https://www.thl.fi/publications/monica/surveydb/table1.htm		Cottbus	yes	high	yes	Official population-survey data book, Table 1; same named population's age/coverage variants (a–d) merged. Country follows historical source code.
COHO:0000118	Monitoring of Trends and Determinants in Cardiovascular Disease	MONICA East Germany	GER-EGE	new	Germany	https://www.thl.fi/publications/monica/surveydb/table1.htm		MONICA East Germany	yes	high	yes	Official population-survey data book, Table 1; same named population's age/coverage variants (a–d) merged. Country follows historical source code.
COHO:0000118	Monitoring of Trends and Determinants in Cardiovascular Disease	Halle County	GER-HAC	new	Germany	https://www.thl.fi/publications/monica/surveydb/table1.htm		Halle County	yes	high	yes	Official population-survey data book, Table 1; same named population's age/coverage variants (a–d) merged. Country follows historical source code.
COHO:0000118	Monitoring of Trends and Determinants in Cardiovascular Disease	Karl-Marx-Stadt County	GER-KMS	new	Germany	https://www.thl.fi/publications/monica/surveydb/table1.htm		Karl-Marx-Stadt County	yes	high	yes	Official population-survey data book, Table 1; same named population's age/coverage variants (a–d) merged. Country follows historical source code.
COHO:0000118	Monitoring of Trends and Determinants in Cardiovascular Disease	Rest of DDR-MONICA	GER-RDM	new	Germany	https://www.thl.fi/publications/monica/surveydb/table1.htm		Rest of DDR-MONICA	yes	high	yes	Official population-survey data book, Table 1; same named population's age/coverage variants (a–d) merged. Country follows historical source code.
COHO:0000118	Monitoring of Trends and Determinants in Cardiovascular Disease	Rhein-Neckar Region	GER-RHN	new	Germany	https://www.thl.fi/publications/monica/surveydb/table1.htm		Rhein-Neckar Region	yes	high	yes	Official population-survey data book, Table 1; same named population's age/coverage variants (a–d) merged. Country follows historical source code.
COHO:0000118	Monitoring of Trends and Determinants in Cardiovascular Disease	Budapest	HUN-BUD	new	Hungary	https://www.thl.fi/publications/monica/surveydb/table1.htm		Budapest	yes	high	yes	Official population-survey data book, Table 1; same named population's age/coverage variants (a–d) merged. Country follows historical source code.
COHO:0000118	Monitoring of Trends and Determinants in Cardiovascular Disease	Pecs	HUN-PEC	new	Hungary	https://www.thl.fi/publications/monica/surveydb/table1.htm		Pecs	yes	high	yes	Official population-survey data book, Table 1; same named population's age/coverage variants (a–d) merged. Country follows historical source code.
COHO:0000118	Monitoring of Trends and Determinants in Cardiovascular Disease	Iceland	ICE-ICE	new	Iceland	https://www.thl.fi/publications/monica/surveydb/table1.htm		Iceland	yes	high	yes	Official population-survey data book, Table 1; same named population's age/coverage variants (a–d) merged. Country follows historical source code.
COHO:0000118	Monitoring of Trends and Determinants in Cardiovascular Disease	Tel Aviv	ISR-TEL	new	Israel	https://www.thl.fi/publications/monica/surveydb/table1.htm		Tel Aviv	yes	high	yes	Official population-survey data book, Table 1; same named population's age/coverage variants (a–d) merged. Country follows historical source code.
COHO:0000118	Monitoring of Trends and Determinants in Cardiovascular Disease	Area Brianza	ITA-BRI	new	Italy	https://www.thl.fi/publications/monica/surveydb/table1.htm		Area Brianza	yes	high	yes	Official population-survey data book, Table 1; same named population's age/coverage variants (a–d) merged. Country follows historical source code.
COHO:0000118	Monitoring of Trends and Determinants in Cardiovascular Disease	Friuli	ITA-FRI	new	Italy	https://www.thl.fi/publications/monica/surveydb/table1.htm		Friuli	yes	high	yes	Official population-survey data book, Table 1; same named population's age/coverage variants (a–d) merged. Country follows historical source code.
COHO:0000118	Monitoring of Trends and Determinants in Cardiovascular Disease	Area Latina	ITA-LAT	new	Italy	https://www.thl.fi/publications/monica/surveydb/table1.htm		Area Latina	yes	high	yes	Official population-survey data book, Table 1; same named population's age/coverage variants (a–d) merged. Country follows historical source code.
COHO:0000118	Monitoring of Trends and Determinants in Cardiovascular Disease	Kaunas	LTU-KAU	new	Lithuania	https://www.thl.fi/publications/monica/surveydb/table1.htm		Kaunas	yes	high	yes	Official population-survey data book, Table 1; same named population's age/coverage variants (a–d) merged. Country follows historical source code.
COHO:0000118	Monitoring of Trends and Determinants in Cardiovascular Disease	Malta	MLT-MLT	new	Malta	https://www.thl.fi/publications/monica/surveydb/table1.htm		Malta	yes	high	yes	Official population-survey data book, Table 1; same named population's age/coverage variants (a–d) merged. Country follows historical source code.
COHO:0000118	Monitoring of Trends and Determinants in Cardiovascular Disease	Auckland	NEZ-AUC	new	New_Zealand	https://www.thl.fi/publications/monica/surveydb/table1.htm		Auckland	yes	high	yes	Official population-survey data book, Table 1; same named population's age/coverage variants (a–d) merged. Country follows historical source code.
COHO:0000118	Monitoring of Trends and Determinants in Cardiovascular Disease	Tarnobrzeg Voivodship	POL-TAR	new	Poland	https://www.thl.fi/publications/monica/surveydb/table1.htm		Tarnobrzeg Voivodship	yes	high	yes	Official population-survey data book, Table 1; same named population's age/coverage variants (a–d) merged. Country follows historical source code.
COHO:0000118	Monitoring of Trends and Determinants in Cardiovascular Disease	Warsaw	POL-WAR	new	Poland	https://www.thl.fi/publications/monica/surveydb/table1.htm		Warsaw	yes	high	yes	Official population-survey data book, Table 1; same named population's age/coverage variants (a–d) merged. Country follows historical source code.
COHO:0000118	Monitoring of Trends and Determinants in Cardiovascular Disease	Bucharest	ROM-BUC	new	Romania	https://www.thl.fi/publications/monica/surveydb/table1.htm		Bucharest	yes	high	yes	Official population-survey data book, Table 1; same named population's age/coverage variants (a–d) merged. Country follows historical source code.
COHO:0000118	Monitoring of Trends and Determinants in Cardiovascular Disease	Moscow (control)	RUS-MOC	new	Russia	https://www.thl.fi/publications/monica/surveydb/table1.htm		Moscow (control)	yes	high	yes	Official population-survey data book, Table 1; same named population's age/coverage variants (a–d) merged. Country follows historical source code.
COHO:0000118	Monitoring of Trends and Determinants in Cardiovascular Disease	Moscow (intervention)	RUS-MOI	new	Russia	https://www.thl.fi/publications/monica/surveydb/table1.htm		Moscow (intervention)	yes	high	yes	Official population-survey data book, Table 1; same named population's age/coverage variants (a–d) merged. Country follows historical source code.
COHO:0000118	Monitoring of Trends and Determinants in Cardiovascular Disease	Novosibirsk (control)	RUS-NOC	new	Russia	https://www.thl.fi/publications/monica/surveydb/table1.htm		Novosibirsk (control)	yes	high	yes	Official population-survey data book, Table 1; same named population's age/coverage variants (a–d) merged. Country follows historical source code.
COHO:0000118	Monitoring of Trends and Determinants in Cardiovascular Disease	Novosibirsk (intervention)	RUS-NOI	new	Russia	https://www.thl.fi/publications/monica/surveydb/table1.htm		Novosibirsk (intervention)	yes	high	yes	Official population-survey data book, Table 1; same named population's age/coverage variants (a–d) merged. Country follows historical source code.
COHO:0000118	Monitoring of Trends and Determinants in Cardiovascular Disease	Catalonia	SPA-CAT	new	Spain	https://www.thl.fi/publications/monica/surveydb/table1.htm		Catalonia	yes	high	yes	Official population-survey data book, Table 1; same named population's age/coverage variants (a–d) merged. Country follows historical source code.
COHO:0000118	Monitoring of Trends and Determinants in Cardiovascular Disease	Gothenburg	SWE-GOT	new	Sweden	https://www.thl.fi/publications/monica/surveydb/table1.htm		Gothenburg	yes	high	yes	Official population-survey data book, Table 1; same named population's age/coverage variants (a–d) merged. Country follows historical source code.
COHO:0000118	Monitoring of Trends and Determinants in Cardiovascular Disease	Northern Sweden	SWE-NSW	new	Sweden	https://www.thl.fi/publications/monica/surveydb/table1.htm		Northern Sweden	yes	high	yes	Official population-survey data book, Table 1; same named population's age/coverage variants (a–d) merged. Country follows historical source code. Not COHO:0000130 NSPHS, a different northern-Sweden recruitment.
COHO:0000118	Monitoring of Trends and Determinants in Cardiovascular Disease	Ticino	SWI-TIC	new	Switzerland	https://www.thl.fi/publications/monica/surveydb/table1.htm		Ticino	yes	high	yes	Official population-survey data book, Table 1; same named population's age/coverage variants (a–d) merged. Country follows historical source code.
COHO:0000118	Monitoring of Trends and Determinants in Cardiovascular Disease	Vaud/Fribourg	SWI-VAF	new	Switzerland	https://www.thl.fi/publications/monica/surveydb/table1.htm		Vaud/Fribourg	yes	high	yes	Official population-survey data book, Table 1; same named population's age/coverage variants (a–d) merged. Country follows historical source code.
COHO:0000118	Monitoring of Trends and Determinants in Cardiovascular Disease	Belfast	UNK-BEL	new	United_Kingdom	https://www.thl.fi/publications/monica/surveydb/table1.htm		Belfast	yes	high	yes	Official population-survey data book, Table 1; same named population's age/coverage variants (a–d) merged. Country follows historical source code.
COHO:0000118	Monitoring of Trends and Determinants in Cardiovascular Disease	Glasgow	UNK-GLA	new	United_Kingdom	https://www.thl.fi/publications/monica/surveydb/table1.htm		Glasgow	yes	high	yes	Official population-survey data book, Table 1; same named population's age/coverage variants (a–d) merged. Country follows historical source code.
COHO:0000118	Monitoring of Trends and Determinants in Cardiovascular Disease	Stanford	USA-STA	new	United_States	https://www.thl.fi/publications/monica/surveydb/table1.htm		Stanford	yes	high	yes	Official population-survey data book, Table 1; same named population's age/coverage variants (a–d) merged. Country follows historical source code.
COHO:0000118	Monitoring of Trends and Determinants in Cardiovascular Disease	Novi Sad	YUG-NOS	new	Yugoslavia	https://www.thl.fi/publications/monica/surveydb/table1.htm		Novi Sad	yes	high	yes	Official population-survey data book, Table 1; same named population's age/coverage variants (a–d) merged. Country follows historical source code.
COHO:0000120	Multicenter Family Study	Australia/United States		new		https://www.ncbi.nlm.nih.gov/research/bionlp/RESTful/pmcoa.cgi/BioC_xml/PMC6927206/unicode	PMID:22885689	Australia/United States	yes	medium	no	the source lists recruitment sites, not cohorts; Table 1 names this recruited family subsample by site; not a membership assertion about the institution.
COHO:0000120	Multicenter Family Study	Cardiff		new		https://www.ncbi.nlm.nih.gov/research/bionlp/RESTful/pmcoa.cgi/BioC_xml/PMC6927206/unicode	PMID:22885689	Cardiff	yes	medium	no	the source lists recruitment sites, not cohorts; Table 1 names this recruited family subsample by site; not a membership assertion about the institution.
COHO:0000120	Multicenter Family Study	Johns Hopkins		new		https://www.ncbi.nlm.nih.gov/research/bionlp/RESTful/pmcoa.cgi/BioC_xml/PMC6927206/unicode	PMID:22885689	Johns Hopkins	yes	medium	no	the source lists recruitment sites, not cohorts; Table 1 names this recruited family subsample by site; not a membership assertion about the institution.
COHO:0000120	Multicenter Family Study	Illinois/NorthShore		new		https://www.ncbi.nlm.nih.gov/research/bionlp/RESTful/pmcoa.cgi/BioC_xml/PMC6927206/unicode	PMID:22885689	Illinois/NorthShore	yes	medium	no	the source lists recruitment sites, not cohorts; Table 1 names this recruited family subsample by site; not a membership assertion about the institution.
COHO:0000120	Multicenter Family Study	Paris		new		https://www.ncbi.nlm.nih.gov/research/bionlp/RESTful/pmcoa.cgi/BioC_xml/PMC6927206/unicode	PMID:22885689	Paris	yes	medium	no	the source lists recruitment sites, not cohorts; Table 1 names this recruited family subsample by site; not a membership assertion about the institution.
COHO:0000120	Multicenter Family Study	VCU/Ireland		new		https://www.ncbi.nlm.nih.gov/research/bionlp/RESTful/pmcoa.cgi/BioC_xml/PMC6927206/unicode	PMID:22885689	VCU/Ireland	yes	medium	no	the source lists recruitment sites, not cohorts; Table 1 names this recruited family subsample by site; not a membership assertion about the institution.
COHO:0000120	Multicenter Family Study	Western Australia/Germany		new		https://www.ncbi.nlm.nih.gov/research/bionlp/RESTful/pmcoa.cgi/BioC_xml/PMC6927206/unicode	PMID:22885689	Western Australia/Germany	yes	medium	no	the source lists recruitment sites, not cohorts; Table 1 names this recruited family subsample by site; not a membership assertion about the institution.
COHO:0000134	Ovarian Cancer Association Consortium	Australian Ovarian Cancer Study	AOCS	COHO:0000014	Australia	https://www.ncbi.nlm.nih.gov/research/bionlp/RESTful/pmcoa.cgi/BioC_xml/PMC3013232/unicode	PMID:20570913	Australian Ovarian Cancer Study	yes	medium	yes	Table 1 pools AOCS and ACS as AUS; listed separately here.
COHO:0000134	Ovarian Cancer Association Consortium	Australian Cancer Study – Ovarian Cancer	ACS	COHO:0000013	Australia	https://www.ncbi.nlm.nih.gov/research/bionlp/RESTful/pmcoa.cgi/BioC_xml/PMC3013232/unicode	PMID:20570913	Australian Cancer Study – Ovarian Cancer	yes	medium	yes	Table 1 pools AOCS and ACS as AUS; COHO label is Australia Cancer Study.
COHO:0000134	Ovarian Cancer Association Consortium	Diseases of the Ovary and their Evaluation	DOVE	new	United_States	https://www.ncbi.nlm.nih.gov/research/bionlp/RESTful/pmcoa.cgi/BioC_xml/PMC3013232/unicode	PMID:20570913	Diseases of the Ovary and their Evaluation	yes	medium	yes	All contributing studies in Table 1 of this OCAC analysis.
COHO:0000134	Ovarian Cancer Association Consortium	German Ovarian Cancer Study	GOCS	new	Germany	https://www.ncbi.nlm.nih.gov/research/bionlp/RESTful/pmcoa.cgi/BioC_xml/PMC3013232/unicode	PMID:20570913	German Ovarian Cancer Study	yes	medium	yes	All contributing studies in Table 1 of this OCAC analysis.
COHO:0000134	Ovarian Cancer Association Consortium	Hawaii Ovarian Cancer Study	HAWAII	new	United_States	https://www.ncbi.nlm.nih.gov/research/bionlp/RESTful/pmcoa.cgi/BioC_xml/PMC3013232/unicode	PMID:20570913	Hawaii Ovarian Cancer Study	yes	medium	yes	All contributing studies in Table 1 of this OCAC analysis.
COHO:0000134	Ovarian Cancer Association Consortium	Hormones and Ovarian Cancer Prediction Study	HOPE	new	United_States	https://www.ncbi.nlm.nih.gov/research/bionlp/RESTful/pmcoa.cgi/BioC_xml/PMC3013232/unicode	PMID:20570913	Hormones and Ovarian Cancer Prediction Study	yes	medium	yes	All contributing studies in Table 1 of this OCAC analysis.
COHO:0000134	Ovarian Cancer Association Consortium	Malignant Ovarian Cancer Study	MALOVA	new	Denmark	https://www.ncbi.nlm.nih.gov/research/bionlp/RESTful/pmcoa.cgi/BioC_xml/PMC3013232/unicode	PMID:20570913	Malignant Ovarian Cancer Study	yes	medium	yes	All contributing studies in Table 1 of this OCAC analysis.
COHO:0000134	Ovarian Cancer Association Consortium	Mayo Clinic Ovarian Cancer Case Control Study	MAYO	new	United_States	https://www.ncbi.nlm.nih.gov/research/bionlp/RESTful/pmcoa.cgi/BioC_xml/PMC3013232/unicode	PMID:20570913	Mayo Clinic Ovarian Cancer Case Control Study	yes	medium	yes	All contributing studies in Table 1 of this OCAC analysis.
COHO:0000134	Ovarian Cancer Association Consortium	North Carolina Ovarian Cancer Study	NCOCS	new	United_States	https://www.ncbi.nlm.nih.gov/research/bionlp/RESTful/pmcoa.cgi/BioC_xml/PMC3013232/unicode	PMID:20570913	North Carolina Ovarian Cancer Study	yes	medium	yes	Table 1 of this OCAC analysis; NCO1/NCO2 are combined under the shared NCOCS study name.
COHO:0000134	Ovarian Cancer Association Consortium	New England-based Case-Control Study	NECC	COHO:0000126	United_States	https://www.ncbi.nlm.nih.gov/research/bionlp/RESTful/pmcoa.cgi/BioC_xml/PMC3013232/unicode	PMID:20570913	New England-based Case-Control Study	yes	medium	yes	All contributing studies in Table 1 of this OCAC analysis.
COHO:0000134	Ovarian Cancer Association Consortium	Nurses' Health Study	NHS	new	United_States	https://www.ncbi.nlm.nih.gov/research/bionlp/RESTful/pmcoa.cgi/BioC_xml/PMC3013232/unicode	PMID:20570913	Nurses' Health Study	yes	medium	yes	All contributing studies in Table 1 of this OCAC analysis.
COHO:0000134	Ovarian Cancer Association Consortium	Studies of Epidemiology and Risk Factors in Cancer Heredity Ovarian Cancer Study	SEARCH	new	United_Kingdom	https://www.ncbi.nlm.nih.gov/research/bionlp/RESTful/pmcoa.cgi/BioC_xml/PMC3013232/unicode	PMID:20570913	Studies of Epidemiology and Risk Factors in Cancer Heredity Ovarian Cancer Study	yes	medium	yes	All contributing studies in Table 1 of this OCAC analysis.
COHO:0000134	Ovarian Cancer Association Consortium	Genetic Epidemiology of Ovarian Cancer Study	GEOCS	new	United_States	https://www.ncbi.nlm.nih.gov/research/bionlp/RESTful/pmcoa.cgi/BioC_xml/PMC3013232/unicode	PMID:20570913	Genetic Epidemiology of Ovarian Cancer Study	yes	medium	yes	All contributing studies in Table 1 of this OCAC analysis.
COHO:0000134	Ovarian Cancer Association Consortium	the Orange and San Diego Counties, California Study	UCI	new	United_States	https://www.ncbi.nlm.nih.gov/research/bionlp/RESTful/pmcoa.cgi/BioC_xml/PMC3013232/unicode	PMID:20570913	the Orange and San Diego Counties, California Study	yes	medium	yes	All contributing studies in Table 1 of this OCAC analysis.
COHO:0000134	Ovarian Cancer Association Consortium	United Kingdom Ovarian Cancer Population Study	UKOPS	new	United_Kingdom	https://www.ncbi.nlm.nih.gov/research/bionlp/RESTful/pmcoa.cgi/BioC_xml/PMC3013232/unicode	PMID:20570913	United Kingdom Ovarian Cancer Population Study	yes	medium	yes	All contributing studies in Table 1 of this OCAC analysis.
COHO:0000134	Ovarian Cancer Association Consortium	Los Angeles County Case-Control Studies of Ovarian Cancer	LAC-CCOC	new	United_States	https://www.ncbi.nlm.nih.gov/research/bionlp/RESTful/pmcoa.cgi/BioC_xml/PMC3013232/unicode	PMID:20570913	Los Angeles County Case-Control Studies of Ovarian Cancer	yes	medium	yes	All contributing studies in Table 1 of this OCAC analysis.
COHO:0000137	PanCareLIFE	DCOG LATER cohort		new	Netherlands	https://www.ncbi.nlm.nih.gov/research/bionlp/RESTful/pmcoa.cgi/BioC_xml/PMC6231763/unicode	PMID:30215599	DCOG LATER cohort	yes	high	yes	All 16 institutional cohorts in Table 1 of the PanCareLIFE female fertility study protocol (WP3).
COHO:0000137	PanCareLIFE	Hodgkin Lymphoma cohort		new	Netherlands	https://www.ncbi.nlm.nih.gov/research/bionlp/RESTful/pmcoa.cgi/BioC_xml/PMC6231763/unicode	PMID:30215599	Hodgkin Lymphoma cohort	yes	high	yes	All 16 institutional cohorts in Table 1 of the PanCareLIFE female fertility study protocol (WP3).
COHO:0000137	PanCareLIFE	VIVE cohort		new	Germany	https://www.ncbi.nlm.nih.gov/research/bionlp/RESTful/pmcoa.cgi/BioC_xml/PMC6231763/unicode	PMID:30215599	VIVE cohort	yes	high	yes	All 16 institutional cohorts in Table 1 of the PanCareLIFE female fertility study protocol (WP3).
COHO:0000137	PanCareLIFE	Ewing 2008 Clinical Trials cohort		new	Germany	https://www.ncbi.nlm.nih.gov/research/bionlp/RESTful/pmcoa.cgi/BioC_xml/PMC6231763/unicode	PMID:30215599	Ewing 2008 Clinical Trials cohort	yes	high	yes	All 16 institutional cohorts in Table 1 of the PanCareLIFE female fertility study protocol (WP3).
COHO:0000137	PanCareLIFE	Berlin Hormone Analyses cohort		new	Germany	https://www.ncbi.nlm.nih.gov/research/bionlp/RESTful/pmcoa.cgi/BioC_xml/PMC6231763/unicode	PMID:30215599	Berlin Hormone Analyses cohort	yes	high	yes	All 16 institutional cohorts in Table 1 of the PanCareLIFE female fertility study protocol (WP3).
COHO:0000137	PanCareLIFE	Cohort female 5-yr cancer survivors Brno		new	Czech_Republic	https://www.ncbi.nlm.nih.gov/research/bionlp/RESTful/pmcoa.cgi/BioC_xml/PMC6231763/unicode	PMID:30215599	Cohort female 5-yr cancer survivors Brno	yes	high	yes	All 16 institutional cohorts in Table 1 of the PanCareLIFE female fertility study protocol (WP3).
COHO:0000137	PanCareLIFE	Cohort female 5-yr cancer survivors Motol		new	Czech_Republic	https://www.ncbi.nlm.nih.gov/research/bionlp/RESTful/pmcoa.cgi/BioC_xml/PMC6231763/unicode	PMID:30215599	Cohort female 5-yr cancer survivors Motol	yes	high	yes	All 16 institutional cohorts in Table 1 of the PanCareLIFE female fertility study protocol (WP3).
COHO:0000137	PanCareLIFE	Gaslini female survivors cohort		new	Italy	https://www.ncbi.nlm.nih.gov/research/bionlp/RESTful/pmcoa.cgi/BioC_xml/PMC6231763/unicode	PMID:30215599	Gaslini female survivors cohort	yes	high	yes	All 16 institutional cohorts in Table 1 of the PanCareLIFE female fertility study protocol (WP3).
COHO:0000137	PanCareLIFE	Swiss Childhood Cancer Survivor Study cohort 1		new	Switzerland	https://www.ncbi.nlm.nih.gov/research/bionlp/RESTful/pmcoa.cgi/BioC_xml/PMC6231763/unicode	PMID:30215599	Swiss Childhood Cancer Survivor Study cohort 1	yes	high	yes	All 16 institutional cohorts in Table 1 of the PanCareLIFE female fertility study protocol (WP3).
COHO:0000137	PanCareLIFE	Swiss Childhood Cancer Survivor Study cohort 2		new	Switzerland	https://www.ncbi.nlm.nih.gov/research/bionlp/RESTful/pmcoa.cgi/BioC_xml/PMC6231763/unicode	PMID:30215599	Swiss Childhood Cancer Survivor Study cohort 2	yes	high	yes	All 16 institutional cohorts in Table 1 of the PanCareLIFE female fertility study protocol (WP3).
COHO:0000137	PanCareLIFE	Hematopoietic stem cell transplantation cohort		new	United_Kingdom	https://www.ncbi.nlm.nih.gov/research/bionlp/RESTful/pmcoa.cgi/BioC_xml/PMC6231763/unicode	PMID:30215599	Hematopoietic stem cell transplantation cohort	yes	high	yes	All 16 institutional cohorts in Table 1 of the PanCareLIFE female fertility study protocol (WP3).
COHO:0000137	PanCareLIFE	Lymphoma survivor cohort		new	Norway	https://www.ncbi.nlm.nih.gov/research/bionlp/RESTful/pmcoa.cgi/BioC_xml/PMC6231763/unicode	PMID:30215599	Lymphoma survivor cohort	yes	high	yes	All 16 institutional cohorts in Table 1 of the PanCareLIFE female fertility study protocol (WP3).
COHO:0000137	PanCareLIFE	Acute lymphoblastic leukaemia survivor cohort		new	Norway	https://www.ncbi.nlm.nih.gov/research/bionlp/RESTful/pmcoa.cgi/BioC_xml/PMC6231763/unicode	PMID:30215599	Acute lymphoblastic leukaemia survivor cohort	yes	high	yes	All 16 institutional cohorts in Table 1 of the PanCareLIFE female fertility study protocol (WP3).
COHO:0000137	PanCareLIFE	Rhone Alpe cohort 1		new	France	https://www.ncbi.nlm.nih.gov/research/bionlp/RESTful/pmcoa.cgi/BioC_xml/PMC6231763/unicode	PMID:30215599	Rhone Alpe cohort 1	yes	high	yes	All 16 institutional cohorts in Table 1 of the PanCareLIFE female fertility study protocol (WP3).
COHO:0000137	PanCareLIFE	Rhone Alpe cohort 2		new	France	https://www.ncbi.nlm.nih.gov/research/bionlp/RESTful/pmcoa.cgi/BioC_xml/PMC6231763/unicode	PMID:30215599	Rhone Alpe cohort 2	yes	high	yes	All 16 institutional cohorts in Table 1 of the PanCareLIFE female fertility study protocol (WP3).
COHO:0000137	PanCareLIFE	The Edmond and Lily Safra Children's Hospital Late Effects cohort		new	Israel	https://www.ncbi.nlm.nih.gov/research/bionlp/RESTful/pmcoa.cgi/BioC_xml/PMC6231763/unicode	PMID:30215599	The Edmond and Lily Safra Children's Hospital Late Effects cohort	yes	high	yes	All 16 institutional cohorts in Table 1 of the PanCareLIFE female fertility study protocol (WP3).
COHO:0000146	Psychiatric GWAS Consortium	Cardiff UK		new	United_Kingdom	https://www.ncbi.nlm.nih.gov/research/bionlp/RESTful/pmcoa.cgi/BioC_xml/PMC3303194/unicode	PMID:21926974	Cardiff UK	yes	medium	yes	Table 1 of the 2011 PGC schizophrenia analysis (discovery and replication); repeated genotyping rows for the same collection merged.
COHO:0000146	Psychiatric GWAS Consortium	CATIE		new	United_States	https://www.ncbi.nlm.nih.gov/research/bionlp/RESTful/pmcoa.cgi/BioC_xml/PMC3303194/unicode	PMID:21926974	CATIE	yes	medium	yes	Table 1 of the 2011 PGC schizophrenia analysis (discovery and replication); repeated genotyping rows for the same collection merged.
COHO:0000146	Psychiatric GWAS Consortium	ISC-Aberdeen		new	United_Kingdom	https://www.ncbi.nlm.nih.gov/research/bionlp/RESTful/pmcoa.cgi/BioC_xml/PMC3303194/unicode	PMID:21926974	ISC-Aberdeen	yes	medium	yes	Table 1 of the 2011 PGC schizophrenia analysis (discovery and replication); repeated genotyping rows for the same collection merged.
COHO:0000146	Psychiatric GWAS Consortium	ISC-Cardiff		new	Bulgaria	https://www.ncbi.nlm.nih.gov/research/bionlp/RESTful/pmcoa.cgi/BioC_xml/PMC3303194/unicode	PMID:21926974	ISC-Cardiff	yes	medium	yes	Table 1 of the 2011 PGC schizophrenia analysis (discovery and replication); repeated genotyping rows for the same collection merged.
COHO:0000146	Psychiatric GWAS Consortium	ISC-Dublin		new	Ireland	https://www.ncbi.nlm.nih.gov/research/bionlp/RESTful/pmcoa.cgi/BioC_xml/PMC3303194/unicode	PMID:21926974	ISC-Dublin	yes	medium	yes	Table 1 of the 2011 PGC schizophrenia analysis (discovery and replication); repeated genotyping rows for the same collection merged.
COHO:0000146	Psychiatric GWAS Consortium	ISC-Edinburgh		new	United_Kingdom	https://www.ncbi.nlm.nih.gov/research/bionlp/RESTful/pmcoa.cgi/BioC_xml/PMC3303194/unicode	PMID:21926974	ISC-Edinburgh	yes	medium	yes	Table 1 of the 2011 PGC schizophrenia analysis (discovery and replication); repeated genotyping rows for the same collection merged.
COHO:0000146	Psychiatric GWAS Consortium	ISC-London		new	United_Kingdom	https://www.ncbi.nlm.nih.gov/research/bionlp/RESTful/pmcoa.cgi/BioC_xml/PMC3303194/unicode	PMID:21926974	ISC-London	yes	medium	yes	Table 1 of the 2011 PGC schizophrenia analysis (discovery and replication); repeated genotyping rows for the same collection merged.
COHO:0000146	Psychiatric GWAS Consortium	ISC-Portugal		new	Portugal	https://www.ncbi.nlm.nih.gov/research/bionlp/RESTful/pmcoa.cgi/BioC_xml/PMC3303194/unicode	PMID:21926974	ISC-Portugal	yes	medium	yes	Table 1 of the 2011 PGC schizophrenia analysis (discovery and replication); repeated genotyping rows for the same collection merged.
COHO:0000146	Psychiatric GWAS Consortium	ISC-SW1		new	Sweden	https://www.ncbi.nlm.nih.gov/research/bionlp/RESTful/pmcoa.cgi/BioC_xml/PMC3303194/unicode	PMID:21926974	ISC-SW1	yes	medium	yes	Table 1 of the 2011 PGC schizophrenia analysis (discovery and replication); repeated genotyping rows for the same collection merged.
COHO:0000146	Psychiatric GWAS Consortium	ISC-SW2		new	Sweden	https://www.ncbi.nlm.nih.gov/research/bionlp/RESTful/pmcoa.cgi/BioC_xml/PMC3303194/unicode	PMID:21926974	ISC-SW2	yes	medium	yes	Table 1 of the 2011 PGC schizophrenia analysis (discovery and replication); repeated genotyping rows for the same collection merged.
COHO:0000146	Psychiatric GWAS Consortium	MGS		COHO:0000116		https://www.ncbi.nlm.nih.gov/research/bionlp/RESTful/pmcoa.cgi/BioC_xml/PMC3303194/unicode	PMID:21926974	MGS	yes	medium	no	MGS is itself a cohort aggregation; hasCohort ranges over cohorts; Table 1 of the 2011 PGC schizophrenia analysis (discovery and replication); repeated genotyping rows for the same collection merged. Existing COHO individual is itself typed as an aggregation; review whether to expand its component cohorts.
COHO:0000146	Psychiatric GWAS Consortium	SGENE-Bonn		new	Germany	https://www.ncbi.nlm.nih.gov/research/bionlp/RESTful/pmcoa.cgi/BioC_xml/PMC3303194/unicode	PMID:21926974	SGENE-Bonn	yes	medium	yes	Table 1 of the 2011 PGC schizophrenia analysis (discovery and replication); repeated genotyping rows for the same collection merged.
COHO:0000146	Psychiatric GWAS Consortium	SGENE-Copenhagen		new	Denmark	https://www.ncbi.nlm.nih.gov/research/bionlp/RESTful/pmcoa.cgi/BioC_xml/PMC3303194/unicode	PMID:21926974	SGENE-Copenhagen	yes	medium	yes	Table 1 of the 2011 PGC schizophrenia analysis (discovery and replication); repeated genotyping rows for the same collection merged.
COHO:0000146	Psychiatric GWAS Consortium	SGENE-Munich		new	Germany	https://www.ncbi.nlm.nih.gov/research/bionlp/RESTful/pmcoa.cgi/BioC_xml/PMC3303194/unicode	PMID:21926974	SGENE-Munich	yes	medium	yes	Table 1 of the 2011 PGC schizophrenia analysis (discovery and replication); repeated genotyping rows for the same collection merged.
COHO:0000146	Psychiatric GWAS Consortium	SGENE-TOP3		new	Norway	https://www.ncbi.nlm.nih.gov/research/bionlp/RESTful/pmcoa.cgi/BioC_xml/PMC3303194/unicode	PMID:21926974	SGENE-TOP3	yes	medium	yes	Table 1 of the 2011 PGC schizophrenia analysis (discovery and replication); repeated genotyping rows for the same collection merged.
COHO:0000146	Psychiatric GWAS Consortium	SGENE-UCLA		new	Netherlands	https://www.ncbi.nlm.nih.gov/research/bionlp/RESTful/pmcoa.cgi/BioC_xml/PMC3303194/unicode	PMID:21926974	SGENE-UCLA	yes	medium	yes	Table 1 of the 2011 PGC schizophrenia analysis (discovery and replication); repeated genotyping rows for the same collection merged.
COHO:0000146	Psychiatric GWAS Consortium	Zucker Hillside		new	United_States	https://www.ncbi.nlm.nih.gov/research/bionlp/RESTful/pmcoa.cgi/BioC_xml/PMC3303194/unicode	PMID:21926974	Zucker Hillside	yes	medium	yes	Table 1 of the 2011 PGC schizophrenia analysis (discovery and replication); repeated genotyping rows for the same collection merged.
COHO:0000146	Psychiatric GWAS Consortium	Multicenter Pedigree		new		https://www.ncbi.nlm.nih.gov/research/bionlp/RESTful/pmcoa.cgi/BioC_xml/PMC3303194/unicode	PMID:21926974	Multicenter Pedigree	yes	medium	yes	Table 1 of the 2011 PGC schizophrenia analysis (discovery and replication); repeated genotyping rows for the same collection merged.
COHO:0000146	Psychiatric GWAS Consortium	SGENE-Aarhus		new	Denmark	https://www.ncbi.nlm.nih.gov/research/bionlp/RESTful/pmcoa.cgi/BioC_xml/PMC3303194/unicode	PMID:21926974	SGENE-Aarhus	yes	medium	yes	Table 1 of the 2011 PGC schizophrenia analysis (discovery and replication); repeated genotyping rows for the same collection merged.
COHO:0000146	Psychiatric GWAS Consortium	SGENE-Belgium		new	Belgium	https://www.ncbi.nlm.nih.gov/research/bionlp/RESTful/pmcoa.cgi/BioC_xml/PMC3303194/unicode	PMID:21926974	SGENE-Belgium	yes	medium	yes	Table 1 of the 2011 PGC schizophrenia analysis (discovery and replication); repeated genotyping rows for the same collection merged.
COHO:0000146	Psychiatric GWAS Consortium	SGENE-Iceland		new	Iceland	https://www.ncbi.nlm.nih.gov/research/bionlp/RESTful/pmcoa.cgi/BioC_xml/PMC3303194/unicode	PMID:21926974	SGENE-Iceland	yes	medium	yes	Table 1 of the 2011 PGC schizophrenia analysis (discovery and replication); repeated genotyping rows for the same collection merged.
COHO:0000146	Psychiatric GWAS Consortium	SGENE-England		new	United_Kingdom	https://www.ncbi.nlm.nih.gov/research/bionlp/RESTful/pmcoa.cgi/BioC_xml/PMC3303194/unicode	PMID:21926974	SGENE-England	yes	medium	yes	Table 1 of the 2011 PGC schizophrenia analysis (discovery and replication); repeated genotyping rows for the same collection merged.
COHO:0000146	Psychiatric GWAS Consortium	SGENE-Helsinki		new	Finland	https://www.ncbi.nlm.nih.gov/research/bionlp/RESTful/pmcoa.cgi/BioC_xml/PMC3303194/unicode	PMID:21926974	SGENE-Helsinki	yes	medium	yes	Table 1 of the 2011 PGC schizophrenia analysis (discovery and replication); repeated genotyping rows for the same collection merged.
COHO:0000146	Psychiatric GWAS Consortium	SGENE-Kuusamo		new	Finland	https://www.ncbi.nlm.nih.gov/research/bionlp/RESTful/pmcoa.cgi/BioC_xml/PMC3303194/unicode	PMID:21926974	SGENE-Kuusamo	yes	medium	yes	Table 1 of the 2011 PGC schizophrenia analysis (discovery and replication); repeated genotyping rows for the same collection merged.
COHO:0000146	Psychiatric GWAS Consortium	SGENE-Hungary		new	Hungary	https://www.ncbi.nlm.nih.gov/research/bionlp/RESTful/pmcoa.cgi/BioC_xml/PMC3303194/unicode	PMID:21926974	SGENE-Hungary	yes	medium	yes	Table 1 of the 2011 PGC schizophrenia analysis (discovery and replication); repeated genotyping rows for the same collection merged.
COHO:0000146	Psychiatric GWAS Consortium	SGENE-Italy		new	Italy	https://www.ncbi.nlm.nih.gov/research/bionlp/RESTful/pmcoa.cgi/BioC_xml/PMC3303194/unicode	PMID:21926974	SGENE-Italy	yes	medium	yes	Table 1 of the 2011 PGC schizophrenia analysis (discovery and replication); repeated genotyping rows for the same collection merged.
COHO:0000146	Psychiatric GWAS Consortium	SGENE-Russia		new	Russia	https://www.ncbi.nlm.nih.gov/research/bionlp/RESTful/pmcoa.cgi/BioC_xml/PMC3303194/unicode	PMID:21926974	SGENE-Russia	yes	medium	yes	Table 1 of the 2011 PGC schizophrenia analysis (discovery and replication); repeated genotyping rows for the same collection merged.
COHO:0000146	Psychiatric GWAS Consortium	SGENE-Sweden		new	Sweden	https://www.ncbi.nlm.nih.gov/research/bionlp/RESTful/pmcoa.cgi/BioC_xml/PMC3303194/unicode	PMID:21926974	SGENE-Sweden	yes	medium	yes	Table 1 of the 2011 PGC schizophrenia analysis (discovery and replication); repeated genotyping rows for the same collection merged.
COHO:0000146	Psychiatric GWAS Consortium	SW3		new	Sweden	https://www.ncbi.nlm.nih.gov/research/bionlp/RESTful/pmcoa.cgi/BioC_xml/PMC3303194/unicode	PMID:21926974	SW3	yes	medium	yes	Table 1 of the 2011 PGC schizophrenia analysis (discovery and replication); repeated genotyping rows for the same collection merged.
COHO:0000146	Psychiatric GWAS Consortium	SW4		new	Sweden	https://www.ncbi.nlm.nih.gov/research/bionlp/RESTful/pmcoa.cgi/BioC_xml/PMC3303194/unicode	PMID:21926974	SW4	yes	medium	yes	Table 1 of the 2011 PGC schizophrenia analysis (discovery and replication); repeated genotyping rows for the same collection merged.
COHO:0000146	Psychiatric GWAS Consortium	UQ and ASRB		new	Australia	https://www.ncbi.nlm.nih.gov/research/bionlp/RESTful/pmcoa.cgi/BioC_xml/PMC3303194/unicode	PMID:21926974	UQ and ASRB	yes	medium	yes	Table 1 of the 2011 PGC schizophrenia analysis (discovery and replication); repeated genotyping rows for the same collection merged.
COHO:0000146	Psychiatric GWAS Consortium	ISGC and WTCCC2		new	Ireland	https://www.ncbi.nlm.nih.gov/research/bionlp/RESTful/pmcoa.cgi/BioC_xml/PMC3303194/unicode	PMID:21926974	ISGC and WTCCC2	yes	medium	yes	Table 1 of the 2011 PGC schizophrenia analysis (discovery and replication); repeated genotyping rows for the same collection merged.
COHO:0000147	Research on Adolescent Development and Relationships	RADAR-Young	RADAR-Young	new		https://www.ncbi.nlm.nih.gov/research/bionlp/RESTful/pmcoa.cgi/BioC_xml/PMC12420711/unicode	PMID:40153111	which consists of two cohorts: RADAR-Young	yes	low	yes	The same sentence names RADAR-Old; repository entry 'Radar Cohort' is insufficiently specific to distinguish the components.
COHO:0000147	Research on Adolescent Development and Relationships	RADAR-Old	RADAR-Old	new		https://www.ncbi.nlm.nih.gov/research/bionlp/RESTful/pmcoa.cgi/BioC_xml/PMC12420711/unicode	PMID:40153111	and RADAR-Old	yes	low	yes	Repository entry 'Radar Cohort' does not distinguish this component.
COHO:0000174	Type 1 Diabetes Genetics Consortium	Asia-Pacific		new		https://www.ncbi.nlm.nih.gov/research/bionlp/RESTful/pmcoa.cgi/BioC_xml/PMC2697814/unicode	PMID:19143809	Asia-Pacific	yes	medium	no	the source lists regional networks and collections; only the named collections (BDA, Danish, HBDI) are cohorts; One of nine family cohorts in the T1DGC MHC fine-mapping design; regional labels denote enrolled families.
COHO:0000174	Type 1 Diabetes Genetics Consortium	Europe		new		https://www.ncbi.nlm.nih.gov/research/bionlp/RESTful/pmcoa.cgi/BioC_xml/PMC2697814/unicode	PMID:19143809	Europe	yes	medium	no	the source lists regional networks and collections; only the named collections (BDA, Danish, HBDI) are cohorts; One of nine family cohorts in the T1DGC MHC fine-mapping design; regional labels denote enrolled families.
COHO:0000174	Type 1 Diabetes Genetics Consortium	NorthAmerica		new		https://www.ncbi.nlm.nih.gov/research/bionlp/RESTful/pmcoa.cgi/BioC_xml/PMC2697814/unicode	PMID:19143809	NorthAmerica	yes	medium	no	the source lists regional networks and collections; only the named collections (BDA, Danish, HBDI) are cohorts; One of nine family cohorts in the T1DGC MHC fine-mapping design; regional labels denote enrolled families.
COHO:0000174	Type 1 Diabetes Genetics Consortium	UK		new		https://www.ncbi.nlm.nih.gov/research/bionlp/RESTful/pmcoa.cgi/BioC_xml/PMC2697814/unicode	PMID:19143809	UK	yes	medium	no	the source lists regional networks and collections; only the named collections (BDA, Danish, HBDI) are cohorts; One of nine family cohorts in the T1DGC MHC fine-mapping design; regional labels denote enrolled families.
COHO:0000174	Type 1 Diabetes Genetics Consortium	BDA	BDA	new		https://www.ncbi.nlm.nih.gov/research/bionlp/RESTful/pmcoa.cgi/BioC_xml/PMC2697814/unicode	PMID:19143809	BDA	yes	medium	yes	One of nine family cohorts in the T1DGC MHC fine-mapping design; regional labels denote enrolled families.
COHO:0000174	Type 1 Diabetes Genetics Consortium	Danish		new		https://www.ncbi.nlm.nih.gov/research/bionlp/RESTful/pmcoa.cgi/BioC_xml/PMC2697814/unicode	PMID:19143809	Danish	yes	medium	yes	One of nine family cohorts in the T1DGC MHC fine-mapping design; regional labels denote enrolled families.
COHO:0000174	Type 1 Diabetes Genetics Consortium	Human Biological Data Interchange	HBDI	new		https://www.ncbi.nlm.nih.gov/research/bionlp/RESTful/pmcoa.cgi/BioC_xml/PMC2697814/unicode	PMID:19143809	Human Biological Data Interchange (HBDI) cohort	yes	medium	yes	One of nine family cohorts in the T1DGC MHC fine-mapping design; regional labels denote enrolled families.
COHO:0000174	Type 1 Diabetes Genetics Consortium	Joslin		new		https://www.ncbi.nlm.nih.gov/research/bionlp/RESTful/pmcoa.cgi/BioC_xml/PMC2697814/unicode	PMID:19143809	Joslin	yes	medium	no	the source lists regional networks and collections; only the named collections (BDA, Danish, HBDI) are cohorts; One of nine family cohorts in the T1DGC MHC fine-mapping design; regional labels denote enrolled families.
COHO:0000174	Type 1 Diabetes Genetics Consortium	Sardinian		new		https://www.ncbi.nlm.nih.gov/research/bionlp/RESTful/pmcoa.cgi/BioC_xml/PMC2697814/unicode	PMID:19143809	Sardinian	yes	medium	no	the source lists regional networks and collections; only the named collections (BDA, Danish, HBDI) are cohorts; One of nine family cohorts in the T1DGC MHC fine-mapping design; regional labels denote enrolled families.
COHO:0000177	UK Brain Expression Consortium	Medical Research Council (MRC) Sudden Death Brain and Tissue Bank	MRC	new	United_Kingdom	https://ukbec.wordpress.com/materials-methods/		Medical Research Council (MRC) Sudden Death Brain and Tissue Bank	yes	high	yes	Member denotes this bank's independently collected donor cohort, not the institution itself.
COHO:0000177	UK Brain Expression Consortium	Sun Health Research Institute	SHRI	new	United_States	https://ukbec.wordpress.com/materials-methods/		Sun Health Research Institute	yes	high	yes	Member denotes this bank's independently collected donor cohort, not the institution itself.
COHO:0000180	UK Inflammatory Bowel Disease Genetics Consortium	Main Cohort		new		https://bioresource.nihr.ac.uk/news/world-ibd-day-2022		Main Cohort	no	high	yes	IBD BioResource recruitment arm in the official 2022 update. UKIBDGC established this resource (retrieved design paper PMID:31270165); this is not a complete roster of historical UKIBDGC studies.
COHO:0000180	UK Inflammatory Bowel Disease Genetics Consortium	Inception Cohort		new		https://bioresource.nihr.ac.uk/news/world-ibd-day-2022		Inception Cohort	no	high	yes	IBD BioResource recruitment arm in the official 2022 update. UKIBDGC established this resource (retrieved design paper PMID:31270165); this is not a complete roster of historical UKIBDGC studies.
COHO:0000180	UK Inflammatory Bowel Disease Genetics Consortium	Paediatric Inflammatory Bowel Disease (PIBD) BioResource	PIBD	new	United_Kingdom	https://bioresource.nihr.ac.uk/news/world-ibd-day-2022		Paediatric Inflammatory Bowel Disease (PIBD) BioResource	no	high	yes	IBD BioResource recruitment arm in the official 2022 update. UKIBDGC established this resource (retrieved design paper PMID:31270165); this is not a complete roster of historical UKIBDGC studies.
COHO:0000182	Wellcome Trust Case Control Consortium	bipolar disorder	BD	COHO:0000356	United_Kingdom	https://www.ncbi.nlm.nih.gov/research/bionlp/RESTful/pmcoa.cgi/BioC_xml/PMC2719288/unicode	PMID:17554300	bipolar disorder	yes	medium	yes	WTCCC disease-specific case collection named in the programme description; missing-cohort table has the corresponding WTCCC entry.
COHO:0000182	Wellcome Trust Case Control Consortium	coronary artery disease	CAD	COHO:0000358	United_Kingdom	https://www.ncbi.nlm.nih.gov/research/bionlp/RESTful/pmcoa.cgi/BioC_xml/PMC2719288/unicode	PMID:17554300	coronary artery disease	yes	medium	yes	WTCCC disease-specific case collection named in the programme description; missing-cohort table has the corresponding WTCCC entry.
COHO:0000182	Wellcome Trust Case Control Consortium	Crohn’s disease	CD	COHO:0000360	United_Kingdom	https://www.ncbi.nlm.nih.gov/research/bionlp/RESTful/pmcoa.cgi/BioC_xml/PMC2719288/unicode	PMID:17554300	Crohn’s disease	yes	medium	yes	WTCCC Crohn's disease series; the missing-cohort table says IBD, which is broader, so an exact identity is not assumed.
COHO:0000182	Wellcome Trust Case Control Consortium	hypertension	HT	COHO:0000359	United_Kingdom	https://www.ncbi.nlm.nih.gov/research/bionlp/RESTful/pmcoa.cgi/BioC_xml/PMC2719288/unicode	PMID:17554300	hypertension	yes	medium	yes	WTCCC disease-specific case collection named in the programme description; missing-cohort table has the corresponding WTCCC entry.
COHO:0000182	Wellcome Trust Case Control Consortium	rheumatoid arthritis	RA	COHO:0000362	United_Kingdom	https://www.ncbi.nlm.nih.gov/research/bionlp/RESTful/pmcoa.cgi/BioC_xml/PMC2719288/unicode	PMID:17554300	rheumatoid arthritis	yes	medium	yes	WTCCC disease-specific case collection named in the programme description; missing-cohort table has the corresponding WTCCC entry.
COHO:0000182	Wellcome Trust Case Control Consortium	type 1 diabetes	T1D	COHO:0000364	United_Kingdom	https://www.ncbi.nlm.nih.gov/research/bionlp/RESTful/pmcoa.cgi/BioC_xml/PMC2719288/unicode	PMID:17554300	type 1 diabetes	yes	medium	yes	WTCCC disease-specific case collection named in the programme description; missing-cohort table has the corresponding WTCCC entry.
COHO:0000182	Wellcome Trust Case Control Consortium	type 2 diabetes	T2D	COHO:0000365	United_Kingdom	https://www.ncbi.nlm.nih.gov/research/bionlp/RESTful/pmcoa.cgi/BioC_xml/PMC2719288/unicode	PMID:17554300	type 2 diabetes	yes	medium	yes	WTCCC disease-specific case collection named in the programme description; missing-cohort table has the corresponding WTCCC entry.
COHO:0000182	Wellcome Trust Case Control Consortium	tuberculosis		COHO:0000363	The_Gambia	https://www.ncbi.nlm.nih.gov/research/bionlp/RESTful/pmcoa.cgi/BioC_xml/PMC2719288/unicode	PMID:17554300	tuberculosis	yes	medium	yes	WTCCC disease-specific case collection named in the programme description; missing-cohort table has the corresponding WTCCC entry.
COHO:0000182	Wellcome Trust Case Control Consortium	breast cancer		COHO:0000357	United_Kingdom	https://www.ncbi.nlm.nih.gov/research/bionlp/RESTful/pmcoa.cgi/BioC_xml/PMC2719288/unicode	PMID:17554300	breast cancer	yes	medium	yes	WTCCC disease-specific case collection named in the programme description; missing-cohort table has the corresponding WTCCC entry.
COHO:0000182	Wellcome Trust Case Control Consortium	multiple sclerosis		COHO:0000361	United_Kingdom	https://www.ncbi.nlm.nih.gov/research/bionlp/RESTful/pmcoa.cgi/BioC_xml/PMC2719288/unicode	PMID:17554300	multiple sclerosis	yes	medium	yes	WTCCC disease-specific case collection named in the programme description; missing-cohort table has the corresponding WTCCC entry.
COHO:0000182	Wellcome Trust Case Control Consortium	ankylosing spondylitis		COHO:0000354	United_Kingdom	https://www.ncbi.nlm.nih.gov/research/bionlp/RESTful/pmcoa.cgi/BioC_xml/PMC2719288/unicode	PMID:17554300	ankylosing spondylitis	yes	medium	yes	WTCCC disease-specific case collection named in the programme description; missing-cohort table has the corresponding WTCCC entry.
COHO:0000182	Wellcome Trust Case Control Consortium	autoimmune thyroid disease		COHO:0000355	United_Kingdom	https://www.ncbi.nlm.nih.gov/research/bionlp/RESTful/pmcoa.cgi/BioC_xml/PMC2719288/unicode	PMID:17554300	autoimmune thyroid disease	yes	medium	yes	WTCCC disease-specific case collection named in the programme description; missing-cohort table has the corresponding WTCCC entry.
COHO:0000182	Wellcome Trust Case Control Consortium	1958 British Birth Cohort	58C	COHO:0000207	United_Kingdom	https://www.ncbi.nlm.nih.gov/research/bionlp/RESTful/pmcoa.cgi/BioC_xml/PMC2719288/unicode	PMID:17554300	1958 British Birth Cohort (58C)	yes	medium	yes	
COHO:0000182	Wellcome Trust Case Control Consortium	UK Blood Services	UKBS	COHO:0000347	United_Kingdom	https://www.ncbi.nlm.nih.gov/research/bionlp/RESTful/pmcoa.cgi/BioC_xml/PMC2719288/unicode	PMID:17554300	UK Blood Services (UKBS) controls	yes	medium	yes	Missing-cohort table: UK Blood Service Control Group; not forced to the broader NHS Blood and Transplant individual.
COHO:0000201	Psychosis Endophenotype Consortium	London		new		https://www.ebi.ac.uk/europepmc/webservices/rest/PMC3923972/supplementaryFiles	PMID:23871474	London	yes	medium	no	the source lists recruitment sites, not cohorts; Supplement 1, Table S1: participant collection named by recruitment centre.
COHO:0000201	Psychosis Endophenotype Consortium	Holland		new		https://www.ebi.ac.uk/europepmc/webservices/rest/PMC3923972/supplementaryFiles	PMID:23871474	Holland	yes	medium	no	the source lists recruitment sites, not cohorts; Supplement 1, Table S1: participant collection named by recruitment centre. Holland is the GROUP Consortium collection.
COHO:0000201	Psychosis Endophenotype Consortium	Perth		new		https://www.ebi.ac.uk/europepmc/webservices/rest/PMC3923972/supplementaryFiles	PMID:23871474	Perth	yes	medium	no	the source lists recruitment sites, not cohorts; Supplement 1, Table S1: participant collection named by recruitment centre.
COHO:0000201	Psychosis Endophenotype Consortium	Santander - Pamplona		new		https://www.ebi.ac.uk/europepmc/webservices/rest/PMC3923972/supplementaryFiles	PMID:23871474	Santander -	yes	medium	no	the source lists recruitment sites, not cohorts; Supplement 1, Table S1: participant collection named by recruitment centre; Santander - Pamplona label spans two lines.
COHO:0000201	Psychosis Endophenotype Consortium	Edinburgh		new		https://www.ebi.ac.uk/europepmc/webservices/rest/PMC3923972/supplementaryFiles	PMID:23871474	Edinburgh	yes	medium	no	the source lists recruitment sites, not cohorts; Supplement 1, Table S1: participant collection named by recruitment centre.
COHO:0000201	Psychosis Endophenotype Consortium	Heidelberg		new		https://www.ebi.ac.uk/europepmc/webservices/rest/PMC3923972/supplementaryFiles	PMID:23871474	Heidelberg	yes	medium	no	the source lists recruitment sites, not cohorts; Supplement 1, Table S1: participant collection named by recruitment centre.
COHO:0000201	Psychosis Endophenotype Consortium	Munich		new		https://www.ebi.ac.uk/europepmc/webservices/rest/PMC3923972/supplementaryFiles	PMID:23871474	Munich	yes	medium	no	the source lists recruitment sites, not cohorts; Supplement 1, Table S1: participant collection named by recruitment centre.
COHO:0000202	Study of Health in Pomerania	SHIP-START	SHIP-START	new	Germany	https://oup.silverchair-cdn.com/article-minimal/6555287	PMID:35348705	two independent cohorts: SHIP-START and SHIP-TREND	yes	high	yes	
COHO:0000202	Study of Health in Pomerania	SHIP-TREND	SHIP-TREND	new	Germany	https://oup.silverchair-cdn.com/article-minimal/6555287	PMID:35348705	two independent cohorts: SHIP-START and SHIP-TREND	yes	high	yes	
