ID	label	proposed type	definition	source URL	source PMID	quote	quote verified	confidence	remark
COHO:0000002	1000 Genomes	cohort	A cohort of individuals from 26 populations whose genomes are sequenced and genotyped by the 1000 Genomes Project to catalogue human genetic variation and provide a reference for studies of common disease.	https://www.ebi.ac.uk/europepmc/webservices/rest/search?query=TITLE%3A%22A+global+reference+for+human+genetic+variation%22+AND+SRC%3AMED+sort_cited%3Ay&format=json&resultType=core&pageSize=4	PMID:26432245	reconstructed the genomes of 2,504 individuals from 26 populations	yes	high	
COHO:0000003	AddNeuroMed Cohort	cohort	A cohort of people with Alzheimer disease, mild cognitive impairment and healthy cognition, established in 2006 at centres in Finland, Italy, Greece, Poland, France and the United Kingdom to investigate longitudinal brain changes using magnetic resonance imaging.	https://www.ncbi.nlm.nih.gov/research/bionlp/RESTful/pmcoa.cgi/BioC_xml/PMC6804515/unicode	PMID:31650008	The primary goal of AddNeuroMed has been to assess longitudinal MRI changes in AD, MCI, and healthy controls	yes	medium	
COHO:0000004	Adenoma Prevention with Celecoxib trial	cohort	A randomised trial cohort of adults at high risk of recurrent colorectal adenomas, recruited at centres in the United States, Australia, Canada and Great Britain, comparing celecoxib with placebo for prevention of colorectal adenomas and assessment of treatment safety.	https://www.ncbi.nlm.nih.gov/research/bionlp/RESTful/pmcoa.cgi/BioC_xml/PMC2976587/unicode	PMID:19336730	The APC Trial tested whether celecoxib would reduce the occurrence of endoscopically-detected colorectal adenomas.	yes	medium	
COHO:0000005	Advanced Study of Aortic Pathology	cohort	A cohort of adults undergoing elective surgery for aortic valve or ascending aortic disease at Karolinska University Hospital in Stockholm, Sweden, recruited consecutively from 2007 for observational investigation of aortic pathology.	https://www.ncbi.nlm.nih.gov/research/bionlp/RESTful/pmcoa.cgi/BioC_xml/PMC10961501/unicode	PMID:38508639	patients with aortic valve and/or ascending aortic disease undergoing elective open-heart surgery	yes	medium	
COHO:0000006	Africa Wits-INDEPTH partnership for Genomics studies	cohort	A cohort of adults in rural and urban Burkina Faso, Ghana, Kenya and South Africa, established in 2012 and followed longitudinally to investigate genomic, environmental and behavioural influences on body composition and cardiometabolic disease.	https://www.ncbi.nlm.nih.gov/research/bionlp/RESTful/pmcoa.cgi/BioC_xml/PMC11790221/unicode	PMID:39899987	Population-based longitudinal cohort, involving four sub-Saharan African countries representing rural and urban settings	yes	high	Proposed type change: cohort aggregation -> cohort. The profile defines AWI-Gen as a longitudinal participant cohort spanning six sites.
COHO:0000007	Arthritis Research UK Osteoarthritis Genetics	cohort	A case-control collection of people of European ancestry with severe osteoarthritis and unrelated controls from the United Kingdom, assembled for genome-wide investigation of genetic susceptibility to osteoarthritis.	https://www.ebi.ac.uk/europepmc/webservices/rest/search?query=TITLE%3A%22Identification+of+new+susceptibility+loci+for+osteoarthritis%22+AND+SRC%3AMED+sort_cited%3Ay&format=json&resultType=core&pageSize=4	PMID:22763110	patients with severe osteoarthritis in the arcOGEN study, 80% of whom had undergone total joint replacement, and 11,009 unrelated controls from the UK.	yes	medium	
COHO:0000008	Asian Cancer Project	cohort	A case-control collection of Asian women with breast cancer and controls in Thailand contributing to investigation of genetic susceptibility to breast cancer.	https://www.ncbi.nlm.nih.gov/research/bionlp/RESTful/pmcoa.cgi/BioC_xml/PMC4204770/unicode	PMID:24943594	Asian women Asian Cancer Project (ACP) Thailand 636 423	yes	medium	Proposed type change: cohort aggregation -> cohort. The cited table identifies one Thai case-control collection. ACP here is not the Old Order Amish cohort; recruitment dates and finer location are not supplied.
COHO:0000009	Aspirin for Asymptomatic Atherosclerosis Study	cohort	A randomised trial cohort of men and women aged 50–75 years in central Scotland without clinical cardiovascular disease but with a low ankle brachial index, comparing daily aspirin with placebo during 1998–2008 for prevention of cardiovascular events.	https://www.ebi.ac.uk/europepmc/webservices/rest/search?query=TITLE%3A%22Aspirin+for+prevention+of+cardiovascular+events%22+AND+SRC%3AMED+sort_cited%3Ay&format=json&resultType=core&pageSize=4	PMID:20197530	men and women aged 50 to 75 years living in central Scotland, free of clinical cardiovascular disease	yes	medium	
COHO:0000010	AtheroExpress	cohort	A biobank of patients undergoing vascular surgery at University Medical Center Utrecht and formerly Antonius Hospital Nieuwegein, with vascular tissue, molecular measurements and at least three years of follow-up to investigate atherosclerotic plaques and subsequent cardiovascular events.	https://research.umcutrecht.nl/athero-express/		Patients eligible to undergo endarterectomy of the carotid or femoral artery to treat atherosclerotic disease in the University Medical Center Utrecht	yes	high	The official site also includes aneurysm operations; the definition therefore covers vascular surgery beyond carotid endarterectomy.
COHO:0000011	Atherosclerosis Risk in Communities Study	cohort	A cohort of adults aged 45–64 years from Forsyth County, Jackson, Minneapolis suburbs and Washington County in the United States, followed prospectively to investigate atherosclerosis, cardiovascular risk factors and clinical cardiovascular disease.	https://www.ebi.ac.uk/europepmc/webservices/rest/search?query=TITLE%3A%22Atherosclerosis+Risk+in+Communities%22+AND+%28TITLE%3Adesign+OR+TITLE%3Acohort%29+AND+SRC%3AMED+sort_cited%3Ay&format=json&resultType=core&pageSize=4	PMID:2646917	ARIC aims to study atherosclerosis by direct observation of the disease and by use of modern biochemistry.	yes	high	
COHO:0000012	Atopic Dermatitis Research Network	cohort aggregation	A consortium of academic medical centres conducting clinical investigations in people with atopic dermatitis to understand skin immunity and susceptibility to bacterial and viral infections and to develop approaches to prevent infectious complications.	https://www.nationaljewish.org/research-science/clinical-translational-research/atopic-dermatitis-research-network-adrn/overview		a consortium of academic medical centers that will conduct clinical research studies	yes	high	Proposed type change: cohort -> cohort aggregation. The label denotes the research network and its multiple clinical studies; the ADRN registry is one component.
COHO:0000013	Australia Cancer Study	cohort	A case-control collection of women with epithelial ovarian cancer and population controls in Australia, with cases recruited through the New South Wales and Victorian cancer registries alongside the Australian Ovarian Cancer Study to investigate ovarian-cancer risk.	https://www.ncbi.nlm.nih.gov/research/bionlp/RESTful/pmcoa.cgi/BioC_xml/PMC2666187/unicode	PMID:18086758	recruitment through the New South Wales and Victorian Cancer Registries	yes	medium	The input identifies the ovarian-cancer component of the Australian Cancer Study; the label is broader than this documented component.
COHO:0000014	Australian Ovarian Cancer Study	cohort	A case-control collection of Australian women aged 18–79 years with newly diagnosed epithelial ovarian cancer and population controls, recruited during 2002–2006 to investigate ovarian-cancer susceptibility.	https://www.ncbi.nlm.nih.gov/research/bionlp/RESTful/pmcoa.cgi/BioC_xml/PMC2666187/unicode	PMID:18086758	national population-based case-control study of ovarian cancer, the AOCS.	yes	medium	
COHO:0000015	Australian Twin Registry	cohort	A registry of volunteer twin pairs and higher-order multiples in Australia, enrolling members since the late 1970s to support health, medical and scientific research.	https://www.ebi.ac.uk/europepmc/webservices/rest/search?query=TITLE%3A%22Australian+Twin+Registry%22+AND+SRC%3AMED+sort_cited%3Ay&format=json&resultType=core&pageSize=4	PMID:23200298	The Australian Twin Registry (ATR) is a national volunteer resource of twin pairs and higher-order multiples	yes	high	
COHO:0000016	Avon Longitudinal Study of Parents and Children	cohort	A birth cohort of children and their families recruited through pregnancies in the Bristol area of the United Kingdom during 1990–1992, with later recruitment of eligible children, followed prospectively to investigate genetic and environmental influences on health and development across the life course.	https://www.ebi.ac.uk/europepmc/webservices/rest/search?query=TITLE%3A%22Cohort+profile%22+AND+TITLE%3A%22Avon%22+AND+SRC%3AMED+sort_cited%3Ay&format=json&resultType=core&pageSize=4	PMID:22507743	Recruitment sought to enroll pregnant women in the Bristol area of the UK during 1990-92	yes	high	
COHO:0000017	Berlin-Frankfurt-Münster trials	cohort aggregation	A project combining successive Berlin–Frankfurt–Münster treatment trials in children and adolescents with acute lymphoblastic leukaemia at centres in Germany, Austria and Switzerland to evaluate risk-adapted treatment, survival and toxicity.	https://www.ebi.ac.uk/europepmc/webservices/rest/search?query=EXT_ID%3A20010625+AND+SRC%3AMED+sort_cited%3Ay&format=json&resultType=core&pageSize=4	PMID:20010625	6609 children (<18 years of age) were treated in five consecutive trials of the Berlin-Frankfurt-Münster (BFM) study group	yes	medium	Proposed type change: cohort -> cohort aggregation. The plural label denotes a sequence of trials, rather than one trial cohort; the cited report covers 1981–2000.
COHO:0000018	Bladder Cancer Prognosis Programme	cohort	A cohort of patients with newly diagnosed bladder cancer in the West Midlands, United Kingdom, recruited from December 2005 and followed prospectively to investigate lifestyle factors, molecular predictors, recurrence, progression and quality of life.	https://www.ebi.ac.uk/europepmc/webservices/rest/search?query=TITLE%3A%22West+Midlands+Bladder+Cancer+Prognosis+Programme%22+AND+SRC%3AMED+sort_cited%3Ay&format=json&resultType=core&pageSize=4	PMID:19751260	a prospective longitudinal cohort study of all patients with newly diagnosed bladder cancer within the West Midlands (UK)	yes	high	
COHO:0000019	Brazilian Cohort	cohort	A cohort of 45 babies from Rio Grande do Norte, Brazil, whose exomes provide population-specific reference variants for genetic investigation and diagnosis of rare diseases.	https://www.ebi.ac.uk/europepmc/webservices/rest/search?query=%22Reference+Exome+Data%22+AND+Brazil+AND+SRC%3AMED+sort_cited%3Ay&format=json&resultType=core&pageSize=4	PMID:33087711	sequencing the exomes of 45 babies from Rio Grande do Nord in Brazil.	yes	medium	Identified through the verified exome study; the source spells the state name 'Rio Grande do Nord'.
COHO:0000020	Breast Cancer Association Consortium	cohort aggregation	A consortium of breast-cancer studies that pools participant-level tumour characteristics and epidemiological data to investigate breast-cancer risk factors and differences in the causes of tumour subtypes.	https://www.ebi.ac.uk/europepmc/webservices/rest/search?query=TITLE%3A%22Breast+Cancer+Association+Consortium%22+AND+SRC%3AMED+sort_cited%3Ay&format=json&resultType=core&pageSize=4	PMID:21191117	34 studies participating in the Breast Cancer Association Consortium.	yes	medium	The retrieved analysis supplies no single recruitment population or period for the consortium.
COHO:0000021	Bruneck study	cohort	A cohort of residents of Bruneck, Italy, sampled by age and sex in 1990 and followed through repeated examinations to investigate atherosclerosis, cardiovascular disease and other age-related disorders.	https://epicenter.i-med.ac.at/research/studies/proof-athero/bruneck/		The Bruneck Study is a general population study based in Bruneck, Italy.	yes	high	
COHO:0000022	Cancer and Leukemia Group B	cohort aggregation	A consortium of institutional cancer trial cohorts, established in 1956 as the Acute Leukemia Group B, that coordinates trials of treatments for adult solid tumours and haematological malignancies to improve patient outcomes and investigate malignant disease biology.	https://www.ebi.ac.uk/europepmc/webservices/rest/search?query=TITLE%3A%22A+Concise+History+of+the+Cancer+and+Leukemia+Group+B%22+AND+SRC%3AMED+sort_cited%3Ay&format=json&resultType=core&pageSize=4	PMID:16740784	clinical trials executed uniformly as a cooperative effort among several institutions	yes	medium	The label denotes a cooperative trials group encompassing multiple participant cohorts.
COHO:0000023	Cancer Genome Atlas	cohort aggregation	A project combining genomic characterisation of 33 cancer types through collaboration between the United States National Cancer Institute and National Human Genome Research Institute to map cancer-associated molecular changes and support prevention, diagnosis and treatment.	https://www.cancer.gov/ccg/research/genome-sequencing		has generated comprehensive, multi-dimensional maps of the key genomic changes in 33 types of cancer.	yes	high	Proposed type change: cohort -> cohort aggregation. The label denotes the cross-cancer genomic programme rather than one tumour-type cohort.
COHO:0000024	Cancer Prevention Study	cohort	A cohort of adult men and women across all United States states, the District of Columbia and Puerto Rico, enrolled by the American Cancer Society in 1982 and followed prospectively for mortality in relation to lifestyle, medical history and other exposures.	https://www.cancer.org/research/population-science/pop-sci/prevention-studies/cps-2.html		The Cancer Prevention Study II (CPS-II), which began in 1982, is a prospective mortality study of approximately 1.2 million American men and women.	yes	high	The generic CPS label is interpreted as CPS-II because the verified location source identifies CPS-II; CPS-I and CPS-3 are separate cohorts.
COHO:0000025	Cancer Prostate in Sweden	cohort	A case-control collection of men with newly diagnosed prostate cancer and controls matched by age and residence in Sweden, used to investigate inherited susceptibility to prostate cancer.	https://www.ebi.ac.uk/europepmc/webservices/rest/search?query=%22Cancer+Prostate+in+Sweden%22+AND+%22case-control%22+AND+SRC%3AMED+sort_cited%3Ay&format=json&resultType=core&pageSize=4	PMID:15087412	1383 newly diagnosed prostate cancer patients and 780 age- and residence-matched controls in Sweden.	yes	medium	CAPS here denotes Cancer Prostate in Sweden, not the Caerphilly Prospective Study.
COHO:0000026	Candesartan in Heart failure Assessment of Reduction in Mortality and morbidity	cohort aggregation	A project combining three parallel placebo-controlled trials of candesartan in people with symptomatic heart failure, with reduced or preserved left ventricular function, across 26 countries, to evaluate mortality and hospitalisation; recruitment begins in March 1999.	https://www.ebi.ac.uk/europepmc/webservices/rest/search?query=TITLE%3ACHARM+AND+%28TITLE%3Adesign+OR+TITLE%3Arationale%29+AND+SRC%3AMED+sort_cited%3Ay&format=json&resultType=core&pageSize=4	PMID:10496201	the CHARM program consists of 3 independent, parallel, placebo-controlled studies	yes	high	Proposed type change: temporary unclassified -> cohort aggregation. The named CHARM programme combines three distinct trial cohorts.
COHO:0000027	Cardio-metabolic Genome Epidemiology Study	cohort	A case-control collection of people with type 2 diabetes and controls from Japan contributing genome-wide association and replication data to investigations of type 2 diabetes susceptibility through the Cardiometabolic Genome Epidemiology Network.	https://www.ncbi.nlm.nih.gov/research/bionlp/RESTful/pmcoa.cgi/BioC_xml/PMC3582398/unicode	PMID:22158537	the Japan Cardiometabolic Genome Epidemiology Network(CAGE)	yes	low	Proposed type change: temporary unclassified -> cohort. The source identifies CAGE as a Japanese case-control contributor; recruitment dates and finer population details are not supplied in the retrieved passage.
COHO:0000028	Cardiogenics Study	cohort	A case-control collection of patients with myocardial infarction and unaffected controls recruited in Cambridge, Leicester, Lübeck, Regensburg and Paris for investigation of coronary-disease genetics, including gene expression in monocytes and macrophages.	https://pmc.ncbi.nlm.nih.gov/articles/PMC3314981/	PMID:22325189	five centres: Cambridge (UK), Leicester (UK), Lübeck (Germany), Regensburg (Germany), and Paris (France)	yes	medium	
COHO:0000029	CARDIoGRAMplusC4D	cohort aggregation	A consortium of coronary-disease genetic studies combining European, South Asian and East Asian case-control data to identify susceptibility variants for coronary artery disease and myocardial infarction. CARDIoGRAMplusC4D joins the Coronary Artery Disease Genome-wide Replication and Meta-analysis and Coronary Artery Disease Genetics consortia.	https://www.ncbi.nlm.nih.gov/research/bionlp/RESTful/pmcoa.cgi/BioC_xml/PMC10703441/unicode	PMID:38060277	combined genetic data from diverse large-scale studies to determine risk loci for CAD and myocardial infarction	yes	medium	Proposed type change: cohort -> cohort aggregation.
COHO:0000030	Carolina Head and Neck Cancer Epidemiology	cohort	A case-control collection of people with newly diagnosed squamous-cell head and neck cancer and controls matched by age, race and sex, recruited during 2002–2006 in 46 North Carolina counties to investigate cancer risk factors.	https://www.ncbi.nlm.nih.gov/research/bionlp/RESTful/pmcoa.cgi/BioC_xml/PMC2925153/unicode	PMID:20049634	carried out in 2002–2006 in 46 counties in North Carolina.	yes	medium	
COHO:0000031	CARTaGENE cohort (CHU Sainte-Justine, Quebec, Canada)	cohort	A biobank of men and women aged 40–69 years sampled from four metropolitan areas in Quebec, with prospective health information and biological specimens for investigating genetic and environmental determinants of chronic disease.	https://www.ebi.ac.uk/europepmc/webservices/rest/search?query=TITLE%3ACARTaGENE+AND+%28TITLE%3Acohort+OR+TITLE%3Ahealth%29+AND+SRC%3AMED+sort_cited%3Ay&format=json&resultType=core&pageSize=4	PMID:23071140	CaG targeted the segment of the population that is most at risk of developing chronic disorders, that is 40-69 years of age	yes	high	
COHO:0000032	Center for Autism Research and Treatment	not a cohort	A research and clinical centre at the University of California, Los Angeles, that investigates autism, provides patient care and trains researchers and clinicians working with autistic children and adults and their families.	https://teams.semel.ucla.edu/autism/mission		through its research, patient care, and training of the next generation of researchers and clinical practitioners.	yes	high	Proposed type change: cohort -> not a cohort. The label denotes a university centre; people recruited through the centre are a separate participant collection.
COHO:0000033	Center on Antisocial Drug Dependence	not a cohort	A Colorado research centre founded in 1997 that investigates genetic contributions to adolescent externalising behaviours, including drug abuse and conduct disorder.	https://www.colorado.edu/ibg/about-ibg/institute-behavioral-genetics-50-years-excellence-1967-2017		Colorado Center on Antisocial Drug Dependence, founded in 1997	yes	high	Proposed type change: cohort -> not a cohort. The label denotes the research centre; its family, twin and adoption samples are distinct participant collections.
COHO:0000034	Centre dEtude du Polymorphisme Humain	not a cohort	A research foundation, the Centre d’Etude du Polymorphisme Humain, that investigates human genetic variation, particularly in complex diseases, to improve understanding, diagnosis and personalised medicine.	https://www.fjd-ceph.org/		participe aux efforts nationaux et internationaux de recherche pour mieux déterminer le rôle du polymorphisme génétique chez l’Homme	yes	high	Proposed type change: cohort -> not a cohort. The label denotes the Jean Dausset–CEPH foundation; CEPH reference families are a distinct collection and require their own cohort label.
COHO:0000035	Centre National de Génotypage	not a cohort	A nonprofit genomics research organisation established in 1998 by the French Ministry of Research and New Technologies at Genopole in Évry, near Paris, taking over the genomic activities of Généthon.	https://ec.europa.eu/health/ph_threats/non_com/docs/ev_pre2005_frep_en.pdf		The CNG is a non-profit research organisation based at Genopole, Evry, near Paris.	no	medium	Proposed type change: cohort -> not a cohort. The label denotes a genotyping research institution, not a participant collection; source is its description in a European Commission conference report.
COHO:0000036	Chicago Asthma Genetics	cohort	A cohort of adults and children aged at least six years with clinically confirmed asthma, recruited through asthma clinics at the University of Chicago Medical Center for genetic investigation of asthma.	https://www.ncbi.nlm.nih.gov/research/bionlp/RESTful/pmcoa.cgi/BioC_xml/PMC3548570/unicode	PMID:21798578	Participants were recruited through the adult and pediatric asthma clinics at the University of Chicago Medical Center	yes	medium	
COHO:0000037	Children, Allergy, Milieu, Stockholm, Epidemiology	cohort	A birth cohort of children enrolled at three to four months of age between 1994 and 1996 for prospective investigation of environmental, genetic and socioeconomic determinants of childhood asthma, allergic disease and their prognosis.	https://www.ebi.ac.uk/europepmc/webservices/rest/search?query=TITLE%3ABAMSE+AND+%28TITLE%3Acohort+OR+TITLE%3Abirth%29+AND+SRC%3AMED+sort_cited%3Ay&format=json&resultType=core&pageSize=4	PMID:12688617	establish crucial risk factors for asthma and other allergic diseases in childhood	yes	high	The retrieved design-paper abstract does not specify recruitment location.
COHO:0000038	Cholesterol and Atherosclerosis Pharmacogenetics	cohort	A cohort of African-American and White men and women completing six weeks of open-label simvastatin treatment to investigate genetic, demographic and clinical determinants of lipid-lowering response.	https://www.ebi.ac.uk/europepmc/webservices/rest/search?query=TITLE%3A%22Cholesterol+and+Pharmacogenetics%22+AND+SRC%3AMED+sort_cited%3Ay&format=json&resultType=core&pageSize=4	PMID:16516587	944 African-American and white men and women who completed an open-label, 6-week pharmacogenetics trial of 40 mg of simvastatin.	yes	medium	The retrieved paper calls CAP 'Cholesterol and Pharmacogenetics'; the ontology label adds 'Atherosclerosis'. Recruitment place is absent from the abstract.
COHO:0000039	Cilento study	cohort	A cohort of residents of the genetically isolated villages Campora, Gioi and Cardile in Cilento, southern Italy, providing genealogical and genomic data to investigate human genetic variation and the inherited determinants of complex traits and disease.	https://www.ncbi.nlm.nih.gov/research/bionlp/RESTful/pmcoa.cgi/BioC_xml/PMC6411969/unicode	PMID:30858532	three small villages (Campora, Gioi, and Cardile) located in an inland area of the “National Park of Cilento and Vallo di Diano”, in Southern Italy	yes	medium	
COHO:0000040	COIN	cohort	A randomised trial cohort of patients with advanced colorectal cancer in the Continuous or Intermittent (COIN) trial, comparing uninterrupted oxaliplatin and fluoropyrimidine chemotherapy with planned treatment breaks to assess survival and treatment burden.	https://www.ncbi.nlm.nih.gov/research/bionlp/RESTful/pmcoa.cgi/BioC_xml/PMC4800295/unicode	PMID:26889974	patients with advanced colorectal cancer were randomised to receive intermittent vs continuous systemic therapy with oxaliplatin and fluoropyrimidine.	yes	medium	Proposed type change: temporary unclassified -> cohort. The cited analysis describes the continuous-versus-intermittent comparison; recruitment geography is not specified in the retrieved passage.
COHO:0000041	COIN-B	cohort	A randomised trial cohort of patients with advanced colorectal cancer and no previous chemotherapy for metastases, recruited at 30 UK hospitals and one in Cyprus to compare intermittent chemotherapy combined with either intermittent or continuous cetuximab.	https://www.ebi.ac.uk/europepmc/webservices/rest/search?query=TITLE%3A%22COIN-B%22+AND+cetuximab+AND+SRC%3AMED+sort_cited%3Ay&format=json&resultType=core&pageSize=4	PMID:24703531	COIN-B was an open-label, multicentre, randomised, exploratory phase 2 trial done at 30 hospitals in the UK and one in Cyprus.	yes	medium	Proposed type change: temporary unclassified -> cohort. The primary trial report uses COIN-B without an expanded name.
COHO:0000042	Colorectal Cancer Study of Austria	cohort	A case-control collection of Austrian participants with colorectal cancer or colorectal polyps and colonoscopy-confirmed polyp-free controls, assembled to investigate genetic susceptibility to colorectal neoplasia.	https://www.ebi.ac.uk/europepmc/webservices/rest/search?query=%22Colorectal+Cancer+Study+of+Austria%22+AND+%28TITLE%3Adesign+OR+TITLE%3Agenetic%29+AND+SRC%3AMED+sort_cited%3Ay&format=json&resultType=core&pageSize=4	PMID:22495810	our ongoing colorectal cancer study of Austria (CORSA) comprised 3,842 Caucasian participants	yes	medium	
COHO:0000043	Consortium for the Longitudinal Evaluation of African Americans with Early Rheumatoid Arthritis	cohort aggregation	A project combining longitudinal and cross-sectional registry cohorts of African Americans with rheumatoid arthritis recruited through United States clinical centres to investigate genetic, clinical and environmental determinants of disease severity.	https://pmc.ncbi.nlm.nih.gov/articles/PMC3052790/	PMID:20461784	CLEAR I, a longitudinal cohort of early RA (disease duration <2 years) from 2000 to 2005	yes	medium	Proposed type change: cohort -> cohort aggregation. The source distinguishes CLEAR I and CLEAR II as separate cohorts; the umbrella label encompasses both.
COHO:0000044	Consortium of Minority Population Genome-Wide Association Studies of Stroke	cohort aggregation	A consortium of stroke cohorts from minority populations, including African Americans, that combines genome-wide association results to identify genetic susceptibility to stroke.	https://www.ebi.ac.uk/europepmc/webservices/rest/search?query=%22Consortium+of+Minority+Population%22+AND+TITLE%3Astroke+AND+SRC%3AMED+sort_cited%3Ay&format=json&resultType=core&pageSize=4	PMID:26089329	The Consortium of Minority Population Genome-Wide Association Studies of Stroke (COMPASS) was established to identify stroke susceptibility loci in minority populations.	yes	medium	Proposed type change: cohort -> cohort aggregation.
COHO:0000045	Cooperative Health Research in the Region of Augsburg	cohort aggregation	A project combining population surveys, follow-up cohorts and an acute myocardial infarction registry in the Augsburg region, established in 1996 to extend MONICA and support epidemiological, genetic, health-economic and health-care research.	https://www.ebi.ac.uk/europepmc/webservices/rest/search?query=TITLE%3AKORA+AND+TITLE%3Aplatform+AND+SRC%3AMED+sort_cited%3Ay&format=json&resultType=core&pageSize=4	PMID:16032513	a regional research platform for population-based surveys and subsequent follow-up studies in the fields of epidemiology, health economics, and health care research.	yes	high	Proposed type change: cohort -> cohort aggregation. KORA is described as a research platform containing multiple MONICA/KORA cohorts and a registry.
COHO:0000046	Copenhagen Hospital Biobank	cohort	A biobank of patients receiving hospital care in the Capital Region of Denmark, established at Rigshospitalet in Copenhagen in February 2009 and subsequently expanded to other hospitals, retaining leftover clinical blood samples to enable research on health and disease.	https://academic.oup.com/ije/article/50/3/719/5965137	PMID:33169150	in early 2012 was expanded to also include leftover blood samples from the remaining general hospitals in the capital area of the Region.	no	high	
COHO:0000047	CROATIA-Korcula Study	cohort	A cohort of adult volunteers recruited on Korčula island, Croatia, from 2007 to 2014 for family-based, cross-sectional investigation of genetic variants associated with common diseases, including cardiovascular disease, diabetes, glaucoma and stroke.	https://metadata.ega-archive.org/studies/EGAS00001008043		adult volunteers recruited in the island of Korčula, Croatia between 2007 and 2014.	yes	medium	Official EGA study description.
COHO:0000048	Danish Glostrup Cohort	cohort	A cohort of men and women in the Danish Glostrup population examined at age 60 to investigate inflammatory, haemostatic and genetic correlates of atherosclerosis.	https://www.ebi.ac.uk/europepmc/webservices/rest/search?query=EXT_ID%3A12871360+AND+SRC%3AMED+sort_cited%3Ay&format=json&resultType=core&pageSize=4	PMID:12871360	We have evaluated 325 men and 370 women of 60 years, participating in the Danish Glostrup study.	yes	medium	The source identifies a Glostrup cohort examined at age 60 but does not explicitly confirm the ontology's 1936 birth-year qualifier.
COHO:0000049	Diabetes Genetics in Pakistan	cohort	A case-control collection of people of Punjabi ancestry, predominantly originating from Mirpur, Pakistan, with type 2 diabetes or normal glucose regulation, assembled to investigate genetic susceptibility to diabetes and related glycaemic traits.	https://www.ncbi.nlm.nih.gov/research/bionlp/RESTful/pmcoa.cgi/BioC_xml/PMC3176767/unicode	PMID:21949744	the Diabetes Genetics in Pakistan study (DGP; 821 participants with type 2 diabetes, 1167 without).	yes	medium	
COHO:0000050	Diabetes in Mexico Study	cohort	A cohort of people with type 2 diabetes and controls in Mexico City, Mexico, with a prospective design and genetic data used to investigate susceptibility to type 2 diabetes.	https://www.ncbi.nlm.nih.gov/research/bionlp/RESTful/pmcoa.cgi/BioC_xml/PMC4127086/unicode	PMID:24390345	Diabetes in Mexico Study (DMS) Mexico City, Mexico Prospective Cohort	yes	medium	Distinct from the Mexico City Diabetes Study, which appears separately in the source table.
COHO:0000051	Diabetes Prevention Program	cohort	A randomised trial cohort of people with impaired glucose tolerance and elevated fasting glucose recruited at 27 United States centres to compare lifestyle intervention, metformin and placebo for delaying or preventing type 2 diabetes.	https://www.ebi.ac.uk/europepmc/webservices/rest/search?query=EXT_ID%3A10189543+AND+SRC%3AMED+sort_cited%3Ay&format=json&resultType=core&pageSize=4	PMID:10189543	testing strategies to prevent or delay the development of type 2 diabetes in high-risk individuals with elevated fasting plasma glucose concentrations and impaired glucose tolerance.	yes	high	
COHO:0000052	Diabetes Reduction Assessment with Ramipril and Rosiglitazone Medication	cohort	A randomised trial cohort of people with impaired fasting glucose or impaired glucose tolerance from 21 countries, assigned in a factorial design to ramipril, rosiglitazone or corresponding placebos to evaluate prevention of diabetes and effects on atherosclerosis.	https://www.ebi.ac.uk/europepmc/webservices/rest/search?query=EXT_ID%3A15322749+AND+SRC%3AMED+sort_cited%3Ay&format=json&resultType=core&pageSize=4	PMID:15322749	People with impaired fasting glucose or impaired glucose tolerance were randomised to ramipril (15 mg/day) or placebo and rosiglitazone (8 mg/day) or placebo	yes	high	
COHO:0000053	Diabetes Research on Patient Stratification	cohort aggregation	A project combining prospective European cohorts of people with prediabetes and newly diagnosed type 2 diabetes to discover biomarkers of glycaemic deterioration, treatment response and diabetes subtypes through repeated metabolic and molecular assessment.	https://www.ebi.ac.uk/europepmc/webservices/rest/search?query=TITLE%3A%22IMI+DIRECT%22+AND+SRC%3AMED+sort_cited%3Ay&format=json&resultType=core&pageSize=4	PMID:24695864	This paper describes two new prospective cohort studies conducted as part of DIRECT.	yes	high	Proposed type change: temporary unclassified -> cohort aggregation. DIRECT includes two distinct prospective cohorts within a wider biomarker consortium.
COHO:0000054	Dortmund Health Study	cohort	A cohort of residents of Dortmund recruited during 2003–2004 and followed through questionnaires to investigate the frequency and consequences of headache and other chronic conditions, including their relationships with social factors.	https://www.ebi.ac.uk/europepmc/webservices/rest/search?query=EXT_ID%3A22736161+AND+SRC%3AMED+sort_cited%3Ay&format=json&resultType=core&pageSize=4	PMID:22736161	assessment of the prevalence and incidence of different headache types as well as other chronic conditions	yes	high	DHS is the Dortmund Health Study, not the deCODE Health Study or Diabetes Heart Study; the abstract does not state the country.
COHO:0000055	Duke Cognition Cohort	cohort	A cohort of adults in the United States with cognitive and genetic measurements contributing to research on genetic influences on general cognitive function.	https://www.ncbi.nlm.nih.gov/research/bionlp/RESTful/pmcoa.cgi/BioC_xml/PMC5322272/unicode	PMID:28093568	DCC Duke Cognition Cohort USA 1193 27.1 11.6 18 77	yes	low	Cohort identification and age range occur in a consortium table; recruitment procedures are not described in the retrieved passage.
COHO:0000056	DUNDEE	not a cohort	A city on Scotland's east coast at the mouth of the River Tay.	https://www.dundeecity.gov.uk/dundeecity/uploaded_publications/publication_109.pdf		at the mouth of the River Tay on the east coast of Scotland	yes	high	Proposed type change: temporary unclassified -> not a cohort. DUNDEE is a city label. The linked EGA description names Dundee as a sample-collection site for Scottish ovarian-cancer cases, not an independently identified cohort.
COHO:0000057	Durban Diabetes Study	cohort	A cohort of urban Black residents of eThekwini Municipality, South Africa, assessed in a population-based cross-sectional survey combining questionnaires, clinical measurements, biomarkers and genetic data to investigate chronic diseases and their risk factors.	https://www.ebi.ac.uk/europepmc/webservices/rest/search?query=TITLE%3A%22Durban+Diabetes+Study%22+AND+SRC%3AMED+sort_cited%3Ay&format=json&resultType=core&pageSize=4	PMID:29276614	a population-based cross-sectional survey of an urban black population in the eThekwini Municipality (city of Durban) in South Africa.	yes	high	
COHO:0000058	Dutch and Belgian Lung Cancer Screening Trial	cohort	A randomised trial cohort of current and former smokers selected from the Dutch and Belgian general population to compare low-dose computed-tomography screening with no screening for reduction of lung-cancer mortality.	https://www.ebi.ac.uk/europepmc/webservices/rest/search?query=TITLE%3A%22NELSON%22+AND+%28TITLE%3A%22rationale%22+OR+TITLE%3A%22screening%22%29+AND+SRC%3AMED+sort_cited%3Ay&format=json&resultType=core&pageSize=4	PMID:17131307	NELSON investigates whether 16-detector multi-slice computed tomography screening will decrease lung cancer mortality compared to no screening.	yes	high	Proposed type change: temporary unclassified -> cohort.
COHO:0000059	Dutch Microbiome Project	cohort	A cohort of Dutch Lifelines participants providing faecal samples for metagenomic characterisation of gut microbial composition, function, virulence and antibiotic resistance in relation to health.	https://metadata.ega-archive.org/studies/EGAS00001005027		shotgun metagenomic sequencing of faecal samples of 8,208 Dutch individuals	yes	medium	Proposed type change: temporary unclassified -> cohort. Source is the cohort data-deposition record.
COHO:0000060	Edinburgh Stroke Study	cohort	A cohort of patients with recent stroke recruited at Western General Hospital in Edinburgh, United Kingdom, from April 2002 to May 2005 and followed prospectively to investigate inflammatory markers, disability and mortality after stroke.	https://www.ncbi.nlm.nih.gov/research/bionlp/RESTful/pmcoa.cgi/BioC_xml/PMC2730573/unicode	PMID:19901973	Western General Hospital, Edinburgh, United Kingdom, between April 2002 and May 2005 into the Edinburgh Stroke Study	yes	medium	Proposed type change: temporary unclassified -> cohort.
COHO:0000061	ENGAGE AF-TIMI 48	cohort	A randomised trial cohort of people with atrial fibrillation in the multinational Effective Anticoagulation with Factor Xa Next Generation in Atrial Fibrillation–Thrombolysis in Myocardial Infarction 48 (ENGAGE AF-TIMI 48) trial, comparing edoxaban with warfarin for prevention of stroke and systemic embolism, with recruitment beginning in November 2008.	https://www.ebi.ac.uk/europepmc/webservices/rest/search?query=TITLE%3A%22ENGAGE+AF%22+AND+TITLE%3Adesign+AND+SRC%3AMED+sort_cited%3Ay&format=json&resultType=core&pageSize=4	PMID:20934556	The primary objective is to determine whether edoxaban is noninferior to warfarin for the prevention of stroke and systemic embolism.	yes	high	Proposed type change: temporary unclassified -> cohort.
COHO:0000062	EPIGEN	cohort aggregation	A project combining population-based genomic data from northeastern, southeastern and southern Brazil to investigate ancestry, admixture, kinship, inbreeding and deleterious genetic variation, known as the EPIGEN Brazil Initiative.	https://www.ebi.ac.uk/europepmc/webservices/rest/search?query=EXT_ID%3A26124090+AND+SRC%3AMED+sort_cited%3Ay&format=json&resultType=core&pageSize=4	PMID:26124090	three populations with different histories from the Northeast	yes	medium	Proposed type change: temporary unclassified -> cohort aggregation. The source uses EPIGEN as a project name without giving a spelled-out expansion; cities are omitted because the retrieved abstract supplies regions only.
COHO:0000063	Erasmus Rucphen Family Study	cohort	A cohort of descendants of 22 founder families and their spouses in southwest Netherlands, examined from 2002 to 2005 as part of the Genetic Research in Isolated Populations programme to identify genetic risk factors for complex disorders.	https://dss.niagads.org/cohorts/erasmus-rucphen-family-erf/		All living descendants of these couples and their spouses were invited to take part in the study.	yes	high	Proposed type change: temporary unclassified -> cohort.
COHO:0000064	Estonian Biobank	cohort	A biobank of volunteer adults aged at least 18 years resident throughout Estonia, linking blood samples, health examinations and questionnaires with national registries to support population-based genetic and health research.	https://www.ebi.ac.uk/europepmc/webservices/rest/search?query=TITLE%3A%22Estonian+Biobank%22+AND+%28TITLE%3A%22profile%22+OR+TITLE%3A%22cohort%22%29+AND+SRC%3AMED+sort_cited%3Ay&format=json&resultType=core&pageSize=4	PMID:24518929	The Estonian Biobank cohort is a volunteer-based sample of the Estonian resident adult population (aged ≥18 years).	yes	high	
COHO:0000065	European Prospective Investigation into Cancer	cohort	A cohort of men and women, mostly aged 35–70 years, recruited during 1992–2000 at 23 centres in ten European countries and followed prospectively to investigate relationships between nutrition, lifestyle, cancer and other diseases.	https://www.ebi.ac.uk/europepmc/webservices/rest/search?query=TITLE%3A%22European+prospective+investigation+into+cancer%22+AND+%28TITLE%3Adesign+OR+TITLE%3Apopulations%29+AND+SRC%3AMED+sort_cited%3Ay&format=json&resultType=core&pageSize=4	PMID:12639222	ongoing multi-centre prospective cohort study designed to investigate the relationship between nutrition and cancer	yes	high	
COHO:0000066	European Prospective Investigation of Cancer-Norfolk	cohort	A cohort of men and women aged 39–79 recruited in Norwich and surrounding Norfolk communities in 1993–1997, followed through questionnaires and examinations to investigate diet, lifestyle and health as part of the European Prospective Investigation of Cancer.	https://www.epic-norfolk.org.uk/about-epic-norfolk/		people living in Norwich and surrounding towns and rural areas were recruited into the EPIC-Norfolk study between 1993 and 1997	yes	high	
COHO:0000067	EuroTARGET project	cohort aggregation	A project combining prospectively recruited patients with metastatic renal cell cancer from 62 European centres and patients from previous studies to identify host and tumour biomarkers that predict response and toxicity during targeted therapy.	https://www.ebi.ac.uk/europepmc/webservices/rest/search?query=TITLE%3AEuroTARGET+AND+SRC%3AMED+sort_cited%3Ay&format=json&resultType=core&pageSize=4	PMID:28385611	patients with mRCC were recruited prospectively in 62 centers. In addition, 462 patients with mRCC from previous studies were included.	yes	high	Proposed type change: cohort -> cohort aggregation. The named project combines new recruitment with existing study collections.
COHO:0000068	Extremely Low Gestational Age Newborns	cohort	A birth cohort of infants born before 28 weeks of gestation at 14 sites, followed to investigate exposures associated with brain injury and subsequent neurological and developmental outcomes.	https://www.ebi.ac.uk/europepmc/webservices/rest/search?query=TITLE%3A%22Extremely+low+gestational+age+newborns%22+AND+%28TITLE%3Asample+OR+TITLE%3Astudy%29+AND+SRC%3AMED+sort_cited%3Ay&format=json&resultType=core&pageSize=4	PMID:19765918	We enrolled 1506 ELGANs born before 28 weeks gestation at 14 sites	yes	high	The retrieved design-paper abstract does not specify the sites' countries.
COHO:0000069	Fatty Acid Sensor Study	cohort	A cohort of participants receiving fish-oil supplementation for six weeks, with triglyceride measurements and genotyping used to investigate inherited variation in the metabolic response to omega-3 fatty acids.	https://www.ebi.ac.uk/europepmc/webservices/rest/search?query=EXT_ID%3A30624603+AND+SRC%3AMED+sort_cited%3Ay&format=json&resultType=core&pageSize=4	PMID:30624603	208 participants of the Fatty Acid Sensor (FAS) Study received 5 g fish oil/d	yes	medium	The retrieved abstract does not give recruitment location or eligibility criteria.
COHO:0000070	Finnish Twin Cohort Study	cohort aggregation	A project combining longitudinal Finnish twin cohorts established in the 1970s and 1990s, including the older twin cohort, FinnTwin12 and FinnTwin16, with repeated phenotyping and molecular measurements for investigation of health and disease.	https://www.ebi.ac.uk/europepmc/webservices/rest/search?query=EXT_ID%3A23298696+AND+SRC%3AMED+sort_cited%3Ay&format=json&resultType=core&pageSize=4	PMID:23298696	Three cohorts have been established: the older twin cohort in the 1970s, and the Finntwin12 and Finntwin16 studies initiated in the 1990s.	yes	high	Proposed type change: cohort -> cohort aggregation. The overview treats the Finnish Twin Cohort Study as an umbrella for three separately recruited twin cohorts.
COHO:0000071	FINRISK	cohort aggregation	A project combining independently sampled Finnish adult population cohorts recruited through five-yearly health surveys during 1972–2012 and followed through national registers to monitor risk factors, health behaviours and non-communicable disease.	https://academic.oup.com/ije/article/47/3/696/4641873	PMID:29165699	Independent population representative surveys have been carried out at 5-year intervals from 1972 to 2012.	no	high	Proposed type change: cohort -> cohort aggregation. The profile describes independent survey cohorts under the National FINRISK Study name; no acronym expansion is supplied.
COHO:0000072	Flemish Gut Flora Project	cohort	A cohort of volunteers from Flanders, Belgium, with health and lifestyle questionnaires, biological samples and genetic data assembled to investigate relationships between the gut microbiome, health and lifestyle.	https://www.ebi.ac.uk/europepmc/webservices/rest/PMC8654685/fullTextXML	PMID:34957435	individuals from the Flanders region of Belgium	yes	medium	Proposed type change: temporary unclassified -> cohort.
COHO:0000073	Gabriel Advanced Survey	cohort	A cohort of children living on farms and reference children examined cross-sectionally for asthma, atopy and household microbial exposures in the GABRIEL Advanced Study.	https://www.ebi.ac.uk/europepmc/webservices/rest/search?query=EXT_ID%3A21345099+AND+SRC%3AMED+sort_cited%3Ay&format=json&resultType=core&pageSize=4	PMID:21345099	GABRIELA (Multidisciplinary Study to Identify the Genetic and Environmental Causes of Asthma in the European Community [GABRIEL] Advanced Study)	yes	medium	The source defines GABRIELA as the advanced component of GABRIEL; recruitment countries are not specified in the retrieved abstract.
COHO:0000074	GCAT Genomes for Life	cohort	A cohort of adults aged 40–65 years in Catalonia, Spain, followed prospectively in Genomes for Life (GCAT) to assess epidemiological, genomic and epigenomic contributions to chronic disease.	https://www.ebi.ac.uk/europepmc/webservices/rest/search?query=TITLE%3AGCAT+AND+SRC%3AMED+sort_cited%3Ay&format=json&resultType=core&pageSize=4	PMID:29593016	designed to integrate and assess the role of epidemiological, genomic and epigenomic factors in the development of major chronic diseases in Catalonia	yes	high	Proposed type change: temporary unclassified -> cohort.
COHO:0000075	GENESIS	cohort	A case-control collection of French women with breast cancer and an affected sister, without a detected BRCA1 or BRCA2 mutation, together with unaffected sisters and unrelated controls. GENESIS (GENE SISters) investigates inherited breast-cancer susceptibility alongside environmental factors and tumour characteristics.	https://www.ncbi.nlm.nih.gov/research/bionlp/RESTful/pmcoa.cgi/BioC_xml/PMC4711059/unicode	PMID:26758370	GENESIS (GENE SISters) study is the recruitment of a study population enriched in susceptibility factors by case selection based on familial criteria	yes	high	Proposed type change: temporary unclassified -> cohort.
COHO:0000076	Genetic Analysis of Multiple Sclerosis	cohort	A case-control collection of people with multiple sclerosis from multiple countries and controls from Sweden, the United Kingdom and published studies, assembled to identify genetic variants associated with multiple-sclerosis susceptibility.	https://metadata.ega-archive.org/studies/EGAS00000000101		Cases from many parts of the world were genotyped with the Illumina 660 chip along with Swedish controls.	yes	medium	Proposed type change: temporary unclassified -> cohort. Defined as the participant collection represented by the EGA record. Its linked location-template quote concerns asthma and cannot establish this collection's location.
COHO:0000077	Genetic Consortium for Anorexia Nervosa	cohort aggregation	A consortium of anorexia-nervosa sample collections assembled internationally for genome-wide and exome-array analyses of genetic susceptibility to anorexia nervosa in collaboration with the Wellcome Trust Case Control Consortium 3.	https://metadata.ega-archive.org/studies/EGAS00001000913		Genetic Consortium for Anorexia Nervosa (GCAN) and Wellcome Trust CaseControl Consortium 3 (WTCCC3)	yes	medium	Proposed type change: cohort -> cohort aggregation. The deposition describes the consortium and assembled samples but not contributing recruitment countries.
COHO:0000078	Genetic Epidemiology of Asthma in Costa Rica	cohort	A cohort of families in Costa Rica, including extended pedigrees and parent–child trios with asthma probands, assembled to identify common and rare genetic determinants of asthma and related phenotypes through sequencing and family-based analyses.	https://www.ncbi.nlm.nih.gov/projects/gap/cgi-bin/study.cgi?study_id=phs000988.v6.p1		The Asthma Probands for both the extended pedigrees and the trios utilized in this study	yes	high	
COHO:0000079	Genetic Overlap between Metabolic and Psychiatric traits	cohort	A case-control collection of people in Greece with schizophrenia, type 2 diabetes or both, analysed alongside population controls from Greek cohorts to investigate shared genetic susceptibility to the two disorders.	https://www.ebi.ac.uk/europepmc/webservices/rest/search?query=EXT_ID%3A30470734+AND+SRC%3AMED+sort_cited%3Ay&format=json&resultType=core&pageSize=4	PMID:30470734	a Greek sample collection (GOMAP) comprising three patient groups	yes	medium	
COHO:0000080	Genetic Prostate cancer risk stratification for targeted screening	cohort	A cohort of men aged 40–69 with a family history of prostate cancer, recruited through London clinics, a UK prostate cancer study and public advertisements to evaluate genetic risk assessment and prostate biopsy for targeted prostate cancer screening.	https://www.ncbi.nlm.nih.gov/research/bionlp/RESTful/pmcoa.cgi/BioC_xml/PMC4912360/unicode	PMID:27151655	through cancer genetics and uro-oncology clinics at a National Health Service cancer hospital in London	yes	medium	
COHO:0000081	Genetic Research in Isolated	cohort aggregation	A project combining family-based and population-based investigations of a genetically isolated population in southwest Netherlands, initiated in 1995 as Genetic Research in Isolated Populations to identify genetic factors in neuropsychiatric, cardiovascular and metabolic disorders.	https://www.epib.nl/research/geneticepi/research.html		This program is conducted in a genetically isolated population in the Southwest of the Netherlands.	no	high	Proposed type change: cohort -> cohort aggregation. The label is truncated; the official programme name is Genetic Research in Isolated Populations. The source describes multiple disease investigations.
COHO:0000082	Genetics of diabetes Audit and Research	cohort	A cohort of people with type 2 diabetes and non-diabetic controls in Tayside, Scotland, recruiting from 1998 and linking biological samples to longitudinal health records to investigate genetic and environmental determinants of diabetes onset, progression and treatment response.	https://www.ncbi.nlm.nih.gov/research/bionlp/RESTful/pmcoa.cgi/BioC_xml/PMC5913637/unicode	PMID:29025058	specific genetic and environmental factors that are associated with disease onset, progression and response to treatment.	yes	high	
COHO:0000083	Genetics of Healthy Aging	cohort	A cohort of siblings aged at least 90 years and younger controls aged 50–75 years, recruited during 2004–2008 in 11 European countries to investigate genetic determinants of healthy ageing and longevity.	https://www.ebi.ac.uk/europepmc/webservices/rest/search?query=TITLE%3AGEHA+AND+SRC%3AMED+sort_cited%3Ay&format=json&resultType=core&pageSize=4	PMID:21871552	In 2004, the integrated European project GEHA (Genetics of Healthy Ageing) was initiated with the aim of identifying genes involved in healthy ageing and longevity.	yes	high	The design paper describes recruitment across Europe; the input location table lists only the Netherlands.
COHO:0000084	GenomeAsia 100K project	cohort	A cohort of people from diverse Asian population groups whose genomes are sequenced by the GenomeAsia 100K Project to catalogue genetic variation, population structure, disease associations and founder effects and to support genetic analyses.	https://www.ebi.ac.uk/europepmc/webservices/rest/search?query=TITLE%3AGenomeAsia+AND+SRC%3AMED+sort_cited%3Ay&format=json&resultType=core&pageSize=4	PMID:31802016	a whole-genome sequencing reference dataset from 1,739 individuals of 219 population groups and 64 countries across Asia.	yes	high	
COHO:0000085	German Multiple Myeloma Study Group	cohort aggregation	A consortium of multiple-myeloma clinical trial cohorts coordinated through centres across Germany to evaluate treatment strategies for patients at different disease stages.	https://gmmg.info/		Durchführung akademischer Phase II und III Studien Für Patienten in allen Krankheitsstadien des Multiplen Myeloms	yes	high	Proposed type change: cohort -> cohort aggregation. The official name is German-Speaking Myeloma Multicenter Group; the ontology label is a variant.
COHO:0000086	Ghana Prostate Study	cohort	A case-control collection of men in Accra, Ghana, recruited from population screening and Korle-Bu Teaching Hospital between 2004 and 2012 to investigate prostate-cancer risk factors.	https://www.ebi.ac.uk/europepmc/webservices/rest/search?query=TITLE%3A%22Ghana%22+AND+%28TITLE%3Aprostate%29+AND+SRC%3AMED+sort_cited%3Ay&format=json&resultType=core&pageSize=4	PMID:32350862	case-control study conducted in Accra, Ghana in 2004 to 2012	yes	medium	
COHO:0000087	Glaucoma Inheritance Study in Tasmania	cohort	A cohort of people with glaucoma and their relatives in Tasmania, Australia, recruited through affected probands identified in 1994–1996 and assessed with pedigrees and eye examinations to investigate familial primary open-angle glaucoma.	https://www.ebi.ac.uk/europepmc/webservices/rest/search?query=TITLE%3A%22Glaucoma+Inheritance+Study%22+AND+SRC%3AMED+sort_cited%3Ay&format=json&resultType=core&pageSize=4	PMID:18173405	Between 1994 and 1996 an audit of Tasmanian patients diagnosed with glaucoma was performed. Identified probands along with their family members were invited to participate.	yes	medium	
COHO:0000088	Greece Hellenic Isolated Cohorts	cohort aggregation	A project combining the MANOLIS cohort from mountainous villages in Crete and the Pomak cohort from mountainous northern Greece to investigate genetic determinants of complex traits in founder populations.	https://www.ncbi.nlm.nih.gov/research/bionlp/RESTful/pmcoa.cgi/BioC_xml/PMC8640022/unicode	PMID:34857772	The two cohorts included in this analysis, MANOLIS and Pomak, are part of the Hellenic Isolated Cohorts	yes	medium	Proposed type change: cohort -> cohort aggregation. The source explicitly identifies two constituent cohorts.
COHO:0000089	Health and Retirement Study	cohort	A cohort of adults aged over 50 years and their households in the United States, surveyed every two years from 1992 to investigate changes in health, cognition, economic circumstances, work, retirement and family relationships during ageing.	https://www.ebi.ac.uk/europepmc/webservices/rest/search?query=TITLE%3A%22Health+and+Retirement+Study%22+AND+TITLE%3Acohort+AND+SRC%3AMED+sort_cited%3Ay&format=json&resultType=core&pageSize=4	PMID:24671021	a nationally representative longitudinal survey of more than 37 000 individuals over age 50 in 23 000 households in the USA.	yes	high	
COHO:0000090	Health2000 Study	cohort	A cohort of adults in mainland Finland sampled for health interviews and examinations in 2000–2001, primarily at age 30 or older, to characterise public-health problems, their determinants and treatment, and functional and work capacity.	https://www.sisuproject.fi/cohorts/		persons aged 30 and over living in the mainland Finland	no	high	The source also identifies young-adult and previous-survey subsamples within Health 2000.
COHO:0000091	Heart Protection Study	cohort	A randomised trial cohort of adults aged 40–80 at increased risk of coronary death, recruited in 1994–1997 to evaluate simvastatin and antioxidant vitamins, each against placebo, for prevention of mortality and major vascular events.	https://www.ebi.ac.uk/europepmc/webservices/rest/search?query=TITLE%3A%22MRC%2FBHF+Heart+Protection+Study%22+AND+simvastatin+AND+SRC%3AMED+sort_cited%3Ay&format=json&resultType=core&pageSize=4	PMID:10329064	Men and women aged 40 to 80 years were eligible provided they were considered to be at elevated risk of coronary heart disease death	yes	high	The retrieved design-paper abstract does not specify recruitment country.
COHO:0000092	Hoorn Diabetes Care System	cohort	A cohort of people with type 2 diabetes receiving primary care in West-Friesland, the Netherlands, enrolling from 1998 and assessed annually to investigate the course of diabetes, its complications and treatment.	https://www.ebi.ac.uk/europepmc/webservices/rest/search?query=TITLE%3A%22Diabetes+Care+System%22+AND+TITLE%3Acohort+AND+SRC%3AMED+sort_cited%3Ay&format=json&resultType=core&pageSize=4	PMID:28588112	The DCS consists of persons with T2D in primary care from the West-Friesland region of the Netherlands.	yes	high	
COHO:0000093	Hospital Discharge Register Sweden	cohort	A registry of people discharged from inpatient care in Sweden, initiated in 1964 and nationwide since 1987, recording somatic and psychiatric diagnoses for longitudinal population research.	https://www.ebi.ac.uk/europepmc/webservices/rest/search?query=TITLE%3A%22Swedish%22+AND+TITLE%3A%22inpatient%22+AND+%28TITLE%3Avalidation+OR+TITLE%3Aregister%29+AND+SRC%3AMED+sort_cited%3Ay&format=json&resultType=core&pageSize=4	PMID:21658213	The Swedish IPR was launched in 1964 (psychiatric diagnoses from 1973) but complete coverage did not begin until 1987.	yes	high	
COHO:0000094	Human Genetics Initiative	cohort aggregation	A project combining clinical data and biological materials from psychiatric genetic studies in a shared National Institute of Mental Health repository, organised into disorder-related collections to support research on mental illness.	https://www.nimh.nih.gov/about/advisory-boards-and-groups/namhc/2016/may/namhc-minutes-of-the-245th-meeting		More than 170 studies are represented in 16 collections	yes	high	HGI identifies the NIMH Human Genetics Initiative repository, not the COVID-19 Host Genetics Initiative.
COHO:0000095	Hunter Community Study	cohort	A cohort of men and women aged 55–85 residing in Newcastle, New South Wales, Australia, followed longitudinally with questionnaires, clinical assessments, biological samples and linked health records to investigate health and ageing.	https://researchdata.edu.au/health-ageing-hunter-nsw-australia/11563		men and women aged 55-85 years of age who reside in Newcastle, New South Wales on the east coast of Australia	yes	high	Source is the University of Newcastle's data description.
COHO:0000096	Icelandic Cancer Registry	cohort	A registry of people diagnosed with cancer in Iceland, established in 1954 to record nationwide cancer diagnoses and support cancer research.	https://www.ebi.ac.uk/europepmc/webservices/rest/search?query=TITLE%3A%22Icelandic+Cancer+Registry%22+AND+SRC%3AMED+sort_cited%3Ay&format=json&resultType=core&pageSize=4	PMID:22974093	The nationwide Icelandic Cancer Registry (ICR) was established in 1954 and has been extensively used for research from the outset	yes	high	ICR denotes the Icelandic Cancer Registry, not immune checkpoint receptors.
COHO:0000097	Identification of Men with a genetic predisposition to ProstAte Cancer	cohort	A cohort of men aged 40–69 years from families with BRCA1 or BRCA2 mutations, including mutation carriers and age-matched non-carriers, undergoing annual prostate-specific antigen testing in an international investigation of targeted prostate-cancer screening.	https://www.ebi.ac.uk/europepmc/webservices/rest/search?query=TITLE%3A%22IMPACT+study%22+AND+prostate+AND+SRC%3AMED+sort_cited%3Ay&format=json&resultType=core&pageSize=4	PMID:20840664	Men aged 40-69 years from families with BRCA1 or BRCA2 mutations were offered annual prostate specific antigen (PSA) testing	yes	medium	
COHO:0000098	IIBDGC genotyped CD study	cohort	A cohort of genotyped patients with Crohn's disease collected through the International Inflammatory Bowel Disease Genetics Consortium at sites in Europe, North America and Australia to investigate genetic susceptibility and gene–environment interactions.	https://www.ncbi.nlm.nih.gov/research/bionlp/RESTful/pmcoa.cgi/BioC_xml/PMC5526723/unicode	PMID:28506689	All DNA samples used in the present study were collected through the IIBDGC and originated from 48 sites in 17 countries	yes	medium	CD denotes Crohn's disease. The definition concerns the genotyped Crohn's collection, not the entire consortium or its ulcerative-colitis collection.
COHO:0000099	Indiana Sisters Study	cohort	A cohort of premenopausal women of European-American ancestry, with an extended European-American and African-American sample, providing bone-density and genetic measurements for investigation of inherited variation in skeletal traits.	https://www.ncbi.nlm.nih.gov/research/bionlp/RESTful/pmcoa.cgi/BioC_xml/PMC3691010/unicode	PMID:23074152	The Indiana study consists of a European-American sample with GWAS genotypes, and an extended sample of both European- and African-American subjects without GWAS	yes	medium	The retrieved source names the Indiana Sisters Study but does not describe the original recruitment setting.
COHO:0000100	INfancia y Medio Ambiente Project	cohort aggregation	A project combining cohorts of pregnant women and their children from seven Spanish areas to investigate environmental exposures and child health through coordinated assessments, questionnaires and biological sampling.	https://www.proyectoinma.org/en/inma-project/study-design/		pregnant women of the general population who lived in each area of study	yes	high	Proposed type change: cohort -> cohort aggregation. The official design distinguishes seven contributing regional cohorts.
COHO:0000101	International Cancer Genome Consortium-Chronic Lymphocytic Leukemia	cohort	A cohort of patients with chronic lymphocytic leukaemia whose tumour genomes are analysed within the International Cancer Genome Consortium to identify alterations involved in disease development and progression and potential diagnostic and therapeutic targets.	https://metadata.ega-archive.org/studies/EGAS00000000092		generating a comprehensive catalogue of genetic alterations in 500 independent tumours	yes	medium	Proposed type change: cohort aggregation -> cohort. The disease-specific EGA project describes a tumour collection; recruitment country is absent.
COHO:0000102	International Headache Genetics Consortium	cohort aggregation	A consortium of headache clinic and population-based cohorts that combines genome-wide association data from migraine cases and controls of European ancestry to identify genetic susceptibility loci for migraine.	https://www.ncbi.nlm.nih.gov/research/bionlp/RESTful/pmcoa.cgi/BioC_xml/PMC5331903/unicode	PMID:27322543	cases and 316,078 controls collected from six tertiary headache clinics and 27 population-based cohorts	yes	medium	
COHO:0000103	International Multiple Sclerosis Genetics Consortium	cohort aggregation	A consortium of research groups that combines multiple sclerosis case collections from people of European descent across 15 countries with control datasets to investigate genetic susceptibility to multiple sclerosis.	https://www.ncbi.nlm.nih.gov/research/bionlp/RESTful/pmcoa.cgi/BioC_xml/PMC3182531/unicode	PMID:21833088	9772 cases of European descent collected by 23 research groups working in 15 different countries	yes	medium	
COHO:0000104	International Schizophrenia Consortium	cohort aggregation	A consortium of schizophrenia case-control collections that combines genome-wide genetic data, including European-ancestry samples, to investigate inherited susceptibility to schizophrenia and shared genetic risk with bipolar disorder.	https://www.ncbi.nlm.nih.gov/research/bionlp/RESTful/pmcoa.cgi/BioC_xml/PMC3912837/unicode	PMID:19571811	International Schizophrenia Consortium (ISC) case-control sample	yes	medium	The paper's collection includes multiple contributing sites; individual recruitment countries are omitted.
COHO:0000105	Italian Network on Genetic Isolates Studies	cohort aggregation	A consortium of genetically isolated population cohorts from Val Borbera, Friuli Venezia Giulia and Carlantino in Italy, combining genomic and phenotypic data to investigate genetic variation and complex traits.	https://www.ncbi.nlm.nih.gov/research/bionlp/RESTful/pmcoa.cgi/BioC_xml/PMC7080768/unicode	PMID:31784700	These populations belong to the INGI (Italian Network of Genetic Isolates) network.	yes	medium	
COHO:0000106	Leeds Melanoma Cohort	cohort	A cohort of patients aged 18–75 with newly diagnosed stage I–IIIA primary melanoma, recruited in England from 2000 to 2012 and followed to investigate factors associated with tumour thickness and melanoma survival.	https://www.ncbi.nlm.nih.gov/research/bionlp/RESTful/pmcoa.cgi/BioC_xml/PMC6983339/unicode	PMID:31425707	2183 patients were recruited to the Leeds Melanoma Cohort (LMC) between 2000 and 2012.	yes	medium	
COHO:0000107	Leiden Longevity Study	cohort	A cohort of families containing at least two long-lived siblings, with men aged at least 89 years and women at least 91 years, and information on their relatives and spouses, assembled to identify inherited determinants of exceptional longevity.	https://www.ebi.ac.uk/europepmc/webservices/rest/search?query=TITLE%3A%22Leiden+Longevity+Study%22+AND+SRC%3AMED+sort_cited%3Ay&format=json&resultType=core&pageSize=4	PMID:16251894	families with at least two long-living siblings (men aged 89 years or above; women aged 91 years or above).	yes	high	The abstract compares survival with the Dutch population but does not explicitly give the recruitment location.
COHO:0000108	LifeLines	cohort	A cohort of residents of the northern Netherlands and their families, recruited during 2006–2013 across three generations, with repeated examinations, questionnaires and stored biological samples to investigate environmental, phenotypic and genomic influences on chronic disease and healthy ageing.	https://www.ebi.ac.uk/europepmc/webservices/rest/search?query=TITLE%3A%22LifeLines%22+AND+TITLE%3Acohort+AND+SRC%3AMED+sort_cited%3Ay&format=json&resultType=core&pageSize=4	PMID:25502107	inhabitants of the northern part of The Netherlands and their families were invited to participate, thereby contributing to a three-generation design.	yes	high	
COHO:0000109	Living Biobank	cohort	A biobank of healthy Chinese and Malay participants from Singapore's Multi-Ethnic Cohort and Singapore Health 2012 collections, assembled for phenotype recall investigations of carriers of genetic variants with substantial effects.	https://ega-archive.org/studies/EGAS00001002619		healthy population-based Chinese and Malay individuals, for the purpose of phenotype recall study of high-impact variant carriers	yes	medium	This is the Singapore participant biobank, not an organoid living biobank.
COHO:0000110	Los Angeles component of The Womens Contraceptive and Reproductive Experiences Study	cohort	A case-control collection of White and African-American women aged 35–64 in Los Angeles, United States, with invasive breast cancer or no previous breast cancer, contributing to the Women's Contraceptive and Reproductive Experiences investigation of breast cancer risk factors.	https://www.ncbi.nlm.nih.gov/research/bionlp/RESTful/pmcoa.cgi/BioC_xml/PMC2754711/unicode	PMID:18628424	White and African-American women aged 35 to 64 years in five United States (US) regions (Atlanta, Seattle, Detroit, Philadelphia, and Los Angeles).	yes	medium	Definition describes the Los Angeles component rather than the full five-region collection.
COHO:0000111	Lothian Birth Cohort	cohort	A birth cohort of people born in 1921 who completed intelligence testing at age 11 and enter longitudinal assessments based at the University of Edinburgh at a mean age of 79, supporting investigation of lifetime cognitive change and ageing.	https://www.ebi.ac.uk/europepmc/webservices/rest/search?query=TITLE%3A%22Lothian+Birth+Cohorts%22+AND+TITLE%3Aprofile+AND+SRC%3AMED+sort_cited%3Ay&format=json&resultType=core&pageSize=4	PMID:22253310	The participants undertook a general intelligence test at age 11 years and were recruited for these cohorts at mean ages of 79 (LBC1921)	yes	high	The generic label is anchored to LBC1921 by the verified EGA example; the profile also describes the distinct LBC1936 cohort.
COHO:0000112	Lund Stroke Register	cohort	A registry of people with a first-ever stroke in the Lund-Orup district, identified through prospective and retrospective surveillance to describe stroke ascertainment, hospitalisation and patient outcomes.	https://www.ebi.ac.uk/europepmc/webservices/rest/search?query=TITLE%3A%22Lund+Stroke+Register%22+AND+SRC%3AMED+sort_cited%3Ay&format=json&resultType=core&pageSize=4	PMID:17156265	One-year screening in Lund-Orup district for first-ever strokes using multiple prospective and retrospective methods.	yes	medium	The retrieved abstract does not specify the screening year or country.
COHO:0000113	Marseille Thrombosis Association Study	cohort	A cohort of unrelated patients with documented venous thrombosis recruited at La Timone Hospital in Marseille, France, in 1994–2005, excluding recognised major thrombophilias, for investigation of genetic susceptibility to venous thrombosis.	https://www.ncbi.nlm.nih.gov/research/bionlp/RESTful/pmcoa.cgi/BioC_xml/PMC3181335/unicode	PMID:21980494	consecutively recruited at the Thrombophilia center of La Timone hospital (Marseille, France) between January 1994 and October 2005	yes	medium	
COHO:0000114	Mexican Biobank	cohort	A biobank of individuals from rural and urban localities across all 32 Mexican states, linking genome-wide genotypes to disease and complex-trait information to investigate population history and genetic and environmental contributions to health.	https://www.ebi.ac.uk/europepmc/webservices/rest/search?query=TITLE%3A%22Mexican+Biobank%22+AND+SRC%3AMED+sort_cited%3Ay&format=json&resultType=core&pageSize=4	PMID:37821706	genotyped 6,057 individuals from 898 rural and urban localities across all 32 states in Mexico	yes	high	
COHO:0000115	MIRAGE	cohort	A cohort of families including siblings discordant for Alzheimer disease, with African-American and white family samples, assembled for genetic investigation through the Multi-Institutional Research on Alzheimer Genetic Epidemiology (MIRAGE) programme.	https://www.ncbi.nlm.nih.gov/research/bionlp/RESTful/pmcoa.cgi/BioC_xml/PMC3356921/unicode	PMID:22159054	Multi-Institutional Research on Alzheimer Genetic Epidemiology (MIRAGE) Study, which contains primarily discordant sibling pairs	yes	medium	MIRAGE denotes the Alzheimer genetic-epidemiology collection, not an acronym double; the retrieved paper does not locate all recruitment centres.
COHO:0000116	Molecular Genetics of Schizophrenia Collaboration	cohort aggregation	A consortium of schizophrenia case-control collections from three National Institute of Mental Health repository studies, including people of European and African-American ancestry, combining genetic data to identify schizophrenia-susceptibility variants.	https://www.ncbi.nlm.nih.gov/research/bionlp/RESTful/pmcoa.cgi/BioC_xml/PMC2775422/unicode	PMID:19571809	cases from three methodologically similar National Institute of Mental Health repository-based studies, and screened controls from the general population	yes	medium	Proposed type change: cohort -> cohort aggregation. The source describes three contributing case collections rather than one recruitment cohort.
COHO:0000117	MOnica Risk, Genetics, Archiving and Monograph	cohort aggregation	A project combining prospective population cohorts from European countries to examine cardiovascular risk factors and their associations with subsequent stroke and other cardiovascular events.	https://www.ebi.ac.uk/europepmc/webservices/rest/search?query=TITLE%3A%22MORGAM+Project%22+AND+European+AND+SRC%3AMED+sort_cited%3Ay&format=json&resultType=core&pageSize=4	PMID:19520994	Follow-up data were collected in 43 cohorts in 18 populations in 8 European countries surveyed for cardiovascular risk factors.	yes	medium	Proposed type change: cohort -> cohort aggregation. The source describes pooled follow-up of multiple cohorts.
COHO:0000118	Monitoring of Trends and Determinants in Cardiovascular Disease	cohort aggregation	A project combining standardised cardiovascular surveillance in populations aged 35–64 years across 26 countries in Europe, North America and the Western Pacific to relate changes in mortality and morbidity to risk factors and medical care.	https://www.ebi.ac.uk/europepmc/webservices/rest/search?query=TITLE%3AMONICA+AND+TITLE%3Aproject+AND+%28TITLE%3Aobjectives+OR+TITLE%3Aprotocol%29+AND+SRC%3AMED+sort_cited%3Ay&format=json&resultType=core&pageSize=4	PMID:2807705	Its objective is to measure trends in cardiovascular mortality and morbidity	yes	high	Proposed type change: cohort -> cohort aggregation. WHO MONICA compares defined communities across multiple participating centres.
COHO:0000119	Multi-Ethnic Study of Atherosclerosis	cohort	A cohort of men and women aged 45–84 years from six United States centres, including White, African-American, Hispanic and Chinese-ancestry participants, established in 2000 to investigate the prevalence, determinants and progression of subclinical cardiovascular disease.	https://www.ebi.ac.uk/europepmc/webservices/rest/search?query=TITLE%3A%22Multi-Ethnic+Study+of+Atherosclerosis%22+AND+TITLE%3Aobjectives+AND+SRC%3AMED+sort_cited%3Ay&format=json&resultType=core&pageSize=4	PMID:12397006	initiated in July 2000 to investigate the prevalence, correlates, and progression of subclinical cardiovascular disease (CVD)	yes	high	
COHO:0000120	Multicenter Family Study	cohort aggregation	A project combining seven collections of families with multiple members affected by schizophrenia or schizoaffective disorder, including European-ancestry and admixed families from research sites in Europe, Australia and the United States, to investigate common and rare genetic contributions to schizophrenia.	https://www.ncbi.nlm.nih.gov/research/bionlp/RESTful/pmcoa.cgi/BioC_xml/PMC6927206/unicode	PMID:22885689	The sample (Table 1) includes seven subsamples that were recruited for linkage studies and subsequently combined	yes	medium	Proposed type change: cohort -> cohort aggregation. The cited paper identifies the combined family resource through the reference supplied by the verified example study.
COHO:0000121	Multiethnic Cohort Study of Diet and Health	cohort	A cohort of adults aged 45–75 years from multiple ethnic groups in Hawaii and California, principally Los Angeles County, recruited during 1993–1996 and followed prospectively to investigate diet and other determinants of cancer.	https://www.ebi.ac.uk/europepmc/webservices/rest/search?query=TITLE%3A%22Multiethnic+cohort%22+AND+TITLE%3Abaseline+AND+SRC%3AMED+sort_cited%3Ay&format=json&resultType=core&pageSize=4	PMID:10695593	215,251 adult men and women (age 45-75 years at baseline) living in Hawaii and in California (primarily Los Angeles County)	yes	high	
COHO:0000122	Multiple Environmental and Genetic Assessment of Risk Factors for Venous Thrombosis	cohort	A case-control collection of patients younger than 70 with a first deep-vein thrombosis or pulmonary embolism, recruited through six Dutch anticoagulation clinics in 1999–2004, with partner and population controls, for investigation of environmental and genetic thrombosis risk factors.	https://www.ncbi.nlm.nih.gov/research/bionlp/RESTful/pmcoa.cgi/BioC_xml/PMC2726929/unicode	PMID:19679614	six participating anticoagulation clinics in the Netherlands (Amersfoort, Amsterdam, The Hague, Leiden, Rotterdam, and Utrecht)	yes	medium	
COHO:0000123	National Health Service Blood and Transplant	not a cohort	A special health authority that provides blood donation services in England and organ transplantation services across the United Kingdom, managing donated blood, organs, tissues and stem cells and conducting research on treatments and processes.	https://www.nhsbt.nhs.uk/who-we-are/		looking after blood donation services in England and transplant services across the UK.	yes	high	Proposed type change: cohort -> not a cohort. The label denotes an NHS organisation; the example study uses its blood donors, who form a separate cohort.
COHO:0000124	National Study of Colorectal Cancer Genetics	cohort	A case-control collection of people with colorectal cancer and spouse or partner controls, established in 2003 across United Kingdom centres to identify inherited variants that confer susceptibility to colorectal cancer.	https://www.ebi.ac.uk/europepmc/webservices/rest/search?query=TITLE%3A%22National+Study+of+Colorectal+Cancer+Genetics%22+AND+SRC%3AMED+sort_cited%3Ay&format=json&resultType=core&pageSize=4	PMID:17895893	collecting DNA and clinicopathological data from 20,000 CRC cases and a series of spouse/partner controls	yes	high	
COHO:0000125	Netherlands Twin Registry	cohort	A registry of twins and their relatives with longitudinal phenotypic and genetic data, established to investigate inherited and environmental contributions to variation in health, fertility, development, growth and behaviour.	https://www.amsterdamumc.org/en/about/organization/nederlands-tweelingen-register-netherlands-twin-register-ntr		NTR collects longitudinal data from over 200,000 participants, including twins (40%) and their family.	yes	high	The institutional overview does not explicitly describe recruitment geography.
COHO:0000126	New England-based Case-Control Study of Ovarian Cancer	cohort	A case-control collection of women aged 18–80 with epithelial ovarian cancer and population controls from eastern Massachusetts and New Hampshire, recruited in four phases from 1984 to 2008 to investigate ovarian-cancer risk factors.	https://www.ncbi.nlm.nih.gov/research/bionlp/RESTful/pmcoa.cgi/BioC_xml/PMC8720374/unicode	PMID:33634849	Women aged 18–80 years residing in Eastern Massachusetts and New Hampshire who were diagnosed with epithelial ovarian cancer	yes	medium	
COHO:0000127	NIDDK	not a cohort	A United States government research institute, the National Institute of Diabetes and Digestive and Kidney Diseases (NIDDK), that forms part of the National Institutes of Health and conducts and supports biomedical research and disseminates health information.	https://www.niddk.nih.gov/about-niddk/faqs		We conduct and support biomedical research, disseminating research findings and health information to the public	yes	high	Proposed type change: cohort -> not a cohort. The acronym denotes a research institute; no particular participant collection is identified by the input record.
COHO:0000128	Nijmegen Biomedical Study	cohort	A cohort of adults from Nijmegen, the Netherlands, established in 2000 with population sampling from 2002 to investigate genetic variation, lifestyle and environmental exposures in relation to disease and population traits.	https://www.ncbi.nlm.nih.gov/research/bionlp/RESTful/pmcoa.cgi/BioC_xml/PMC5837647/unicode	PMID:28082374	initiated (by L.K. and A.V.) in 2000 in the municipality of Nijmegen	yes	high	
COHO:0000129	Northern Ireland Cohort for Longitudinal Study of Ageing	cohort	A cohort of adults aged 50 years and older living in private accommodation in Northern Ireland, recruited in 2013–2016 and followed through surveys and health assessments to investigate ageing, health and social circumstances.	https://www.ncbi.nlm.nih.gov/research/bionlp/RESTful/pmcoa.cgi/BioC_xml/PMC10396407/unicode	PMID:37011634	8283 participants aged ≥50 years and living in private residential accommodation were recruited	yes	high	
COHO:0000130	Northern Sweden Population Health Study	cohort	A cohort of residents of Karesuando, Soppero and the Vittangi area in Norrbotten, northern Sweden, surveyed in 2006 and 2009 to characterise population health, including environmental and inherited determinants of allergic sensitisation.	https://www.ebi.ac.uk/europepmc/webservices/rest/PMC3754550/fullTextXML	PMID:23986895	provide a health survey of the communities of Karesuando and Soppero, County of Norrbotten, Sweden	yes	medium	
COHO:0000131	Norwegian Mother and Child Cohort study	cohort	A birth cohort of children and their parents in Norway, recruited through pregnancies with births during 1999–2009, combining repeated family questionnaires, biological samples and health-register linkages for longitudinal research.	https://www.ebi.ac.uk/europepmc/webservices/rest/search?query=TITLE%3A%22Norwegian+Mother%22+AND+%28TITLE%3Acohort%29+AND+SRC%3AMED+sort_cited%3Ay&format=json&resultType=core&pageSize=4	PMID:27063603	The first child was born in October 1999 and the last in July 2009.	yes	high	
COHO:0000132	Orkney Complex Disease Study	cohort	A cohort of people aged 16–100 with Orcadian grandparents, recruited in Orkney, northern Scotland, in 2005–2011 for family-based investigation of genetic influences on cardiovascular and other complex-disease risks.	https://viking.ed.ac.uk/our-data-and-samples/cohorts		isolated archipelago of the Orkney Isles in northern Scotland	yes	high	
COHO:0000133	Outcome Reduction With Initial Glargine Intervention Trial	cohort	A randomised trial cohort of adults aged at least 50 with cardiovascular disease and dysglycaemia in 40 countries, enrolled during the two years ending December 2005 to compare insulin glargine with standard glycaemic care and omega-3 fatty acids with placebo for cardiovascular prevention.	https://www.ebi.ac.uk/europepmc/webservices/rest/search?query=EXT_ID%3A18082485+AND+SRC%3AMED+sort_cited%3Ay&format=json&resultType=core&pageSize=4	PMID:18082485	A total of 12,612 (mean age 64, 35% women) people in 40 countries were randomized	yes	high	
COHO:0000134	Ovarian Cancer Association Consortium	cohort aggregation	A consortium of ovarian cancer studies established in 2005 that combines participant data to investigate genetic and epidemiological risk factors for ovarian cancer.	https://sph.umich.edu/mocog/about.html		OCAC was established in 2005 and involves more than 70 studies	yes	high	Proposed type change: cohort -> cohort aggregation. Official collaborating consortium page; recruitment countries are not specified.
COHO:0000135	Ovarian Cancer Study	cohort					no	low	UNRESOLVED IDENTITY: the inputs give only Ovarian Cancer Study (OCS), with no verified study, recruitment location or distinguishing note. No retrieved source can be securely assigned to this individual. Definition and source are intentionally blank; current cohort type retained provisionally pending identification.
COHO:0000136	Oxford Biobank	cohort	A biobank of healthy men and women aged 30–50 years from Oxfordshire, United Kingdom, recruiting from 1999 and permitting recall by genotype or phenotype to investigate mechanisms of type 2 diabetes and cardiovascular disease.	https://www.ncbi.nlm.nih.gov/research/bionlp/RESTful/pmcoa.cgi/BioC_xml/PMC5837504/unicode	PMID:29040543	healthy participants, men and women aged 30–50 years, from Oxfordshire, UK.	yes	high	
COHO:0000137	PanCareLIFE	cohort aggregation	A consortium of European childhood and adolescent cancer-survivor cohorts that combines cohort, case-control, genetic and intervention research to investigate treatment-related fertility impairment, hearing loss and health-related quality of life.	https://www.ebi.ac.uk/europepmc/webservices/rest/search?query=DOI%3A10.1016%2Fj.ejca.2018.08.007+AND+SRC%3AMED+sort_cited%3Ay&format=json&resultType=core&pageSize=4	PMID:30273888	PanCareLIFE is a pan-European consortium that addresses survivorship issues comprising fertility, hearing impairment and quality of life.	yes	high	Proposed type change: cohort -> cohort aggregation. The design paper uses PanCareLIFE as a project name without an acronym expansion.
COHO:0000138	Parkinson Environment and Gene	cohort	A case-control collection of people with early-stage Parkinson disease and population controls in central California, recruited in 2000–2007 and 2010–2017 to investigate environmental and genetic determinants of Parkinson disease.	https://www.ncbi.nlm.nih.gov/research/bionlp/RESTful/pmcoa.cgi/BioC_xml/PMC11915066/unicode	PMID:40094665	The Parkinson Environment and Genes (PEG) study is a population-based case-control study conducted in central California.	yes	medium	
COHO:0000139	People of the British Isles	cohort	A cohort of people from rural areas of the United Kingdom, principally with all four grandparents originating from the same local area, providing genetic controls and information on fine-scale population structure.	https://www.ebi.ac.uk/europepmc/webservices/rest/search?query=TITLE%3A%22People+of+the+British+Isles%22+AND+SRC%3AMED+sort_cited%3Ay&format=json&resultType=core&pageSize=4	PMID:21829225	a cohort of rural UK samples (The People of the British Isles), aimed at providing a well-characterised UK-control population	yes	high	
COHO:0000140	Physical Activity and Nutrition in Children Study	cohort	A cohort of children aged 7–9 at baseline in Kuopio, Finland, enrolled in 2007–2009 for long-term follow-up comparing a physical-activity and dietary intervention with a control group through repeated health assessments.	https://www.panicstudy.fi/front-page/about-the-panic-study/		a population-based cohort from Kuopio, Finland	yes	high	The official description establishes an intervention cohort but does not call its allocation randomised.
COHO:0000141	Population-based Colonoscopy study	cohort	A cohort of Swedish-born people in Stockholm, Sweden, with bowel-symptom questionnaires, gastroenterological assessments and biological specimens assembled to investigate bowel function and gastrointestinal health.	https://www.ebi.ac.uk/europepmc/webservices/rest/PMC8654685/fullTextXML	PMID:34957435	a cohort of Swedish-born individuals from Stockholm, Sweden	yes	medium	
COHO:0000142	Precocious Coronary Artery Disease Study	cohort	A case-control collection of people with coronary heart disease and an affected sibling, together with population controls, recruited in the United Kingdom, Italy, Sweden and Germany in 2004–2008 to investigate determinants of coronary disease.	https://www.ebi.ac.uk/europepmc/webservices/rest/PMC5922567/fullTextXML	PMID:29713486	CHD cases were recruited from four European countries (UK, Italy, Sweden and Germany) between 2004 and 2008	yes	medium	
COHO:0000143	Pressioni Arteriose Monitorate E Loro Associazionie	cohort	A cohort of adults aged 25–74 years sampled from the general population of Monza, Italy, with office, home and ambulatory blood-pressure measurements and prospective mortality follow-up to evaluate cardiovascular risk prediction.	https://www.ebi.ac.uk/europepmc/webservices/rest/search?query=TITLE%3APAMELA+AND+%28TITLE%3Astudy+OR+TITLE%3Aprotocol%29+AND+pressure+AND+SRC%3AMED+sort_cited%3Ay&format=json&resultType=core&pageSize=4	PMID:15809377	2051 subjects between 25 and 74 years of age who were representative of the general population of Monza (Milan, Italy).	yes	medium	PAMELA denotes the Italian blood-pressure cohort, not the HER2-positive breast-cancer trial.
COHO:0000144	Prospective Investigation of the Vasculature in Uppsala Seniors	cohort	A cohort of people aged 70 sampled from the community register of Uppsala, Sweden, to investigate whether measurements of vascular structure and function predict subsequent cardiovascular events.	https://www.ncbi.nlm.nih.gov/research/bionlp/RESTful/pmcoa.cgi/BioC_xml/PMC8895748/unicode	PMID:34523676	individuals at the age of 70 years living in the community of Uppsala, Sweden were randomly selected from the community register	yes	medium	
COHO:0000145	Psoriasis Association Genetics Extension	cohort	A case-control collection of people of European ancestry with psoriasis and unaffected controls recruited at participating institutions for genetic analysis using the Immunochip.	https://www.ncbi.nlm.nih.gov/research/bionlp/RESTful/pmcoa.cgi/BioC_xml/PMC3510312/unicode	PMID:23143594	Psoriasis Association Genetics Extension (PAGE: 3,580 cases and 5,902 controls)	yes	medium	PAGE here denotes the psoriasis collection, not Population Architecture using Genomics and Epidemiology. The paper describes a pooled case-control dataset; contributing countries are in its supplement.
COHO:0000146	Psychiatric GWAS Consortium	cohort aggregation	A consortium of genome-wide association studies that combines data on attention deficit hyperactivity disorder, autism, bipolar disorder, major depressive disorder and schizophrenia through meta-analysis to investigate genetic susceptibility to psychiatric disorders.	https://www.ebi.ac.uk/europepmc/webservices/rest/search?query=TITLE%3A%22Psychiatric%22+AND+TITLE%3A%22Consortium%22+AND+%28TITLE%3AGWAS+OR+TITLE%3Agenomics%29+AND+SRC%3AMED+sort_cited%3Ay&format=json&resultType=core&pageSize=4	PMID:20955924	The Psychiatric GWAS Consortium was founded with the aim of conducting statistically rigorous and comprehensive GWAS meta-analyses	yes	high	
COHO:0000147	Research on Adolescent Development and Relationships	cohort aggregation	A project combining the RADAR-Young and RADAR-Old adolescent cohorts in the Netherlands, followed through repeated questionnaires to investigate development and relationships with parents, friends and romantic partners.	https://www.ncbi.nlm.nih.gov/research/bionlp/RESTful/pmcoa.cgi/BioC_xml/PMC12420711/unicode	PMID:40153111	which consists of two cohorts: RADAR-Young (Branje & Meeus,) and RADAR-Old (Branje,)	yes	medium	The umbrella comprises two longitudinal cohorts; the verified example uses RADAR-Young.
COHO:0000148	Rotterdam Study	cohort	A cohort of middle-aged and older residents of Rotterdam, the Netherlands, established in 1990 and followed prospectively to investigate the causes, early development and natural history of chronic diseases and possible targets for intervention.	https://www.ebi.ac.uk/europepmc/webservices/rest/search?query=TITLE%3A%22Rotterdam+Study%22+AND+%28TITLE%3Adesign+OR+TITLE%3Aupdate%29+AND+SRC%3AMED+sort_cited%3Ay&format=json&resultType=core&pageSize=4	PMID:32367290	an ongoing prospective cohort study that started in 1990 in the city of Rotterdam, The Netherlands.	yes	high	
COHO:0000149	Saguenay-Lac-Saint-Jean asthma study	cohort	A cohort of families recruited through members with asthma in the founder population of Saguenay–Lac-Saint-Jean, Quebec, Canada, with respiratory, allergy and genetic measurements to investigate inherited determinants of asthma and related traits.	https://www.ebi.ac.uk/europepmc/webservices/rest/search?query=TITLE%3ASaguenay+AND+TITLE%3Aasthma+AND+SRC%3AMED+sort_cited%3Ay&format=json&resultType=core&pageSize=4	PMID:24646526	a familial collection was built in the Saguenay-Lac-Saint-Jean (SLSJ) region, which is localized in northeastern Quebec, Canada	yes	high	
COHO:0000150	Sahlgrenska Academy Study on Ischemic Stroke	cohort	A case-control collection of patients aged 18–69 with acute ischaemic stroke recruited in Gothenburg, Sweden, in 1998–2003 and matched population controls, with longitudinal patient follow-up to investigate stroke risk factors and outcomes.	https://www.ebi.ac.uk/europepmc/webservices/rest/PMC9684578/fullTextXML	PMID:36418382	recruited consecutively at the stroke unit at the Sahlgrenska University Hospital, Gothenburg, Sweden during 1998–2003	yes	medium	
COHO:0000151	SardiNIA Study of Aging	cohort	A cohort of residents aged 14–102 at baseline from four towns in the Ogliastra region of Sardinia, Italy, established in 2001 for longitudinal investigation of genetic influences on ageing, cardiovascular risk factors, personality and other age-related traits.	https://sardinia.nia.nih.gov/		subjects from a catchment area including four towns in east-central Sardinia	yes	high	
COHO:0000152	Scania Diabetes Registry	cohort	A registry of patients with diabetes recruited through hospitals in Scania, Sweden, from 1996, with clinical follow-up and biological samples to classify diabetes subgroups and investigate genetic and biomarker predictors of complications.	https://researchdata.se/en/catalogue/dataset/ext0074-1		diabetes patients recruited at hospitals in Scania, Sweden as from 1996	yes	high	Source is the investigators' institutional data-catalogue record.
COHO:0000153	Shanghai Study	cohort	A cohort of patients with gallbladder carcinoma at Xinhua Hospital affiliated with Shanghai Jiao Tong University whose paired tumour and normal samples undergo sequencing to investigate somatic mutations and their clinical associations.	https://metadata.ega-archive.org/studies/EGAS00001000853		Whole exome sequencing for gallbladder cancer in Xinhua Hospital Affiliated to Shanghai Jiao Tong University, School of Medicine	yes	medium	Identity is established by the deposition title; no recruitment period is supplied.
COHO:0000154	Short Course Oncology Treatment trial	cohort	A randomised trial cohort of adults with high-risk stage II or stage III colorectal cancer, recruited at 244 centres during 2008–2013 to compare three versus six months of adjuvant oxaliplatin-containing chemotherapy using disease-free survival as the primary outcome.	https://www.ebi.ac.uk/europepmc/webservices/rest/search?query=TITLE%3ASCOT+AND+TITLE%3Aoxaliplatin+AND+SRC%3AMED+sort_cited%3Ay&format=json&resultType=core&pageSize=4	PMID:29611518	Patients were assigned (1:1) to receive 3 months or 6 months of adjuvant oxaliplatin-containing chemotherapy.	yes	medium	The retrieved abstract identifies an international trial but does not list recruitment countries.
COHO:0000155	Simons Simplex Collection	cohort	A cohort of families recruited through 12 North American clinical sites, each with one child aged 4–18 with an autism spectrum disorder and unaffected biological parents, often including unaffected siblings, assembled to investigate rare and de novo genetic contributions to autism.	https://www.sfari.org/funded-project/the-simons-simplex-collection/		families who have one child between 4 and 18 years of age with an autism spectrum disorder	yes	high	
COHO:0000156	Singapore Chinese Study	cohort	A case-control collection of Singapore Chinese people aged at least 50 years with colorectal cancer and age- and sex-matched healthy controls, assembled to investigate genetic susceptibility to colorectal cancer.	https://www.ncbi.nlm.nih.gov/research/bionlp/RESTful/pmcoa.cgi/BioC_xml/PMC3411754/unicode	PMID:22879968	age- and gender-matched case-control series of Singapore Chinese (SCH) patients from a single center and population-based healthy controls.	yes	medium	Distinct from the Singapore Chinese Health Study, which supplies most controls to this collection.
COHO:0000157	SORCE	cohort	A randomised trial cohort of patients with resected renal cell carcinoma at intermediate or high relapse risk, enrolled in the United Kingdom and six other countries in 2007–2013 to compare postoperative sorafenib with placebo for prevention of cancer recurrence.	https://innovative-ctu.ucl.ac.uk/studies/all-studies/s/sorce/		patients with resected (total or partial) primary renal cell carcinoma (RCC) at high or intermediate risk of relapse	yes	high	The official site uses SORCE as the trial name and gives a descriptive full title without an explicit acronym expansion.
COHO:0000158	Spit for Science	cohort	A cohort of university students followed longitudinally through surveys and DNA collection at Virginia Commonwealth University to investigate genetic and environmental contributions to alcohol use, other substance use and mental health.	https://www.ncbi.nlm.nih.gov/research/bionlp/RESTful/pmcoa.cgi/BioC_xml/PMC3944794/unicode	PMID:24639683	understanding how genes and environments impact alcohol use and related substance use and mental health outcomes across time in college students.	yes	high	Spit for Science here is the United States university cohort, not the Canadian children's collection.
COHO:0000159	Sweden Bipolar Disorder Cohort	cohort	A case-control collection of people with bipolar disorder identified through Swedish national registers and Stockholm clinical services, with unaffected controls, assembled to investigate genetic determinants of bipolar disorder and its clinical subtypes.	https://www.ebi.ac.uk/europepmc/webservices/rest/PMC5545718/fullTextXML	PMID:28072414	SWEBIC cases were identified through four channels: two national registries and two catchment areas.	yes	medium	
COHO:0000160	Swedish Twin Registry	cohort	A registry of twins in Sweden, established in the late 1950s to investigate smoking and alcohol in relation to cancer and cardiovascular disease while accounting for genetic susceptibility, and subsequently expanded to study common complex diseases.	https://www.ebi.ac.uk/europepmc/webservices/rest/search?query=TITLE%3A%22Swedish+Twin+Registry%22+AND+%28TITLE%3Aresource+OR+TITLE%3Aupdate%29+AND+SRC%3AMED+sort_cited%3Ay&format=json&resultType=core&pageSize=4	PMID:12270000	first established in the late 1950s to study the importance of smoking and alcohol consumption on cancer and cardiovascular diseases	yes	high	
COHO:0000161	Taiwan Type 2 Diabetes Study	cohort	A case-control collection of Han Chinese people residing in Taiwan, including patients with type 2 diabetes and population controls, assembled for genome-wide identification of diabetes-susceptibility variants.	https://www.ebi.ac.uk/europepmc/webservices/rest/PMC2824763/fullTextXML	PMID:20174558	We conducted a two-stage GWAS to identify genetic variants for T2D in the Han-Chinese residing in Taiwan.	yes	medium	
COHO:0000162	TEENs of Attica: Genes and Environment	cohort	A cohort of healthy adolescents aged 13–15 attending public secondary schools in the Athens area of Attica, Greece, sampled for cross-sectional collection of anthropometric, medical, dietary and genetic data.	https://metadata.ega-archive.org/studies/EGAS00001000996		adolescent students aged 13 to 15 years attending the first three classes of public secondary schools	yes	medium	
COHO:0000163	The English Longitudinal Study of Ageing	cohort	A cohort of men and women aged 50 years or older living in England, established in 2002 and assessed every two years to investigate economic, social, psychological, cognitive and biological aspects of ageing.	https://www.ebi.ac.uk/europepmc/webservices/rest/search?query=TITLE%3A%22English+Longitudinal+Study+of+Ageing%22+AND+TITLE%3Acohort+AND+SRC%3AMED+sort_cited%3Ay&format=json&resultType=core&pageSize=4	PMID:23143611	a panel study of a representative cohort of men and women living in England aged ≥50 years.	yes	high	
COHO:0000164	The Fenland Study	cohort	A cohort of people from Cambridgeshire followed to investigate how genetic and lifestyle factors interact in the development of diabetes, obesity and related metabolic disorders.	https://studies.epi.ims.cam.ac.uk/files/fenland-study/fenland2_pis-executive-function-v3-120219.pdf		people from across Cambridgeshire took part in the first phase of the Fenland Study	yes	high	
COHO:0000165	The Helmholtz-Gemeinschaft Deutscher Forschungszentren	not a cohort	A German research organisation comprising research centres that develop technologies and conduct research addressing societal challenges, including disease, climate change and quantum technologies.	https://www.helmholtz.de/en/about-us/		We are Germany's largest research organization and develop solutions and technologies for the world of tomorrow.	yes	high	Proposed type change: cohort -> not a cohort. The label denotes the Helmholtz Association of German Research Centres; a lung-cancer dataset attributed to it is a different entity.
COHO:0000166	The MANOLIS cohort	cohort	A cohort of people with at least one parent from the Mylopotamos area of Crete, Greece, recruited in Anogia and surrounding villages for the Minoan Isolates (MANOLIS) collection, which links genetic data with clinical, biochemical and lifestyle measurements to investigate medically relevant complex traits.	https://www.ncbi.nlm.nih.gov/research/bionlp/RESTful/pmcoa.cgi/BioC_xml/PMC5458552/unicode	PMID:28548082	MANOLIS (Minoan Isolates) collection focuses on Anogia and surrounding Mylopotamos villages on the Greek island of Crete.	yes	medium	
COHO:0000167	The Netherlands AAA GWAS dataset	cohort	A case-control collection of people with abdominal aortic aneurysm and controls in the Netherlands, assembled for genome-wide investigation of genetic susceptibility to abdominal aortic aneurysm.	https://www.ncbi.nlm.nih.gov/research/bionlp/RESTful/pmcoa.cgi/BioC_xml/PMC5253231/unicode	PMID:27899403	The individual GWAS data sets from Iceland and the Netherlands were adjusted for genomic inflation	yes	low	The source identifies the Dutch GWAS contribution and Rotterdam Study controls; finer case-recruitment details are confined to supplementary material.
COHO:0000168	The Norwegian Biobank for Myeloma	cohort	A biobank of patients with multiple myeloma in Trondheim, Norway, providing biological material for genetic investigations of susceptibility to multiple myeloma.	https://www.ncbi.nlm.nih.gov/research/bionlp/RESTful/pmcoa.cgi/BioC_xml/PMC4932178/unicode	PMID:27363682	the Norwegian Biobank for Myeloma (Trondheim, Norway)	yes	low	The verified paper identifies the biobank and its case contribution but gives little information on original recruitment.
COHO:0000169	The Pakistan Risk Of Myocardial Infarction Study	cohort	A case-control collection of adults aged 30–80 in Pakistan with a first confirmed acute myocardial infarction and matched controls, assembled to investigate genetic, lifestyle and biochemical determinants of coronary heart disease in South Asia.	https://www.ebi.ac.uk/europepmc/webservices/rest/search?query=TITLE%3A%22Pakistan+Risk%22+AND+SRC%3AMED+sort_cited%3Ay&format=json&resultType=core&pageSize=4	PMID:19404752	over 5,000 cases of first-ever confirmed acute myocardial infarction (MI) and over 5,000 matched controls aged 30-80 years	yes	high	
COHO:0000170	The Secondary Manifestations of ARTerial disease study	cohort	A cohort of adults aged 18–80 newly referred with atherosclerotic vascular disease or major atherosclerosis risk factors, recruited from September 1996 for prospective investigation of concomitant arterial disease and predictors of future cardiovascular events.	https://www.ebi.ac.uk/europepmc/webservices/rest/search?query=TITLE%3ASMART+AND+%28TITLE%3Aarterial+OR+TITLE%3Amanifestations%29+AND+SRC%3AMED+sort_cited%3Ay&format=json&resultType=core&pageSize=4	PMID:10608355	a single-centre prospective cohort study among patients, newly referred to the hospital	yes	high	The design paper names Second Manifestations of ARTerial disease; the ontology uses Secondary. The retrieved abstract does not locate the hospital.
COHO:0000171	The Hellenic study of Interactions between Single nucleotide polymorphisms and Eating in Atherosclerosis Susceptibility	cohort	A case-control collection of Greek individuals with angiographically confirmed coronary artery disease and individuals without coronary artery disease, used to investigate genetic susceptibility and evaluate polygenic risk prediction.	https://www.ncbi.nlm.nih.gov/research/bionlp/RESTful/pmcoa.cgi/BioC_xml/PMC11204902/unicode	PMID:38929788	924 Greek individuals (390 cases with CAD and 534 controls) from the THISEAS study.	yes	medium	
COHO:0000172	Treating to New Targets	cohort	A randomised trial cohort of patients with clinically evident stable coronary heart disease assigned to daily atorvastatin at 10 or 80 mg to compare cardiovascular outcomes under different intensities of lipid lowering.	https://www.ebi.ac.uk/europepmc/webservices/rest/search?query=TITLE%3A%22Intensive+lipid+lowering+with+atorvastatin+in+patients+with+stable+coronary+disease%22+AND+SRC%3AMED+sort_cited%3Ay&format=json&resultType=core&pageSize=4	PMID:15755765	randomly assigned to double-blind therapy and received either 10 mg or 80 mg of atorvastatin per day	yes	medium	TNT denotes Treating to New Targets, not the triple-negative breast-cancer trial; recruitment countries are absent from the retrieved abstract.
COHO:0000173	Twins Early Development Study	cohort	A birth cohort of twins born in England and Wales in 1994–1996, recruited through national birth records and followed from infancy to investigate genetic and environmental influences on cognitive, emotional and behavioural development.	https://www.ncbi.nlm.nih.gov/research/bionlp/RESTful/pmcoa.cgi/BioC_xml/PMC7056571/unicode	PMID:31544730	twin pairs born between 1994 and 1996 in England and Wales through national birth records	yes	high	
COHO:0000174	Type 1 Diabetes Genetics Consortium	cohort aggregation	A consortium of international type 1 diabetes family and case-control collections, organised through Asia-Pacific, European, North American and United Kingdom networks to identify genetic determinants of diabetes susceptibility and provide shared biological samples and data.	https://www.ebi.ac.uk/europepmc/webservices/rest/search?query=TITLE%3A%22Type+1+Diabetes+Genetics+Consortium%22+AND+%28TITLE%3Aoverview+OR+TITLE%3Adesign+OR+TITLE%3Astudy%29+AND+SRC%3AMED+sort_cited%3Ay&format=json&resultType=core&pageSize=4	PMID:20603248	The initial goal was to collect 2500 affected sibling pair (ASP) families worldwide.	yes	high	Proposed type change: cohort -> cohort aggregation. The consortium coordinates regional networks and distinct affected-sibling, trio and case-control collections.
COHO:0000175	UK Adult Twin Register	cohort	A registry of volunteer adult twins from across the United Kingdom, established in 1992, with repeated clinical assessments, questionnaires and molecular data to investigate genetic and environmental contributions to ageing and complex disease.	https://www.ebi.ac.uk/europepmc/webservices/rest/search?query=TITLE%3ATwinsUK+AND+TITLE%3Acohort+AND+SRC%3AMED+sort_cited%3Ay&format=json&resultType=core&pageSize=4	PMID:22253318	started in 1992 and encompasses about 12000 volunteer twins from all over the United Kingdom.	yes	high	Proposed type change: cohort aggregation -> cohort. TwinsUK is a participant registry with longitudinal follow-up.
COHO:0000176	UK Biobank	cohort	A cohort of adults aged 40–69 recruited across the United Kingdom in 2006–2010, with biological samples, extensive phenotyping and prospective health follow-up, established to investigate genetic and nongenetic determinants of diseases of middle and older age.	https://www.ncbi.nlm.nih.gov/research/bionlp/RESTful/pmcoa.cgi/BioC_xml/PMC4380465/unicode	PMID:25826379	over 500,000 participants aged 40–69 years when recruited in 2006–2010	yes	high	
COHO:0000177	UK Brain Expression Consortium	cohort aggregation	A consortium of brain-tissue collections from neuropathologically normal donors in Edinburgh, United Kingdom, and the United States, combining genotypes and expression measurements across brain regions to investigate genetic regulation of brain gene expression.	https://ukbec.wordpress.com/materials-methods/		All individuals were confirmed to be neuropathologically normal by a consultant neuropathologist	yes	high	Proposed type change: cohort -> cohort aggregation. The official methods combine material from two independent brain banks.
COHO:0000178	UK Childhood Cancer Study	cohort	A case-control collection of children with cancer and controls matched by sex, age and residence throughout England, Scotland and Wales during 1991–1998, assembled to investigate causes of childhood cancer using interviews, records, exposure measurements and biological samples.	https://www.ebi.ac.uk/europepmc/webservices/rest/search?query=TITLE%3A%22United+Kingdom+Childhood+Cancer+Study%22+AND+%28TITLE%3Aobjectives+OR+TITLE%3Amethods%29+AND+SRC%3AMED+sort_cited%3Ay&format=json&resultType=core&pageSize=4	PMID:10737392	An investigation into the possible causes of childhood cancer has been carried out throughout England, Scotland and Wales over the period 1991-1998.	yes	high	
COHO:0000179	UK Household Longitudinal Study	cohort	A cohort of household members across all four United Kingdom nations, interviewed annually in Understanding Society to investigate changes in education, employment, income, health, family life, behaviour and social circumstances.	https://www.understandingsociety.ac.uk/wp-content/uploads/working-papers/2023-06.pdf		Data is collected annually from the same households across all four UK nations.	no	high	Source is an official methodological working paper.
COHO:0000180	UK Inflammatory Bowel Disease Genetics Consortium	cohort aggregation	A consortium of inflammatory-bowel-disease patient collections across the United Kingdom combining genetic and clinical data to investigate susceptibility to Crohn's disease and ulcerative colitis and variation in treatment response.	https://www.crohnsandcolitis.org.uk/our-work/research-and-evidence/our-past-research-projects/using-genetics-to-discover-what-causes-ibd-and-why-people-react-in-different-ways-to-drugs		building a vast database of genetic and clinical data from patients across the UK	yes	medium	Source is the funder's account of consortium research, not a cohort design paper.
COHO:0000181	Viking Health Study	cohort	A cohort of people from the population isolate of Shetland, assembled to identify common and rare genetic variants influencing cardiovascular and other complex-disease risks.	https://metadata.ega-archive.org/studies/EGAS00001003872		The genetic research cohort study in Shetland was established to identify genetic variants, both common and rare, increasing risk of disease.	yes	medium	Distinguished from the broader VIKING umbrella, which also includes ORCADES.
COHO:0000182	Wellcome Trust Case Control Consortium	cohort aggregation	A consortium of disease-specific case collections and shared controls, coordinated by United Kingdom research groups to identify genetic variants associated with common diseases and evaluate methods for genome-wide association analysis.	https://www.ncbi.nlm.nih.gov/research/bionlp/RESTful/pmcoa.cgi/BioC_xml/PMC2719288/unicode	PMID:17554300	GWA studies of 2,000 cases and 3,000 shared controls for 7 complex human diseases	yes	high	
COHO:0000183	Basquecolon cohort	cohort	A case-control collection of self-identified non-Hispanic White participants with colorectal cancer and comparison participants, contributing the Basque-colon validation sample for evaluation of polygenic prediction of colorectal cancer risk.	https://www.ncbi.nlm.nih.gov/research/bionlp/RESTful/pmcoa.cgi/BioC_xml/PMC10545678/unicode	PMID:37783704	Basque-colon cohort (BCC)	yes	low	The source names this validation collection and reports participant characteristics in Table 1, but does not establish recruitment location or dates.
COHO:0000184	INTERVAL study	cohort	A randomised trial cohort of male and female whole-blood donors recruited during 2012–2014 at NHS Blood and Transplant centres in England to compare donation intervals and assess whether more frequent donation preserves donor health while increasing blood supply.	https://www.ebi.ac.uk/europepmc/webservices/rest/search?query=TITLE%3AINTERVAL+AND+blood+AND+%28TITLE%3Adesign+OR+TITLE%3Arandomised%29+AND+SRC%3AMED+sort_cited%3Ay&format=json&resultType=core&pageSize=4	PMID:25230735	INTERVAL is a randomised trial of whole blood donors enrolled from all 25 static centres of NHS Blood and Transplant.	yes	high	INTERVAL is used as the trial name; the protocol supplies no expanded acronym.
COHO:0000185	CONVERGE	cohort	A case-control collection of Han Chinese women with recurrent major depression and controls recruited in China to investigate depression genetics through the China, Oxford and Virginia Commonwealth University Experimental Research on Genetic Epidemiology (CONVERGE) consortium.	https://www.ncbi.nlm.nih.gov/research/bionlp/RESTful/pmcoa.cgi/BioC_xml/PMC4522619/unicode	PMID:26176920	CONVERGE (China, Oxford and Virginia Commonwealth University Experimental Research on Genetic Epidemiology) consortium recruited 11,670 Han Chinese women	yes	medium	Identifies the Chinese depression collection; CONVERGE has unrelated acronym doubles.
COHO:0000186	Gene-Environmental Interaction and phenotype study	cohort	A cohort of Korean participants undergoing comprehensive health examinations at Seoul National University Hospital's Gangnam Center, with linked clinical and biobank data used to investigate genetic and environmental influences on phenotypes.	https://www.ncbi.nlm.nih.gov/research/bionlp/RESTful/pmcoa.cgi/BioC_xml/PMC8817039/unicode	PMID:35121771	at the Seoul National University Hospital Healthcare System Gangnam Center, where comprehensive health check-ups and screening are done in Korean populations	yes	medium	
COHO:0000187	China Atherosclerosis Study	cohort	A case-control collection of Han Chinese people with coronary artery disease and controls in China, assembled for genome-wide identification of coronary-disease susceptibility variants.	https://www.ncbi.nlm.nih.gov/research/bionlp/RESTful/pmcoa.cgi/BioC_xml/PMC3927410/unicode	PMID:22751097	CAS consisted of 1,034 cases of CAD and 4,245 controls	yes	medium	Distinct from the Beijing Atherosclerosis Study, listed separately in the same paper.
COHO:0000188	Diabetes Prediction and Prevention	cohort	A birth cohort of Finnish children screened from 1994 for HLA-associated type 1 diabetes susceptibility, with genetically at-risk children followed prospectively to investigate islet autoimmunity and diabetes development.	https://www.ncbi.nlm.nih.gov/research/bionlp/RESTful/pmcoa.cgi/BioC_xml/PMC2605239/unicode	PMID:19075291	In 1994, an ongoing birth cohort study (Type 1 Diabetes prediction and prevention study [DIPP]) was launched in Finland.	yes	medium	
COHO:0000189	Functional genomic diagnostic tools for coronary artery disease	cohort	A cohort of patients undergoing coronary angiography at two hospitals in Lebanon, recruited in 2007–2010 for cross-sectional investigation of genetic and clinical factors associated with coronary artery disease.	https://www.ncbi.nlm.nih.gov/research/bionlp/RESTful/pmcoa.cgi/BioC_xml/PMC7993530/unicode	PMID:33766035	Patients were recruited at two major hospitals in Lebanon, between May 2007 and June 2010	yes	medium	Proposed type change: temporary unclassified -> cohort. Defined as the FGENTCARD participant collection described by the verified example, rather than the coordinating consortium.
COHO:0000190	German Chronic Kidney Disease Study	cohort	A cohort of people under nephrological care across Germany with reduced kidney function or overt proteinuria, followed prospectively with clinical and biological measurements to investigate chronic kidney disease progression, complications and prognostic biomarkers.	https://www.ebi.ac.uk/europepmc/webservices/rest/search?query=TITLE%3A%22German+Chronic+Kidney+Disease%22+AND+%28TITLE%3Adesign+OR+TITLE%3Acohort%29+AND+SRC%3AMED+sort_cited%3Ay&format=json&resultType=core&pageSize=4	PMID:21862458	The German Chronic Kidney Disease (GCKD) study is a prospective observational national cohort study.	yes	high	
COHO:0000191	German Longevity Study	cohort	A case-control collection of German long-lived individuals aged at least 94 years and younger comparison participants, used to investigate genetic contributions to exceptional longevity and reduced susceptibility to age-related diseases.	https://www.ncbi.nlm.nih.gov/research/bionlp/RESTful/pmcoa.cgi/BioC_xml/PMC9504529/unicode	PMID:36142858	1351 German LLI (≥94 years, including 643 centenarians) and 4680 German younger controls.	yes	medium	Age threshold describes the analysed sample in the cited paper.
COHO:0000192	Global Registry of Acute Coronary Events	cohort	A registry of patients hospitalised with acute coronary syndromes at centres across multiple countries, followed prospectively during admission and after discharge to compare treatment practices, clinical characteristics and outcomes and improve care.	https://www.ebi.ac.uk/europepmc/webservices/rest/search?query=TITLE%3A%22Global+Registry+of+Acute+Coronary+Events%22+AND+%28TITLE%3Arationale+OR+TITLE%3Adesign%29+AND+SRC%3AMED+sort_cited%3Ay&format=json&resultType=core&pageSize=4	PMID:11174331	a large, prospective, multinational observational study of patients hospitalized with ACS.	yes	high	Proposed type change: cohort aggregation -> cohort. GRACE is a prospectively enrolled patient registry; multicountry participation does not by itself make it a cohort aggregation.
COHO:0000193	TwinGene Study	cohort	A cohort of twins from the Swedish Twin Registry undergoing health examinations and venous blood collection in 2004–2008, providing genetic and health data for investigations of ageing, metabolic health and mortality.	https://www.ncbi.nlm.nih.gov/research/bionlp/RESTful/pmcoa.cgi/BioC_xml/PMC9004188/unicode	PMID:35410261	TwinGene is a cross-sectional study where participants underwent a health examination and venous blood sample collection	yes	medium	Likely the same participant collection as COHO:0000205 (TwinGene Registry); no distinction is supported by the supplied examples.
COHO:0000194	Uppsala Longitudinal Study of Adult Men	cohort	A cohort of men aged about 50 years in Uppsala, Sweden, examined during 1970–1974 and followed prospectively to investigate cardiovascular and lifestyle risk factors, survival and functional independence in old age.	https://www.ebi.ac.uk/europepmc/webservices/rest/search?query=TITLE%3A%22Uppsala+Longitudinal+Study+of+Adult+Men%22+AND+TITLE%3Acohort+AND+SRC%3AMED+sort_cited%3Ay&format=json&resultType=core&pageSize=4	PMID:25919442	Swedish men investigated in 1970-74 (aged 48.6-51.1) and followed up for four decades	yes	medium	Proposed type change: cohort aggregation -> cohort. The source describes a single longitudinal participant cohort.
COHO:0000195	Baltimore Longitudinal Study of Ageing	cohort	A cohort of volunteers participating in the United States National Institute on Aging's longitudinal programme, established in 1958 to investigate individual variation in human ageing and distinguish ageing-related changes from disease processes.	https://www.nia.nih.gov/research/labs/blsa/about		volunteers who made the lifelong commitment to be part of the research	yes	high	Proposed type change: cohort aggregation -> cohort. The label denotes a longitudinal participant cohort.
COHO:0000196	Motor Neuron Disease Biobank study	cohort	A biobank of adults diagnosed with amyotrophic lateral sclerosis at United Kingdom hospitals, collecting whole-blood DNA from 2004 for genetic research into motor neuron disease.	https://www.ncbi.nlm.nih.gov/research/bionlp/RESTful/pmcoa.cgi/BioC_xml/PMC3257853/unicode	PMID:20801717	a national collection of ALS DNA samples derived from whole blood	yes	medium	Proposed type change: cohort aggregation -> cohort. The verified example identifies the UK National DNA Bank for Motor Neuron Disease Research; it denotes a participant/sample collection.
COHO:0000197	Diabetic Cohort	cohort	A cohort of adults with type 2 diabetes recruited from public polyclinics and hospital outpatient clinics in Singapore in 2004–2010, followed to investigate genetic, physiological and lifestyle determinants of diabetic complications.	https://www.ebi.ac.uk/europepmc/webservices/rest/search?query=TITLE%3A%22Cohort+profile%3A+the+Singapore+diabetic+cohort+study%22+AND+SRC%3AMED+sort_cited%3Ay&format=json&resultType=core&pageSize=4	PMID:32474429	adult participants with type 2 diabetes were recruited from multiple public sector polyclinics and hospital outpatient clinics in Singapore	yes	high	The generic label resolves to the Singapore Diabetic Cohort (DC), explicitly named in this profile and in the verified example's acknowledgements.
COHO:0000198	Ely Study	cohort	A cohort of adults without diabetes aged 40–69 at baseline in Ely, England, followed from 1990 with clinical, anthropometric and biochemical assessments to investigate type 2 diabetes incidence and its relationship to impaired fasting glucose.	https://www.ebi.ac.uk/europepmc/webservices/rest/search?query=TITLE%3A%22Ely+Study%22+AND+%28TITLE%3Acohort+OR+TITLE%3Adiabetes%29+AND+SRC%3AMED+sort_cited%3Ay&format=json&resultType=core&pageSize=4	PMID:17257284	Population-based longitudinal study (1990-2000) with clinical, anthropometric and biochemical measurements	yes	medium	The Ely diabetes cohort is distinct from the oncology ELY study.
COHO:0000199	Genetic Asthma Susceptibility to Indoor Pollution in Peru	cohort	A case-control collection of children and adolescents aged 9–19 with asthma and without asthma, recruited in two communities of Lima, Peru, in 2011–2014 to investigate genetic and environmental determinants of asthma, immunoglobulin E and lung function.	https://www.ncbi.nlm.nih.gov/research/bionlp/RESTful/pmcoa.cgi/BioC_xml/PMC8429514/unicode	PMID:33713768	cases and controls were recruited from two adjacent communities in Lima: Pampas de San Juan de Miraflores and Villa El Salvador	yes	medium	
COHO:0000200	Parkinson's Progression Markers Initiative	cohort	A cohort of untreated patients with early Parkinson disease, healthy controls and people without imaging evidence of dopaminergic deficit, enrolled internationally at 24 sites for standardised longitudinal investigation of clinical, imaging, genetic and biospecimen markers of disease progression.	https://www.ebi.ac.uk/europepmc/webservices/rest/search?query=TITLE%3A%22Progression+Markers+Initiative%22+AND+SRC%3AMED+sort_cited%3Ay&format=json&resultType=core&pageSize=4	PMID:30564614	PPMI has detailed the biomarker signature for an early PD cohort defined by clinical features and imaging biomarkers.	yes	high	Proposed type change: cohort aggregation -> cohort. Defined as the unified observational participant collection, including diagnostic comparison groups.
COHO:0000201	Psychosis Endophenotype Consortium	cohort aggregation	A consortium of psychosis case, unaffected-relative and control collections from Australia, Germany, the Netherlands, Spain and the United Kingdom that combines genetic data to investigate susceptibility across psychotic disorders, including schizophrenia and bipolar disorder.	https://www.ncbi.nlm.nih.gov/research/bionlp/RESTful/pmcoa.cgi/BioC_xml/PMC3923972/unicode	PMID:23871474	These samples were collected through seven centers across Australia and Europe (Germany, Holland, Spain, and United Kingdom).	yes	medium	The consortium is also named Psychosis Endophenotypes International Consortium; the cited paper is the published cohort analysis referenced as in press by the example study.
COHO:0000202	Study of Health in Pomerania	cohort aggregation	A project combining the SHIP-START and SHIP-TREND population cohorts of adults aged 20–79 in West Pomerania, northeast Germany, recruited in 1997–2001 and 2008–2012 respectively, to investigate health, disease and their determinants through repeated examinations.	https://academic.oup.com/ije/article/51/6/e372/6555287	PMID:35348705	comprises the two independent cohorts SHIP-START (recruited between 1997 and 2001) and SHIP-TREND (recruited between 2008 to 2012)	no	high	Proposed type change: cohort -> cohort aggregation. The profile explicitly distinguishes the umbrella SHIP project from its original cohort, renamed SHIP-START.
COHO:0000203	The Cooperative Health Research in South Tyrol	cohort	A cohort of adults from the middle and upper Vinschgau/Val Venosta in South Tyrol, with family participation, biological samples and repeated follow-up to investigate genetic and molecular determinants of age-related chronic conditions and their interaction with lifestyle and environment.	https://www.ebi.ac.uk/europepmc/webservices/rest/search?query=TITLE%3A%22Cooperative+Health+Research+in+South+Tyrol%22+AND+SRC%3AMED+sort_cited%3Ay&format=json&resultType=core&pageSize=4	PMID:26541195	All adults of the middle and upper Vinschgau/Val Venosta are invited	yes	high	
COHO:0000204	The Health Effects of Arsenic Longitudinal Study	cohort	A cohort of adults aged 18–75 from Araihazar, Bangladesh, recruited in 2000–2002 and assessed biennially to investigate health effects of arsenic exposure through drinking water, including chronic disease and mortality.	https://www.ebi.ac.uk/europepmc/webservices/rest/search?query=%22Health+Effects+of+Arsenic+Longitudinal+Study%22+AND+%28TITLE%3Adesign+OR+TITLE%3Acohort%29+AND+SRC%3AMED+sort_cited%3Ay&format=json&resultType=core&pageSize=4	PMID:20646756	11 746 population-based participants (aged 18-75 years) from Araihazar, Bangladesh	yes	medium	
COHO:0000205	TwinGene Registry	cohort	A cohort of twins from the Swedish Twin Registry undergoing health examinations and venous blood collection in 2004–2008, providing genetic and health data for investigations of ageing, metabolic health and mortality.	https://www.ncbi.nlm.nih.gov/research/bionlp/RESTful/pmcoa.cgi/BioC_xml/PMC9004188/unicode	PMID:35410261	between 2004 and 2008	yes	medium	Likely duplicates COHO:0000193 (TwinGene Study). TwinGene is a component of the Swedish Twin Registry, not a separately described registry.
