name,cohorts,id,label,match,candidates,note
abdominal aortic aneurysm,7,MONDO:0005350,abdominal aortic aneurysm,exact,"MONDO:0005160 aortic aneurysm (0.971) | MONDO:0005350 abdominal aortic aneurysm (0.955) | MONDO:0007031 familial abdominal aortic aneurysm (0.911) | MONDO:0012751 aortic aneurysm, familial abdominal, 3 (0.906) | MONDO:0013716 aortic aneurysm, familial abdominal, 4 (0.906) | MONDO:0012343 aortic aneurysm, familial abdominal, 2 (0.906)",
acoustic neurinoma,1,MONDO:0001569,acoustic neuroma,exact,MONDO:0001569 acoustic neuroma (0.920) | MONDO:0021221 vestibulocochlear nerve neoplasm (0.915) | MONDO:0001563 vestibulocochlear nerve disorder (0.864) | MONDO:0002555 trigeminal schwannoma (0.819) | MONDO:0002549 schwannoma of twelfth cranial nerve (0.817) | MONDO:0003980 schwannoma of jugular foramen (0.813) | MONDO:0007039 NF2-related schwannomatosis (lex),
acute appendicitis,1,MONDO:0005649,appendicitis,exact,"MONDO:0007148 appendicitis, proneness to (0.879) | MONDO:1013684 appendicitis, non-human animal (0.874) | MONDO:0043994 acute cholecystitis (0.874) | MONDO:0001031 purulent acute otitis media (0.870) | MONDO:0001947 suppurative thyroiditis (0.865) | MONDO:0001171 acute salpingo-oophoritis (0.863) | MONDO:0005649 appendicitis (lex) | MONDO:0018016 classic neuroendocrine tumor of appendix (lex)",
acute cardiac event,1,MONDO:0005542,acute coronary syndrome,judged,"MONDO:0004781 acute myocardial infarction (0.929) | MONDO:1013895 acute heart disease, non-human animal (0.918) | MONDO:0001090 acute anterolateral myocardial infarction (0.914) | MONDO:0001089 acute inferolateral myocardial infarction (0.913) | MONDO:0001088 acute inferoposterior infarction (0.907) | MONDO:0005542 acute coronary syndrome (0.892) | MONDO:0017217 visceral calciphylaxis (lex)",nearest term
acute coronary syndrome,3,MONDO:0005542,acute coronary syndrome,exact,MONDO:0004781 acute myocardial infarction (0.927) | MONDO:0001089 acute inferolateral myocardial infarction (0.917) | MONDO:0001090 acute anterolateral myocardial infarction (0.917) | MONDO:0005542 acute coronary syndrome (0.916) | MONDO:0001088 acute inferoposterior infarction (0.912) | MONDO:0041656 ST-elevation myocardial infarction (0.898) | MONDO:0012727 Kawasaki disease (lex),
acute coronary syndromes,1,MONDO:0005542,acute coronary syndrome,exact,"MONDO:0004781 acute myocardial infarction (0.921) | MONDO:0001089 acute inferolateral myocardial infarction (0.912) | MONDO:0001090 acute anterolateral myocardial infarction (0.912) | MONDO:0001088 acute inferoposterior infarction (0.907) | MONDO:0005542 acute coronary syndrome (0.901) | MONDO:1013895 acute heart disease, non-human animal (0.890) | MONDO:0012727 Kawasaki disease (lex)",
acute kidney injury,1,MONDO:0002492,acute kidney injury,exact,"MONDO:1013530 acute kidney injury, non-human animal (0.948) | MONDO:0006637 acute kidney tubular necrosis (0.938) | MONDO:1013404 acute kidney tubular necrosis, non-human animal (0.929) | MONDO:0002492 acute kidney injury (0.927) | MONDO:0041295 acute papillary necrosis (0.905) | MONDO:1017840 acute-on-chronic kidney disease, non-human animal (0.899)",
acute lymphoblastic leukaemia,2,MONDO:0004967,acute lymphoblastic leukemia,judged,"MONDO:0004967 acute lymphoblastic leukemia (0.973) | MONDO:1013088 acute lymphoblastic leukemia, non-human animal (0.946) | MONDO:0013108 leukemia, acute lymphocytic, susceptibility to, 1 (0.936) | MONDO:0009539 lymphoblastic leukemia, acute, with lymphomatous features (0.922) | MONDO:0014241 leukemia, acute lymphoblastic, susceptibility to, 3 (0.916) | MONDO:0019460 acute leukemia of ambiguous lineage (0.914) | MONDO:0000814 B-cell adult acute lymphocytic leukemia (lex) | MONDO:0004963 T-cell acute lymphoblastic leukemia (lex)",
acute lymphoblastic leukemia,4,MONDO:0004967,acute lymphoblastic leukemia,exact,"MONDO:0004967 acute lymphoblastic leukemia (0.972) | MONDO:1013088 acute lymphoblastic leukemia, non-human animal (0.956) | MONDO:0013108 leukemia, acute lymphocytic, susceptibility to, 1 (0.930) | MONDO:0022380 acute lymphoblastic leukemia congenital sporadic aniridia (0.920) | MONDO:0009539 lymphoblastic leukemia, acute, with lymphomatous features (0.913) | MONDO:0014241 leukemia, acute lymphoblastic, susceptibility to, 3 (0.909) | MONDO:0000814 B-cell adult acute lymphocytic leukemia (lex)",
acute myeloid leukaemia,4,MONDO:0018874,acute myeloid leukemia,judged,MONDO:0018874 acute myeloid leukemia (0.972) | MONDO:0004996 childhood acute myeloid leukemia (0.968) | MONDO:0018872 acute megakaryoblastic leukemia (0.968) | MONDO:0017858 acute erythroid leukemia (0.968) | MONDO:0020320 acute myeloblastic leukemia with maturation (0.967) | MONDO:0005223 acute myeloid leukemia with minimal differentiation (0.966) | MONDO:0015667 acute myeloid leukemia by FAB classification (lex),the synonym match gave the FAB-classification term
acute myeloid leukemia,2,MONDO:0018874,acute myeloid leukemia,exact,MONDO:0018874 acute myeloid leukemia (0.972) | MONDO:0004996 childhood acute myeloid leukemia (0.967) | MONDO:0020320 acute myeloblastic leukemia with maturation (0.967) | MONDO:0005223 acute myeloid leukemia with minimal differentiation (0.967) | MONDO:0018872 acute megakaryoblastic leukemia (0.966) | MONDO:0017858 acute erythroid leukemia (0.966) | MONDO:0015667 acute myeloid leukemia by FAB classification (lex),
acute myocardial infarction,2,MONDO:0004781,acute myocardial infarction,exact,MONDO:0001089 acute inferolateral myocardial infarction (0.966) | MONDO:0001088 acute inferoposterior infarction (0.964) | MONDO:0004781 acute myocardial infarction (0.963) | MONDO:0001090 acute anterolateral myocardial infarction (0.959) | MONDO:0041656 ST-elevation myocardial infarction (0.910) | MONDO:0005068 myocardial infarction (0.894),
acute respiratory distress syndrome,2,MONDO:0006502,acute respiratory distress syndrome,exact,"MONDO:1013004 acute respiratory distress syndrome, non-human animal (0.947) | MONDO:0006502 acute respiratory distress syndrome (0.928) | MONDO:1013003 acute lung injury, non-human animal (0.891) | MONDO:0100130 adult acute respiratory distress syndrome (0.883) | MONDO:0001208 acute respiratory failure (0.867) | MONDO:0015796 acute lung injury (0.865)",
acute respiratory infections,1,MONDO:0024355,respiratory tract infectious disorder,judged,"MONDO:0005091 severe acute respiratory syndrome (0.926) | MONDO:0001208 acute respiratory failure (0.890) | MONDO:0006502 acute respiratory distress syndrome (0.888) | MONDO:0005709 common cold (0.883) | MONDO:1017104 acute bronchitis, non-human animal (0.879) | MONDO:1013004 acute respiratory distress syndrome, non-human animal (0.866) | MONDO:0100096 COVID-19 (lex)",acute
acute stroke,1,MONDO:0005098,stroke disorder,judged,"MONDO:0020349 acute motor axonal neuropathy (0.862) | MONDO:0003337 acute hemorrhagic encephalitis (0.861) | MONDO:0004781 acute myocardial infarction (0.861) | MONDO:0001956 capillary leak syndrome (0.859) | MONDO:0041656 ST-elevation myocardial infarction (0.859) | MONDO:0016394 sporadic infantile bilateral striatal necrosis (0.857) | MONDO:0010829 cerebral arteriopathy, autosomal recessive, with subcortical infarcts and leukoencephalopathy 2 (lex) | MONDO:0005098 stroke disorder (lex)",
acute vascular events,1,,,none,MONDO:0001956 capillary leak syndrome (0.923) | MONDO:0003337 acute hemorrhagic encephalitis (0.861) | MONDO:0850421 acute hemorrhagic pancreatitis (0.850) | MONDO:0011716 acute hemorrhagic leukoencephalitis (0.848) | MONDO:0004781 acute myocardial infarction (0.848) | MONDO:0005542 acute coronary syndrome (0.845) | MONDO:0005098 stroke disorder (lex),stroke and myocardial infarction together; no single term
acute/recent HIV infection,1,MONDO:0005109,HIV infectious disease,judged,"MONDO:0004951 susceptibility to HIV infection (0.843) | MONDO:0100371 acute hepatitis C virus infection (0.819) | MONDO:0100370 acute hepatitis B virus infection (0.814) | MONDO:0012268 AIDS (0.810) | MONDO:1014544 acute infectious hepatopathy, non-human animal (0.792) | MONDO:0005695 central nervous system AIDS arteritis (0.790)",acute or recent
addiction,2,MONDO:0004938,substance dependence,judged,"MONDO:0005303 drug dependence (0.795) | MONDO:0001423 drug-induced mental disorder (0.772) | MONDO:0005567 substance withdrawal syndrome (0.769) | MONDO:0006731 drug-induced akathisia (0.767) | MONDO:1015136 drug intoxication, non-human animal (0.765) | MONDO:0002184 drug-induced hepatitis (0.761) | MONDO:0100460 tobacco addiction, susceptibility to (lex) | MONDO:0002046 alcohol abuse (lex)",
adiposity,1,MONDO:0011122,obesity disorder,judged,"MONDO:0021354 tumor of adipose tissue (0.924) | MONDO:0002813 lipomatous cancer (0.923) | MONDO:0007070 adiposis dolorosa (0.906) | MONDO:0044983 benign lipomatous neoplasm (0.832) | MONDO:7770113 obesity, domestic cat (0.793) | MONDO:0013483 obesity, hyperphagia, and developmental delay (0.791)","adiposity as a trait, taken as obesity"
advanced cancer,2,MONDO:0004992,cancer,judged,MONDO:0005512 malignant peritoneal mesothelioma (0.864) | MONDO:0045054 cancer-related condition (0.852) | MONDO:0017330 malignancy diagnosed during pregnancy (0.847) | MONDO:0100085 cancer of long bone of upper limb (0.838) | MONDO:0005575 colorectal cancer (0.837) | MONDO:0004719 hard palate cancer (0.837) | MONDO:0016312 5-fluorouracil poisoning (lex),advanced
advanced colorectal cancer,2,MONDO:0005575,colorectal cancer,judged,MONDO:0005575 colorectal cancer (0.932) | MONDO:0005008 colorectal adenocarcinoma (0.869) | MONDO:0004663 colon carcinoma in situ (0.868) | MONDO:0002271 colon adenocarcinoma (0.868) | MONDO:0018630 hereditary nonpolyposis colon cancer (0.867) | MONDO:0002495 colon signet ring cell adenocarcinoma (0.866),advanced
advanced colorectal lesions,1,MONDO:0006498,adenomatous colon polyp,judged,MONDO:0005575 colorectal cancer (0.886) | MONDO:0006157 colorectal adenosquamous carcinoma (0.865) | MONDO:0002271 colon adenocarcinoma (0.864) | MONDO:0021055 classic familial adenomatous polyposis (0.862) | MONDO:0006498 adenomatous colon polyp (0.861) | MONDO:0005008 colorectal adenocarcinoma (0.860),advanced adenomas
advanced pancreatic cancer,1,MONDO:0006047,pancreatic adenocarcinoma,judged,"MONDO:1013310 pancreatic adenocarcinoma, non-human animal (0.886) | MONDO:0044727 pancreatic carcinoma with mixed differentiation (0.879) | MONDO:0002666 pancreatic signet ring cell adenocarcinoma (0.876) | MONDO:0006047 pancreatic adenocarcinoma (0.875) | MONDO:0015278 familial pancreatic carcinoma (0.871) | MONDO:0013235 pancreatic cancer, susceptibility to, 2 (0.870)","adenocarcinoma, the usual type; advanced"
adverse drug reactions,2,HP:0020172,Adverse drug response,judged,"MONDO:1017650 adverse drug reaction, non-human animal (0.947) | MONDO:1017725 adverse reaction to antibiotic drug, non-human animal (0.916) | MONDO:1017705 adverse reaction to antibiotic, non-human animal (0.911) | MONDO:1017704 adverse reaction to substance, non-human animal (0.906) | MONDO:1017724 adverse reaction, non-human animal (0.904) | MONDO:1017660 adverse reaction to vaccination, non-human animal (0.900)",
adverse pregnancy outcomes,2,MONDO:0024575,pregnancy disorder,judged,"MONDO:0041526 pregnancy disorder with abortive outcome (0.845) | MONDO:1017027 abortion/fetal death - premature birth, non-human animal (0.839) | MONDO:0000144 pregnancy loss, recurrent, susceptibility (0.833) | MONDO:0800310 pregnancy loss, recurrent, 4 (0.830) | MONDO:0013727 pregnancy loss, recurrent, susceptibility to, 1 (0.822) | MONDO:0013728 pregnancy loss, recurrent, susceptibility to, 2 (0.822)",
affective disorder,1,MONDO:0005371,mood disorder,judged,MONDO:0004572 cyclothymic disorder (0.900) | MONDO:0012882 major affective disorder 9 (0.826) | MONDO:0012877 major affective disorder 8 (0.822) | MONDO:0012319 major affective disorder 3 (0.821) | MONDO:0012881 major affective disorder 7 (0.820) | MONDO:0024613 bipolar depression (0.819) | MONDO:0024612 manic bipolar affective disorder (lex),
age-related cataract,1,MONDO:0005129,cataract,judged,MONDO:0012175 cataract 28 (0.891) | MONDO:0013406 age related macular degeneration 6 (0.888) | MONDO:0012540 age related macular degeneration 4 (0.888) | MONDO:0013416 age related macular degeneration 8 (0.887) | MONDO:0007932 age related macular degeneration 2 (0.887) | MONDO:0012659 age related macular degeneration 9 (0.887) | MONDO:0010196 Werner syndrome (lex),age-related
age-related eye disease,1,MONDO:0005328,eye disorder,judged,MONDO:0013406 age related macular degeneration 6 (0.926) | MONDO:0012540 age related macular degeneration 4 (0.926) | MONDO:0013416 age related macular degeneration 8 (0.926) | MONDO:0007932 age related macular degeneration 2 (0.925) | MONDO:0012419 age related macular degeneration 7 (0.925) | MONDO:0013409 age related macular degeneration 5 (0.925) | MONDO:0018203 LMNA-related cardiocutaneous progeria syndrome (lex) | MONDO:0018174 hereditary glaucoma (lex),age-related
age-related eye diseases,4,MONDO:0005328,eye disorder,judged,MONDO:0013406 age related macular degeneration 6 (0.913) | MONDO:0013416 age related macular degeneration 8 (0.913) | MONDO:0012540 age related macular degeneration 4 (0.912) | MONDO:0012419 age related macular degeneration 7 (0.912) | MONDO:0012659 age related macular degeneration 9 (0.912) | MONDO:0013409 age related macular degeneration 5 (0.911) | MONDO:0018203 LMNA-related cardiocutaneous progeria syndrome (lex) | MONDO:0018174 hereditary glaucoma (lex),age-related
age-related macular degeneration,12,MONDO:0005150,age-related macular degeneration,exact,"MONDO:1010351 age-related macular degeneration, non-human animal (0.956) | MONDO:0007932 age related macular degeneration 2 (0.956) | MONDO:0012540 age related macular degeneration 4 (0.955) | MONDO:0012659 age related macular degeneration 9 (0.955) | MONDO:0013406 age related macular degeneration 6 (0.955) | MONDO:0100174 age related macular degeneration, susceptibility to (0.955) | MONDO:0005150 age-related macular degeneration (lex) | MONDO:0012419 age related macular degeneration 7 (lex)",
aging-related movement and cognitive disturbances,1,,,none,"MONDO:1060159 complex movement disorder with or without neurodevelopmental features (0.808) | MONDO:0060642 neurodevelopmental disorder with movement abnormalities, abnormal gait, and autistic features (0.799) | MONDO:0060759 neurodevelopmental disorder with regression, abnormal movements, loss of speech, and seizures (0.793) | MONDO:0014957 language delay and attention deficit-hyperactivity disorder/cognitive impairment with or without cardiac arrhythmia (0.792) | MONDO:0859176 neurodevelopmental disorder with motor and speech delay and behavioral abnormalities (0.792) | MONDO:0013680 cognitive impairment with or without cerebellar ataxia (0.789)",too general
AIDS,5,MONDO:0012268,AIDS,exact,MONDO:0024571 AIDS-related disorder (0.931) | MONDO:0012268 AIDS (0.928) | MONDO:0004951 susceptibility to HIV infection (0.922) | MONDO:0005639 AIDS related complex (0.909) | MONDO:0003740 AIDS phobia (0.907) | MONDO:0005798 HIV-associated nephropathy (0.895) | MONDO:0020689 AIDS dementia complex (lex),
alcohol dependence,4,MONDO:0007079,alcohol dependence,exact,MONDO:0002326 alcohol-induced mental disorder (0.902) | MONDO:0005433 alcohol withdrawal (0.894) | MONDO:0021699 alcohol-induced disorders (0.894) | MONDO:0021698 alcohol-related disorders (0.893) | MONDO:0005432 alcohol and nicotine codependence (0.892) | MONDO:0044333 alcohol-induced Wernicke-Korsakoff's syndrome (0.891) | MONDO:0007079 alcohol dependence (lex) | MONDO:0002046 alcohol abuse (lex),
alcohol use disorder,1,MONDO:0007079,alcohol dependence,judged,MONDO:0002326 alcohol-induced mental disorder (0.894) | MONDO:0016011 fetal alcohol syndrome (0.890) | MONDO:0000395 alcohol-related birth defect (0.888) | MONDO:0021699 alcohol-induced disorders (0.888) | MONDO:0044333 alcohol-induced Wernicke-Korsakoff's syndrome (0.886) | MONDO:0005433 alcohol withdrawal (0.886) | MONDO:0021698 alcohol-related disorders (lex) | MONDO:0010198 Wernicke-Korsakoff syndrome (lex),alcohol use disorder taken as alcohol dependence
alcohol-related cirrhosis,1,MONDO:0006644,alcoholic liver cirrhosis,judged,"MONDO:0006644 alcoholic liver cirrhosis (0.945) | MONDO:0043693 alcoholic liver disease (0.882) | MONDO:0021104 alcoholic fatty liver disease (0.878) | MONDO:0004640 alcoholic gastritis (0.866) | MONDO:1013071 cirrhosis of liver, non-human animal (0.853) | MONDO:0000395 alcohol-related birth defect (0.851) | MONDO:0007256 hepatocellular carcinoma (lex)",
alcohol-related liver disease,1,MONDO:0043693,alcoholic liver disease,judged,MONDO:0006644 alcoholic liver cirrhosis (0.924) | MONDO:0043693 alcoholic liver disease (0.911) | MONDO:0021104 alcoholic fatty liver disease (0.909) | MONDO:0021105 NAFLD1 (0.878) | MONDO:0016011 fetal alcohol syndrome (0.870) | MONDO:0000395 alcohol-related birth defect (0.869) | MONDO:0800180 CPOX-related hereditary coproporphyria (lex),
alcoholic cirrhosis,1,MONDO:0006644,alcoholic liver cirrhosis,exact,"MONDO:0006644 alcoholic liver cirrhosis (0.963) | MONDO:0043693 alcoholic liver disease (0.887) | MONDO:0021104 alcoholic fatty liver disease (0.886) | MONDO:0004640 alcoholic gastritis (0.877) | MONDO:1013071 cirrhosis of liver, non-human animal (0.858) | MONDO:0001505 alcoholic hepatitis (0.855) | MONDO:0007256 hepatocellular carcinoma (lex)",
alcoholism,1,MONDO:0007079,alcohol dependence,judged,MONDO:0021698 alcohol-related disorders (0.926) | MONDO:0021699 alcohol-induced disorders (0.923) | MONDO:0007079 alcohol dependence (0.915) | MONDO:0002326 alcohol-induced mental disorder (0.915) | MONDO:0002046 alcohol abuse (0.910) | MONDO:0005433 alcohol withdrawal (0.906) | MONDO:0021702 alcohol amnestic disorder (lex) | MONDO:0000408 fetal alcohol spectrum disorder (lex),alcoholism taken as alcohol dependence rather than the synonym match alcohol abuse
allergic conditions,1,MONDO:0005271,allergic disease,judged,"MONDO:0005271 allergic disease (0.943) | MONDO:0100177 allergic rhinitis, susceptibility to (0.934) | MONDO:0700226 food allergy (0.933) | MONDO:0000777 gastrointestinal allergy (0.929) | MONDO:1011130 allergic rhinitis, cattle (0.928) | MONDO:0011786 allergic rhinitis (0.927) | MONDO:0001752 alveolar periostitis (lex) | MONDO:0005202 atopic IgE-mediated allergic disorder (lex)",
allergic disease,2,MONDO:0005271,allergic disease,exact,"MONDO:0005271 allergic disease (0.954) | MONDO:0700226 food allergy (0.943) | MONDO:0000777 gastrointestinal allergy (0.941) | MONDO:0100177 allergic rhinitis, susceptibility to (0.933) | MONDO:1011130 allergic rhinitis, cattle (0.929) | MONDO:0000771 allergic respiratory disease (0.927)",
allergic diseases,6,MONDO:0005271,allergic disease,judged,"MONDO:0005271 allergic disease (0.951) | MONDO:0700226 food allergy (0.940) | MONDO:0000777 gastrointestinal allergy (0.939) | MONDO:0100177 allergic rhinitis, susceptibility to (0.930) | MONDO:1011130 allergic rhinitis, cattle (0.927) | MONDO:0000771 allergic respiratory disease (0.925)",
allergic rhinitis,3,MONDO:0011786,allergic rhinitis,exact,"MONDO:1011130 allergic rhinitis, cattle (0.958) | MONDO:0100177 allergic rhinitis, susceptibility to (0.957) | MONDO:1010284 allergic rhinitis, non-human animal (0.952) | MONDO:0011786 allergic rhinitis (0.943) | MONDO:0000771 allergic respiratory disease (0.890) | MONDO:0005642 atopic conjunctivitis (0.888) | MONDO:0024332 perennial allergic rhinitis (lex)",
allergic sensitization,1,MONDO:0005271,allergic disease,judged,"MONDO:0100177 allergic rhinitis, susceptibility to (0.915) | MONDO:0700226 food allergy (0.902) | MONDO:0006525 allergic contact dermatitis (0.900) | MONDO:0005271 allergic disease (0.898) | MONDO:1011130 allergic rhinitis, cattle (0.898) | MONDO:1010284 allergic rhinitis, non-human animal (0.896) | MONDO:0000605 hypersensitivity reaction disease (lex) | MONDO:0021952 progestogen hypersensitivity (lex)",sensitisation taken as allergic disease
allergies,1,MONDO:0005271,allergic disease,judged,MONDO:0011786 allergic rhinitis (0.926) | MONDO:0000772 obsolete pollen allergy [obsolete] (0.922) | MONDO:0005271 allergic disease (0.921) | MONDO:0005741 obsolete egg allergy [obsolete] (0.920) | MONDO:0006872 obsolete nut allergic reaction [obsolete] (0.920) | MONDO:0005902 obsolete peanut allergic reaction [obsolete] (0.918) | MONDO:0014218 severe dermatitis-multiple allergies-metabolic wasting syndrome (lex) | MONDO:0000775 drug allergy (lex),
allergy,5,MONDO:0005271,allergic disease,exact,MONDO:0000772 obsolete pollen allergy [obsolete] (0.926) | MONDO:0006872 obsolete nut allergic reaction [obsolete] (0.925) | MONDO:0005741 obsolete egg allergy [obsolete] (0.924) | MONDO:0005902 obsolete peanut allergic reaction [obsolete] (0.923) | MONDO:0005271 allergic disease (0.921) | MONDO:0007021 obsolete wheat allergic disease [obsolete] (0.921) | MONDO:0014218 severe dermatitis-multiple allergies-metabolic wasting syndrome (lex) | MONDO:0000775 drug allergy (lex),
alpha-1 antitrypsin deficiency,1,MONDO:0013282,alpha 1-antitrypsin deficiency,exact,"MONDO:0013282 alpha 1-antitrypsin deficiency (0.918) | MONDO:0009883 alpha-2-plasmin inhibitor deficiency (0.803) | MONDO:0013538 obsolete alpha-2-macroglobulin deficiency [obsolete] (0.797) | MONDO:0018485 glycogen storage disease due to acid maltase deficiency, late-onset (0.792) | MONDO:0017694 glycogen storage disease due to acid maltase deficiency, infantile onset (0.788) | MONDO:0008761 obsolete alpha-2-deficient collagen disease [obsolete] (0.784)",
Alzheimer disease,5,MONDO:0004975,Alzheimer disease,exact,MONDO:0007089 Alzheimer disease 2 (0.955) | MONDO:0011913 Alzheimer disease 3 (0.954) | MONDO:0011777 Alzheimer disease 8 (0.953) | MONDO:0011743 Alzheimer disease 4 (0.953) | MONDO:0011647 Alzheimer disease 7 (0.952) | MONDO:0011561 Alzheimer disease 6 (0.952) | MONDO:0004975 Alzheimer disease (lex),
Alzheimer disease related dementia,1,MONDO:0004975,Alzheimer disease,judged,"MONDO:0007089 Alzheimer disease 2 (0.907) | MONDO:0011743 Alzheimer disease 4 (0.904) | MONDO:0011561 Alzheimer disease 6 (0.904) | MONDO:0011647 Alzheimer disease 7 (0.903) | MONDO:0011913 Alzheimer disease 3 (0.903) | MONDO:0014316 Alzheimer disease 19 (0.902) | MONDO:0017948 ABetaA21G amyloidosis (lex) | MONDO:0017949 ABeta amyloidosis, Arctic type (lex)",
Alzheimer's clinical syndrome,1,MONDO:0004975,Alzheimer disease,judged,MONDO:0007089 Alzheimer disease 2 (0.865) | MONDO:0011743 Alzheimer disease 4 (0.863) | MONDO:0011401 Alzheimer disease without neurofibrillary tangles (0.862) | MONDO:0011647 Alzheimer disease 7 (0.862) | MONDO:0011913 Alzheimer disease 3 (0.862) | MONDO:0011777 Alzheimer disease 8 (0.861),
Alzheimer's disease,54,MONDO:0004975,Alzheimer disease,exact,MONDO:0007089 Alzheimer disease 2 (0.958) | MONDO:0011913 Alzheimer disease 3 (0.957) | MONDO:0011777 Alzheimer disease 8 (0.956) | MONDO:0011743 Alzheimer disease 4 (0.956) | MONDO:0011561 Alzheimer disease 6 (0.956) | MONDO:0011647 Alzheimer disease 7 (0.956),
Alzheimer's disease and related disorders,1,MONDO:0004975,Alzheimer disease,judged,MONDO:0011913 Alzheimer disease 3 (0.924) | MONDO:0100087 familial Alzheimer disease (0.924) | MONDO:0007089 Alzheimer disease 2 (0.924) | MONDO:0011777 Alzheimer disease 8 (0.923) | MONDO:0014316 Alzheimer disease 19 (0.923) | MONDO:0011561 Alzheimer disease 6 (0.923),and related dementias (MONDO:0001627)
amblyopia,1,MONDO:0001020,amblyopia,exact,MONDO:0001020 amblyopia (0.923) | MONDO:0001021 ametropic amblyopia (0.861) | MONDO:0001019 suppression amblyopia (0.825) | MONDO:0018998 Leber congenital amaurosis (0.816) | MONDO:0043310 amaurosis fugax (0.815) | MONDO:0008766 amaurosis-hypertrichosis syndrome (0.809),
amyotrophic lateral sclerosis,7,MONDO:0004976,amyotrophic lateral sclerosis,exact,MONDO:0007103 amyotrophic lateral sclerosis type 1 (0.956) | MONDO:0011691 amyotrophic lateral sclerosis type 3 (0.956) | MONDO:0013891 amyotrophic lateral sclerosis type 18 (0.955) | MONDO:0957538 amyotrophic lateral sclerosis 28 (0.954) | MONDO:0012753 amyotrophic lateral sclerosis type 9 (0.954) | MONDO:0014223 amyotrophic lateral sclerosis type 19 (0.954) | MONDO:0004976 amyotrophic lateral sclerosis (lex),
ankylosing spondylitis,2,MONDO:0005306,ankylosing spondylitis,exact,"MONDO:1011150 ankylosing spondylitis, dog (0.967) | MONDO:0005306 ankylosing spondylitis (0.966) | MONDO:1010292 ankylosing spondylitis, non-human animal (0.957) | MONDO:0007127 diffuse idiopathic skeletal hyperostosis (0.908) | MONDO:0008007 tooth ankylosis (0.852) | MONDO:0024512 spondyloarthropathy, susceptibility to (0.841)",
anorexia nervosa,2,MONDO:0005351,anorexia nervosa,exact,"MONDO:0005351 anorexia nervosa (0.952) | MONDO:0011727 anorexia nervosa, susceptibility to, 1 (0.923) | MONDO:0001177 anorectal stricture (0.816) | MONDO:0000754 anal fistula (0.806) | MONDO:0019938 anorectal malformation (0.806) | MONDO:0002027 avoidant personality disorder (0.805)",
anxiety,1,MONDO:0011918,anxiety,exact,MONDO:0011918 anxiety (0.928) | MONDO:0005618 anxiety disorder (0.926) | MONDO:0002027 avoidant personality disorder (0.907) | MONDO:0005351 anorexia nervosa (0.812) | MONDO:0100053 anaphylaxis (0.796) | MONDO:0005383 panic disorder (0.788),
anxiety disorders,2,MONDO:0005618,anxiety disorder,judged,MONDO:0011918 anxiety (0.925) | MONDO:0002027 avoidant personality disorder (0.907) | MONDO:0005618 anxiety disorder (0.904) | MONDO:0044144 panic disorder with agoraphobia (0.837) | MONDO:0044141 panic disorder without agoraphobia (0.834) | MONDO:0008187 panic disorder 1 (0.833) | MONDO:0001098 separation anxiety disorder (lex),
aortic disease,1,MONDO:0005561,aortic disorder,judged,MONDO:0003803 aortic valve disorder (0.947) | MONDO:0005561 aortic disorder (0.944) | MONDO:0000980 aortic atherosclerosis (0.936) | MONDO:0032783 aortic valve disease 3 (0.936) | MONDO:0013902 aortic valve disease 2 (0.935) | MONDO:0024523 aortic valve disease 1 (0.934),
aortic stenosis,1,MONDO:0042981,aortic valve stenosis,exact,"MONDO:7770584 aortic valve stenosis, dog (0.964) | MONDO:0042981 aortic valve stenosis (0.956) | MONDO:1013014 aortic valve stenosis, non-human animal (0.951) | MONDO:0003803 aortic valve disorder (0.920) | MONDO:0005648 aortic valve insufficiency (0.918) | MONDO:0013902 aortic valve disease 2 (0.916) | MONDO:0008504 supravalvular aortic stenosis (lex)",
aortic valve disease,2,MONDO:0003803,aortic valve disorder,exact,"MONDO:0003803 aortic valve disorder (0.962) | MONDO:7770584 aortic valve stenosis, dog (0.956) | MONDO:0013902 aortic valve disease 2 (0.953) | MONDO:0032783 aortic valve disease 3 (0.953) | MONDO:0024523 aortic valve disease 1 (0.950) | MONDO:0042981 aortic valve stenosis (0.946)",
arterial aneurysm,1,MONDO:0005160,aortic aneurysm,judged,"MONDO:1014005 arterial aneurysm, non-human animal (0.949) | MONDO:0006714 coronary aneurysm (0.896) | MONDO:0019821 aneurysm or dilatation of ascending aorta (0.888) | MONDO:0012053 aneurysm, intracranial berry, 2 (0.874) | MONDO:0012194 aneurysm, intracranial berry, 3 (0.874) | MONDO:0012443 aneurysm, intracranial berry, 4 (0.874) | MONDO:0005695 central nervous system AIDS arteritis (lex) | MONDO:0019825 congenital coronary artery aneurysm (lex)",aortic aneurysm; MONDO has no general arterial aneurysm term
arteriosclerosis,1,MONDO:0002277,arteriosclerosis disorder,exact,"MONDO:0002277 arteriosclerosis disorder (0.958) | MONDO:0042495 arteriosclerotic retinopathy (0.952) | MONDO:0006659 arteriosclerosis obliterans (0.945) | MONDO:0008819 arteriosclerosis, severe juvenile (0.944) | MONDO:0021661 coronary atherosclerosis (0.934) | MONDO:0006658 arteriolosclerosis (0.896) | MONDO:0003310 Monckeberg arteriosclerosis (lex)",
ascending aortic disease,1,MONDO:0005561,aortic disorder,judged,"MONDO:0007031 familial abdominal aortic aneurysm (0.882) | MONDO:0003803 aortic valve disorder (0.882) | MONDO:0014187 aortic aneurysm, familial thoracic 8 (0.880) | MONDO:0011770 aortic aneurysm, familial thoracic 2 (0.880) | MONDO:0007568 aortic aneurysm, familial thoracic 4 (0.880) | MONDO:0030731 aortic aneurysm, familial thoracic 12 (0.880) | MONDO:0017309 neonatal Marfan syndrome (lex) | MONDO:0019625 familial thoracic aortic aneurysm and aortic dissection (lex)",ascending aorta
asthma,43,MONDO:0004979,asthma,exact,"MONDO:0005405 childhood onset asthma (0.928) | MONDO:0010940 inherited susceptibility to asthma (0.910) | MONDO:0011805 asthma-related traits, susceptibility to, 1 (0.888) | MONDO:0012067 asthma-related traits, susceptibility to, 2 (0.888) | MONDO:0800415 asthma, aspirin-induced, susceptibility to (0.886) | MONDO:0012607 asthma-related traits, susceptibility to, 5 (0.883) | MONDO:0004979 asthma (lex)",
atherosclerosis,8,MONDO:0005311,atherosclerosis,exact,"MONDO:1060134 atherosclerotic cardiovascular disease (0.961) | MONDO:0005311 atherosclerosis (0.956) | MONDO:1010432 atherosclerosis, pig (0.954) | MONDO:1010430 atherosclerosis, dog (0.953) | MONDO:0000980 aortic atherosclerosis (0.952) | MONDO:0007169 atherosclerosis susceptibility (0.943)",
atherosclerotic cardiovascular disease,1,MONDO:1060134,atherosclerotic cardiovascular disease,exact,"MONDO:1060134 atherosclerotic cardiovascular disease (0.960) | MONDO:0000980 aortic atherosclerosis (0.930) | MONDO:0005311 atherosclerosis (0.927) | MONDO:0007169 atherosclerosis susceptibility (0.921) | MONDO:1010430 atherosclerosis, dog (0.919) | MONDO:0001876 renal artery atheroma (0.919)",
atherosclerotic vascular disease,1,MONDO:1060134,atherosclerotic cardiovascular disease,judged,"MONDO:1060134 atherosclerotic cardiovascular disease (0.945) | MONDO:0000980 aortic atherosclerosis (0.942) | MONDO:0001876 renal artery atheroma (0.937) | MONDO:0005311 atherosclerosis (0.937) | MONDO:0007169 atherosclerosis susceptibility (0.921) | MONDO:1010430 atherosclerosis, dog (0.919)",
atherosclerotic vessel disease,1,MONDO:1060134,atherosclerotic cardiovascular disease,judged,"MONDO:0000980 aortic atherosclerosis (0.939) | MONDO:0005311 atherosclerosis (0.934) | MONDO:0001876 renal artery atheroma (0.933) | MONDO:1060134 atherosclerotic cardiovascular disease (0.931) | MONDO:0007169 atherosclerosis susceptibility (0.914) | MONDO:1010430 atherosclerosis, dog (0.911)",
atherothrombosis,1,MONDO:1060134,atherosclerotic cardiovascular disease,judged,"MONDO:1060134 atherosclerotic cardiovascular disease (0.912) | MONDO:0005568 cholesterol embolism (0.899) | MONDO:0000980 aortic atherosclerosis (0.892) | MONDO:0005311 atherosclerosis (0.892) | MONDO:1010432 atherosclerosis, pig (0.891) | MONDO:0002004 atheroembolism of kidney (0.890)",nearest term
atopic dermatitis,4,MONDO:0004980,atopic eczema,exact,"MONDO:1010743 atopic dermatitis, dog (0.962) | MONDO:1010744 atopic dermatitis, domestic cat (0.952) | MONDO:0011596 dermatitis, atopic, 2 (0.950) | MONDO:0011597 dermatitis, atopic, 3 (0.950) | MONDO:0011598 dermatitis, atopic, 4 (0.949) | MONDO:0011609 dermatitis, atopic, 6 (0.949) | MONDO:0013294 dermatitis, atopic, 8 (lex)",
atopic disease,2,MONDO:0005202,atopic IgE-mediated allergic disorder,judged,"MONDO:1010743 atopic dermatitis, dog (0.937) | MONDO:0005202 atopic IgE-mediated allergic disorder (0.936) | MONDO:1010744 atopic dermatitis, domestic cat (0.930) | MONDO:0004980 atopic eczema (0.925) | MONDO:1010126 atopic dermatitis, non-human animal (0.923) | MONDO:0011596 dermatitis, atopic, 2 (0.922) | MONDO:0980712 dyschromatosis, ichthyosis, deafness, and atopic disease (lex) | MONDO:0005642 atopic conjunctivitis (lex)",
atopic diseases,2,MONDO:0005202,atopic IgE-mediated allergic disorder,judged,"MONDO:1010743 atopic dermatitis, dog (0.934) | MONDO:0005202 atopic IgE-mediated allergic disorder (0.928) | MONDO:1010744 atopic dermatitis, domestic cat (0.927) | MONDO:0004980 atopic eczema (0.922) | MONDO:1010126 atopic dermatitis, non-human animal (0.920) | MONDO:0011597 dermatitis, atopic, 3 (0.920) | MONDO:0980712 dyschromatosis, ichthyosis, deafness, and atopic disease (lex) | MONDO:0005642 atopic conjunctivitis (lex)",
atopy,2,MONDO:0005202,atopic IgE-mediated allergic disorder,judged,"MONDO:1012017 atopy, dog (0.934) | MONDO:1012018 atopy, domestic cat (0.920) | MONDO:0004980 atopic eczema (0.920) | MONDO:1010743 atopic dermatitis, dog (0.915) | MONDO:1011733 atopy, non-human animal (0.914) | MONDO:1010744 atopic dermatitis, domestic cat (0.905)",
atrial fibrillation,14,MONDO:0004981,atrial fibrillation,exact,"MONDO:1010498 atrial fibrillation, dog (0.956) | MONDO:1010499 atrial fibrillation, horse (0.953) | MONDO:0014340 atrial fibrillation, familial, 15 (0.952) | MONDO:1010024 atrial fibrillation, non-human animal (0.942) | MONDO:0004981 atrial fibrillation (0.940) | MONDO:0013545 atrial fibrillation, familial, 12 (0.929)",
atrioventricular nodal reentrant tachycardia,1,HP:0011717,Atrioventricular reentrant tachycardia,judged,MONDO:0007174 Lown-Ganong-Levine syndrome (0.880) | MONDO:0005476 atrioventricular node disorder (0.877) | MONDO:0005479 atrial tachycardia (0.862) | MONDO:0000467 second-degree atrioventricular block (0.846) | MONDO:0008848 atrioventricular dissociation (0.841) | MONDO:0000466 first-degree atrioventricular block (0.841),HPO's atrioventricular reentrant tachycardia covers the nodal form
attention deficit hyperactivity disorder,2,MONDO:0007743,attention deficit-hyperactivity disorder,exact,"MONDO:1012476 attention deficit hyperactivity disorder, dog (0.967) | MONDO:0005302 attention deficit hyperactivity disorder, inattentive type (0.965) | MONDO:0859261 attention deficit-hyperactivity disorder 8 (0.959) | MONDO:0007743 attention deficit-hyperactivity disorder (0.957) | MONDO:1011638 attention deficit hyperactivity disorder, non-human animal (0.955) | MONDO:0012862 attention deficit-hyperactivity disorder, susceptibility to, 5 (0.937)",
attention deficit/hyperactivity disorder,1,MONDO:0007743,attention deficit-hyperactivity disorder,exact,"MONDO:0007743 attention deficit-hyperactivity disorder (0.964) | MONDO:0859261 attention deficit-hyperactivity disorder 8 (0.961) | MONDO:0005302 attention deficit hyperactivity disorder, inattentive type (0.959) | MONDO:1012476 attention deficit hyperactivity disorder, dog (0.956) | MONDO:1011638 attention deficit hyperactivity disorder, non-human animal (0.946) | MONDO:0012862 attention deficit-hyperactivity disorder, susceptibility to, 5 (0.935)",
attention-deficit hyperactivity disorder,1,MONDO:0007743,attention deficit-hyperactivity disorder,judged,"MONDO:0859261 attention deficit-hyperactivity disorder 8 (0.964) | MONDO:0007743 attention deficit-hyperactivity disorder (0.960) | MONDO:1012476 attention deficit hyperactivity disorder, dog (0.959) | MONDO:0005302 attention deficit hyperactivity disorder, inattentive type (0.958) | MONDO:1011638 attention deficit hyperactivity disorder, non-human animal (0.951) | MONDO:0012862 attention deficit-hyperactivity disorder, susceptibility to, 5 (0.936)",
attention-deficit/hyperactivity disorder,3,MONDO:0007743,attention deficit-hyperactivity disorder,judged,"MONDO:0007743 attention deficit-hyperactivity disorder (0.961) | MONDO:0859261 attention deficit-hyperactivity disorder 8 (0.961) | MONDO:0005302 attention deficit hyperactivity disorder, inattentive type (0.949) | MONDO:1012476 attention deficit hyperactivity disorder, dog (0.945) | MONDO:1011638 attention deficit hyperactivity disorder, non-human animal (0.939) | MONDO:0012862 attention deficit-hyperactivity disorder, susceptibility to, 5 (0.929)",
atypical parkinsonism,1,MONDO:0021095,parkinsonian disorder,judged,"MONDO:0020488 atypical progressive supranuclear palsy syndrome (0.892) | MONDO:0018321 atypical juvenile parkinsonism (0.859) | MONDO:0019977 parkinsonism with dementia of Guadeloupe (0.859) | MONDO:0036193 parkinsonism with polyneuropathy (0.857) | MONDO:0013150 parkinsonism-dystonia, infantile (0.856) | MONDO:0017809 parkinsonism due to ATP13A2 deficiency (0.851) | MONDO:0009839 progressive supranuclear palsy-parkinsonism syndrome (lex)",parkinsonian disorder; atypical
autism,3,MONDO:0005260,autism,exact,"MONDO:0005258 autism spectrum disorder (0.940) | MONDO:0011627 intellectual developmental disorder with autism and speech delay (0.931) | MONDO:0100612 autism spectrum disorder 3 (0.922) | MONDO:0100610 autism spectrum disorder 1 (0.922) | MONDO:1010005 autism spectrum disorder, non-human animal (0.922) | MONDO:0100611 autism spectrum disorder 2 (0.921) | MONDO:0005260 autism (lex)",
autism spectrum disorder,6,MONDO:0005258,autism spectrum disorder,exact,"MONDO:0100612 autism spectrum disorder 3 (0.960) | MONDO:0100611 autism spectrum disorder 2 (0.960) | MONDO:0100610 autism spectrum disorder 1 (0.959) | MONDO:1010005 autism spectrum disorder, non-human animal (0.948) | MONDO:0005258 autism spectrum disorder (0.941) | MONDO:1010424 autism spectrum disorder, zebra finch (0.934) | MONDO:0014361 autism spectrum disorder due to AUTS2 deficiency (lex)",
autism spectrum disorders,1,MONDO:0005258,autism spectrum disorder,judged,"MONDO:0100612 autism spectrum disorder 3 (0.956) | MONDO:0100611 autism spectrum disorder 2 (0.956) | MONDO:0100610 autism spectrum disorder 1 (0.955) | MONDO:1010005 autism spectrum disorder, non-human animal (0.946) | MONDO:0005258 autism spectrum disorder (0.939) | MONDO:1010424 autism spectrum disorder, zebra finch (0.932) | MONDO:0014361 autism spectrum disorder due to AUTS2 deficiency (lex) | MONDO:0100299 PAX5-related B lymphopenia and autism spectrum disorder (lex)",
autoimmune thyroid disease,2,MONDO:0005623,autoimmune thyroid disease,exact,"MONDO:0000162 autoimmune thyroid disease, susceptibility to (0.948) | MONDO:0011980 autoimmune thyroid disease, susceptibility to, 1 (0.939) | MONDO:0011981 autoimmune thyroid disease, susceptibility to, 2 (0.937) | MONDO:0011982 autoimmune thyroid disease, susceptibility to, 3 (0.936) | MONDO:0005623 autoimmune thyroid disease (0.935) | MONDO:0011983 autoimmune thyroid disease, susceptibility to, 4 (0.935)",
autosomal dominant Alzheimer disease,1,MONDO:0015140,early-onset autosomal dominant Alzheimer disease,judged,"MONDO:0011913 Alzheimer disease 3 (0.894) | MONDO:0011513 Alzheimer disease, familial early-onset, with coexisting amyloid and prion pathology (0.890) | MONDO:0007088 Alzheimer disease type 1 (0.871) | MONDO:0014265 Alzheimer disease 18 (0.855) | MONDO:0957397 intellectual developmental disorder, autosomal dominant 72 (0.853) | MONDO:0032919 intellectual developmental disorder 62 (0.850) | MONDO:0015140 early-onset autosomal dominant Alzheimer disease (lex)",
B-cell acute lymphoblastic leukemia,1,MONDO:0004947,B-cell acute lymphoblastic leukemia,exact,"MONDO:0004947 B-cell acute lymphoblastic leukemia (0.962) | MONDO:0000814 B-cell adult acute lymphocytic leukemia (0.948) | MONDO:0000872 B-cell childhood acute lymphoblastic leukemia (0.947) | MONDO:0020511 precursor B-cell acute lymphoblastic leukemia (0.927) | MONDO:0850161 B-lymphoblastic leukemia/lymphoma, BCR-ABL1–like (0.923) | MONDO:0035605 B-lymphoblastic leukemia/lymphoma with recurrent genetic abnormality (0.921)",
bacterial sepsis,1,MONDO:0005229,bacterial infectious disease with sepsis,judged,"MONDO:0005229 bacterial infectious disease with sepsis (0.937) | MONDO:0041825 bacterial meningitis caused by gram-negative bacteria (0.885) | MONDO:1014891 septic bacterial peritonitis, non-human animal (0.876) | MONDO:0013724 bacteremia, susceptibility to, 2 (0.874) | MONDO:1014893 septic purulent bacterial peritonitis, non-human animal (0.873) | MONDO:0013723 bacteremia, susceptibility to, 1 (0.869) | MONDO:0700217 neonatal sepsis (lex)",
basal cell carcinoma,1,MONDO:0020804,basal cell carcinoma,exact,"MONDO:0005341 skin basal cell carcinoma (0.951) | MONDO:0002935 penis basal cell carcinoma (0.944) | MONDO:0011556 basal cell carcinoma, susceptibility to, 1 (0.944) | MONDO:0002936 scrotum basal cell carcinoma (0.941) | MONDO:0002955 vulva basal cell carcinoma (0.941) | MONDO:0002943 external ear basal cell carcinoma (0.940) | MONDO:0020804 basal cell carcinoma (lex) | MONDO:0002940 anal margin basal cell carcinoma (lex)",
BCC,1,MONDO:0005341,skin basal cell carcinoma,exact,"MONDO:0013102 basal cell carcinoma, susceptibility to, 3 (0.903) | MONDO:0013101 basal cell carcinoma, susceptibility to, 2 (0.902) | MONDO:0013104 basal cell carcinoma, susceptibility to, 4 (0.899) | MONDO:0013105 basal cell carcinoma, susceptibility to, 5 (0.897) | MONDO:0013106 basal cell carcinoma, susceptibility to, 6 (0.896) | MONDO:0011556 basal cell carcinoma, susceptibility to, 1 (0.896) | MONDO:0005341 skin basal cell carcinoma (lex)",
bicuspid aortic valve disease,1,MONDO:0007194,familial bicuspid aortic valve,judged,"MONDO:0013902 aortic valve disease 2 (0.857) | MONDO:7770584 aortic valve stenosis, dog (0.853) | MONDO:0003803 aortic valve disorder (0.845) | MONDO:7770280 aortic valve hypoplasia, cattle (0.843) | MONDO:1013014 aortic valve stenosis, non-human animal (0.840) | MONDO:0024523 aortic valve disease 1 (0.840) | MONDO:1060150 NOTCH1-related AOS spectrum disorder (lex) | MONDO:0032783 aortic valve disease 3 (lex)",MONDO's term is the familial form
bipolar disorder,17,MONDO:0004985,bipolar disorder,exact,MONDO:0001866 bipolar I disorder (0.945) | MONDO:0024612 manic bipolar affective disorder (0.942) | MONDO:0024613 bipolar depression (0.939) | MONDO:0000693 bipolar II disorder (0.927) | MONDO:0004985 bipolar disorder (0.909) | MONDO:0003128 classic pulmonary blastoma (0.806) | MONDO:1060151 schizoaffective bipolar disorder (lex),
bipolar I disorder,1,MONDO:0001866,bipolar I disorder,exact,MONDO:0001866 bipolar I disorder (0.924) | MONDO:0024612 manic bipolar affective disorder (0.912) | MONDO:0024613 bipolar depression (0.907) | MONDO:0000693 bipolar II disorder (0.867) | MONDO:0004985 bipolar disorder (0.842) | MONDO:0003128 classic pulmonary blastoma (0.770),
bipolar II disorder,1,MONDO:0000693,bipolar II disorder,exact,MONDO:0000693 bipolar II disorder (0.907) | MONDO:0024613 bipolar depression (0.906) | MONDO:0024612 manic bipolar affective disorder (0.904) | MONDO:0001866 bipolar I disorder (0.879) | MONDO:0004985 bipolar disorder (0.840) | MONDO:0001156 borderline personality disorder (0.779),
bladder cancer,11,MONDO:0004986,urinary bladder carcinoma,exact,"MONDO:0001187 urinary bladder cancer (0.950) | MONDO:0004703 bladder carcinoma in situ (0.943) | MONDO:1013300 bladder carcinoma in situ, non-human animal (0.922) | MONDO:0005611 bladder transitional cell carcinoma (0.921) | MONDO:0004987 urinary bladder neoplasm (0.916) | MONDO:0002760 bladder squamous cell carcinoma (0.913) | MONDO:0004986 urinary bladder carcinoma (lex) | MONDO:0004182 stage IVb bladder cancer (lex)",
blastic plasmacytoid dendritic cell neoplasm,1,MONDO:0019467,CD4+/CD56+ hematodermic neoplasm,exact,"MONDO:0019467 CD4+/CD56+ hematodermic neoplasm (0.944) | MONDO:0006115 blast phase chronic myelogenous leukemia, BCR-ABL1 positive (0.868) | MONDO:0009693 plasma cell myeloma (0.828) | MONDO:0004416 plasmacytoid variant infiltrating bladder urothelial carcinoma (0.820) | MONDO:0035941 B-lymphoblastic leukemia/lymphoma with t(v;11q23.3) (0.806) | MONDO:0006112 bladder inflammatory myofibroblastic tumor (0.801)",
blood cancer,1,MONDO:0002334,hematopoietic and lymphoid system neoplasm,exact,MONDO:0002334 hematopoietic and lymphoid system neoplasm (0.897) | MONDO:0005059 leukemia (0.870) | MONDO:0000602 autoimmune disorder of blood (0.836) | MONDO:0017858 acute erythroid leukemia (0.833) | MONDO:0005570 hematologic disorder (0.832) | MONDO:0004967 acute lymphoblastic leukemia (0.830) | MONDO:0002095 vascular cancer (lex),
bradyarrhythmia,1,HP:0001662,Bradycardia,judged,"MONDO:1013917 bradydysrhythmia of unknown cause, non-human animal (0.880) | MONDO:1013990 cardiac bradydysrhythmia, non-human animal (0.869) | MONDO:1013989 cardiac bradydysrhythmia of unknown cause, non-human animal (0.852) | MONDO:0012033 bradyopsia (0.834) | MONDO:1017050 bradytocia dystocia, non-human animal (0.800) | MONDO:1013916 sinus bradycardia, non-human animal (0.789) | MONDO:0007269 dilated cardiomyopathy 1A (lex)",
brain damage,1,MONDO:0043510,brain injury,judged,MONDO:0005394 brain infarction (0.886) | MONDO:0005560 brain disorder (0.883) | MONDO:0006686 brain stem infarction (0.881) | MONDO:0005299 brain ischemia (0.876) | MONDO:0043510 brain injury (0.872) | MONDO:0005559 neurodegenerative disease (0.866) | MONDO:0019976 dementia pugilistica (lex) | MONDO:0019773 myelomeningocele (lex),
brain tumour,1,MONDO:0021211,brain neoplasm,exact,"MONDO:0021211 brain neoplasm (0.928) | MONDO:0001657 brain cancer (0.912) | MONDO:0021451 benign neoplasm of brain (0.909) | MONDO:0005499 brain glioma (0.901) | MONDO:1013117 brain neoplasm, non-human animal (0.901) | MONDO:0002682 cerebral ventricle cancer (0.900) | MONDO:0002914 childhood brain stem neoplasm (lex) | MONDO:0021507 benign neoplasm of brain stem (lex)",
breast cancer,95,MONDO:0007254,breast cancer,exact,MONDO:0004658 breast carcinoma in situ (0.959) | MONDO:0016419 hereditary breast carcinoma (0.953) | MONDO:0004379 female breast carcinoma (0.951) | MONDO:0021100 breast neoplasm (0.932) | MONDO:0004990 breast tumor luminal A or B (0.929) | MONDO:0002657 breast disorder (0.925) | MONDO:0007254 breast cancer (lex),
bronchial asthma,1,MONDO:0004979,asthma,judged,MONDO:0001358 bronchial disorder (0.880) | MONDO:0005607 chronic bronchitis (0.880) | MONDO:0003781 bronchitis (0.873) | MONDO:0010940 inherited susceptibility to asthma (0.871) | MONDO:0005682 bronchopneumonia (0.868) | MONDO:0002807 bronchial neoplasm (0.866) | MONDO:0005202 atopic IgE-mediated allergic disorder (lex) | MONDO:0014460 nail and teeth abnormalities-marginal palmoplantar keratoderma-oral hyperpigmentation syndrome (lex),
Burkitt lymphoma,2,MONDO:0007243,Burkitt lymphoma,exact,"MONDO:0007243 Burkitt lymphoma (0.956) | MONDO:0006150 colon Burkitt lymphoma (0.950) | MONDO:0006416 small intestinal Burkitt lymphoma (0.950) | MONDO:0004947 B-cell acute lymphoblastic leukemia (0.832) | MONDO:0020323 primary mediastinal large B-cell lymphoma (0.829) | MONDO:0003658 B-cell lymphoma, unclassifiable, with features intermediate between diffuse large b-cell lymphoma and classical Hodgkin lymphoma (0.828)",
calcific aortic valve stenosis,1,MONDO:0042981,aortic valve stenosis,judged,"MONDO:0005463 aortic valve calcification (0.907) | MONDO:0007246 calcific aortic disease with immunologic abnormalities, familial (0.895) | MONDO:7770584 aortic valve stenosis, dog (0.880) | MONDO:1013014 aortic valve stenosis, non-human animal (0.872) | MONDO:0042981 aortic valve stenosis (0.861) | MONDO:0013902 aortic valve disease 2 (0.850) | MONDO:0007194 familial bicuspid aortic valve (lex)",calcific
cancer,41,MONDO:0004992,cancer,exact,"MONDO:0045054 cancer-related condition (0.937) | MONDO:1012570 cancer, dog (0.932) | MONDO:1012572 cancer, pig (0.927) | MONDO:0008903 lung cancer (0.925) | MONDO:0007254 breast cancer (0.925) | MONDO:0001657 brain cancer (0.925) | MONDO:0004992 cancer (lex) | MONDO:0005575 colorectal cancer (lex)",
cancer of the esophagus,1,MONDO:0019086,carcinoma of esophagus,exact,"MONDO:0007576 esophageal cancer (0.935) | MONDO:0021325 malignant neoplasm of thoracic esophagus (0.912) | MONDO:0021324 malignant neoplasm of abdominal esophagus (0.902) | MONDO:1013287 esophagus carcinoma in situ, non-human animal (0.898) | MONDO:0021326 malignant neoplasm of cervical esophagus (0.897) | MONDO:0018480 carcinoma of esophagus, salivary gland type (0.896)",
cancer of the larynx,1,MONDO:0002358,laryngeal carcinoma,exact,"MONDO:0001691 laryngeal cartilage cancer (0.949) | MONDO:0002352 larynx cancer (0.922) | MONDO:0001724 supraglottis cancer (0.918) | MONDO:0022643 carcinoma of the vocal tract (0.905) | MONDO:1013281 larynx carcinoma in situ, non-human animal (0.904) | MONDO:0004696 larynx carcinoma in situ (0.899) | MONDO:0002358 laryngeal carcinoma (lex)",
cancer of the oral cavity,1,MONDO:0005515,oral cavity cancer,judged,"MONDO:0000371 oral cavity carcinoma in situ (0.916) | MONDO:0004615 upper gum cancer (0.915) | MONDO:0004713 lower gum cancer (0.914) | MONDO:0005515 oral cavity cancer (0.911) | MONDO:1013133 oral cavity neoplasm, non-human animal (0.909) | MONDO:0004958 oral cavity squamous cell carcinoma (0.907)",
cancer of the pharynx,1,MONDO:0021345,carcinoma of pharynx,exact,"MONDO:0005806 hypopharynx cancer (0.938) | MONDO:0005517 pharynx cancer (0.927) | MONDO:0021345 carcinoma of pharynx (0.925) | MONDO:1013141 pharynx cancer, non-human animal (0.913) | MONDO:0000372 pharynx carcinoma in situ (0.905) | MONDO:0004608 oropharynx cancer (0.890)",
carcinosarcoma of the endometrium or ovary,1,MONDO:0016259,carcinosarcoma of the corpus uteri,judged,MONDO:0016259 carcinosarcoma of the corpus uteri (0.913) | MONDO:0002877 cervical carcinosarcoma (0.908) | MONDO:0003792 ovarian carcinosarcoma (0.903) | MONDO:0006485 uterine carcinosarcoma (0.886) | MONDO:0002447 endometrial carcinoma (0.877) | MONDO:0004220 endometrial endometrioid adenocarcinoma with spindled epithelial cells (0.876),endometrium; ovarian carcinosarcoma is MONDO:0003792
cardiac disease,1,MONDO:0005267,heart disorder,exact,"MONDO:0004995 cardiovascular disorder (0.946) | MONDO:0002869 heart valve disorder (0.935) | MONDO:0005009 congestive heart failure (0.934) | MONDO:1011306 cardiovascular disorder, non-human animal (0.928) | MONDO:0007263 cardiac rhythm disease (0.928) | MONDO:0005267 heart disorder (0.927) | MONDO:0013473 Hirschsprung disease, cardiac defects, and autonomic dysfunction (lex) | MONDO:0000992 heart conduction disease (lex)",
cardiometabolic disease,1,,,none,MONDO:0976301 cardiovascular-kidney-metabolic syndrome (0.902) | MONDO:0022650 cardiomyopathy diabetes deafness (0.888) | MONDO:0004995 cardiovascular disorder (0.886) | MONDO:0044079 cardio-renal syndrome (0.873) | MONDO:0008915 dilated cardiomyopathy-hypergonadotropic hypogonadism syndrome (0.872) | MONDO:0022655 cardiomyopathy hypogonadism metabolic anomalies (0.871) | MONDO:0957896 metabolic dysfunction and alcohol associated liver disease (lex),no MONDO grouping; cardiovascular disorder (MONDO:0004995) and metabolic disease (MONDO:0005066) are the parts
cardiometabolic diseases,1,,,none,"MONDO:0976301 cardiovascular-kidney-metabolic syndrome (0.903) | MONDO:0004995 cardiovascular disorder (0.893) | MONDO:0022650 cardiomyopathy diabetes deafness (0.889) | MONDO:0024239 congenital anomaly of cardiovascular system (0.875) | MONDO:1011306 cardiovascular disorder, non-human animal (0.874) | MONDO:0000603 autoimmune disorder of cardiovascular system (0.874) | MONDO:0957896 metabolic dysfunction and alcohol associated liver disease (lex)",no MONDO grouping; cardiovascular disorder (MONDO:0004995) and metabolic disease (MONDO:0005066) are the parts
cardiometabolic disorders,1,,,none,"MONDO:0976301 cardiovascular-kidney-metabolic syndrome (0.899) | MONDO:0004995 cardiovascular disorder (0.887) | MONDO:0022650 cardiomyopathy diabetes deafness (0.886) | MONDO:0022655 cardiomyopathy hypogonadism metabolic anomalies (0.878) | MONDO:1011306 cardiovascular disorder, non-human animal (0.874) | MONDO:0008915 dilated cardiomyopathy-hypergonadotropic hypogonadism syndrome (0.872)",no MONDO grouping; cardiovascular disorder (MONDO:0004995) and metabolic disease (MONDO:0005066) are the parts
cardiovascular disease,75,MONDO:0004995,cardiovascular disorder,exact,"MONDO:0004995 cardiovascular disorder (0.961) | MONDO:1011306 cardiovascular disorder, non-human animal (0.942) | MONDO:0024239 congenital anomaly of cardiovascular system (0.935) | MONDO:0002100 cardiovascular cancer (0.930) | MONDO:0024757 cardiovascular neoplasm (0.930) | MONDO:0000603 autoimmune disorder of cardiovascular system (0.929) | MONDO:0009268 Gaucher disease-ophthalmoplegia-cardiovascular calcification syndrome (lex)",
cardiovascular risk factors,1,,,none,"MONDO:0004995 cardiovascular disorder (0.916) | MONDO:0024239 congenital anomaly of cardiovascular system (0.900) | MONDO:0000603 autoimmune disorder of cardiovascular system (0.895) | MONDO:0024757 cardiovascular neoplasm (0.894) | MONDO:0002100 cardiovascular cancer (0.894) | MONDO:1011306 cardiovascular disorder, non-human animal (0.893) | MONDO:0976301 cardiovascular-kidney-metabolic syndrome (lex) | MONDO:0016005 indomethacin embryofetopathy (lex)",not a disease
carotid artery disease,1,MONDO:0005269,carotid artery disorder,judged,MONDO:0001612 carotid stenosis (0.934) | MONDO:0005269 carotid artery disorder (0.932) | MONDO:0006690 carotid artery thrombosis (0.919) | MONDO:0004450 carotid artery occlusion (0.916) | MONDO:0004763 carotid artery dissection (0.914) | MONDO:0022535 autonomic facial cephalgia (0.858) | MONDO:0008538 temporal arteritis (lex),
carotid atherosclerosis,1,MONDO:0005269,carotid artery disorder,judged,MONDO:0001612 carotid stenosis (0.917) | MONDO:0005269 carotid artery disorder (0.905) | MONDO:0006690 carotid artery thrombosis (0.902) | MONDO:0004450 carotid artery occlusion (0.897) | MONDO:0004763 carotid artery dissection (0.884) | MONDO:0000980 aortic atherosclerosis (0.849) | MONDO:0005189 internal carotid artery stenosis (lex),atherosclerotic
carotid stenosis,1,MONDO:0001612,carotid stenosis,exact,"MONDO:0001612 carotid stenosis (0.949) | MONDO:0006690 carotid artery thrombosis (0.908) | MONDO:0004450 carotid artery occlusion (0.907) | MONDO:0005269 carotid artery disorder (0.903) | MONDO:0004763 carotid artery dissection (0.896) | MONDO:1013875 carotid sinus syncope, non-human animal (0.863) | MONDO:0005189 internal carotid artery stenosis (lex)",
cataract,2,MONDO:0005129,cataract,exact,"MONDO:7770594 cataract, dog (0.945) | MONDO:7770200 cataract, donkey (0.944) | MONDO:7770275 cataract, rabbit (0.941) | MONDO:7770097 cataract, grivet (0.941) | MONDO:0000348 obsolete posterior polar cataract [obsolete] (0.938) | MONDO:0007286 cataract 30 (0.938) | MONDO:0005129 cataract (lex) | MONDO:0010544 cataract 40 (lex)",
cerebral palsy,1,MONDO:0006497,cerebral palsy,exact,"MONDO:0013033 cerebral palsy, spastic quadriplegic, 2 (0.944) | MONDO:0014862 cerebral palsy, spastic quadriplegic, 3 (0.944) | MONDO:0033613 neurodevelopmental disorder with progressive spasticity and brain white matter abnormalities (0.943) | MONDO:0022699 cerebral palsy spastic hemiplegic (0.937) | MONDO:0022700 cerebral palsy spastic monoplegic (0.924) | MONDO:0011548 cerebral palsy, ataxic, autosomal recessive (0.924) | MONDO:0006497 cerebral palsy (lex) | MONDO:0016215 spastic quadriplegic cerebral palsy (lex)",
cerebrovascular disease,2,MONDO:0011057,cerebrovascular disorder,exact,"MONDO:1013026 cerebrovascular disorder, non-human animal (0.936) | MONDO:0005098 stroke disorder (0.928) | MONDO:0006505 basal ganglia cerebrovascular disorder (0.928) | MONDO:0005299 brain ischemia (0.924) | MONDO:0011057 cerebrovascular disorder (0.910) | MONDO:1040016 cerebral artery stenosis (0.899)",
cervical artery dissection,2,MONDO:0006061,cervical artery dissection,exact,"MONDO:0006061 cervical artery dissection (0.915) | MONDO:1015608 cervical discospondylosis, non-human animal (0.840) | MONDO:0017991 Takayasu arteritis (0.839) | MONDO:1012479 cervical vertebral compressive myelopathy, dog (0.837) | MONDO:1016292 cervical spondylosis with myelopathy, non-human animal (0.837) | MONDO:0044343 cervical disk degenerative disorder (0.837) | MONDO:0018212 familial cervical artery dissection (lex)",
cervical cancer,3,MONDO:0002974,cervical cancer,exact,MONDO:0002974 cervical cancer (0.943) | MONDO:0006143 cervical squamous cell carcinoma (0.927) | MONDO:0005153 cervical adenocarcinoma (0.919) | MONDO:0042487 uterine cervix carcinoma in situ (0.917) | MONDO:0002877 cervical carcinosarcoma (0.913) | MONDO:0005131 cervical carcinoma (0.911) | MONDO:0021326 malignant neoplasm of cervical esophagus (lex),
child psychiatric disorders,2,MONDO:0002025,psychiatric disorder,judged,"MONDO:0015681 childhood disintegrative disorder (0.837) | MONDO:0020072 childhood-onset epilepsy syndrome (0.837) | MONDO:0800500 childhood-onset epilepsy syndrome with developmental and/or epileptic encephalopathy (0.834) | MONDO:0100095 neurodegeneration, childhood-onset, stress-induced, with variable ataxia and seizures (0.830) | MONDO:0800502 childhood-onset self-limited focal epilepsy syndrome (0.829) | MONDO:0014150 developmental and epileptic encephalopathy 94 (0.829)",childhood
childhood apraxia of speech,1,MONDO:0011184,childhood apraxia of speech,exact,MONDO:0011184 childhood apraxia of speech (0.944) | MONDO:0044701 childhood-onset motor and cognitive regression syndrome with extrapyramidal movement disorder (0.838) | MONDO:0020507 leukoencephalopathy with vanishing white matter 1 (0.834) | MONDO:0018325 juvenile myasthenia gravis (0.829) | MONDO:0800448 leukoencephalopathy with vanishing white matter (0.827) | MONDO:0010156 Troyer syndrome (0.823) | MONDO:0017229 distal monosomy 12p (lex),
childhood cancer,9,MONDO:0006517,childhood malignant neoplasm,exact,MONDO:0006517 childhood malignant neoplasm (0.934) | MONDO:0036511 childhood malignant kidney neoplasm (0.928) | MONDO:1010030 pediatric high-grade glioma (0.923) | MONDO:0018055 pediatric hepatocellular carcinoma (0.919) | MONDO:0004345 childhood malignant schwannoma (0.917) | MONDO:0003691 childhood malignant mesenchymoma (0.913) | MONDO:0022578 childhood bladder carcinoma (lex) | MONDO:0003787 childhood testicular mixed germ cell cancer (lex),
childhood mental health problems,1,MONDO:0005084,mental disorder,judged,MONDO:0005405 childhood onset asthma (0.860) | MONDO:0957430 childhood-onset schizophrenia (0.857) | MONDO:0015681 childhood disintegrative disorder (0.854) | MONDO:0020072 childhood-onset epilepsy syndrome (0.853) | MONDO:0002914 childhood brain stem neoplasm (0.853) | MONDO:0800502 childhood-onset self-limited focal epilepsy syndrome (0.852),childhood
childhood obesity,3,MONDO:0011122,obesity disorder,judged,MONDO:0005405 childhood onset asthma (0.879) | MONDO:0003587 pediatric liposarcoma (0.874) | MONDO:0957430 childhood-onset schizophrenia (0.870) | MONDO:0020072 childhood-onset epilepsy syndrome (0.866) | MONDO:0100625 childhood-onset dementia (0.865) | MONDO:0021079 childhood neoplasm (0.865) | MONDO:0017408 rapid-onset childhood obesity-hypothalamic dysfunction-hypoventilation-autonomic dysregulation syndrome (lex) | MONDO:0010961 obesity due to prohormone convertase I deficiency (lex),childhood
childhood overweight,1,MONDO:0011122,obesity disorder,judged,MONDO:0005405 childhood onset asthma (0.868) | MONDO:0003587 pediatric liposarcoma (0.860) | MONDO:0957430 childhood-onset schizophrenia (0.860) | MONDO:0022578 childhood bladder carcinoma (0.856) | MONDO:0004082 childhood immature teratoma of ovary (0.856) | MONDO:0021079 childhood neoplasm (0.855),overweight has no MONDO term; childhood
chronic bronchitis,1,MONDO:0005607,chronic bronchitis,exact,"MONDO:0005607 chronic bronchitis (0.943) | MONDO:0005002 chronic obstructive pulmonary disease (0.917) | MONDO:1017181 chronic tracheobronchitis, non-human animal (0.910) | MONDO:0019621 chronic pneumonitis of infancy (0.903) | MONDO:1017109 chronic airway disease, non-human animal (0.902) | MONDO:1013410 chronic obstructive pulmonary disease, non-human animal (0.901) | MONDO:1017107 canine chronic bronchitis/obstructive airway disease (lex)",
chronic cerebrovascular disease,1,MONDO:0011057,cerebrovascular disorder,judged,"MONDO:0011776 CINCA syndrome (0.845) | MONDO:0006505 basal ganglia cerebrovascular disorder (0.840) | MONDO:0004622 chronic intestinal vascular insufficiency (0.838) | MONDO:0013024 chronic thromboembolic pulmonary hypertension (0.837) | MONDO:0005284 chronic progressive multiple sclerosis (0.836) | MONDO:1013026 cerebrovascular disorder, non-human animal (0.832) | MONDO:0017993 cerebral sinovenous thrombosis (lex)",chronic
chronic coronary artery disease,1,MONDO:0005010,coronary artery disorder,judged,"MONDO:1013907 chronic heart disease, non-human animal (0.897) | MONDO:0800425 coronary artery disease, severe, susceptibility to (0.886) | MONDO:0021661 coronary atherosclerosis (0.880) | MONDO:0005010 coronary artery disorder (0.878) | MONDO:0011817 coronary heart disease, susceptibility to, 1 (0.877) | MONDO:0001493 chronic pulmonary heart disease (0.868) | MONDO:0009194 immunodeficiency 32B (lex)",chronic
chronic heart failure,1,MONDO:0005252,heart failure,judged,"MONDO:1013907 chronic heart disease, non-human animal (0.920) | MONDO:1013997 chronic biventricular congestive heart failure, non-human animal (0.916) | MONDO:1013852 chronic left-sided congestive heart failure, non-human animal (0.912) | MONDO:1013995 chronic right-sided congestive heart failure, non-human animal (0.898) | MONDO:0001493 chronic pulmonary heart disease (0.896) | MONDO:0005009 congestive heart failure (0.892) | MONDO:0011076 myofibrillar myopathy 1 (lex)",chronic
chronic inflammatory diseases,1,MONDO:0021166,inflammatory disease,judged,"MONDO:0004923 chronic inflammation of lacrimal passage (0.896) | MONDO:0024317 chronic pain syndrome (0.896) | MONDO:0006702 chronic inflammatory demyelinating polyradiculoneuropathy (0.883) | MONDO:1015529 chronic polyarthritis, non-human animal (0.883) | MONDO:1012290 chronic active hepatitis, dog (0.881) | MONDO:0002133 chronic rheumatic pericarditis (0.878) | MONDO:0011776 CINCA syndrome (lex) | MONDO:0001409 esophagitis (lex)",chronic
chronic kidney disease,6,MONDO:0005300,chronic kidney disease,exact,"MONDO:0004375 end stage renal failure (0.967) | MONDO:1013261 chronic kidney disease, non-human animal (0.952) | MONDO:0024327 chronic renal failure syndrome (0.943) | MONDO:0005300 chronic kidney disease (0.934) | MONDO:0012833 Crouzon syndrome-acanthosis nigricans syndrome (0.910) | MONDO:1017935 chronic glomerulonephritis, non-human animal (0.908)",
chronic low back pain,1,HP:0003419,Low back pain,judged,"MONDO:0024317 chronic pain syndrome (0.865) | MONDO:0009673 spinal muscular atrophy, type II (0.854) | MONDO:1016304 chronic degenerative radiculomyelopathy, non-human animal (0.830) | MONDO:0022103 chronic prostatitis (0.829) | MONDO:0024327 chronic renal failure syndrome (0.827) | MONDO:0001788 nutmeg liver (0.825) | MONDO:0001029 Klippel-Feil syndrome (lex) | MONDO:0003619 salpingitis (lex)",chronic
chronic lung allograft dysfunction,1,MONDO:0015265,bronchiolitis obliterans syndrome,judged,"MONDO:0012833 Crouzon syndrome-acanthosis nigricans syndrome (0.874) | MONDO:0016323 chronic respiratory distress with surfactant metabolism deficiency (0.866) | MONDO:0019621 chronic pneumonitis of infancy (0.860) | MONDO:0005002 chronic obstructive pulmonary disease (0.855) | MONDO:1017109 chronic airway disease, non-human animal (0.854) | MONDO:0001493 chronic pulmonary heart disease (0.850) | MONDO:0015265 bronchiolitis obliterans syndrome (lex)","bronchiolitis obliterans syndrome, its main form"
chronic lymphocytic leukaemia,1,MONDO:0004948,B-cell chronic lymphocytic leukemia,judged,"MONDO:0004948 B-cell chronic lymphocytic leukemia (0.968) | MONDO:0003864 chronic lymphocytic leukemia/small lymphocytic lymphoma (0.953) | MONDO:7770219 chronic lymphocytic leukemia, mule (0.948) | MONDO:0002083 Richter transformation (0.947) | MONDO:1014674 chronic lymphoid leukemia, non-human animal (0.925) | MONDO:0004478 pregerminal center chronic lymphocytic leukemia/small lymphocytic lymphoma (0.921) | MONDO:0019468 T-cell prolymphocytic leukemia (lex)",
chronic lymphocytic leukemia,2,MONDO:0004948,B-cell chronic lymphocytic leukemia,exact,"MONDO:0004948 B-cell chronic lymphocytic leukemia (0.968) | MONDO:0003864 chronic lymphocytic leukemia/small lymphocytic lymphoma (0.962) | MONDO:7770219 chronic lymphocytic leukemia, mule (0.958) | MONDO:0002083 Richter transformation (0.956) | MONDO:1014674 chronic lymphoid leukemia, non-human animal (0.939) | MONDO:0004478 pregerminal center chronic lymphocytic leukemia/small lymphocytic lymphoma (0.930) | MONDO:0012935 leukemia, chronic lymphocytic, susceptibility to, 4 (lex)",
chronic obstructive pulmonary disease,11,MONDO:0005002,chronic obstructive pulmonary disease,exact,"MONDO:0005002 chronic obstructive pulmonary disease (0.967) | MONDO:1013410 chronic obstructive pulmonary disease, non-human animal (0.952) | MONDO:1017109 chronic airway disease, non-human animal (0.896) | MONDO:0011751 COPD, severe early onset (0.896) | MONDO:0100167 pulmonary disease, chronic obstructive, susceptibility to (0.886) | MONDO:0005607 chronic bronchitis (0.872)",
chronic pelvic pain,1,HP:0034267,Pelvic pain,judged,"MONDO:0001110 chronic pyelonephritis (0.846) | MONDO:0024317 chronic pain syndrome (0.840) | MONDO:0018301 interstitial cystitis (0.836) | MONDO:1013040 chronic cystitis, non-human animal (0.834) | MONDO:0002029 chronic gonorrhea of cervix (0.834) | MONDO:0001474 chronic salpingo-oophoritis (0.832) | MONDO:0004762 pelvic congestion syndrome (lex) | MONDO:0008636 double uterus-hemivagina-renal agenesis syndrome (lex)",chronic
cleft lip and/or palate,1,MONDO:0016044,cleft lip/palate,judged,"MONDO:1010034 cleft lip with or without cleft palate, non-human animal (0.948) | MONDO:0022776 cleft lip and/or palate with mucous cysts of lower (0.947) | MONDO:0019508 van der Woude syndrome (0.942) | MONDO:0016044 cleft lip/palate (0.942) | MONDO:0009483 Kapur-Toriello syndrome (0.940) | MONDO:0010560 cleft palate with or without ankyloglossia, X-linked (0.935) | MONDO:0011052 amelia cleft lip palate hydrocephalus iris coloboma (lex)",
cocaine dependence,2,MONDO:0005186,cocaine dependence,exact,"MONDO:0005186 cocaine dependence (0.907) | MONDO:0019544 cocaine intoxication (0.907) | MONDO:0004456 cocaine abuse (0.894) | MONDO:0016007 cocaine embryofetopathy (0.854) | MONDO:1015136 drug intoxication, non-human animal (0.765) | MONDO:0012402 opioid dependence, susceptibility to, 1 (0.764)",
coeliac disease,1,MONDO:0005130,celiac disease,judged,"MONDO:0008930 celiac disease, susceptibility to, 1 (0.948) | MONDO:0005130 celiac disease (0.927) | MONDO:0012339 celiac disease, susceptibility to, 4 (0.918) | MONDO:0012341 celiac disease, susceptibility to, 3 (0.917) | MONDO:0009187 celiac disease-epilepsy-cerebral calcification syndrome (0.888) | MONDO:0017388 celiac trunk compression syndrome (0.871)",
cognitive impairment,1,MONDO:0002039,cognitive disorder,judged,"MONDO:1016251 cognitive dysfunction, non-human animal (0.904) | MONDO:0013680 cognitive impairment with or without cerebellar ataxia (0.892) | MONDO:0010244 CGF1 (0.872) | MONDO:0002039 cognitive disorder (0.858) | MONDO:0044996 cerebral cortex disorder (0.806) | MONDO:0024238 cerebral degeneration (0.805) | MONDO:0014609 cognitive impairment - coarse facies - heart defects - obesity - pulmonary involvement - short stature - skeletal dysplasia syndrome (lex)",
colon cancer,5,MONDO:0021063,malignant colon neoplasm,exact,MONDO:0005575 colorectal cancer (0.947) | MONDO:0004663 colon carcinoma in situ (0.940) | MONDO:0021063 malignant colon neoplasm (0.939) | MONDO:0002271 colon adenocarcinoma (0.929) | MONDO:0006155 colon neuroendocrine tumor G1 (0.925) | MONDO:0005401 colonic neoplasm (0.918) | MONDO:0018630 hereditary nonpolyposis colon cancer (lex),
colorectal adenoma,4,MONDO:0005484,colorectal adenoma,exact,"MONDO:0006498 adenomatous colon polyp (0.944) | MONDO:0021055 classic familial adenomatous polyposis (0.941) | MONDO:1013315 colorectal adenoma, non-human animal (0.934) | MONDO:0002271 colon adenocarcinoma (0.926) | MONDO:0012041 familial adenomatous polyposis 2 (0.926) | MONDO:0005008 colorectal adenocarcinoma (0.920) | MONDO:0005484 colorectal adenoma (lex) | MONDO:0006164 colorectal sessile serrated adenoma/polyp (lex)",
colorectal cancer,41,MONDO:0005575,colorectal cancer,exact,"MONDO:0005575 colorectal cancer (0.945) | MONDO:0005008 colorectal adenocarcinoma (0.940) | MONDO:0018630 hereditary nonpolyposis colon cancer (0.936) | MONDO:0006165 colorectal squamous cell carcinoma (0.931) | MONDO:0021444 benign neoplasm of large intestine (0.930) | MONDO:0006157 colorectal adenosquamous carcinoma (0.928) | MONDO:0012132 colorectal cancer, susceptibility to, 1 (lex)",
colorectal polyps,1,MONDO:0021392,polyp of large intestine,judged,"MONDO:1014536 colorectal polyp, non-human animal (0.931) | MONDO:0021055 classic familial adenomatous polyposis (0.916) | MONDO:0006498 adenomatous colon polyp (0.909) | MONDO:0021392 polyp of large intestine (0.904) | MONDO:0012041 familial adenomatous polyposis 2 (0.902) | MONDO:0021400 polyp of colon (0.902) | MONDO:0006164 colorectal sessile serrated adenoma/polyp (lex)",
common diseases,1,,,none,"MONDO:0002886 common bile duct disorder (0.839) | MONDO:1013207 common cold, non-human animal (0.813) | MONDO:0005087 respiratory system disorder (0.810) | MONDO:0004867 upper respiratory tract disorder (0.807) | MONDO:0000270 lower respiratory tract disorder (0.807) | MONDO:0003276 middle ear disorder (0.804) | MONDO:0006709 common bile duct neoplasm (lex)",too general
congenital microcephaly,1,MONDO:0001149,microcephaly,judged,MONDO:0014258 congenital microcephaly - severe encephalopathy - progressive cerebral atrophy syndrome (0.948) | MONDO:0014793 microcephaly-congenital cataract-psoriasiform dermatitis syndrome (0.918) | MONDO:0014643 congenital cataract-microcephaly-nevus flammeus simplex-severe intellectual disability syndrome (0.894) | MONDO:0013735 microcephaly-cerebellar hypoplasia-cardiac conduction defect syndrome (0.892) | MONDO:0009803 congenital osteogenesis imperfecta-microcephaly-cataracts syndrome (0.891) | MONDO:0007034 Adams-Oliver syndrome (0.890),congenital
contralateral breast cancer,1,MONDO:0007254,breast cancer,judged,"MONDO:0016419 hereditary breast carcinoma (0.822) | MONDO:0002069 female breast axillary tail cancer (0.820) | MONDO:0004658 breast carcinoma in situ (0.806) | MONDO:0800419 breast cancer, familial, susceptibility to, 2 (0.805) | MONDO:0001850 female breast lower-outer quadrant cancer (0.804) | MONDO:0800420 breast cancer, familial, susceptibility to, 3 (0.804)",second primary in the other breast
conventional (clear cell) renal carcinoma,1,MONDO:0005005,clear cell renal carcinoma,judged,"MONDO:0005005 clear cell renal carcinoma (0.934) | MONDO:0007763 nonpapillary renal cell carcinoma (0.908) | MONDO:0003012 sarcomatoid renal cell carcinoma (0.880) | MONDO:0010456 renal cell carcinoma, Xp11-associated (0.879) | MONDO:0017884 papillary renal cell carcinoma (0.878) | MONDO:0005549 renal cell adenocarcinoma (0.876) | MONDO:0018492 hereditary clear cell renal cell carcinoma (lex)",
COPD,2,MONDO:0005002,chronic obstructive pulmonary disease,judged,"MONDO:0005002 chronic obstructive pulmonary disease (0.934) | MONDO:0011751 COPD, severe early onset (0.913) | MONDO:1013410 chronic obstructive pulmonary disease, non-human animal (0.807) | MONDO:0100167 pulmonary disease, chronic obstructive, susceptibility to (0.797) | MONDO:0005275 lung disorder (0.777) | MONDO:0005087 respiratory system disorder (0.765)",the synonym match gave the severe early-onset form
coronary artery disease,32,MONDO:0005010,coronary artery disorder,exact,"MONDO:0005010 coronary artery disorder (0.958) | MONDO:0800425 coronary artery disease, severe, susceptibility to (0.949) | MONDO:0011817 coronary heart disease, susceptibility to, 1 (0.949) | MONDO:0021661 coronary atherosclerosis (0.942) | MONDO:0012586 coronary artery disease, autosomal dominant 2 (0.927) | MONDO:0012585 coronary heart disease, susceptibility to, 7 (0.926) | MONDO:0012011 coronary artery disease, autosomal dominant, 1 (lex)",
coronary heart disease,14,MONDO:0005010,coronary artery disorder,exact,"MONDO:0011817 coronary heart disease, susceptibility to, 1 (0.953) | MONDO:0005010 coronary artery disorder (0.953) | MONDO:0800425 coronary artery disease, severe, susceptibility to (0.948) | MONDO:0012147 coronary heart disease, susceptibility to, 5 (0.939) | MONDO:0010331 coronary heart disease, susceptibility to, 3 (0.939) | MONDO:0012585 coronary heart disease, susceptibility to, 7 (0.939)",
COVID-19,26,MONDO:0100096,COVID-19,exact,"MONDO:0100096 COVID-19 (0.961) | MONDO:0100233 long COVID-19 (0.923) | MONDO:0100320 post-COVID-19 disorder (0.923) | MONDO:0100163 COVID-19–associated multisystem inflammatory syndrome in children (0.908) | MONDO:0100319 COVID-19–associated multisystem inflammatory syndrome in adults (0.903) | MONDO:0020753 Orthocoronavirinae infectious disease (0.860) | MONDO:1011347 post-COVID-19 disorder, non-human animal (lex)",
critical COVID-19,1,MONDO:0100096,COVID-19,judged,MONDO:0100163 COVID-19–associated multisystem inflammatory syndrome in children (0.860) | MONDO:0100319 COVID-19–associated multisystem inflammatory syndrome in adults (0.852) | MONDO:0100096 COVID-19 (0.837) | MONDO:0100233 long COVID-19 (0.837) | MONDO:0100320 post-COVID-19 disorder (0.837) | MONDO:0100143 obsolete critical COVID-19 infection [obsolete] (0.830),critical
critical illness,1,,,none,"MONDO:0001957 critical illness polyneuropathy (0.868) | MONDO:1014082 medical care complication, non-human animal (0.779) | MONDO:0005091 severe acute respiratory syndrome (0.776) | MONDO:0014973 sudden cardiac failure, infantile (0.770) | MONDO:0001208 acute respiratory failure (0.769) | MONDO:0006502 acute respiratory distress syndrome (0.767) | MONDO:0043783 sclerema neonatorum (lex)",not a disease
Crohn's disease,9,MONDO:0005011,Crohn disease,exact,"MONDO:0005011 Crohn disease (0.960) | MONDO:0000709 Crohn ileitis (0.950) | MONDO:0022901 Crohn disease of the esophagus (0.949) | MONDO:0005532 Crohn's colitis (0.945) | MONDO:1013543 Crohn disease, non-human animal (0.931) | MONDO:0009960 inflammatory bowel disease 1 (0.917)",
cryptosporidiosis,1,MONDO:0015474,cryptosporidiosis,exact,"MONDO:1013569 cryptosporidiosis, non-human animal (0.943) | MONDO:0015474 cryptosporidiosis (0.929) | MONDO:1014970 Cryptosporidium parvum, non-human animal (0.919) | MONDO:1014972 Cryptosporidium varanii, non-human animal (0.891) | MONDO:1014971 Cryptosporidium serpentis, non-human animal (0.890) | MONDO:0014082 cryptosporidiosis-chronic cholangitis-liver disease syndrome (0.889)",
cutaneous malignant melanoma,1,MONDO:0005012,cutaneous melanoma,judged,"MONDO:0013133 melanoma, cutaneous malignant, susceptibility to, 5 (0.944) | MONDO:0012183 melanoma, cutaneous malignant, susceptibility to, 3 (0.944) | MONDO:0007964 melanoma, cutaneous malignant, susceptibility to, 2 (0.944) | MONDO:0011954 melanoma, cutaneous malignant, susceptibility to, 4 (0.943) | MONDO:0013510 melanoma, cutaneous malignant, susceptibility to, 6 (0.943) | MONDO:0007963 melanoma, cutaneous malignant, susceptibility to, 1 (0.943)",
cutaneous melanoma,4,MONDO:0005012,cutaneous melanoma,exact,"MONDO:0021583 melanocytic skin neoplasm (0.943) | MONDO:0005012 cutaneous melanoma (0.937) | MONDO:0012183 melanoma, cutaneous malignant, susceptibility to, 3 (0.936) | MONDO:0007964 melanoma, cutaneous malignant, susceptibility to, 2 (0.936) | MONDO:0013133 melanoma, cutaneous malignant, susceptibility to, 5 (0.935) | MONDO:0011954 melanoma, cutaneous malignant, susceptibility to, 4 (0.935)",
cystic fibrosis,7,MONDO:0009061,cystic fibrosis,exact,"MONDO:1010545 cystic fibrosis, CFTR-related, sheep (0.951) | MONDO:1010544 cystic fibrosis, pig (0.943) | MONDO:0009061 cystic fibrosis (0.942) | MONDO:1010043 cystic fibrosis, non-human animal (0.934) | MONDO:7770003 cystic fibrosis-related diabetes (0.933) | MONDO:7770005 cystic fibrosis-related liver disease (0.930) | MONDO:0009062 cystic fibrosis-gastritis-megaloblastic anemia syndrome (lex)",
cystic fibrosis liver disease,1,MONDO:7770005,cystic fibrosis-related liver disease,judged,"MONDO:7770005 cystic fibrosis-related liver disease (0.894) | MONDO:0009061 cystic fibrosis (0.888) | MONDO:0009062 cystic fibrosis-gastritis-megaloblastic anemia syndrome (0.872) | MONDO:0005413 cystic fibrosis associated meconium ileus (0.870) | MONDO:1010545 cystic fibrosis, CFTR-related, sheep (0.862) | MONDO:0011618 liver fibrocystic disease and polydactyly (0.860) | MONDO:0800118 visceral botryomycosis (lex)",
cystic fibrosis-related diabetes,1,MONDO:7770003,cystic fibrosis-related diabetes,exact,"MONDO:7770003 cystic fibrosis-related diabetes (0.886) | MONDO:7770005 cystic fibrosis-related liver disease (0.866) | MONDO:1010545 cystic fibrosis, CFTR-related, sheep (0.856) | MONDO:0009061 cystic fibrosis (0.856) | MONDO:0005413 cystic fibrosis associated meconium ileus (0.846) | MONDO:0009062 cystic fibrosis-gastritis-megaloblastic anemia syndrome (0.843)",
deep vein thrombosis,1,MONDO:0005399,venous thromboembolism,judged,"MONDO:0010432 thrombophilia, X-linked, due to factor 9 defect (0.920) | MONDO:0008559 thrombophilia due to thrombin defect (0.875) | MONDO:0005399 venous thromboembolism (0.866) | MONDO:0001481 femoral vein thrombophlebitis (0.855) | MONDO:0001148 iliac vein thrombophlebitis (0.851) | MONDO:1013886 vena cava thrombosis, non-human animal (0.849) | MONDO:0026777 VEXAS syndrome (lex) | MONDO:0043361 May-Thurner syndrome (lex)",MONDO has no deep vein thrombosis term
dementia,30,MONDO:0001627,dementia,exact,"MONDO:0001627 dementia (0.929) | MONDO:0010857 semantic dementia (0.921) | MONDO:0019976 dementia pugilistica (0.897) | MONDO:0007488 Lewy body dementia (0.897) | MONDO:0015681 childhood disintegrative disorder (0.892) | MONDO:0000914 cerebral arteriopathy, autosomal dominant, with subcortical infarcts and leukoencephalopathy, type 1 (0.876) | MONDO:0020689 AIDS dementia complex (lex)",
dementia with Lewy bodies,1,MONDO:0007488,Lewy body dementia,exact,"MONDO:0007488 Lewy body dementia (0.941) | MONDO:0010857 semantic dementia (0.873) | MONDO:0007433 dementia/parkinsonism with non-Alzheimer amyloid plaques (0.869) | MONDO:0000914 cerebral arteriopathy, autosomal dominant, with subcortical infarcts and leukoencephalopathy, type 1 (0.839) | MONDO:0800027 leukoencephalopathy, diffuse hereditary, with spheroids 1 (0.836) | MONDO:0007020 Wernicke encephalopathy (0.834)",
dental caries,3,MONDO:0005276,dental caries,exact,MONDO:0001041 dentin caries (0.955) | MONDO:0002233 enamel caries (0.949) | MONDO:0006957 root caries (0.948) | MONDO:0005276 dental caries (0.905) | MONDO:0001890 pulp erosion (0.854) | MONDO:0001762 dentine erosion (0.837),
depression,5,MONDO:0002050,depressive disorder,exact,MONDO:0002444 melancholia (0.895) | MONDO:0002050 depressive disorder (0.885) | MONDO:0001186 depersonalization disorder (0.833) | MONDO:0005929 postpartum depression (0.825) | MONDO:0012050 major depressive disorder 1 (0.805) | MONDO:0012100 major depressive disorder 2 (0.804) | MONDO:0002009 major depressive disorder (lex),
depressive disorders,1,MONDO:0002050,depressive disorder,judged,MONDO:0002444 melancholia (0.898) | MONDO:0005929 postpartum depression (0.881) | MONDO:0002050 depressive disorder (0.876) | MONDO:0012100 major depressive disorder 2 (0.846) | MONDO:0012050 major depressive disorder 1 (0.845) | MONDO:0002009 major depressive disorder (0.832),
developmental dyslexia,1,MONDO:0005489,dyslexia,judged,"MONDO:0011184 childhood apraxia of speech (0.910) | MONDO:0004922 developmental coordination disorder (0.905) | MONDO:0859324 developmental delay, language impairment, and ocular abnormalities (0.888) | MONDO:0957815 developmental delay with or without epilepsy (0.887) | MONDO:0014224 developmental delay with autism spectrum disorder and gait instability (0.883) | MONDO:0032760 developmental delay with or without dysmorphic facies and autism (0.883)",
developmental language disorder,1,MONDO:0000724,specific language impairment,judged,"MONDO:0859324 developmental delay, language impairment, and ocular abnormalities (0.908) | MONDO:0011184 childhood apraxia of speech (0.899) | MONDO:0859178 developmental delay, impaired speech, and behavioral abnormalities (0.891) | MONDO:0014224 developmental delay with autism spectrum disorder and gait instability (0.885) | MONDO:0005503 developmental disorder of mental health (0.882) | MONDO:0957815 developmental delay with or without epilepsy (0.880) | MONDO:0859257 intellectual developmental disorder with language impairment and early-onset DOPA-responsive dystonia-parkinsonism (lex) | MONDO:0030051 intellectual developmental disorder with autistic features and language delay, with or without seizures (lex)",the synonym match gave familial developmental dysphasia; developmental language disorder is the current name of specific language impairment
developmental stuttering,1,MONDO:0000723,stutter disorder,judged,"MONDO:0011184 childhood apraxia of speech (0.876) | MONDO:0980728 developmental delay with sleep apnea (0.869) | MONDO:0014224 developmental delay with autism spectrum disorder and gait instability (0.866) | MONDO:0957815 developmental delay with or without epilepsy (0.861) | MONDO:0859178 developmental delay, impaired speech, and behavioral abnormalities (0.860) | MONDO:0859324 developmental delay, language impairment, and ocular abnormalities (0.859)",
diabetes,21,MONDO:0005015,diabetes mellitus,exact,"MONDO:0005148 type 2 diabetes mellitus (0.948) | MONDO:0005015 diabetes mellitus (0.942) | MONDO:1010574 diabetes mellitus, dog (0.938) | MONDO:0005406 gestational diabetes (0.938) | MONDO:1010576 diabetes mellitus, horse (0.937) | MONDO:1010577 diabetes mellitus, pig (0.936) | MONDO:0011668 maturity-onset diabetes of the young type 6 (lex)",
diabetes mellitus,1,MONDO:0005015,diabetes mellitus,exact,"MONDO:0005148 type 2 diabetes mellitus (0.966) | MONDO:1010574 diabetes mellitus, dog (0.963) | MONDO:1010576 diabetes mellitus, horse (0.961) | MONDO:1010577 diabetes mellitus, pig (0.961) | MONDO:0005147 type 1 diabetes mellitus (0.960) | MONDO:1010579 diabetes mellitus, rabbit (0.959) | MONDO:0005015 diabetes mellitus (lex)",
diabetic heart disease,1,EFO:1001458,diabetic cardiomyopathy,judged,MONDO:0022650 cardiomyopathy diabetes deafness (0.860) | MONDO:0000960 diabetic peripheral angiopathy (0.855) | MONDO:0044875 coronary microvascular disorder (0.849) | MONDO:0001299 diabetic autonomic neuropathy (0.847) | MONDO:0005408 diabetes mellitus type 2 associated cataract (0.846) | MONDO:0005016 diabetic kidney disease (0.843) | MONDO:0010802 pancreatic hypoplasia-diabetes-congenital heart disease syndrome (lex) | MONDO:0100540 GATA6-related congenital heart disease with or without pancreatic hypoplasia or diabetes (lex),diabetic cardiomyopathy; only EFO defines it
diabetic kidney disease,2,MONDO:0005016,diabetic kidney disease,exact,"MONDO:0005016 diabetic kidney disease (0.937) | MONDO:0005408 diabetes mellitus type 2 associated cataract (0.876) | MONDO:0005266 diabetic retinopathy (0.876) | MONDO:1011270 diabetic cataract, degu (0.875) | MONDO:0004728 diabetic macular edema (0.874) | MONDO:0000960 diabetic peripheral angiopathy (0.872) | MONDO:0007869 Kyrle disease (lex)",
diabetic nephropathy,5,MONDO:0005016,diabetic kidney disease,exact,MONDO:0005016 diabetic kidney disease (0.945) | MONDO:0005266 diabetic retinopathy (0.878) | MONDO:0001583 diabetic polyneuropathy (0.873) | MONDO:0000960 diabetic peripheral angiopathy (0.868) | MONDO:0004728 diabetic macular edema (0.868) | MONDO:0006626 diabetic neuropathy (0.868) | MONDO:0008843 atherosclerosis-deafness-diabetes-epilepsy-nephropathy syndrome (lex),
diabetic retinopathy,6,MONDO:0005266,diabetic retinopathy,exact,"MONDO:0005266 diabetic retinopathy (0.946) | MONDO:0004728 diabetic macular edema (0.918) | MONDO:0001661 background diabetic retinopathy (0.906) | MONDO:1011270 diabetic cataract, degu (0.894) | MONDO:0001687 diabetic cataract (0.883) | MONDO:1010343 diabetic cataract, non-human animal (0.882)",
diffuse large B-cell lymphoma,5,MONDO:0018905,diffuse large B-cell lymphoma,exact,MONDO:0006268 liver diffuse large B-cell lymphoma (0.957) | MONDO:0006462 thyroid gland diffuse large B-cell lymphoma (0.957) | MONDO:0006387 primary pulmonary diffuse large B-cell lymphoma (0.956) | MONDO:0006117 breast diffuse large B-cell lymphoma (0.956) | MONDO:0006417 small intestinal diffuse large B-cell lymphoma (0.955) | MONDO:0850418 diffuse large B-cell lymphoma activated B-cell type (0.953) | MONDO:0018905 diffuse large B-cell lymphoma (lex),
dilated cardiomyopathy,4,MONDO:0005021,dilated cardiomyopathy,exact,"MONDO:1010448 dilated cardiomyopathy, dog (0.962) | MONDO:1010450 dilated cardiomyopathy, pig (0.960) | MONDO:1010452 dilated cardiomyopathy, rabbit (0.958) | MONDO:1010449 dilated cardiomyopathy, domestic cat (0.952) | MONDO:0014073 dilated cardiomyopathy 1II (0.951) | MONDO:0011567 dilated cardiomyopathy 1K (0.951) | MONDO:0005021 dilated cardiomyopathy (lex) | MONDO:0011581 arrhythmogenic cardiomyopathy with wooly hair and keratoderma (lex)",
Down syndrome,1,MONDO:0008608,Down syndrome,exact,"MONDO:0008608 Down syndrome (0.914) | MONDO:0035133 PHIP-related behavioral problems-intellectual disability-obesity-dysmorphic features syndrome (0.779) | MONDO:0957810 developmental delay, dysmorphic facies, and brain anomalies (0.777) | MONDO:0030988 developmental delay with dysmorphic facies and dental anomalies (0.775) | MONDO:0009128 dwarfism, intellectual disability, and eye abnormality (0.773) | MONDO:0031632 developmental delay with short stature, dysmorphic facial features, and sparse hair (0.772) | MONDO:0021702 alcohol amnestic disorder (lex)",
drug-induced liver injury,2,MONDO:0005359,drug-induced liver injury,exact,MONDO:0005359 drug-induced liver injury (0.923) | MONDO:0002184 drug-induced hepatitis (0.867) | MONDO:0016474 drug-induced lupus erythematosus (0.863) | MONDO:0019535 drug-induced autoimmune hemolytic anemia (0.852) | MONDO:0850094 drug-induced hearing loss (0.843) | MONDO:0016664 drug-induced vasculitis (0.840),
Dupuytren disease,2,MONDO:0006345,palmar fibromatosis,judged,"MONDO:0006345 palmar fibromatosis (0.945) | MONDO:0005360 obsolete Dupuytren contracture [obsolete] (0.829) | MONDO:0011356 exostosis, Dupuytren subungual (0.788) | MONDO:0007476 familial Dupuytren contracture (0.780) | MONDO:0033672 Duane anomaly-myopathy-scoliosis syndrome (0.761) | MONDO:1016228 digital flexor tendon sheath - deep digital flexor tendon tear tenosynovitis, non-human animal (0.757)","Dupuytren contracture is obsolete in MONDO, replaced by palmar fibromatosis"
Dupuytren's disease,1,MONDO:0006345,palmar fibromatosis,judged,"MONDO:0006345 palmar fibromatosis (0.945) | MONDO:0005360 obsolete Dupuytren contracture [obsolete] (0.827) | MONDO:0011356 exostosis, Dupuytren subungual (0.788) | MONDO:0007476 familial Dupuytren contracture (0.782) | MONDO:0033672 Duane anomaly-myopathy-scoliosis syndrome (0.761) | MONDO:1016228 digital flexor tendon sheath - deep digital flexor tendon tear tenosynovitis, non-human animal (0.756)","Dupuytren contracture is obsolete in MONDO, replaced by palmar fibromatosis"
dysglycemia,1,HP:0011015,Abnormal blood glucose concentration,judged,"MONDO:0100180 diabetes mellitus, ketosis-prone (0.830) | MONDO:0012819 diabetic ketoacidosis (0.821) | MONDO:1010574 diabetes mellitus, dog (0.818) | MONDO:1010577 diabetes mellitus, pig (0.818) | MONDO:0005015 diabetes mellitus (0.817) | MONDO:1010576 diabetes mellitus, horse (0.816)",
dyslexia,6,MONDO:0005489,dyslexia,exact,"MONDO:0005489 dyslexia (0.930) | MONDO:0010348 dyslexia, susceptibility to, 9 (0.907) | MONDO:0012168 dyslexia, susceptibility to, 8 (0.906) | MONDO:0800430 dyslexia, susceptibility to, 7 (0.906) | MONDO:0800429 dyslexia, susceptibility to, 4 (0.906) | MONDO:0011418 dyslexia, susceptibility to, 3 (0.906) | MONDO:0001712 alexia (lex)",
dyslipidemia,1,HP:0003119,Abnormal circulating lipid concentration,judged,"MONDO:0018473 hyperlipoproteinemia type 3 (0.938) | MONDO:0021187 hyperlipidemia (0.834) | MONDO:0011470 hyperlipidemia, combined, 2 (0.820) | MONDO:0011237 hyperlipidemia, combined, 1 (0.818) | MONDO:1012975 hyperlipidemia, non-human animal (0.815) | MONDO:1012776 atherosclerosis, APOE-related, rabbit (0.810) | MONDO:0015905 syndromic dyslipidemia (lex) | MONDO:0002525 inherited lipid metabolism disorder (lex)",
dysplasia,1,,,none,MONDO:0006151 colon dysplasia (0.938) | MONDO:0006736 dysplasia of cervix (0.931) | MONDO:0008090 cyclic hematopoiesis (0.927) | MONDO:0009755 neutrophil actin dysfunction (0.921) | MONDO:0016357 dysplastic cortical hyperostosis (0.904) | MONDO:0100538 dysplasminogenemia (0.901) | MONDO:0009189 multiple epiphyseal dysplasia type 4 (lex) | MONDO:0011765 multiple epiphyseal dysplasia type 5 (lex),too vague; only EFO has a bare dysplasia term
early childhood caries,1,MONDO:0005276,dental caries,judged,"MONDO:0800491 early-infantile DEE (0.816) | MONDO:0014201 developmental and epileptic encephalopathy, 18 (0.812) | MONDO:0014150 developmental and epileptic encephalopathy 94 (0.808) | MONDO:0013389 developmental and epileptic encephalopathy, 12 (0.807) | MONDO:0012812 developmental and epileptic encephalopathy, 4 (0.807) | MONDO:0014392 developmental and epileptic encephalopathy, 25 (0.806)",early childhood
early-onset ischemic stroke,1,MONDO:1060198,ischemic stroke,judged,"MONDO:0020671 obsolete susceptibility to ischemic stroke [obsolete] (0.866) | MONDO:0014233 early-onset Parkinson disease 20 (0.832) | MONDO:0011517 pseudohyperaldosteronism type 2 (0.832) | MONDO:0005264 transient ischemic attack (0.826) | MONDO:0012789 dystonia 16 (0.823) | MONDO:0017279 young-onset Parkinson disease (0.821) | MONDO:0010829 cerebral arteriopathy, autosomal recessive, with subcortical infarcts and leukoencephalopathy 2 (lex)",early-onset
eczema,4,MONDO:0004980,atopic eczema,exact,"MONDO:0004980 atopic eczema (0.958) | MONDO:0002136 eczematous dermatitis of eyelid (0.929) | MONDO:0004712 herpes simplex dermatitis (0.884) | MONDO:0010518 Wiskott-Aldrich syndrome (0.864) | MONDO:0011608 dermatitis, atopic, 5 (0.831) | MONDO:0011609 dermatitis, atopic, 6 (0.830) | MONDO:0009124 Dubowitz syndrome (lex)",
emotional health problems,1,MONDO:0005084,mental disorder,judged,"MONDO:1017096 psychological infertility, non-human animal (0.820) | MONDO:0005084 mental disorder (0.817) | MONDO:1011351 psychiatric disorder, non-human animal (0.807) | MONDO:0000679 social emotional agnosia (0.807) | MONDO:0021745 psychosocial short stature (0.807) | MONDO:0002025 psychiatric disorder (0.796)",nearest term
emphysema,2,MONDO:0004849,pulmonary emphysema,exact,"MONDO:0004849 pulmonary emphysema (0.960) | MONDO:0007535 emphysema, hereditary pulmonary (0.947) | MONDO:0007536 congenital lobar emphysema (0.928) | MONDO:0013282 alpha 1-antitrypsin deficiency (0.918) | MONDO:0005742 emphysematous cholecystitis (0.902) | MONDO:1013546 emphysematous cholecystitis, non-human animal (0.867) | MONDO:0000923 interstitial emphysema (lex)",
end-stage kidney disease,1,MONDO:0004375,end stage renal failure,judged,"MONDO:0004375 end stage renal failure (0.946) | MONDO:0100193 chronic liver failure (0.864) | MONDO:0024327 chronic renal failure syndrome (0.863) | MONDO:0007669 renal cysts and diabetes syndrome (0.861) | MONDO:0002492 acute kidney injury (0.853) | MONDO:1013779 kidney failure, non-human animal (0.851) | MONDO:0007086 autosomal dominant Alport syndrome (lex)",
end-stage organ disease (solid organ transplant recipients),1,,,none,"MONDO:0100193 chronic liver failure (0.854) | MONDO:0004375 end stage renal failure (0.848) | MONDO:1013898 end-stage hypertrophic cardiomyopathy, non-human animal (0.790) | MONDO:1011312 disease related to transplantation, non-human animal (0.781) | MONDO:0035426 obsolete rare disorder potentially indicated for transplant or complication after transplantation [obsolete] (0.781) | MONDO:0033203 nephrotic syndrome 14 (0.772)",several organs
end-stage renal disease,2,MONDO:0004375,end stage renal failure,judged,"MONDO:0004375 end stage renal failure (0.955) | MONDO:0100193 chronic liver failure (0.869) | MONDO:0007669 renal cysts and diabetes syndrome (0.863) | MONDO:1012237 renal insufficiency, dog (0.852) | MONDO:0001106 kidney failure (0.850) | MONDO:1011911 renal insufficiency, non-human animal (0.849) | MONDO:0018965 Alport syndrome (lex)",
endometrial cancer,6,MONDO:0011962,endometrial cancer,exact,MONDO:0011962 endometrial cancer (0.947) | MONDO:0006192 endometrial endometrioid adenocarcinoma (0.940) | MONDO:0006335 ovarian endometrioid adenocarcinoma (0.939) | MONDO:0003665 cervical endometrioid adenocarcinoma (0.937) | MONDO:0004174 secretory uterine corpus endometrioid adenocarcinoma (0.933) | MONDO:0003315 endometrium carcinoma in situ (0.932),
endometriosis,2,MONDO:0005133,endometriosis,exact,"MONDO:0010888 adenomyosis (0.959) | MONDO:0006337 ovarian endometriosis (0.959) | MONDO:0001284 endometriosis of intestine (0.955) | MONDO:0015305 obsolete rare endometriosis [obsolete] (0.944) | MONDO:0005133 endometriosis (0.943) | MONDO:1013695 endometriosis, non-human animal (0.941) | MONDO:0001282 fallopian tube endometriosis (lex)",
eosinophilic esophagitis,1,MONDO:0005361,eosinophilic esophagitis,exact,"MONDO:0005407 childhood eosinophilic esophagitis (0.946) | MONDO:0005361 eosinophilic esophagitis (0.932) | MONDO:0013260 esophagitis, eosinophilic, 2 (0.926) | MONDO:0012451 esophagitis, eosinophilic, 1 (0.926) | MONDO:0016129 eosinophilic gastroenteritis (0.908) | MONDO:1013416 eosinophilic gastroenteritis, non-human animal (0.905)",
epilepsy,5,MONDO:0005027,epilepsy,exact,"MONDO:1010411 epilepsy, dog (0.957) | MONDO:0957599 epilepsy, early-onset (0.955) | MONDO:1010413 epilepsy, horse (0.954) | MONDO:1010414 epilepsy, cattle (0.952) | MONDO:1010415 epilepsy, rabbit (0.952) | MONDO:0100580 epilepsy, unknown whether focal or generalized (0.951) | MONDO:0005027 epilepsy (lex) | MONDO:0007295 self-limited epilepsy with centrotemporal spikes (lex)",
epileptic encephalopathies,1,MONDO:0100620,developmental and epileptic encephalopathy,judged,"MONDO:0800491 early-infantile DEE (0.965) | MONDO:0020632 developmental and epileptic encephalopathy 93 (0.955) | MONDO:0014133 developmental and epileptic encephalopathy, 16 (0.954) | MONDO:0013056 developmental and epileptic encephalopathy, 39 (0.954) | MONDO:0013388 developmental and epileptic encephalopathy, 11 (0.954) | MONDO:0032663 developmental and epileptic encephalopathy, 70 (0.954) | MONDO:0012812 developmental and epileptic encephalopathy, 4 (lex) | MONDO:0010246 developmental and epileptic encephalopathy, 9 (lex)",
epithelial ovarian cancer,4,MONDO:0005140,ovarian carcinoma,exact,MONDO:0016093 borderline epithelial tumor of ovary (0.939) | MONDO:0018364 malignant epithelial tumor of ovary (0.919) | MONDO:0005140 ovarian carcinoma (0.912) | MONDO:0002229 ovarian epithelial tumor (0.905) | MONDO:0018365 malignant non-epithelial tumor of ovary (0.871) | MONDO:0005211 ovarian serous adenocarcinoma (0.870),
ER+ breast cancer,1,MONDO:0006512,estrogen-receptor positive breast cancer,exact,MONDO:0006512 estrogen-receptor positive breast cancer (0.927) | MONDO:0700079 hormone receptor-positive breast cancer (0.887) | MONDO:0700078 triple-positive breast carcinoma (0.869) | MONDO:0004990 breast tumor luminal A or B (0.869) | MONDO:0006244 HER2 positive breast carcinoma (0.867) | MONDO:0016419 hereditary breast carcinoma (0.847) | MONDO:0006513 estrogen-receptor negative breast cancer (lex),
esophageal squamous cell carcinoma,1,MONDO:0005580,esophageal squamous cell carcinoma,exact,"MONDO:0007576 esophageal cancer (0.956) | MONDO:1013457 esophageal squamous cell carcinoma, non-human animal (0.946) | MONDO:0005580 esophageal squamous cell carcinoma (0.934) | MONDO:0004827 esophagus squamous cell papilloma (0.921) | MONDO:0004708 esophagus carcinoma in situ (0.902) | MONDO:0018480 carcinoma of esophagus, salivary gland type (0.901)",
essential hypertension,2,MONDO:0001134,essential hypertension,exact,"MONDO:0007781 essential hypertension, genetic (0.932) | MONDO:1010455 essential hypertension, dog (0.928) | MONDO:1010014 essential hypertension, non-human animal (0.918) | MONDO:0011440 hypertension, essential, susceptibility to, 2 (0.884) | MONDO:0011384 hypertension, essential, susceptibility to, 1 (0.883) | MONDO:0012109 hypertension, essential, susceptibility to, 4 (0.882) | MONDO:0001134 essential hypertension (lex)",
eye disease,2,MONDO:0005328,eye disorder,exact,"MONDO:0005283 retinal disorder (0.955) | MONDO:0004884 eye degenerative disorder (0.925) | MONDO:0043885 eye infectious disorder (0.911) | MONDO:0005328 eye disorder (0.901) | MONDO:7770651 eye defects, domestic cat (0.898) | MONDO:0000926 eye accommodation disease (0.896) | MONDO:0003382 eyelid disorder (lex)",
eye diseases,5,MONDO:0005328,eye disorder,judged,"MONDO:0005283 retinal disorder (0.949) | MONDO:0004884 eye degenerative disorder (0.919) | MONDO:0043885 eye infectious disorder (0.911) | MONDO:7770651 eye defects, domestic cat (0.900) | MONDO:0005328 eye disorder (0.895) | MONDO:0000926 eye accommodation disease (0.893) | MONDO:0003382 eyelid disorder (lex)",
eye disorders,1,MONDO:0005328,eye disorder,judged,"MONDO:0005283 retinal disorder (0.931) | MONDO:7770651 eye defects, domestic cat (0.920) | MONDO:0004884 eye degenerative disorder (0.917) | MONDO:0043885 eye infectious disorder (0.905) | MONDO:0000926 eye accommodation disease (0.899) | MONDO:0005328 eye disorder (0.897) | MONDO:0003382 eyelid disorder (lex)",
familial hypercholesterolemia,2,MONDO:0005439,familial hypercholesterolemia,exact,"MONDO:0011369 hypercholesterolemia, autosomal dominant, 3 (0.954) | MONDO:0005439 familial hypercholesterolemia (0.948) | MONDO:0018473 hyperlipoproteinemia type 3 (0.934) | MONDO:0014412 hyperlipoproteinemia, type 1D (0.918) | MONDO:0007750 hypercholesterolemia, familial, 1 (0.914) | MONDO:0001336 familial hyperlipidemia (0.908)",
febrile illness,1,HP:0001945,Fever,judged,"MONDO:0015584 febrile infection-related epilepsy syndrome (0.924) | MONDO:0000032 febrile seizures, familial (0.909) | MONDO:0000023 infantile liver failure (0.893) | MONDO:0009225 fever, familial lifelong persistent (0.874) | MONDO:0024566 febrile seizures, familial, 11 (0.873) | MONDO:0012972 febrile seizures, familial, 10 (0.872) | MONDO:0005358 Dengue hemorrhagic fever (lex)",
fetal growth restriction,1,MONDO:0005030,fetal growth restriction,exact,"MONDO:0005030 fetal growth restriction (0.916) | MONDO:0800042 restrictive dermopathy 1 (0.876) | MONDO:1017051 fetal oversize dystocia, non-human animal (0.855) | MONDO:0006663 perinatal asphyxia (0.847) | MONDO:0008824 fetal akinesia deformation sequence (0.846) | MONDO:0014663 Silver-Russell syndrome 3 (0.846) | MONDO:0011308 GRACILE syndrome (lex)",
fibromuscular dysplasia,4,MONDO:0006761,fibromuscular dysplasia,exact,"MONDO:0980998 fibromuscular dysplasia of the renal arteries (0.958) | MONDO:0980999 fibromuscular dysplasia of the coronary arteries (0.955) | MONDO:0006761 fibromuscular dysplasia (0.955) | MONDO:0859151 fibromuscular dysplasia, multifocal (0.954) | MONDO:0981000 fibromuscular dysplasia of the visceral arteries (0.952) | MONDO:0981001 fibromuscular dysplasia of the arteries of the extremities (0.949)",
first demyelinating event,1,MONDO:0020800,demyelinating disease of central nervous system,judged,"MONDO:0020800 demyelinating disease of central nervous system (0.815) | MONDO:1012987 demyelinating disease, non-human animal (0.789) | MONDO:0003334 demyelinating polyneuropathy (0.786) | MONDO:0013382 progressive demyelinating neuropathy with bilateral striatal necrosis (0.784) | MONDO:0800491 early-infantile DEE (0.775) | MONDO:0020347 acute inflammatory demyelinating polyradiculoneuropathy (0.775)",clinically isolated syndrome
focal segmental glomerulosclerosis,1,MONDO:0100313,focal segmental glomerulosclerosis,exact,MONDO:0011390 focal segmental glomerulosclerosis 2 (0.954) | MONDO:0014539 focal segmental glomerulosclerosis 9 (0.952) | MONDO:0011303 focal segmental glomerulosclerosis 1 (0.952) | MONDO:0013589 focal segmental glomerulosclerosis 6 (0.952) | MONDO:0014462 focal segmental glomerulosclerosis 8 (0.952) | MONDO:0014451 focal segmental glomerulosclerosis 7 (0.952) | MONDO:0100313 focal segmental glomerulosclerosis (lex),
follicular lymphoma,1,MONDO:0018906,follicular lymphoma,exact,"MONDO:0980759 follicular lymphoma, susceptibility to (0.935) | MONDO:0018906 follicular lymphoma (0.918) | MONDO:0011508 lymphoma, non-Hodgkin, familial (0.904) | MONDO:0700390 follicular lymphoma, susceptibility to, 2 (0.904) | MONDO:0013088 follicular lymphoma, susceptibility to, 1 (0.903) | MONDO:0005764 follicular dendritic cell sarcoma (0.898)",
fracture,5,MONDO:0005315,bone fracture,exact,"MONDO:0005315 bone fracture (0.954) | MONDO:0005319 humerus fracture (0.951) | MONDO:0043589 femoral neck fracture (0.919) | MONDO:1015630 fracture, simple, non-human animal (0.914) | MONDO:1015620 fracture, incomplete, non-human animal (0.914) | MONDO:1015380 fracture healing, non-human animal (0.911) | MONDO:0014806 spinal muscular atrophy with congenital bone fractures 1 (lex)",
fractures,2,MONDO:0005315,bone fracture,judged,"MONDO:0005319 humerus fracture (0.949) | MONDO:0005315 bone fracture (0.947) | MONDO:0043589 femoral neck fracture (0.914) | MONDO:1015630 fracture, simple, non-human animal (0.909) | MONDO:1015380 fracture healing, non-human animal (0.908) | MONDO:1015620 fracture, incomplete, non-human animal (0.906) | MONDO:0014806 spinal muscular atrophy with congenital bone fractures 1 (lex)",
fragility fractures,1,MONDO:0005315,bone fracture,judged,"MONDO:0043589 femoral neck fracture (0.871) | MONDO:0005319 humerus fracture (0.869) | MONDO:0005315 bone fracture (0.869) | MONDO:1015630 fracture, simple, non-human animal (0.855) | MONDO:1015639 fracture of pelvis, non-human animal (0.854) | MONDO:1015644 fracture of vertebral column, non-human animal (0.852) | MONDO:0700047 premenopausal osteoporosis (lex) | MONDO:0008151 gnathodiaphyseal dysplasia (lex)",osteoporotic
frontotemporal dementia,3,MONDO:0017276,frontotemporal dementia,exact,"MONDO:0017161 frontotemporal dementia with motor neuron disease (0.953) | MONDO:0007105 frontotemporal dementia and/or amyotrophic lateral sclerosis 1 (0.950) | MONDO:0017399 frontotemporal dementia, right temporal atrophy variant (0.948) | MONDO:7770324 frontotemporal dementia, macaque (0.946) | MONDO:0030923 frontotemporal dementia and/or amyotrophic lateral sclerosis (0.945) | MONDO:0030872 frontotemporal dementia and/or amyotrophic lateral sclerosis 8 (0.938) | MONDO:0017276 frontotemporal dementia (lex)",
frontotemporal lobar degeneration with TDP-43 inclusions,1,MONDO:0700038,TDP-43 proteinopathy,judged,"MONDO:0012790 amyotrophic lateral sclerosis type 10 (0.904) | MONDO:0014640 frontotemporal dementia and/or amyotrophic lateral sclerosis 3 (0.892) | MONDO:0014641 frontotemporal dementia and/or amyotrophic lateral sclerosis 4 (0.891) | MONDO:0014395 frontotemporal dementia and/or amyotrophic lateral sclerosis 2 (0.890) | MONDO:0007105 frontotemporal dementia and/or amyotrophic lateral sclerosis 1 (0.890) | MONDO:7770263 frontotemporal dementia and/or amyotrophic lateral sclerosis 1, macaque (0.888) | MONDO:0700038 TDP-43 proteinopathy (lex)",
gallbladder carcinoma,1,MONDO:0003220,gallbladder carcinoma,exact,"MONDO:0003220 gallbladder carcinoma (0.925) | MONDO:0000373 gall bladder carcinoma in situ (0.919) | MONDO:0002667 gallbladder signet ring cell adenocarcinoma (0.917) | MONDO:1013307 gallbladder adenocarcinoma, non-human animal (0.915) | MONDO:0018918 carcinoma of gallbladder and extrahepatic biliary tract (0.911) | MONDO:0006215 gallbladder adenocarcinoma (0.910) | MONDO:0006476 undifferentiated gallbladder carcinoma (lex)",
gastric and gastroesophageal junction adenocarcinoma,1,MONDO:0005036,gastric adenocarcinoma,judged,"MONDO:0017790 gastric adenocarcinoma and proximal polyposis of the stomach (0.924) | MONDO:1013271 gastric adenocarcinoma, non-human animal (0.914) | MONDO:0005036 gastric adenocarcinoma (0.907) | MONDO:0003219 gastroesophageal junction adenocarcinoma (0.906) | MONDO:0005037 gastric intestinal type adenocarcinoma (0.905) | MONDO:0850130 gastroesophageal adenocarcinoma (0.901)",and gastroesophageal junction adenocarcinoma (MONDO:0003219)
gastric cancer,3,MONDO:0001056,gastric cancer,exact,"MONDO:0100488 CDH1-related diffuse gastric and lobular breast cancer syndrome (0.945) | MONDO:0001056 gastric cancer (0.943) | MONDO:0004716 stomach carcinoma in situ (0.942) | MONDO:0005036 gastric adenocarcinoma (0.926) | MONDO:1013293 gastric carcinoma, non-human animal (0.924) | MONDO:0006227 gastric neuroendocrine tumor G1 (0.923) | MONDO:0018502 hereditary gastric cancer (lex)",
gastric cardia adenocarcinoma,1,MONDO:0003835,gastric cardia adenocarcinoma,exact,"MONDO:0003835 gastric cardia adenocarcinoma (0.945) | MONDO:0017790 gastric adenocarcinoma and proximal polyposis of the stomach (0.911) | MONDO:1013271 gastric adenocarcinoma, non-human animal (0.904) | MONDO:0021294 carcinoma in situ of gastric cardia (0.903) | MONDO:0005036 gastric adenocarcinoma (0.895) | MONDO:0005037 gastric intestinal type adenocarcinoma (0.892)",
gastric cardia cancer,1,MONDO:0003834,gastric cardia carcinoma,exact,MONDO:0003835 gastric cardia adenocarcinoma (0.933) | MONDO:0021294 carcinoma in situ of gastric cardia (0.926) | MONDO:0003834 gastric cardia carcinoma (0.913) | MONDO:0004716 stomach carcinoma in situ (0.890) | MONDO:0001056 gastric cancer (0.887) | MONDO:0100488 CDH1-related diffuse gastric and lobular breast cancer syndrome (0.883),
gastric noncardia adenocarcinoma,1,MONDO:0005036,gastric adenocarcinoma,judged,"MONDO:1013271 gastric adenocarcinoma, non-human animal (0.924) | MONDO:0017790 gastric adenocarcinoma and proximal polyposis of the stomach (0.902) | MONDO:0003835 gastric cardia adenocarcinoma (0.900) | MONDO:0005036 gastric adenocarcinoma (0.899) | MONDO:0005037 gastric intestinal type adenocarcinoma (0.890) | MONDO:1013323 gastric adenoma, non-human animal (0.884)",non-cardia
gastrointestinal malignancies,1,MONDO:0002516,digestive system cancer,judged,"MONDO:0021223 digestive system neoplasm (0.907) | MONDO:0006181 digestive system carcinoma (0.901) | MONDO:0002516 digestive system cancer (0.896) | MONDO:0045070 digestive system melanoma (0.888) | MONDO:0011719 gastrointestinal stromal tumor (0.886) | MONDO:0005814 intestinal cancer (0.878) | MONDO:0000386 digestive system neuroendocrine tumor, grade 1/2 (lex)",
gastroparesis,1,MONDO:0006769,gastroparesis,exact,"MONDO:0006769 gastroparesis (0.936) | MONDO:0007186 gastroesophageal reflux disease (0.855) | MONDO:0850129 gastroesophageal cancer (0.846) | MONDO:0007647 gastric volvulus, intrathoracic (0.846) | MONDO:0001561 pyloric stenosis (0.846) | MONDO:0002569 gastric dilatation (0.843) | MONDO:0034150 idiopathic gastroparesis (lex)",
genetic generalised epilepsy,1,MONDO:0005579,idiopathic generalized epilepsy,judged,"MONDO:0800489 genetic epilepsy with febrile seizures plus spectrum (0.921) | MONDO:0018214 generalized epilepsy with febrile seizures plus (0.920) | MONDO:0011891 febrile seizures, familial, 8 (0.907) | MONDO:0011231 febrile seizures, familial, 2 (0.906) | MONDO:0958324 generalized epilepsy with febrile seizures plus, type 12 (0.901) | MONDO:0014517 generalized epilepsy with febrile seizures plus, type 9 (0.901) | MONDO:0005579 idiopathic generalized epilepsy (lex)",
Genetic Generalized Epilepsy,1,MONDO:0100575,genetic generalized epilepsy,exact,"MONDO:0800489 genetic epilepsy with febrile seizures plus spectrum (0.873) | MONDO:0018214 generalized epilepsy with febrile seizures plus (0.873) | MONDO:0011891 febrile seizures, familial, 8 (0.845) | MONDO:0011231 febrile seizures, familial, 2 (0.842) | MONDO:0958324 generalized epilepsy with febrile seizures plus, type 12 (0.842) | MONDO:0032777 generalized epilepsy with febrile seizures plus, type 10 (0.842) | MONDO:0100575 genetic generalized epilepsy (lex) | MONDO:0800498 childhood-onset genetic generalized epilepsy syndrome (lex)",
genito-urinary tumor,1,MONDO:0006295,malignant urinary system neoplasm,judged,MONDO:0025370 obsolete urogenital neoplasm [obsolete] (0.902) | MONDO:0021145 obsolete disorder of genitourinary system [obsolete] (0.873) | MONDO:0006002 urogenital tuberculosis (0.859) | MONDO:0003791 prostatic urethral cancer (0.857) | MONDO:0001187 urinary bladder cancer (0.856) | MONDO:0004197 male urethral cancer (0.854),urinary tract; genital tumours not covered
germinal-center B-cell derived lymphoma,1,MONDO:0850419,diffuse large B-cell lymphoma germinal center B-cell type,judged,"MONDO:0850419 diffuse large B-cell lymphoma germinal center B-cell type (0.885) | MONDO:0003658 B-cell lymphoma, unclassifiable, with features intermediate between diffuse large b-cell lymphoma and classical Hodgkin lymphoma (0.844) | MONDO:0004152 chronic lymphocytic leukemia/small lymphocytic lymphoma with immunoglobulin heavy chain variable-region gene somatic hypermutation (0.833) | MONDO:0020323 primary mediastinal large B-cell lymphoma (0.833) | MONDO:0017604 marginal zone lymphoma (0.825) | MONDO:0004020 mediastinal gray zone lymphoma (0.825)",the germinal-centre type of diffuse large B-cell lymphoma; follicular and Burkitt lymphomas are also germinal-centre derived
gestational diabetes,1,MONDO:0005406,gestational diabetes,exact,MONDO:0005406 gestational diabetes (0.948) | MONDO:0023227 gestational diabetes insipidus (0.947) | MONDO:0018944 gestational trophoblastic neoplasm (0.838) | MONDO:0006558 pemphigoid gestationis (0.826) | MONDO:0020550 gestational choriocarcinoma (0.819) | MONDO:0016391 neonatal diabetes mellitus (0.819),
gestational diabetes mellitus,6,MONDO:0005406,gestational diabetes,exact,"MONDO:0005406 gestational diabetes (0.951) | MONDO:0023227 gestational diabetes insipidus (0.940) | MONDO:0012480 diabetes mellitus, transient neonatal, 2 (0.837) | MONDO:0011073 diabetes mellitus, transient neonatal, 1 (0.835) | MONDO:0012522 diabetes mellitus, transient neonatal, 3 (0.835) | MONDO:0016391 neonatal diabetes mellitus (0.834)",
gingivobuccal cancer of the oral cavity,1,MONDO:0005515,oral cavity cancer,judged,"MONDO:1014183 oral gingival squamous cell carcinoma, non-human animal (0.894) | MONDO:0004615 upper gum cancer (0.876) | MONDO:0004713 lower gum cancer (0.876) | MONDO:0000371 oral cavity carcinoma in situ (0.857) | MONDO:0004958 oral cavity squamous cell carcinoma (0.849) | MONDO:1013252 gingival neoplasm, non-human animal (0.848)",gingivobuccal
glaucoma,5,MONDO:0005041,glaucoma,exact,"MONDO:1011510 glaucoma, dog (0.955) | MONDO:1011512 glaucoma, horse (0.950) | MONDO:1011516 glaucoma, rabbit (0.948) | MONDO:1011511 glaucoma, domestic cat (0.942) | MONDO:1011514 glaucoma, owls (0.940) | MONDO:0020367 juvenile open angle glaucoma (0.940) | MONDO:0005041 glaucoma (lex) | MONDO:0006837 low tension glaucoma (lex)",
glioma,4,MONDO:0021042,glioma,exact,MONDO:0100342 malignant glioma (0.954) | MONDO:0003268 mixed glioma (0.949) | MONDO:0021637 low grade glioma (0.948) | MONDO:0100242 glioma susceptibility (0.940) | MONDO:0018177 glioblastoma (0.939) | MONDO:0013093 glioma susceptibility 3 (0.938) | MONDO:0021042 glioma (lex) | MONDO:0003869 childhood brain stem glioma (lex),
gout,1,MONDO:0005393,gout,exact,"MONDO:0005393 gout (0.933) | MONDO:1013490 gout, non-human animal (0.908) | MONDO:0000608 familial juvenile hyperuricemic nephropathy (0.881) | MONDO:0010395 phosphoribosylpyrophosphate synthetase superactivity (0.823) | MONDO:0023297 guttate psoriasis (0.788) | MONDO:0002155 cholecystitis (0.776) | MONDO:0014007 Aicardi-Goutieres syndrome 6 (lex)",
haematological malignancy,1,MONDO:0044881,hematopoietic and lymphoid cell neoplasm,judged,MONDO:0044881 hematopoietic and lymphoid cell neoplasm (0.945) | MONDO:0003641 central nervous system hematopoietic neoplasm (0.924) | MONDO:0002334 hematopoietic and lymphoid system neoplasm (0.907) | MONDO:0005570 hematologic disorder (0.892) | MONDO:0004948 B-cell chronic lymphocytic leukemia (0.871) | MONDO:0011996 chronic myeloid leukemia (0.858),
hay fever,2,MONDO:0005324,seasonal allergic rhinitis,exact,"MONDO:0005324 seasonal allergic rhinitis (0.860) | MONDO:1011130 allergic rhinitis, cattle (0.855) | MONDO:0100177 allergic rhinitis, susceptibility to (0.852) | MONDO:1010284 allergic rhinitis, non-human animal (0.846) | MONDO:0011786 allergic rhinitis (0.838) | MONDO:0700226 food allergy (0.814) | MONDO:0001971 farmer's lung disease (lex)",
head and neck cancer,5,MONDO:0005627,head and neck cancer,exact,MONDO:0005627 head and neck cancer (0.932) | MONDO:0010150 head and neck squamous cell carcinoma (0.931) | MONDO:0005586 head and neck neoplasm (0.924) | MONDO:0002038 head and neck carcinoma (0.882) | MONDO:0001372 bladder neck cancer (0.859) | MONDO:0021351 neoplasm of neck (0.856) | MONDO:0015075 thyroid gland carcinoma (lex),
head and neck squamous cell carcinoma,1,MONDO:0010150,head and neck squamous cell carcinoma,exact,MONDO:0010150 head and neck squamous cell carcinoma (0.930) | MONDO:0004394 maxillary sinus squamous cell carcinoma (0.897) | MONDO:0005627 head and neck cancer (0.896) | MONDO:0044705 paranasal sinus squamous cell carcinoma (0.888) | MONDO:0005586 head and neck neoplasm (0.887) | MONDO:0044704 oropharynx squamous cell carcinoma (0.887) | MONDO:0002038 head and neck carcinoma (lex),
headache,1,MONDO:0021146,headache disorder,judged,"MONDO:0021146 headache disorder (0.932) | MONDO:0011848 headache associated with sexual activity (0.904) | MONDO:0021059 obsolete head or neck disorder/disorder [obsolete] (0.839) | MONDO:0800482 head injury (0.835) | MONDO:0005042 obsolete head disorder [obsolete] (0.835) | MONDO:1016341 headshaking, non-human animal (0.812) | MONDO:0043537 cluster headache syndrome (lex)",
heart failure,7,MONDO:0005252,heart failure,exact,"MONDO:0005009 congestive heart failure (0.955) | MONDO:1013068 heart failure, non-human animal (0.928) | MONDO:0005252 heart failure (0.898) | MONDO:0005267 heart disorder (0.888) | MONDO:0002869 heart valve disorder (0.882) | MONDO:0006955 rheumatic heart disease (0.874) | MONDO:0001899 rheumatic congestive heart failure (lex)",
hematologic malignancies,1,MONDO:0044881,hematopoietic and lymphoid cell neoplasm,judged,"MONDO:0044881 hematopoietic and lymphoid cell neoplasm (0.941) | MONDO:0003641 central nervous system hematopoietic neoplasm (0.921) | MONDO:0005570 hematologic disorder (0.904) | MONDO:0002334 hematopoietic and lymphoid system neoplasm (0.901) | MONDO:0004948 B-cell chronic lymphocytic leukemia (0.885) | MONDO:1011319 hematologic disorder, non-human animal (0.874) | MONDO:0014809 DDX41-related hematologic malignancy predisposition syndrome (lex)",
hematological malignancy,1,MONDO:0044881,hematopoietic and lymphoid cell neoplasm,judged,MONDO:0044881 hematopoietic and lymphoid cell neoplasm (0.942) | MONDO:0003641 central nervous system hematopoietic neoplasm (0.921) | MONDO:0005570 hematologic disorder (0.900) | MONDO:0002334 hematopoietic and lymphoid system neoplasm (0.897) | MONDO:0004948 B-cell chronic lymphocytic leukemia (0.887) | MONDO:0011996 chronic myeloid leukemia (0.875) | MONDO:0014809 DDX41-related hematologic malignancy predisposition syndrome (lex),
hemophilia,2,MONDO:0018660,hemophilia,exact,"MONDO:0019139 acquired hemophilia (0.933) | MONDO:1011523 hemophilia A, horse (0.928) | MONDO:1011524 hemophilia A, pig (0.927) | MONDO:0010602 hemophilia A (0.926) | MONDO:0010604 hemophilia B (0.918) | MONDO:0043240 hemophilic arthropathy (0.918) | MONDO:0018660 hemophilia (lex)",
hepatitis B,1,MONDO:0005344,hepatitis B virus infection,exact,"MONDO:0005366 chronic hepatitis B virus infection (0.964) | MONDO:0005344 hepatitis B virus infection (0.962) | MONDO:0012488 hepatitis B virus, susceptibility to (0.956) | MONDO:0005231 hepatitis C virus infection (0.921) | MONDO:0005354 chronic hepatitis C virus infection (0.921) | MONDO:0005789 hepatitis D virus infection (0.921) | MONDO:0002514 hepatobiliary neoplasm (lex)",
hepatitis C,1,MONDO:0005231,hepatitis C virus infection,judged,"MONDO:0005354 chronic hepatitis C virus infection (0.962) | MONDO:0005231 hepatitis C virus infection (0.960) | MONDO:0012292 hepatitis C virus, susceptibility to (0.949) | MONDO:0005448 hepatitis C induced liver cirrhosis (0.943) | MONDO:0005366 chronic hepatitis B virus infection (0.925) | MONDO:0005344 hepatitis B virus infection (0.923) | MONDO:0007256 hepatocellular carcinoma (lex) | MONDO:0006210 fibrolamellar hepatocellular carcinoma (lex)",
hepatocellular carcinoma,1,MONDO:0007256,hepatocellular carcinoma,exact,"MONDO:0007256 hepatocellular carcinoma (0.954) | MONDO:0006210 fibrolamellar hepatocellular carcinoma (0.948) | MONDO:0016216 adult hepatocellular carcinoma (0.948) | MONDO:1015242 hepatocellular carcinoma, non-human animal (0.941) | MONDO:1015243 hepatocellular carcinoma in situ, non-human animal (0.933) | MONDO:0003243 hepatocellular clear cell carcinoma (0.920)",
HER2-positive breast cancer,3,MONDO:0006244,HER2 positive breast carcinoma,judged,MONDO:0006244 HER2 positive breast carcinoma (0.957) | MONDO:0000618 Her2-receptor negative breast cancer (0.912) | MONDO:0700078 triple-positive breast carcinoma (0.909) | MONDO:0700079 hormone receptor-positive breast cancer (0.901) | MONDO:0016419 hereditary breast carcinoma (0.839) | MONDO:0003582 hereditary breast ovarian cancer syndrome (0.834),
hereditary breast and ovarian cancer syndrome,1,MONDO:0003582,hereditary breast ovarian cancer syndrome,exact,"MONDO:0011450 breast-ovarian cancer, familial, susceptibility to, 1 (0.961) | MONDO:0003582 hereditary breast ovarian cancer syndrome (0.960) | MONDO:0012933 breast-ovarian cancer, familial, susceptibility to, 2 (0.960) | MONDO:0013253 breast-ovarian cancer, familial, susceptibility to, 3 (0.955) | MONDO:0013669 breast-ovarian cancer, familial, susceptibility to, 4 (0.955) | MONDO:0015356 hereditary neoplastic syndrome (0.902)",
hereditary non-polyposis colorectal cancer,1,MONDO:0005835,Lynch syndrome,judged,"MONDO:0007356 Lynch syndrome 1 (0.957) | MONDO:0018630 hereditary nonpolyposis colon cancer (0.950) | MONDO:0013710 Lynch syndrome 5 (0.944) | MONDO:0013699 Lynch syndrome 4 (0.943) | MONDO:1012804 hereditary nonpolyposis colorectal cancer, MSH6-related, rhesus monkey (0.943) | MONDO:0013196 Lynch syndrome 8 (0.942) | MONDO:0005835 Lynch syndrome (lex)",
hereditary spastic paraplegia,1,MONDO:0019064,hereditary spastic paraplegia,exact,MONDO:0010733 hereditary spastic paraplegia 2 (0.956) | MONDO:0011522 hereditary spastic paraplegia 14 (0.956) | MONDO:0011339 hereditary spastic paraplegia 8 (0.956) | MONDO:0012256 hereditary spastic paraplegia 28 (0.956) | MONDO:0010878 hereditary spastic paraplegia 6 (0.956) | MONDO:0011803 hereditary spastic paraplegia 7 (0.956) | MONDO:0019064 hereditary spastic paraplegia (lex),
heroin dependence,2,MONDO:0005367,heroin dependence,exact,"MONDO:0005367 heroin dependence (0.892) | MONDO:0012402 opioid dependence, susceptibility to, 1 (0.827) | MONDO:0100518 hereditary attention deficit-hyperactivity disorder (0.787) | MONDO:0005530 opiate dependence (0.781) | MONDO:0005567 substance withdrawal syndrome (0.769) | MONDO:0100554 hereditary narcolepsy (0.764)",
hidradenitis suppurativa,1,MONDO:0006559,hidradenitis suppurativa,exact,MONDO:0006559 hidradenitis suppurativa (0.951) | MONDO:0006245 hidradenocarcinoma (0.889) | MONDO:0003446 papillary hidradenoma (0.888) | MONDO:0002260 hidradenitis (0.877) | MONDO:0024516 familial acne inversa (0.870) | MONDO:0002805 hidradenoma (0.863),
high myopia,1,MONDO:0001384,myopia,judged,"MONDO:0009082 high myopia-sensorineural deafness syndrome (0.890) | MONDO:0013670 myopia, high, with cataract and vitreoretinal degeneration (0.878) | MONDO:0012932 myopia 16, autosomal dominant (0.846) | MONDO:0009713 myopia 18, autosomal recessive (0.845) | MONDO:0012995 myopia 15, autosomal dominant (0.844) | MONDO:0014411 myopia 24, autosomal dominant (0.844)",high
high-grade glioma,1,MONDO:0100342,malignant glioma,exact,MONDO:0100342 malignant glioma (0.923) | MONDO:0858958 high-grade astrocytoma with piloid features (0.902) | MONDO:0016680 high grade astrocytic tumor (0.894) | MONDO:0020665 high grade malignant neoplasm (0.874) | MONDO:0002501 brain glioblastoma (0.870) | MONDO:0018177 glioblastoma (0.862) | MONDO:1010030 pediatric high-grade glioma (lex),
high-grade serous ovarian cancer,1,MONDO:0005211,ovarian serous adenocarcinoma,judged,MONDO:0005211 ovarian serous adenocarcinoma (0.881) | MONDO:0020662 borderline ovarian serous tumor (0.878) | MONDO:0024885 malignant ovarian serous tumor (0.876) | MONDO:0003874 ovarian serous surface papillary adenocarcinoma (0.869) | MONDO:0006046 ovarian serous cystadenocarcinoma (0.867) | MONDO:0018364 malignant epithelial tumor of ovary (0.862),high-grade
HIV,2,MONDO:0005109,HIV infectious disease,judged,MONDO:0004951 susceptibility to HIV infection (0.928) | MONDO:0018628 HIV-associated cancer (0.923) | MONDO:0005109 HIV infectious disease (0.923) | MONDO:0005796 HIV enteropathy (0.904) | MONDO:0005695 central nervous system AIDS arteritis (0.903) | MONDO:0005798 HIV-associated nephropathy (0.892) | MONDO:0020689 AIDS dementia complex (lex),
HIV infection,11,MONDO:0005109,HIV infectious disease,exact,MONDO:0004951 susceptibility to HIV infection (0.948) | MONDO:0005109 HIV infectious disease (0.928) | MONDO:0005695 central nervous system AIDS arteritis (0.911) | MONDO:0018628 HIV-associated cancer (0.910) | MONDO:0005796 HIV enteropathy (0.897) | MONDO:0005797 HIV wasting syndrome (0.895),
HIV-1 infection,5,MONDO:0005109,HIV infectious disease,judged,MONDO:0004951 susceptibility to HIV infection (0.954) | MONDO:0005695 central nervous system AIDS arteritis (0.916) | MONDO:0005109 HIV infectious disease (0.878) | MONDO:0018628 HIV-associated cancer (0.870) | MONDO:0005798 HIV-associated nephropathy (0.855) | MONDO:0005796 HIV enteropathy (0.852) | MONDO:0005797 HIV wasting syndrome (lex),
Hodgkin lymphoma,3,MONDO:0004952,Hodgkins lymphoma,exact,"MONDO:0004620 Hodgkin's lymphoma, lymphocytic depletion (0.961) | MONDO:0004604 Hodgkin's lymphoma, lymphocytic-histiocytic predominance (0.959) | MONDO:0004665 nodular sclerosis classical Hodgkin lymphoma (0.953) | MONDO:0006429 splenic hodgkin lymphoma (0.951) | MONDO:0004633 Hodgkin's lymphoma, mixed cellularity (0.949) | MONDO:0004952 Hodgkins lymphoma (0.933)",
hormone receptor-positive metastatic breast cancer,1,MONDO:0700079,hormone receptor-positive breast cancer,judged,MONDO:0700078 triple-positive breast carcinoma (0.915) | MONDO:0700079 hormone receptor-positive breast cancer (0.898) | MONDO:0006512 estrogen-receptor positive breast cancer (0.847) | MONDO:0056813 hormone-resistant breast carcinoma (0.837) | MONDO:0006244 HER2 positive breast carcinoma (0.831) | MONDO:0000615 progesterone-receptor positive breast cancer (0.811),metastatic
HPV infection,1,MONDO:0005161,human papilloma virus infection,judged,"MONDO:0020657 human papillomavirus-related squamous cell carcinoma (0.903) | MONDO:0005161 human papilloma virus infection (0.893) | MONDO:0020656 human papillomavirus-related penile squamous cell carcinoma (0.875) | MONDO:1015006 papillomavirus infection, non-human animal (0.804) | MONDO:0971177 immunodeficiency 123 with HPV-related verrucosis (0.800) | MONDO:0005647 anogenital human papillomavirus infection (0.792) | MONDO:0005153 cervical adenocarcinoma (lex) | MONDO:0006143 cervical squamous cell carcinoma (lex)",
human African trypanosomiasis (sleeping sickness),1,MONDO:0005459,human African trypanosomiasis,judged,"MONDO:0005459 human African trypanosomiasis (0.923) | MONDO:0700213 trypanosomiasis, non-human animal (0.862) | MONDO:0025271 trypanosomiasis, bovine (0.853) | MONDO:0000940 trypanosomiasis (0.843) | MONDO:1016743 Trypanosoma cruzi infection, non-human animal (0.837) | MONDO:0021941 infection by Trypanosoma rhodesiense (0.835)",
hyperopia,1,MONDO:0004891,hyperopia,exact,"MONDO:0009392 hyperopia, high (0.944) | MONDO:0004891 hyperopia (0.892) | MONDO:0009386 hyperlexia (0.835) | MONDO:0001534 ocular hyperemia (0.832) | MONDO:0007778 obsolete hypertelorism [obsolete] (0.824) | MONDO:0007774 hyperreflexia (0.820)",
hypertension,17,MONDO:0005044,hypertensive disorder,judged,"MONDO:0024664 hypertension, pregnancy-induced (0.943) | MONDO:0005044 hypertensive disorder (0.932) | MONDO:0007781 essential hypertension, genetic (0.931) | MONDO:0001302 hypertensive heart disease (0.927) | MONDO:0006797 hypertensive retinopathy (0.925) | MONDO:0024633 hypertensive nephropathy (0.924)",
hypertensive kidney disease,1,MONDO:0024633,hypertensive nephropathy,judged,"MONDO:0001304 benign hypertensive renal disease (0.942) | MONDO:0024633 hypertensive nephropathy (0.915) | MONDO:0024664 hypertension, pregnancy-induced (0.888) | MONDO:1013856 renal hypertension, non-human animal (0.885) | MONDO:1013206 hypertensive retinopathy, non-human animal (0.883) | MONDO:0019162 pseudohypoaldosteronism type 2 (0.879) | MONDO:1060216 TSEN2-related neurodevelopmental disorder with or without thrombotic microangiopathy (lex)",
hypertriglyceridemia,1,MONDO:0005347,hypertriglyceridemia,exact,"MONDO:0007788 hypertriglyceridemia 1 (0.957) | MONDO:1011537 hypertriglyceridemia, dog (0.955) | MONDO:0859149 hypertriglyceridemia 2 (0.953) | MONDO:1011538 hypertriglyceridemia, domestic cat (0.950) | MONDO:1011417 hypertriglyceridemia, non-human animal (0.947) | MONDO:0005347 hypertriglyceridemia (0.945) | MONDO:0013771 transient infantile hypertriglyceridemia and hepatosteatosis (lex)",
hypertrophic cardiomyopathy,2,MONDO:0005045,hypertrophic cardiomyopathy,exact,"MONDO:1010458 hypertrophic cardiomyopathy, dog (0.959) | MONDO:1010460 hypertrophic cardiomyopathy, pig (0.959) | MONDO:1010462 hypertrophic cardiomyopathy, cattle (0.957) | MONDO:0008647 hypertrophic cardiomyopathy 1 (0.954) | MONDO:1010459 hypertrophic cardiomyopathy, domestic cat (0.953) | MONDO:0013474 hypertrophic cardiomyopathy 17 (0.952) | MONDO:0005045 hypertrophic cardiomyopathy (lex)",
idiopathic inflammatory myopathies,1,MONDO:0020122,acquired idiopathic inflammatory myopathy,exact,MONDO:0020122 acquired idiopathic inflammatory myopathy (0.939) | MONDO:0600023 idiopathic inflammatory myopathy (0.916) | MONDO:0002644 idiopathic granulomatous myositis (0.881) | MONDO:0016610 idiopathic eosinophilic myositis (0.870) | MONDO:0001073 idiopathic progressive polyneuropathy (0.856) | MONDO:0016098 immune-mediated necrotizing myopathy (0.849),
idiopathic pulmonary fibrosis,1,MONDO:0800504,idiopathic pulmonary fibrosis,exact,"MONDO:0800497 interstitial lung disease 2 (0.954) | MONDO:1011543 idiopathic pulmonary fibrosis, dog (0.951) | MONDO:1011544 idiopathic pulmonary fibrosis, domestic cat (0.947) | MONDO:1011451 idiopathic pulmonary fibrosis, non-human animal (0.943) | MONDO:0800504 idiopathic pulmonary fibrosis (0.928) | MONDO:0002429 idiopathic interstitial pneumonia (0.911)",
idiopathic subglottic stenosis,1,MONDO:0958099,idiopathic subglottic stenosis,exact,"MONDO:0958099 idiopathic subglottic stenosis (0.953) | MONDO:1017209 idiopathic laryngeal paralysis, non-human animal (0.868) | MONDO:0010148 Mounier-Kuhn syndrome (0.844) | MONDO:0019635 idiopathic achalasia (0.839) | MONDO:0016499 autoimmune autonomic ganglionopathy (0.839) | MONDO:0018956 idiopathic bronchiectasis (0.831)",
idiopathic thrombophilia,1,MONDO:0002305,thrombophilia,judged,"MONDO:0008558 autoimmune thrombocytopenic purpura (0.907) | MONDO:1014036 idiopathic thrombocytopenia, non-human animal (0.905) | MONDO:0010744 thrombocytopenia with elevated serum IgA and renal disease (0.846) | MONDO:0013144 hereditary antithrombin deficiency (0.846) | MONDO:1014725 idiopathic hemophagocytic syndrome, non-human animal (0.842) | MONDO:0100083 hereditary thrombocytopenia and hematological cancer predisposition syndrome associated with RUNX1 (0.841)",
infectious disease,1,MONDO:0005550,infectious disease,exact,"MONDO:0005550 infectious disease (0.953) | MONDO:0004369 renal infectious disease (0.950) | MONDO:0100336 obsolete infectious disease or post-infectious disorder [obsolete] (0.948) | MONDO:0700049 infectious disease, non-human animal (0.948) | MONDO:1040015 infectious disease with sepsis (0.945) | MONDO:0045034 infectious disease characteristic (0.942) | MONDO:0020753 Orthocoronavirinae infectious disease (lex)",
inflammatory bowel disease,10,MONDO:0005265,inflammatory bowel disease,exact,"MONDO:7770067 inflammatory bowel disease, dog (0.955) | MONDO:0011087 inflammatory bowel disease 2 (0.953) | MONDO:0011661 inflammatory bowel disease 5 (0.951) | MONDO:7770220 inflammatory bowel disease, horse (0.951) | MONDO:0009960 inflammatory bowel disease 1 (0.951) | MONDO:0013153 inflammatory bowel disease 28 (0.951) | MONDO:0005265 inflammatory bowel disease (lex)",
influenza,1,MONDO:0005812,influenza,exact,"MONDO:0005812 influenza (0.942) | MONDO:0013855 influenza, severe, susceptibility to (0.932) | MONDO:0005460 swine influenza (0.869) | MONDO:1014986 human influenza virus infection, non-human animal (0.845) | MONDO:0005108 viral infectious disease (0.808) | MONDO:0005550 infectious disease (0.806)",
insulin resistance,1,HP:0000855,Insulin resistance,judged,"MONDO:0005148 type 2 diabetes mellitus (0.932) | MONDO:1014621 insulin resistance, non-human animal (0.928) | MONDO:0016464 insulin-resistance syndrome type B (0.925) | MONDO:0012520 insulin-resistance syndrome type A (0.923) | MONDO:0015885 obsolete rare insulin-resistance syndrome [obsolete] (0.910) | MONDO:0005147 type 1 diabetes mellitus (0.874)",
interstitial lung disease,1,MONDO:0015925,interstitial lung disease,exact,MONDO:0017014 interstitial lung disease specific to childhood (0.943) | MONDO:0800497 interstitial lung disease 2 (0.939) | MONDO:0030608 interstitial lung disease 1 (0.938) | MONDO:0017019 interstitial lung disease specific to infancy (0.937) | MONDO:0017026 interstitial lung disease specific to adulthood (0.937) | MONDO:0018603 SFTPC-related interstitial lung disease (0.920) | MONDO:0015925 interstitial lung disease (lex),
intracerebral hemorrhage,2,MONDO:0013792,intracerebral hemorrhage,exact,"MONDO:0013792 intracerebral hemorrhage (0.915) | MONDO:0007154 arteriovenous malformations of the brain (0.910) | MONDO:0100533 hemorrhage, intracerebral, susceptibility to (0.895) | MONDO:0002328 intracranial hemangioma (0.882) | MONDO:0016483 intracranial berry aneurysm (0.882) | MONDO:0002907 intracranial thrombosis (0.880)",
intrauterine growth restriction,1,MONDO:0005030,fetal growth restriction,exact,"MONDO:0018573 intrauterine growth restriction-short stature-early adult-onset diabetes syndrome (0.908) | MONDO:1017026 intra-uterine growth retardation abortion/fetal death, non-human animal (0.905) | MONDO:0010900 intrauterine growth retardation with increased mitomycin c sensitivity (0.900) | MONDO:0005030 fetal growth restriction (0.894) | MONDO:0013873 IMAGe syndrome (0.863) | MONDO:0034991 intrauterine growth restriction-congenital multiple café-au-lait macules-increased sister chromatid exchange syndrome (0.862)",
invasive group A streptococcal disease,1,MONDO:0021680,streptococcal infection,judged,"MONDO:0011825 streptococcus, group A, severity of infection by (0.884) | MONDO:1014825 streptococcal septicemia, non-human animal (0.877) | MONDO:0011888 immunodeficiency 67 (0.866) | MONDO:0010386 immunodeficiency 33 (0.864) | MONDO:0035293 streptococcus pneumoniae-associated hemolytic uremic syndrome (0.861) | MONDO:1015027 Streptococcus pyogenes infection, non-human animal (0.857)",invasive group A
irritable bowel syndrome,2,MONDO:0005052,irritable bowel syndrome,exact,MONDO:0005052 irritable bowel syndrome (0.915) | MONDO:0859289 intestinal dysmotility syndrome (0.852) | MONDO:0021189 intestinal motility disease (0.845) | MONDO:0005020 intestinal disorder (0.827) | MONDO:0011087 inflammatory bowel disease 2 (0.827) | MONDO:0017574 chronic intestinal pseudoobstruction (0.827) | MONDO:0002802 functional colonic disease (lex),
ischaemic heart disease,1,MONDO:0024644,myocardial ischemia,exact,MONDO:0024644 myocardial ischemia (0.937) | MONDO:0005299 brain ischemia (0.904) | MONDO:0001538 retinal ischemia (0.902) | MONDO:0000491 limb ischemia (0.900) | MONDO:0005053 ischemic disease (0.878) | MONDO:0020675 ischemic bowel disorder (0.870),
ischaemic stroke,9,MONDO:1060198,ischemic stroke,exact,MONDO:0005264 transient ischemic attack (0.932) | MONDO:0020671 obsolete susceptibility to ischemic stroke [obsolete] (0.929) | MONDO:0005299 brain ischemia (0.914) | MONDO:1060198 ischemic stroke (0.904) | MONDO:0001538 retinal ischemia (0.898) | MONDO:0000491 limb ischemia (0.894) | MONDO:0018585 pediatric arterial ischemic stroke (lex),
ischemic cardiomyopathy,1,EFO:0001425,ischemic cardiomyopathy,judged,"MONDO:0024644 myocardial ischemia (0.904) | MONDO:1015832 ischemic myopathy, non-human animal (0.877) | MONDO:1016239 cardiomyopathy-induced heart failure, non-human animal (0.865) | MONDO:0001538 retinal ischemia (0.860) | MONDO:0005299 brain ischemia (0.859) | MONDO:0000491 limb ischemia (0.857) | MONDO:0019018 Tako-tsubo cardiomyopathy (lex)",only EFO defines it; HPO has only cardiomyopathy
ischemic heart disease,2,MONDO:0024644,myocardial ischemia,exact,MONDO:0024644 myocardial ischemia (0.943) | MONDO:0005299 brain ischemia (0.909) | MONDO:0001538 retinal ischemia (0.907) | MONDO:0000491 limb ischemia (0.905) | MONDO:0005053 ischemic disease (0.883) | MONDO:0020675 ischemic bowel disorder (0.875) | MONDO:0005542 acute coronary syndrome (lex),
ischemic stroke,15,MONDO:1060198,ischemic stroke,exact,MONDO:0020671 obsolete susceptibility to ischemic stroke [obsolete] (0.941) | MONDO:0005264 transient ischemic attack (0.928) | MONDO:0005299 brain ischemia (0.915) | MONDO:1060198 ischemic stroke (0.905) | MONDO:0001538 retinal ischemia (0.898) | MONDO:0000491 limb ischemia (0.895) | MONDO:0018585 pediatric arterial ischemic stroke (lex),
juvenile idiopathic arthritis,2,MONDO:0011429,juvenile idiopathic arthritis,exact,MONDO:0019435 rheumatoid factor-positive polyarticular juvenile idiopathic arthritis (0.948) | MONDO:0011429 juvenile idiopathic arthritis (0.925) | MONDO:0019432 rheumatoid factor-negative juvenile idiopathic arthritis (0.924) | MONDO:0018010 juvenile idiopathic inflammatory myopathy (0.923) | MONDO:0100076 juvenile idiopathic scoliosis (0.909) | MONDO:0016617 rheumatoid factor-negative juvenile idiopathic arthritis with anti-nuclear antibodies (0.909) | MONDO:0019434 systemic-onset juvenile idiopathic arthritis (lex),
keratoconus,1,MONDO:0015486,keratoconus,exact,MONDO:0012069 keratoconus 3 (0.946) | MONDO:0012158 keratoconus 2 (0.945) | MONDO:0012236 keratoconus 4 (0.944) | MONDO:0013831 keratoconus 6 (0.944) | MONDO:0013830 keratoconus 5 (0.943) | MONDO:0013832 keratoconus 8 (0.943) | MONDO:0015486 keratoconus (lex) | MONDO:0007851 keratoconus 1 (lex),
kidney allograft rejection,1,MONDO:1010185,transplant rejection,judged,"MONDO:0002492 acute kidney injury (0.821) | MONDO:0024327 chronic renal failure syndrome (0.817) | MONDO:1013779 kidney failure, non-human animal (0.817) | MONDO:0022529 BK-virus nephropathy (0.812) | MONDO:1012238 renal nephropathy, dog (0.808) | MONDO:1012237 renal insufficiency, dog (0.807)",kidney
kidney cancer,2,MONDO:0002367,kidney cancer,exact,"MONDO:0036511 childhood malignant kidney neoplasm (0.920) | MONDO:0004732 kidney carcinoma in situ (0.919) | MONDO:0005549 renal cell adenocarcinoma (0.906) | MONDO:1013146 kidney neoplasm, non-human animal (0.901) | MONDO:1013290 kidney carcinoma in situ, non-human animal (0.899) | MONDO:0002730 childhood kidney neoplasm (0.897) | MONDO:0002367 kidney cancer (lex)",
kidney disease,1,MONDO:0005240,kidney disorder,exact,MONDO:0005300 chronic kidney disease (0.955) | MONDO:0005240 kidney disorder (0.952) | MONDO:0024327 chronic renal failure syndrome (0.942) | MONDO:0002492 acute kidney injury (0.933) | MONDO:0004375 end stage renal failure (0.931) | MONDO:0002118 urinary system disorder (0.929) | MONDO:0008073 familial juvenile hyperuricemic nephropathy type 1 (lex) | MONDO:0010916 polycystic kidney disease 3 with or without polycystic liver disease (lex),
kidney failure,1,MONDO:0001106,kidney failure,exact,"MONDO:0024327 chronic renal failure syndrome (0.947) | MONDO:0002492 acute kidney injury (0.945) | MONDO:1013779 kidney failure, non-human animal (0.931) | MONDO:0005300 chronic kidney disease (0.918) | MONDO:0005240 kidney disorder (0.916) | MONDO:1012237 renal insufficiency, dog (0.907) | MONDO:0001106 kidney failure (lex)",
knee osteoarthritis,2,MONDO:0005416,"osteoarthritis, knee",judged,"MONDO:0005416 osteoarthritis, knee (0.897) | MONDO:1011159 osteoarthritis, koala (0.881) | MONDO:0006629 osteoarthritis, hip (0.877) | MONDO:0006631 osteoarthritis, toe (0.876) | MONDO:0006632 osteoarthritis, hand (0.873) | MONDO:1011160 osteoarthritis, dog (0.873) | MONDO:0019666 spondyloepimetaphyseal dysplasia, PAPSS2 type (lex)",
language impairment,1,MONDO:0004750,language disorder,judged,MONDO:0000724 specific language impairment (0.913) | MONDO:0004730 speech disorder (0.843) | MONDO:0004750 language disorder (0.832) | MONDO:0011780 specific language impairment 3 (0.817) | MONDO:0011711 specific language impairment 2 (0.816) | MONDO:0014184 specific language impairment 5 (0.816) | MONDO:0011710 specific language impairment 1 (lex),
late-onset Alzheimer's disease,1,MONDO:0004975,Alzheimer disease,judged,MONDO:0007089 Alzheimer disease 2 (0.921) | MONDO:0011401 Alzheimer disease without neurofibrillary tangles (0.855) | MONDO:0011743 Alzheimer disease 4 (0.852) | MONDO:0011913 Alzheimer disease 3 (0.851) | MONDO:0011777 Alzheimer disease 8 (0.851) | MONDO:0035161 progressive dementia with neuroserpin inclusion bodies (0.850),late-onset
Lewy body disorders,1,MONDO:0007488,Lewy body dementia,judged,"MONDO:0007488 Lewy body dementia (0.887) | MONDO:1012937 Lewy body-like disease, CADPS2-related, yellow-crowned parrot (0.862) | MONDO:0008199 late-onset Parkinson disease (0.819) | MONDO:0019977 parkinsonism with dementia of Guadeloupe (0.813) | MONDO:0014905 encephalopathy due to defective mitochondrial and peroxisomal fission 2 (0.804) | MONDO:1012886 Parkinson disease, LRRK2-related, white-tufted-ear marmoset (0.799) | MONDO:0005180 Parkinson disease (lex)",and Parkinson disease (MONDO:0005180)
long COVID,3,MONDO:0100233,long COVID-19,judged,"MONDO:0100233 long COVID-19 (0.943) | MONDO:0100320 post-COVID-19 disorder (0.810) | MONDO:0016666 unexplained long-lasting fever/inflammatory syndrome (0.809) | MONDO:1011347 post-COVID-19 disorder, non-human animal (0.809) | MONDO:0005404 myalgic encephalomeyelitis/chronic fatigue syndrome (0.792) | MONDO:0016240 hemimelia (0.790)",
low-grade glioma,1,MONDO:0021637,low grade glioma,exact,MONDO:0021637 low grade glioma (0.922) | MONDO:0016685 low-grade astrocytoma (0.908) | MONDO:0021638 low grade astrocytic tumor (0.906) | MONDO:0016697 low grade ependymoma (0.858) | MONDO:0006272 low grade fibromyxoid sarcoma (0.847) | MONDO:0016702 oligoastrocytoma (0.839) | MONDO:0859591 childhood low-grade glioma (lex),
lower respiratory tract infection,1,MONDO:0024355,respiratory tract infectious disorder,judged,"MONDO:1017157 lower respiratory tract infection, non-human animal (0.951) | MONDO:0000270 lower respiratory tract disorder (0.942) | MONDO:1017159 lower respiratory tract obstruction, non-human animal (0.897) | MONDO:1013398 respiratory tract infectious disorder, non-human animal (0.896) | MONDO:0024355 respiratory tract infectious disorder (0.877) | MONDO:0859370 respiratory infections, recurrent, and failure to thrive with or without diarrhea (0.856) | MONDO:0024352 viral respiratory tract infection (lex)",lower
lumbar disc degeneration,1,MONDO:0044339,lumbar disk degenerative disorder,exact,"MONDO:0044339 lumbar disk degenerative disorder (0.950) | MONDO:0100206 lumbar disk degeneration, susceptibility to (0.947) | MONDO:0100202 lumbar disk herniation, susceptibility to (0.905) | MONDO:1015609 lumbar discospondylosis, non-human animal (0.895) | MONDO:0100201 lumbar disk disease (0.891) | MONDO:1015539 lumbar spondylosis, non-human animal (0.877) | MONDO:0011385 intervertebral disk degenerative disorder (lex)",
lung adenocarcinoma,1,MONDO:0005061,lung adenocarcinoma,exact,MONDO:0000503 lung adenocarcinoma in situ (0.969) | MONDO:0005061 lung adenocarcinoma (0.966) | MONDO:0003181 lung adenoid cystic carcinoma (0.946) | MONDO:0008903 lung cancer (0.923) | MONDO:0004127 lung occult adenocarcinoma (0.918) | MONDO:0006049 papillary lung adenocarcinoma (0.901) | MONDO:0004991 minimally invasive lung adenocarcinoma (lex),
lung cancer,29,MONDO:0008903,lung cancer,exact,MONDO:0008903 lung cancer (0.949) | MONDO:0004660 lung carcinoma in situ (0.940) | MONDO:0012159 lung cancer susceptibility 1 (0.927) | MONDO:0021117 lung neoplasm (0.921) | MONDO:0006041 lung carcinoid tumor (0.915) | MONDO:0005097 squamous cell lung carcinoma (0.914) | MONDO:0008433 small cell lung carcinoma (lex),
lung neuroendocrine tumours,1,MONDO:0005454,lung neuroendocrine neoplasm,judged,MONDO:0005454 lung neuroendocrine neoplasm (0.951) | MONDO:0008433 small cell lung carcinoma (0.921) | MONDO:0006041 lung carcinoid tumor (0.901) | MONDO:0003960 pulmonary large cell neuroendocrine carcinoma (0.892) | MONDO:0019963 bronchial endocrine tumor (0.882) | MONDO:0015070 laryngeal neuroendocrine neoplasm (0.875),
Lyme borreliosis,1,MONDO:0019632,Lyme disease,exact,"MONDO:0019632 Lyme disease (0.953) | MONDO:1013091 Lyme disease, non-human animal (0.895) | MONDO:0006681 Borrelia infectious disease (0.851) | MONDO:0958150 Borrelia miyamotoi disease (0.829) | MONDO:0001620 louse-borne relapsing fever (0.810) | MONDO:0017572 tick-borne encephalitis (0.800) | MONDO:0006524 acrodermatitis chronica atrophicans (lex)",
lymphoma,2,MONDO:0005062,lymphoma,exact,"MONDO:0005062 lymphoma (0.952) | MONDO:0000873 lymphoblastic lymphoma (0.950) | MONDO:0000432 lymphoplasmacytic lymphoma (0.943) | MONDO:0011508 lymphoma, non-Hodgkin, familial (0.942) | MONDO:0001059 gastric lymphoma (0.938) | MONDO:0004695 liver lymphoma (0.937) | MONDO:0022037 large-cell immunoblastic lymphoma (lex)",
major depressive disorder,10,MONDO:0002009,major depressive disorder,exact,MONDO:0012100 major depressive disorder 2 (0.950) | MONDO:0012050 major depressive disorder 1 (0.949) | MONDO:0002009 major depressive disorder (0.918) | MONDO:0005929 postpartum depression (0.889) | MONDO:0010648 major affective disorder 2 (0.882) | MONDO:0012319 major affective disorder 3 (0.882),
major depressive episode,1,MONDO:0002009,major depressive disorder,judged,MONDO:0012100 major depressive disorder 2 (0.924) | MONDO:0012050 major depressive disorder 1 (0.922) | MONDO:0005929 postpartum depression (0.919) | MONDO:0002009 major depressive disorder (0.891) | MONDO:0010648 major affective disorder 2 (0.877) | MONDO:0012319 major affective disorder 3 (0.877) | MONDO:0000693 bipolar II disorder (lex),
malaria,1,MONDO:0005136,malaria,exact,"MONDO:0025095 malaria, avian (0.934) | MONDO:0021024 malaria, susceptibility to (0.933) | MONDO:0009553 obsolete Plasmodium falciparum blood infection level [obsolete] (0.916) | MONDO:0012202 malaria, mild, susceptibility to (0.894) | MONDO:0005670 blackwater fever (0.879) | MONDO:0005136 malaria (0.854)",
malignant lymphoma,1,MONDO:0005062,lymphoma,exact,MONDO:0002571 primary central nervous system lymphoma (0.945) | MONDO:0001082 lymph node cancer (0.934) | MONDO:0000612 lymphatic system cancer (0.927) | MONDO:0006847 malignant lymphatic vessel tumor (0.922) | MONDO:0004297 lymphoepithelioma-like thymic carcinoma (0.921) | MONDO:0005062 lymphoma (0.920) | MONDO:0004021 mediastinal malignant lymphoma (lex),
malignant pleural mesothelioma,1,MONDO:0005112,malignant pleural mesothelioma,exact,"MONDO:0005112 malignant pleural mesothelioma (0.956) | MONDO:0005512 malignant peritoneal mesothelioma (0.938) | MONDO:0003805 malignant pericardial mesothelioma (0.937) | MONDO:0002223 ovarian malignant mesothelioma (0.931) | MONDO:0006294 pleural cancer (0.927) | MONDO:1013266 malignant mesothelioma, non-human animal (0.926) | MONDO:0006378 pleural epithelioid mesothelioma (lex)",
medulloblastoma,1,MONDO:0007959,medulloblastoma,exact,MONDO:0007959 medulloblastoma (0.962) | MONDO:0002797 childhood medulloblastoma (0.955) | MONDO:0000517 brain stem medulloblastoma (0.953) | MONDO:0002794 adult medulloblastoma (0.947) | MONDO:0016710 medulloblastoma with extensive nodularity (0.946) | MONDO:0002792 cerebellar vermis medulloblastoma (0.941),
melanoma,6,MONDO:0005105,melanoma,exact,"MONDO:0005105 melanoma (0.957) | MONDO:0024462 susceptibility to familial cutaneous melanoma (0.955) | MONDO:0007963 melanoma, cutaneous malignant, susceptibility to, 1 (0.953) | MONDO:0005012 cutaneous melanoma (0.951) | MONDO:0002971 amelanotic melanoma (0.948) | MONDO:0006325 ocular melanoma (0.943)",
meningioma,1,MONDO:0016642,meningioma,exact,"MONDO:0020634 grade III meningioma (0.943) | MONDO:7770179 meningioma, dog (0.943) | MONDO:0003772 cerebral meningioma (0.936) | MONDO:0024648 optic tract meningioma (0.935) | MONDO:0003638 lung meningioma (0.935) | MONDO:0002996 cavernous sinus meningioma (0.933) | MONDO:0016642 meningioma (lex) | MONDO:0004440 pineal region meningioma (lex)",
mental disorders,4,MONDO:0005084,mental disorder,judged,"MONDO:0005084 mental disorder (0.921) | MONDO:1011351 psychiatric disorder, non-human animal (0.894) | MONDO:0002025 psychiatric disorder (0.889) | MONDO:0005485 psychotic disorder (0.855) | MONDO:0001164 antisocial personality disorder (0.831) | MONDO:0021745 psychosocial short stature (0.826) | MONDO:0001423 drug-induced mental disorder (lex)",
mental health problems,1,MONDO:0005084,mental disorder,judged,"MONDO:0005084 mental disorder (0.904) | MONDO:1011351 psychiatric disorder, non-human animal (0.870) | MONDO:0002025 psychiatric disorder (0.868) | MONDO:0021745 psychosocial short stature (0.841) | MONDO:1017096 psychological infertility, non-human animal (0.836) | MONDO:0005485 psychotic disorder (0.830) | MONDO:0000597 Munchausen by proxy (lex)",
metabolic bone diseases,1,MONDO:0800486,metabolic bone disorder,judged,MONDO:0800486 metabolic bone disorder (0.898) | MONDO:0015656 obsolete metabolic disease with epilepsy [obsolete] (0.854) | MONDO:0020228 obsolete cataract associated with a metabolic disease [obsolete] (0.852) | MONDO:0019253 metabolic disease involving other neurotransmitter deficiency (0.846) | MONDO:0005497 bone development disease (0.846) | MONDO:0015188 obsolete metabolic disorder with intestinal involvement [obsolete] (0.845) | MONDO:0001068 osteomalacia (lex) | MONDO:0008368 autosomal dominant distal renal tubular acidosis (lex),
metabolic disorders,1,MONDO:0005066,metabolic disease,judged,"MONDO:0015656 obsolete metabolic disease with epilepsy [obsolete] (0.939) | MONDO:0015188 obsolete metabolic disorder with intestinal involvement [obsolete] (0.932) | MONDO:0020228 obsolete cataract associated with a metabolic disease [obsolete] (0.928) | MONDO:0019253 metabolic disease involving other neurotransmitter deficiency (0.920) | MONDO:1011331 metabolic disease, non-human animal (0.913) | MONDO:0005066 metabolic disease (0.901) | MONDO:0019052 inborn errors of metabolism (lex) | MONDO:0002279 iron metabolism disease (lex)",
metabolic inflammation,1,,,none,"MONDO:0015188 obsolete metabolic disorder with intestinal involvement [obsolete] (0.867) | MONDO:1011558 metabolic syndrome, pig (0.865) | MONDO:0957896 metabolic dysfunction and alcohol associated liver disease (0.865) | MONDO:1011557 metabolic syndrome, horse (0.865) | MONDO:0007027 metabolic dysfunction-associated steatohepatitis (0.865) | MONDO:0013209 metabolic dysfunction-associated steatotic liver disease (0.864) | MONDO:0019269 ichthyosis (lex) | MONDO:0005385 vascular disorder (lex)",not a disease
metabolic syndrome,4,MONDO:0011565,metabolic syndrome X,judged,"MONDO:1011558 metabolic syndrome, pig (0.933) | MONDO:1011557 metabolic syndrome, horse (0.933) | MONDO:0011565 metabolic syndrome X (0.930) | MONDO:1011404 metabolic syndrome, non-human animal (0.920) | MONDO:0015656 obsolete metabolic disease with epilepsy [obsolete] (0.906) | MONDO:0020228 obsolete cataract associated with a metabolic disease [obsolete] (0.898) | MONDO:0014352 abdominal obesity-metabolic syndrome 3 (lex)",the synonym match gave abdominal obesity-metabolic syndrome; metabolic syndrome X is the general term
metastatic breast cancer,2,MONDO:0007254,breast cancer,judged,MONDO:1040026 metastatic malignant neoplasm in the brain (0.903) | MONDO:0024884 metastatic carcinoma in the bone (0.901) | MONDO:0044913 metastatic malignant neoplasm in the eye (0.900) | MONDO:0005438 metastatic malignant neoplasm in the lymph nodes (0.899) | MONDO:0041447 metastatic malignant neoplasm in the colon (0.899) | MONDO:0024880 metastatic malignant neoplasm (0.895) | MONDO:0007254 breast cancer (lex) | MONDO:0002109 pituitary cancer (lex),metastatic
metastatic castration-resistant prostate cancer,2,MONDO:0004956,metastatic prostate carcinoma,judged,MONDO:0004956 metastatic prostate carcinoma (0.870) | MONDO:0024884 metastatic carcinoma in the bone (0.852) | MONDO:0024868 metastatic carcinoma in the adrenal medulla (0.849) | MONDO:1040026 metastatic malignant neoplasm in the brain (0.848) | MONDO:0041447 metastatic malignant neoplasm in the colon (0.847) | MONDO:0044912 metastatic malignant neoplasm in the spinal cord (0.846),castration-resistant
metastatic colorectal cancer,2,MONDO:0005575,colorectal cancer,judged,"MONDO:0041447 metastatic malignant neoplasm in the colon (0.905) | MONDO:0041448 metastasis from malignant tumor of colon (0.901) | MONDO:0044913 metastatic malignant neoplasm in the eye (0.887) | MONDO:1040026 metastatic malignant neoplasm in the brain (0.887) | MONDO:1015259 metastatic adenocarcinoma, non-human animal (0.887) | MONDO:0024884 metastatic carcinoma in the bone (0.887) | MONDO:0005575 colorectal cancer (lex)",metastatic
metastatic epithelial ovarian cancer,1,MONDO:0005140,ovarian carcinoma,judged,MONDO:0000543 ovarian melanoma (0.881) | MONDO:0041447 metastatic malignant neoplasm in the colon (0.873) | MONDO:0044913 metastatic malignant neoplasm in the eye (0.873) | MONDO:1040026 metastatic malignant neoplasm in the brain (0.871) | MONDO:0005438 metastatic malignant neoplasm in the lymph nodes (0.870) | MONDO:0041448 metastasis from malignant tumor of colon (0.869) | MONDO:0005140 ovarian carcinoma (lex),metastatic
metastatic melanoma,2,MONDO:0005191,metastatic melanoma,exact,MONDO:0000543 ovarian melanoma (0.952) | MONDO:0005191 metastatic melanoma (0.947) | MONDO:0044913 metastatic malignant neoplasm in the eye (0.916) | MONDO:0041447 metastatic malignant neoplasm in the colon (0.916) | MONDO:1040026 metastatic malignant neoplasm in the brain (0.915) | MONDO:0005438 metastatic malignant neoplasm in the lymph nodes (0.915),
metastatic renal cell cancer,1,MONDO:0005086,renal cell carcinoma,judged,MONDO:0024868 metastatic carcinoma in the adrenal medulla (0.897) | MONDO:0041447 metastatic malignant neoplasm in the colon (0.890) | MONDO:0044913 metastatic malignant neoplasm in the eye (0.889) | MONDO:0005438 metastatic malignant neoplasm in the lymph nodes (0.889) | MONDO:0041448 metastasis from malignant tumor of colon (0.889) | MONDO:1040026 metastatic malignant neoplasm in the brain (0.889) | MONDO:0005005 clear cell renal carcinoma (lex) | MONDO:0017884 papillary renal cell carcinoma (lex),metastatic
metastatic renal cell carcinoma,1,MONDO:0005086,renal cell carcinoma,judged,MONDO:0024868 metastatic carcinoma in the adrenal medulla (0.901) | MONDO:0041447 metastatic malignant neoplasm in the colon (0.890) | MONDO:0044913 metastatic malignant neoplasm in the eye (0.890) | MONDO:0041448 metastasis from malignant tumor of colon (0.889) | MONDO:0005438 metastatic malignant neoplasm in the lymph nodes (0.889) | MONDO:1040026 metastatic malignant neoplasm in the brain (0.889) | MONDO:0005005 clear cell renal carcinoma (lex) | MONDO:0017884 papillary renal cell carcinoma (lex),metastatic
microalbuminuria,2,HP:0012594,Moderate albuminuria,judged,"MONDO:0000065 microvascular complications of diabetes, susceptibility (0.838) | MONDO:0012963 microvascular complications of diabetes, susceptibility to, 3 (0.830) | MONDO:0012966 microvascular complications of diabetes, susceptibility to, 4 (0.830) | MONDO:0012970 microvascular complications of diabetes, susceptibility to, 6 (0.829) | MONDO:0012971 microvascular complications of diabetes, susceptibility to, 7 (0.829) | MONDO:0012962 microvascular complications of diabetes, susceptibility to, 2 (0.829)",HPO's name for microalbuminuria
migraine,2,MONDO:0005277,migraine disorder,exact,"MONDO:0043537 cluster headache syndrome (0.932) | MONDO:0005475 migraine with aura (0.927) | MONDO:0005277 migraine disorder (0.927) | MONDO:0100431 migraine without aura (0.923) | MONDO:0008000 migraine with or without aura, susceptibility to, 1 (0.920) | MONDO:0043219 migraine with brainstem aura (0.912) | MONDO:0020756 migraine, familial hemiplegic, 1 (lex)",
mild cognitive impairment,15,MONDO:0002039,cognitive disorder,judged,MONDO:0013680 cognitive impairment with or without cerebellar ataxia (0.813) | MONDO:0007452 maturity-onset diabetes of the young type 1 (0.812) | MONDO:0015721 mild hemophilia A (0.811) | MONDO:0015717 mild hemophilia B (0.808) | MONDO:1016765 mild/moderate equine asthma (0.808) | MONDO:0005255 mild heart failure (0.803) | MONDO:1060193 X-linked intellectual disability with or without nystagmus (lex) | MONDO:0013890 congenital myopathy with internal nuclei and atypical cores (lex),MONDO has no mild cognitive impairment term among the hits; cognitive disorder is its parent
mitral valve prolapse,1,MONDO:0004910,mitral valve prolapse,exact,"MONDO:0012569 mitral valve prolapse, myxomatous 3 (0.960) | MONDO:0011915 mitral valve prolapse, myxomatous 2 (0.959) | MONDO:0004910 mitral valve prolapse (0.951) | MONDO:1013100 mitral valve prolapse, non-human animal (0.945) | MONDO:1030008 mitral valve insufficiency (0.931) | MONDO:1012166 mitral valve disease, dog (0.916) | MONDO:0008004 familial mitral valve prolapse (lex)",
moderate hypercholesterolemia,1,HP:0003124,Hypercholesterolemia,judged,"MONDO:0007750 hypercholesterolemia, familial, 1 (0.872) | MONDO:1014569 hypercholesterolemia, non-human animal (0.866) | MONDO:7770323 hypercholesterolaemia, macaque (0.865) | MONDO:0007751 hypercholesterolemia, autosomal dominant, type B (0.860) | MONDO:0011374 hypercholesterolemia, familial, 4 (0.860) | MONDO:0011369 hypercholesterolemia, autosomal dominant, 3 (0.860)",moderate
mood disorder,1,MONDO:0005371,mood disorder,exact,MONDO:0005371 mood disorder (0.877) | MONDO:0012100 major depressive disorder 2 (0.818) | MONDO:0012050 major depressive disorder 1 (0.814) | MONDO:0024613 bipolar depression (0.814) | MONDO:0024612 manic bipolar affective disorder (0.808) | MONDO:0010648 major affective disorder 2 (0.798) | MONDO:0002494 substance-related disorder (lex),
multiple myeloma,6,MONDO:0009693,plasma cell myeloma,exact,"MONDO:0009693 plasma cell myeloma (0.953) | MONDO:1013329 plasma cell myeloma, non-human animal (0.923) | MONDO:0005235 smoldering plasma cell myeloma (0.875) | MONDO:0019453 myelodysplastic syndrome with multilineage dysplasia (0.829) | MONDO:0018881 myelodysplastic syndrome (0.825) | MONDO:0015041 myelodysplastic syndrome with excess blasts-2 (0.824)",
multiple sclerosis,13,MONDO:0005301,multiple sclerosis,exact,"MONDO:0021571 multiple sclerosis, susceptibility to 1 (0.925) | MONDO:0007462 multiple sclerosis, susceptibility to (0.917) | MONDO:0013893 multiple sclerosis, susceptibility to, 5 (0.885) | MONDO:0012958 multiple sclerosis, susceptibility to, 4 (0.882) | MONDO:0012957 multiple sclerosis, susceptibility to, 3 (0.882) | MONDO:0012956 multiple sclerosis, susceptibility to, 2 (0.881) | MONDO:0005301 multiple sclerosis (lex)",
multiple system atrophy,1,MONDO:0007803,multiple system atrophy,exact,"MONDO:0020352 multiple system atrophy, parkinsonian type (0.951) | MONDO:0016418 multiple system atrophy, cerebellar type (0.942) | MONDO:0020715 multiple system atrophy 1, susceptibility to (0.919) | MONDO:0007803 multiple system atrophy (0.863) | MONDO:0018979 multifocal motor neuropathy (0.837) | MONDO:0013452 multisystemic smooth muscle dysfunction syndrome (0.823)",
multisystem inflammatory syndrome in children (MIS-C),1,MONDO:0100163,COVID-19–associated multisystem inflammatory syndrome in children,judged,"MONDO:0100163 COVID-19–associated multisystem inflammatory syndrome in children (0.937) | MONDO:0035375 multisystem inflammatory syndrome in children and adults (0.912) | MONDO:0100319 COVID-19–associated multisystem inflammatory syndrome in adults (0.824) | MONDO:0014861 autoimmune disease, multisystem, infantile-onset, 2 (0.804) | MONDO:0957388 autoimmune disease, multisystem, infantile-onset, 3 (0.803) | MONDO:0979235 autoimmune disease, multisystem, infantile-onset, 5 (0.803)",
musculoskeletal disease,1,MONDO:0002081,musculoskeletal system disorder,exact,"MONDO:0002081 musculoskeletal system disorder (0.955) | MONDO:0000589 autoimmune disorder of musculoskeletal system (0.931) | MONDO:1011335 musculoskeletal system disorder, non-human animal (0.929) | MONDO:0000637 musculoskeletal system cancer (0.900) | MONDO:0044334 connective and soft tissue neoplasm (0.889) | MONDO:0000636 musculoskeletal system benign neoplasm (0.873)",
myelodysplasia,1,MONDO:0018881,myelodysplastic syndrome,exact,"MONDO:0018881 myelodysplastic syndrome (0.957) | MONDO:7770511 myelodysplastic syndrome, dog (0.953) | MONDO:0019454 myelodysplastic syndrome with excess blasts (0.951) | MONDO:0019453 myelodysplastic syndrome with multilineage dysplasia (0.950) | MONDO:0020077 myelodysplastic/myeloproliferative disease (0.948) | MONDO:0019157 myelodysplastic syndrome with ring sideroblasts (0.944) | MONDO:0014888 MIRAGE syndrome (lex) | MONDO:0009646 monosomy 7 myelodysplasia and leukemia syndrome 1 (lex)",
myelodysplastic syndrome,1,MONDO:0018881,myelodysplastic syndrome,exact,"MONDO:0019454 myelodysplastic syndrome with excess blasts (0.956) | MONDO:0019453 myelodysplastic syndrome with multilineage dysplasia (0.956) | MONDO:0018881 myelodysplastic syndrome (0.956) | MONDO:7770511 myelodysplastic syndrome, dog (0.954) | MONDO:0019157 myelodysplastic syndrome with ring sideroblasts (0.952) | MONDO:0007925 myelodysplastic syndrome associated with isolated del(5q) (0.952)",
myeloid leukemia of Down syndrome,1,MONDO:0850271,myeloid leukemia associated with down syndrome,judged,MONDO:0850271 myeloid leukemia associated with down syndrome (0.926) | MONDO:0009646 monosomy 7 myelodysplasia and leukemia syndrome 1 (0.889) | MONDO:0008608 Down syndrome (0.880) | MONDO:0018874 acute myeloid leukemia (0.880) | MONDO:0011908 juvenile myelomonocytic leukemia (0.878) | MONDO:0015689 myeloid neoplasm associated with PDGFRA rearrangement (0.867) | MONDO:0019457 therapy related acute myeloid leukemia and myelodysplastic syndrome (lex) | MONDO:0015608 acute myeloid leukemia and myelodysplastic syndromes related to radiation (lex),
myocardial infarction,15,MONDO:0005068,myocardial infarction,exact,"MONDO:0005068 myocardial infarction (0.962) | MONDO:0004781 acute myocardial infarction (0.959) | MONDO:0012039 myocardial infarction, susceptibility to (0.953) | MONDO:1013106 myocardial infarction, non-human animal (0.951) | MONDO:0003671 septal myocardial infarction (0.950) | MONDO:0003674 subendocardial myocardial infarction (0.937) | MONDO:0006652 anterolateral myocardial infarction (lex)",
myopia,3,MONDO:0001384,myopia,exact,"MONDO:1011263 myopia, dog (0.933) | MONDO:0011300 myopia 3, autosomal dominant (0.930) | MONDO:0012154 myopia 6 (0.927) | MONDO:0012932 myopia 16, autosomal dominant (0.927) | MONDO:0012230 myopia 10 (0.926) | MONDO:0012228 myopia 8 (0.926) | MONDO:0001384 myopia (lex) | MONDO:0009082 high myopia-sensorineural deafness syndrome (lex)",
nephrotic syndrome,1,MONDO:0005377,nephrotic syndrome,exact,"MONDO:1011047 nephrotic syndrome, dog (0.955) | MONDO:0005377 nephrotic syndrome (0.953) | MONDO:0010974 nephrotic syndrome, type 2 (0.953) | MONDO:0014752 nephrotic syndrome, type 11 (0.952) | MONDO:0012546 nephrotic syndrome, type 3 (0.952) | MONDO:0009733 nephrotic syndrome, type 4 (0.952)",
neuroblastoma,1,MONDO:0005072,neuroblastoma,exact,MONDO:0005072 neuroblastoma (0.951) | MONDO:0006076 adrenal gland neuroblastoma (0.942) | MONDO:0024340 retinal neuroblastoma (0.937) | MONDO:0000549 cervical neuroblastoma (0.934) | MONDO:0004024 spinal cord neuroblastoma (0.933) | MONDO:0001095 mediastinum neuroblastoma (0.928) | MONDO:0002900 cerebral neuroblastoma (lex),
neurodegenerative disease,1,MONDO:0005559,neurodegenerative disease,exact,"MONDO:0022687 cerebellar degeneration (0.962) | MONDO:0000941 eyelid degenerative disorder (0.957) | MONDO:1012953 neurodegenerative disease, non-human animal (0.955) | MONDO:0004885 choroidal sclerosis (0.954) | MONDO:0024238 cerebral degeneration (0.953) | MONDO:0005559 neurodegenerative disease (0.948) | MONDO:0004884 eye degenerative disorder (lex)",
neurodegenerative diseases,1,MONDO:0005559,neurodegenerative disease,judged,"MONDO:0022687 cerebellar degeneration (0.959) | MONDO:0000941 eyelid degenerative disorder (0.955) | MONDO:1012953 neurodegenerative disease, non-human animal (0.953) | MONDO:0004885 choroidal sclerosis (0.952) | MONDO:0024238 cerebral degeneration (0.950) | MONDO:0005559 neurodegenerative disease (0.947) | MONDO:0004884 eye degenerative disorder (lex)",
neurodegenerative disorders,1,MONDO:0005559,neurodegenerative disease,judged,"MONDO:0022687 cerebellar degeneration (0.955) | MONDO:0000941 eyelid degenerative disorder (0.952) | MONDO:0004885 choroidal sclerosis (0.947) | MONDO:1012953 neurodegenerative disease, non-human animal (0.946) | MONDO:0024238 cerebral degeneration (0.946) | MONDO:0005559 neurodegenerative disease (0.943) | MONDO:0024237 inherited neurodegenerative disorder (lex) | MONDO:0018316 fatal post-viral neurodegenerative disorder (lex)",
neurodegenerative parkinsonisms,1,MONDO:0021095,parkinsonian disorder,judged,"MONDO:0981024 neurodegenerative disorder with cerebellar and caudate atrophy (0.891) | MONDO:0036193 parkinsonism with polyneuropathy (0.881) | MONDO:0019977 parkinsonism with dementia of Guadeloupe (0.881) | MONDO:0011299 Huntington disease-like 1 (0.879) | MONDO:0022687 cerebellar degeneration (0.876) | MONDO:0980990 neurodevelopmental disorder with parkinsonism or other movement abnormalities (0.875) | MONDO:0976236 neurodegenerative disorder, X-linked, female-restricted, with parkinsonism and cognitive impairment (lex) | MONDO:0010747 X-linked dystonia-parkinsonism (lex)",
neurodevelopmental disorders,1,MONDO:0700092,neurodevelopmental disorder,judged,MONDO:0859256 neurodevelopmental disorder with language delay and seizures (0.960) | MONDO:0968976 neurodevelopmental disorder with progressive movement abnormalities (0.960) | MONDO:0030060 neurodevelopmental disorder with language impairment and behavioral abnormalities (0.959) | MONDO:0030994 neurodevelopmental disorder with or without autism or seizures (0.958) | MONDO:0980700 neurodevelopmental disorder with speech delay and behavioral abnormalities (0.958) | MONDO:0060491 neurodevelopmental disorder with involuntary movements (0.958) | MONDO:1060179 RNU5B-1 related neurodevelopmental disorder with seizures and joint laxity (lex),
nicotine addiction,1,MONDO:0008575,nicotine dependence,exact,"MONDO:0100460 tobacco addiction, susceptibility to (0.941) | MONDO:0008575 nicotine dependence (0.892) | MONDO:1017166 smoke inhalation, non-human animal (0.766) | MONDO:1060229 green tobacco sickness (0.752) | MONDO:0005566 neonatal abstinence syndrome (0.745) | MONDO:0002411 narcissistic personality disorder (0.743)",
nicotine dependence,4,MONDO:0008575,nicotine dependence,exact,"MONDO:0100460 tobacco addiction, susceptibility to (0.944) | MONDO:0008575 nicotine dependence (0.896) | MONDO:1017166 smoke inhalation, non-human animal (0.766) | MONDO:0002411 narcissistic personality disorder (0.755) | MONDO:0005566 neonatal abstinence syndrome (0.753) | MONDO:1060229 green tobacco sickness (0.746)",
Non-Acquired Focal Epilepsy,1,MONDO:0005384,focal epilepsy,judged,"MONDO:0020310 familial focal epilepsy with variable foci (0.804) | MONDO:0054776 epilepsy, familial focal, with variable foci 4 (0.799) | MONDO:0014925 epilepsy, familial focal, with variable foci 3 (0.798) | MONDO:0024556 epilepsy, familial focal, with variable foci 1 (0.797) | MONDO:0014924 epilepsy, familial focal, with variable foci 2 (0.797) | MONDO:0015346 epilepsy with eyelid myoclonia (0.797)",non-acquired
non-alcoholic fatty liver disease,1,MONDO:0013209,metabolic dysfunction-associated steatotic liver disease,exact,"MONDO:0013209 metabolic dysfunction-associated steatotic liver disease (0.925) | MONDO:0007027 metabolic dysfunction-associated steatohepatitis (0.910) | MONDO:0013246 fatty liver disease, nonalcoholic, susceptibility to, 2 (0.894) | MONDO:0021105 NAFLD1 (0.894) | MONDO:1014502 fatty liver and kidney syndrome, non-human animal (0.840) | MONDO:0019431 primitive portal vein thrombosis (0.833)",
non-Hodgkin lymphoma,4,MONDO:0018908,non-Hodgkin lymphoma,exact,"MONDO:0018908 non-Hodgkin lymphoma (0.968) | MONDO:0015759 B-cell non-Hodgkin lymphoma (0.966) | MONDO:0042493 gastric non-hodgkin lymphoma (0.965) | MONDO:1010948 non-hodgkin lymphoma, dog (0.963) | MONDO:1010214 non-hodgkin lymphoma, non-human animal (0.962) | MONDO:0020644 lung non-Hodgkin lymphoma (0.962)",
non-melanoma skin cancer,1,MONDO:0002656,skin carcinoma,exact,"MONDO:0002656 skin carcinoma (0.947) | MONDO:0004641 skin carcinoma in situ (0.926) | MONDO:1013292 skin carcinoma, non-human animal (0.882) | MONDO:1013273 skin carcinoma in situ, non-human animal (0.874) | MONDO:1013269 skin squamous cell carcinoma, non-human animal (0.873) | MONDO:1013150 skin neoplasm, non-human animal (0.873) | MONDO:0002898 skin cancer (lex)",
non-muscle invasive bladder cancer,1,MONDO:0003930,non-invasive bladder urothelial carcinoma,judged,"MONDO:0003822 non-invasive bladder papillary urothelial neoplasm (0.912) | MONDO:0003930 non-invasive bladder urothelial carcinoma (0.894) | MONDO:1017861 non-infiltrating transitional cell carcinoma of urinary bladder, non-human animal (0.889) | MONDO:1017862 non-papillary transitional cell carcinoma of urinary bladder, non-human animal (0.888) | MONDO:0003755 urinary tract non-invasive transitional cell neoplasm (0.888) | MONDO:0016211 non-papillary transitional cell carcinoma of the bladder (0.880)",nearest term; non-muscle-invasive includes lamina propria invasion
non-muscle-invasive bladder cancer,2,MONDO:0003930,non-invasive bladder urothelial carcinoma,judged,"MONDO:0003822 non-invasive bladder papillary urothelial neoplasm (0.905) | MONDO:0003930 non-invasive bladder urothelial carcinoma (0.894) | MONDO:1017862 non-papillary transitional cell carcinoma of urinary bladder, non-human animal (0.884) | MONDO:1017861 non-infiltrating transitional cell carcinoma of urinary bladder, non-human animal (0.883) | MONDO:0003755 urinary tract non-invasive transitional cell neoplasm (0.880) | MONDO:0016211 non-papillary transitional cell carcinoma of the bladder (0.875)",nearest term; non-muscle-invasive includes lamina propria invasion
non-small cell lung cancer,2,MONDO:0005233,non-small cell lung carcinoma,exact,MONDO:0005233 non-small cell lung carcinoma (0.962) | MONDO:0056806 non-small cell squamous lung carcinoma (0.945) | MONDO:0005061 lung adenocarcinoma (0.940) | MONDO:0008903 lung cancer (0.929) | MONDO:0003049 ovarian large-cell neuroendocrine carcinoma (0.896) | MONDO:0011282 tumor suppressor gene on chromosome 11 (0.896),
non-small-cell lung cancer,1,MONDO:0005233,non-small cell lung carcinoma,judged,MONDO:0005233 non-small cell lung carcinoma (0.955) | MONDO:0056806 non-small cell squamous lung carcinoma (0.940) | MONDO:0005061 lung adenocarcinoma (0.934) | MONDO:0008903 lung cancer (0.922) | MONDO:0011282 tumor suppressor gene on chromosome 11 (0.895) | MONDO:0003049 ovarian large-cell neuroendocrine carcinoma (0.894),
obesity,21,MONDO:0011122,obesity disorder,exact,"MONDO:7770114 obesity, horse (0.937) | MONDO:7770596 obesity, sheep (0.934) | MONDO:7770113 obesity, domestic cat (0.926) | MONDO:7770283 obesity, macaque (0.925) | MONDO:0800432 obesity, susceptibility to (0.920) | MONDO:0011122 obesity disorder (0.916) | MONDO:0017408 rapid-onset childhood obesity-hypothalamic dysfunction-hypoventilation-autonomic dysregulation syndrome (lex) | MONDO:0019182 inherited obesity (lex)",
obesity-related diseases,1,,,none,"MONDO:1013600 obesity disorder, non-human animal (0.893) | MONDO:0013991 obesity due to congenital leptin deficiency (0.882) | MONDO:0019182 inherited obesity (0.880) | MONDO:0800432 obesity, susceptibility to (0.879) | MONDO:0009763 obesity-hypoventilation syndrome (0.877) | MONDO:0013992 obesity due to leptin receptor gene deficiency (0.875) | MONDO:0700344 CEP164-related ciliopathy (lex) | MONDO:0006068 ACTH-producing pituitary gland adenoma (lex)",several diseases
obstructive sleep apnea,1,MONDO:0007147,obstructive sleep apnea syndrome,exact,MONDO:0007147 obstructive sleep apnea syndrome (0.938) | MONDO:0005296 sleep apnea syndrome (0.852) | MONDO:0005002 chronic obstructive pulmonary disease (0.846) | MONDO:0002267 obstructive lung disease (0.836) | MONDO:0005045 hypertrophic cardiomyopathy (0.834) | MONDO:0003330 urinary tract obstruction (0.815) | MONDO:0014358 AHDC1-related intellectual disability - obstructive sleep apnea - mild dysmorphism syndrome (lex),
obstructive sleep apnoea,1,MONDO:0007147,obstructive sleep apnea syndrome,judged,MONDO:0007147 obstructive sleep apnea syndrome (0.931) | MONDO:0005296 sleep apnea syndrome (0.842) | MONDO:0005002 chronic obstructive pulmonary disease (0.840) | MONDO:0005045 hypertrophic cardiomyopathy (0.833) | MONDO:0002267 obstructive lung disease (0.829) | MONDO:0003330 urinary tract obstruction (0.812),
oesophageal adenocarcinoma,1,MONDO:0005028,esophageal adenocarcinoma,exact,"MONDO:0005028 esophageal adenocarcinoma (0.953) | MONDO:1013007 esophageal adenocarcinoma, non-human animal (0.913) | MONDO:0003550 esophageal adenosquamous carcinoma (0.906) | MONDO:0003186 esophageal adenoid cystic carcinoma (0.899) | MONDO:0003219 gastroesophageal junction adenocarcinoma (0.897) | MONDO:0003835 gastric cardia adenocarcinoma (0.872) | MONDO:0013662 Barrett esophagus (lex)",
oesophageal cancer,2,MONDO:0007576,esophageal cancer,judged,MONDO:0005028 esophageal adenocarcinoma (0.926) | MONDO:0021355 neoplasm of esophagus (0.923) | MONDO:0007576 esophageal cancer (0.907) | MONDO:0019086 carcinoma of esophagus (0.906) | MONDO:0001192 esophageal melanoma (0.905) | MONDO:0005580 esophageal squamous cell carcinoma (0.904) | MONDO:0021326 malignant neoplasm of cervical esophagus (lex),
opioid addiction,1,MONDO:0005530,opiate dependence,judged,"MONDO:0012402 opioid dependence, susceptibility to, 1 (0.926) | MONDO:0005530 opiate dependence (0.919) | MONDO:0001225 opioid abuse (0.919) | MONDO:0100187 opioid-induced constipation (0.906) | MONDO:0018173 acute opioid poisoning (0.757) | MONDO:0005567 substance withdrawal syndrome (0.755)",
opioid dependence,1,MONDO:0005530,opiate dependence,exact,"MONDO:0012402 opioid dependence, susceptibility to, 1 (0.943) | MONDO:0005530 opiate dependence (0.922) | MONDO:0001225 opioid abuse (0.907) | MONDO:0100187 opioid-induced constipation (0.902) | MONDO:0005567 substance withdrawal syndrome (0.766) | MONDO:0012335 obesity due to pro-opiomelanocortin deficiency (0.760)",
opioid use disorder,2,MONDO:0005530,opiate dependence,judged,"MONDO:0012402 opioid dependence, susceptibility to, 1 (0.915) | MONDO:0005530 opiate dependence (0.899) | MONDO:0001225 opioid abuse (0.892) | MONDO:0100187 opioid-induced constipation (0.887) | MONDO:0000495 oppositional defiant disorder (0.762) | MONDO:0005567 substance withdrawal syndrome (0.761)",
oral cancer,1,MONDO:0023644,lip and oral cavity carcinoma,exact,"MONDO:0000371 oral cavity carcinoma in situ (0.933) | MONDO:0004958 oral cavity squamous cell carcinoma (0.930) | MONDO:0021245 oral cavity neoplasm (0.919) | MONDO:1014213 oral squamous cell carcinoma, non-human animal (0.918) | MONDO:0005515 oral cavity cancer (0.915) | MONDO:1013133 oral cavity neoplasm, non-human animal (0.911) | MONDO:0023644 lip and oral cavity carcinoma (lex)",
oral diseases,2,MONDO:0006858,mouth disorder,judged,MONDO:0006858 mouth disorder (0.886) | MONDO:0044992 mouth mucosa disorder (0.879) | MONDO:0004958 oral cavity squamous cell carcinoma (0.876) | MONDO:0021245 oral cavity neoplasm (0.875) | MONDO:0005515 oral cavity cancer (0.874) | MONDO:0000371 oral cavity carcinoma in situ (0.870) | MONDO:0005535 oral Crohn disease (lex),
orofacial clefts,1,MONDO:0000358,orofacial cleft,judged,MONDO:0015335 obsolete Mendelian syndromes with cleft lip/palate [obsolete] (0.945) | MONDO:0010927 orofacial cleft 3 (0.939) | MONDO:0011276 orofacial cleft 2 (0.938) | MONDO:0007335 orofacial cleft 1 (0.936) | MONDO:0012142 orofacial cleft 5 (0.935) | MONDO:0014772 orofacial cleft 15 (0.935) | MONDO:0013378 orofacial cleft 10 (lex) | MONDO:0010906 orofacial cleft 11 (lex),
osteoarthritis,6,MONDO:0005178,osteoarthritis,exact,"MONDO:0005416 osteoarthritis, knee (0.962) | MONDO:0006632 osteoarthritis, hand (0.959) | MONDO:1011160 osteoarthritis, dog (0.956) | MONDO:0006629 osteoarthritis, hip (0.956) | MONDO:0006631 osteoarthritis, toe (0.955) | MONDO:1011162 osteoarthritis, horse (0.954) | MONDO:0005178 osteoarthritis (lex) | MONDO:0016620 primary hypertrophic osteoarthropathy (lex)",
osteoporosis,20,MONDO:0005298,osteoporosis,exact,"MONDO:1011154 osteoporosis, horse (0.962) | MONDO:0005298 osteoporosis (0.960) | MONDO:1010295 osteoporosis, non-human animal (0.943) | MONDO:0009820 osteoporosis-pseudoglioma syndrome (0.924) | MONDO:0024651 corticosteroid-induced osteoporosis (0.918) | MONDO:1015520 osteopenia, non-human animal (0.914)",
osteoporotic fracture,2,MONDO:0005315,bone fracture,judged,"MONDO:0005298 osteoporosis (0.902) | MONDO:1011154 osteoporosis, horse (0.897) | MONDO:0024651 corticosteroid-induced osteoporosis (0.895) | MONDO:1010295 osteoporosis, non-human animal (0.882) | MONDO:0005309 spinal fracture (0.873) | MONDO:0043589 femoral neck fracture (0.871)",due to osteoporosis (MONDO:0005298)
osteoporotic fractures,3,MONDO:0005315,bone fracture,judged,"MONDO:0005298 osteoporosis (0.906) | MONDO:1011154 osteoporosis, horse (0.901) | MONDO:0024651 corticosteroid-induced osteoporosis (0.898) | MONDO:1010295 osteoporosis, non-human animal (0.888) | MONDO:0005309 spinal fracture (0.868) | MONDO:0009820 osteoporosis-pseudoglioma syndrome (0.868)",due to osteoporosis (MONDO:0005298)
osteosarcoma,2,MONDO:0009807,osteosarcoma,exact,MONDO:0009807 osteosarcoma (0.967) | MONDO:0002629 bone osteosarcoma (0.963) | MONDO:0002620 localized osteosarcoma (0.962) | MONDO:0700140 canine osteosarcoma (0.960) | MONDO:0003866 liver extraskeletal osteosarcoma (0.955) | MONDO:0004360 breast extraskeletal osteosarcoma (0.954) | MONDO:0002623 pediatric osteosarcoma (lex),
other neurodevelopmental disorders,1,MONDO:0700092,neurodevelopmental disorder,judged,"MONDO:0030024 neurodevelopmental disorder with or without autistic features and/or structural brain abnormalities (0.930) | MONDO:0032877 neurodevelopmental disorder with nonspecific brain abnormalities and with or without seizures (0.930) | MONDO:0859225 neurodevelopmental disorder with or without variable movement or behavioral abnormalities (0.927) | MONDO:0060641 neurodevelopmental disorder with or without seizures and gait abnormalities (0.925) | MONDO:0030994 neurodevelopmental disorder with or without autism or seizures (0.924) | MONDO:0014857 neurodevelopmental disorder with or without anomalies of the brain, eye, or heart (0.923) | MONDO:0030060 neurodevelopmental disorder with language impairment and behavioral abnormalities (lex) | MONDO:1060179 RNU5B-1 related neurodevelopmental disorder with seizures and joint laxity (lex)",
out-of-hospital cardiac arrest,1,MONDO:0100511,sudden cardiac arrest,judged,"MONDO:1013022 cardiac arrest, non-human animal (0.840) | MONDO:0014974 sudden cardiac failure, alcohol-induced (0.797) | MONDO:0014973 sudden cardiac failure, infantile (0.796) | MONDO:1013533 cardiogenic shock, non-human animal (0.786) | MONDO:0800409 ventricular fibrillation during myocardial infarction, susceptibility to (0.779) | MONDO:1011645 ventricular arrhythmias and sudden death, non-human animal (0.772)",out of hospital
ovarian cancer,25,MONDO:0008170,ovarian cancer,exact,"MONDO:0008170 ovarian cancer (0.950) | MONDO:0011931 ovarian cancer, susceptibility to, 1 (0.944) | MONDO:0018364 malignant epithelial tumor of ovary (0.941) | MONDO:1013303 ovarian carcinoma, non-human animal (0.929) | MONDO:0018369 immature ovarian teratoma (0.927) | MONDO:0002223 ovarian malignant mesothelioma (0.925) | MONDO:0003582 hereditary breast ovarian cancer syndrome (lex)",
ovarian carcinoma,2,MONDO:0005140,ovarian carcinoma,exact,"MONDO:0018364 malignant epithelial tumor of ovary (0.941) | MONDO:0003792 ovarian carcinosarcoma (0.937) | MONDO:1013303 ovarian carcinoma, non-human animal (0.934) | MONDO:0008170 ovarian cancer (0.931) | MONDO:0018369 immature ovarian teratoma (0.924) | MONDO:0011931 ovarian cancer, susceptibility to, 1 (0.921) | MONDO:0005140 ovarian carcinoma (lex) | MONDO:0100514 familial ovarian carcinoma (lex)",
overweight and obesity,1,MONDO:0011122,obesity disorder,judged,"MONDO:0013483 obesity, hyperphagia, and developmental delay (0.909) | MONDO:0800432 obesity, susceptibility to (0.900) | MONDO:0013991 obesity due to congenital leptin deficiency (0.899) | MONDO:7770113 obesity, domestic cat (0.897) | MONDO:0044272 obsolete body mass index quantitative trait locus 9 [obsolete] (0.896) | MONDO:0044283 obsolete body mass index quantitative trait locus 18 [obsolete] (0.895) | MONDO:0010496 X-linked intellectual disability-short stature-overweight syndrome (lex)",overweight has no MONDO term
overweight or obesity,1,MONDO:0011122,obesity disorder,judged,"MONDO:0013483 obesity, hyperphagia, and developmental delay (0.902) | MONDO:0800432 obesity, susceptibility to (0.901) | MONDO:0013991 obesity due to congenital leptin deficiency (0.900) | MONDO:7770113 obesity, domestic cat (0.898) | MONDO:0044283 obsolete body mass index quantitative trait locus 18 [obsolete] (0.898) | MONDO:0044272 obsolete body mass index quantitative trait locus 9 [obsolete] (0.897) | MONDO:0010496 X-linked intellectual disability-short stature-overweight syndrome (lex)",overweight has no MONDO term
paediatric cancer,1,MONDO:0006517,childhood malignant neoplasm,exact,MONDO:0004345 childhood malignant schwannoma (0.917) | MONDO:0002914 childhood brain stem neoplasm (0.916) | MONDO:0037250 childhood testicular neoplasm (0.913) | MONDO:0021079 childhood neoplasm (0.910) | MONDO:0003263 childhood cerebellar neoplasm (0.907) | MONDO:0003691 childhood malignant mesenchymoma (0.905) | MONDO:0003787 childhood testicular mixed germ cell cancer (lex),
palmoplantar pustulosis,1,MONDO:0015597,palmoplantar pustulosis,exact,"MONDO:0015597 palmoplantar pustulosis (0.938) | MONDO:0013980 palmoplantar keratoderma, punctate type ib (0.916) | MONDO:0031421 Olmsted syndrome (0.912) | MONDO:0014272 palmoplantar keratoderma, Nagashima type (0.904) | MONDO:0010962 diffuse nonepidermolytic palmoplantar keratoderma (0.903) | MONDO:0968949 palmoplantar keratoderma, epidermolytic (0.902) | MONDO:0013626 psoriasis 14, pustular (lex)",
pancreatic cancer,5,MONDO:0009831,malignant pancreatic neoplasm,exact,"MONDO:0015278 familial pancreatic carcinoma (0.951) | MONDO:0013235 pancreatic cancer, susceptibility to, 2 (0.948) | MONDO:0006047 pancreatic adenocarcinoma (0.941) | MONDO:0005192 exocrine pancreatic carcinoma (0.938) | MONDO:1013310 pancreatic adenocarcinoma, non-human animal (0.936) | MONDO:0005184 pancreatic ductal adenocarcinoma (0.935)",
pancreatic diseases,1,MONDO:0002356,pancreas disorder,judged,"MONDO:0002356 pancreas disorder (0.953) | MONDO:0009479 Johanson-Blizzard syndrome (0.926) | MONDO:0021076 pancreatic exocrine neoplasm (0.924) | MONDO:0009833 Shwachman-Diamond syndrome (0.923) | MONDO:0005893 pancreatic endocrine carcinoma (0.920) | MONDO:0013235 pancreatic cancer, susceptibility to, 2 (0.919) | MONDO:8000012 neurologic, endocrine, and pancreatic disease, multisystem, infantile-onset 1 (lex)",
pancreatic ductal adenocarcinoma,1,MONDO:0005184,pancreatic ductal adenocarcinoma,exact,"MONDO:0005184 pancreatic ductal adenocarcinoma (0.962) | MONDO:1013310 pancreatic adenocarcinoma, non-human animal (0.950) | MONDO:0006047 pancreatic adenocarcinoma (0.950) | MONDO:0005614 pancreatic adenosquamous carcinoma (0.924) | MONDO:0002666 pancreatic signet ring cell adenocarcinoma (0.921) | MONDO:0006346 pancreatic acinar cell carcinoma (0.908) | MONDO:0004287 pancreatic foamy gland adenocarcinoma (lex)",
Parkinson disease,6,MONDO:0005180,Parkinson disease,exact,"MONDO:0008199 late-onset Parkinson disease (0.951) | MONDO:7770166 Parkinson disease, dog (0.944) | MONDO:7770394 Parkinson disease, medaka (0.943) | MONDO:0010796 Parkinson disease, mitochondrial (0.942) | MONDO:7770286 Parkinson disease, pig (0.940) | MONDO:7770626 Parkinson disease, macaque (0.939) | MONDO:0005180 Parkinson disease (lex) | MONDO:0010820 autosomal recessive juvenile Parkinson disease 2 (lex)",
Parkinson's disease,26,MONDO:0005180,Parkinson disease,exact,"MONDO:0008199 late-onset Parkinson disease (0.948) | MONDO:7770166 Parkinson disease, dog (0.941) | MONDO:7770394 Parkinson disease, medaka (0.940) | MONDO:0010796 Parkinson disease, mitochondrial (0.939) | MONDO:7770286 Parkinson disease, pig (0.938) | MONDO:7770626 Parkinson disease, macaque (0.936) | MONDO:0010820 autosomal recessive juvenile Parkinson disease 2 (lex)",
parkinsonian disorders,1,MONDO:0021095,parkinsonian disorder,judged,"MONDO:0021095 parkinsonian disorder (0.920) | MONDO:0013150 parkinsonism-dystonia, infantile (0.919) | MONDO:0009830 parkinsonian-pyramidal syndrome (0.916) | MONDO:0019977 parkinsonism with dementia of Guadeloupe (0.912) | MONDO:0036193 parkinsonism with polyneuropathy (0.910) | MONDO:0030676 parkinsonism-dystonia 3, childhood-onset (0.900) | MONDO:0006766 gait apraxia (lex)",
parkinsonism,1,MONDO:0021095,parkinsonian disorder,judged,"MONDO:0009830 parkinsonian-pyramidal syndrome (0.937) | MONDO:0021095 parkinsonian disorder (0.934) | MONDO:0013150 parkinsonism-dystonia, infantile (0.933) | MONDO:0036193 parkinsonism with polyneuropathy (0.921) | MONDO:0019977 parkinsonism with dementia of Guadeloupe (0.908) | MONDO:0018130 brain dopamine-serotonin vesicular transport disease (0.898) | MONDO:0010820 autosomal recessive juvenile Parkinson disease 2 (lex) | MONDO:0008199 late-onset Parkinson disease (lex)",
parotid gland tumours,1,MONDO:0021243,parotid gland neoplasm,judged,MONDO:0006357 parotid gland carcinoma ex pleomorphic adenoma (0.931) | MONDO:0021243 parotid gland neoplasm (0.927) | MONDO:0006356 parotid gland adenoid cystic carcinoma (0.921) | MONDO:0021494 benign neoplasm of parotid gland (0.915) | MONDO:0006358 parotid gland squamous cell carcinoma (0.908) | MONDO:0021280 mucoepidermoid carcinoma of parotid gland (0.903) | MONDO:0004700 parotid gland cancer (lex),
paroxysmal neurological disorders,1,,,none,"MONDO:0008047 episodic ataxia type 1 (0.908) | MONDO:0043969 nocturnal paroxysmal dystonia (0.907) | MONDO:0011178 infantile convulsions and choreoathetosis (0.902) | MONDO:1010422 paroxysmal dyskinesia, dog (0.898) | MONDO:0015427 paroxysmal dyskinesia (0.897) | MONDO:1010004 paroxysmal dyskinesia, non-human animal (0.894) | MONDO:0007558 self-limited childhood occipital epilepsy (lex)",several disorders
pediatric brain tumor,1,MONDO:0021211,brain neoplasm,judged,MONDO:0002914 childhood brain stem neoplasm (0.948) | MONDO:0003869 childhood brain stem glioma (0.935) | MONDO:0003263 childhood cerebellar neoplasm (0.933) | MONDO:0004218 childhood germ cell brain tumor (0.928) | MONDO:0003870 childhood brainstem astrocytoma (0.924) | MONDO:0004217 childhood brain germinoma (0.921),childhood
pediatric cancer,1,MONDO:0006517,childhood malignant neoplasm,exact,MONDO:0004345 childhood malignant schwannoma (0.922) | MONDO:0002914 childhood brain stem neoplasm (0.920) | MONDO:0037250 childhood testicular neoplasm (0.916) | MONDO:0003691 childhood malignant mesenchymoma (0.913) | MONDO:0021079 childhood neoplasm (0.912) | MONDO:0003263 childhood cerebellar neoplasm (0.911) | MONDO:0006517 childhood malignant neoplasm (lex),
pelvic mass,1,HP:0031501,Pelvic mass,judged,"MONDO:0006593 pelvic lipomatosis (0.890) | MONDO:0000082 pelvic organ prolapse (0.886) | MONDO:0008313 pelvic organ prolapse, susceptibility to (0.881) | MONDO:0004869 pelvic varices (0.876) | MONDO:0008216 pelvic lipomatosis with crossed renal ectopia (0.876) | MONDO:0004762 pelvic congestion syndrome (0.875) | MONDO:0025956 ovarian remnant syndrome (lex) | MONDO:0006363 peritoneal multicystic mesothelioma (lex)",
perinatal depression,1,MONDO:0002050,depressive disorder,judged,"MONDO:0006663 perinatal asphyxia (0.888) | MONDO:1011344 perinatal disease, non-human animal (0.864) | MONDO:0005929 postpartum depression (0.861) | MONDO:0100086 perinatal disease (0.855) | MONDO:0013846 peripartum cardiomyopathy, susceptibility to (0.850) | MONDO:0018920 peripartum cardiomyopathy (0.842)",the synonym match gave perinatal asphyxia; depression around childbirth
periodontal disease,1,MONDO:0002635,periodontal disorder,exact,"MONDO:0005593 chronic periodontitis (0.946) | MONDO:0002635 periodontal disorder (0.944) | MONDO:0001028 acute pericementitis (0.942) | MONDO:0980757 periodontitis, aggressive (0.941) | MONDO:0009850 periodontitis, chronic, adult (0.940) | MONDO:1013185 periodontal disorder, non-human animal (0.936) | MONDO:0012548 Kostmann syndrome (lex)",
periodontitis,1,MONDO:0005076,periodontitis,exact,"MONDO:0005593 chronic periodontitis (0.954) | MONDO:0980757 periodontitis, aggressive (0.950) | MONDO:0001028 acute pericementitis (0.950) | MONDO:0002635 periodontal disorder (0.941) | MONDO:0009850 periodontitis, chronic, adult (0.937) | MONDO:0008226 periodontitis, aggressive 1 (0.931) | MONDO:0005076 periodontitis (lex)",
peripheral arterial disease,2,MONDO:0005386,peripheral arterial disease,exact,"MONDO:0011726 peripheral arterial occlusive disease 1 (0.943) | MONDO:0005386 peripheral arterial disease (0.906) | MONDO:0005294 peripheral vascular disease (0.886) | MONDO:0041114 peripheral ischemia (0.859) | MONDO:0001459 radial neuropathy (0.845) | MONDO:1011007 peripheral neuropathy, dog (0.837)",
persistent high-risk HPV infection,1,MONDO:0005161,human papilloma virus infection,judged,"MONDO:0020657 human papillomavirus-related squamous cell carcinoma (0.818) | MONDO:0020656 human papillomavirus-related penile squamous cell carcinoma (0.806) | MONDO:1017102 persistent vaginitis, non-human animal (0.795) | MONDO:0005161 human papilloma virus infection (0.794) | MONDO:0002030 chronic cervicitis (0.781) | MONDO:0005366 chronic hepatitis B virus infection (0.780)","persistent, high-risk types"
pilocytic astrocytoma,1,MONDO:0016691,pilocytic astrocytoma,exact,MONDO:0004000 childhood pilocytic astrocytoma (0.965) | MONDO:0003168 cerebellar pilocytic astrocytoma (0.959) | MONDO:0016691 pilocytic astrocytoma (0.949) | MONDO:0971118 pilocytic astrocytoma with histological features of anaplasia (0.948) | MONDO:0016692 pilomyxoid astrocytoma (0.887) | MONDO:0003171 pineal gland astrocytoma (0.870),
placental abruption,1,MONDO:0004846,placental abruption,exact,"MONDO:0004846 placental abruption (0.924) | MONDO:0005918 placenta praevia (0.851) | MONDO:1013527 placental insufficiency, non-human animal (0.844) | MONDO:0005916 placenta accreta (0.844) | MONDO:0005917 placenta disorder (0.842) | MONDO:0005919 placental insufficiency (0.837)",
platinum-induced ototoxicity,1,MONDO:0800178,platinum-induced ototoxicity,exact,"MONDO:0800178 platinum-induced ototoxicity (0.913) | MONDO:0013213 hearing loss, cisplatin-induced, susceptibility to (0.823) | MONDO:0011749 oculocutaneous albinism type 1B (0.760) | MONDO:0957560 hearing loss, noise-induced, susceptibility to (0.754) | MONDO:0019022 sensorineural hearing loss-early graying-essential tremor syndrome (0.746) | MONDO:0008891 riboflavin transporter deficiency (0.745)",
polycystic ovary syndrome,1,MONDO:0008487,polycystic ovary syndrome,exact,"MONDO:1013188 polycystic ovary syndrome, non-human animal (0.940) | MONDO:0008487 polycystic ovary syndrome (0.929) | MONDO:0017200 polycystic ovaries-urethral sphincter dysfunction syndrome (0.886) | MONDO:1011060 polycystic kidney disease, sheep (0.861) | MONDO:1011056 polycystic kidney disease, horse (0.861) | MONDO:1011061 polycystic kidney disease, rabbit (0.858)",
post-traumatic stress disorder,1,MONDO:0005146,post-traumatic stress disorder,exact,"MONDO:0005146 post-traumatic stress disorder (0.948) | MONDO:0043264 post-traumatic epilepsy (0.895) | MONDO:1016262 post-traumatic hydrocephalus, non-human animal (0.854) | MONDO:0700280 post-treatment Lyme disease syndrome (0.820) | MONDO:1014065 post-operative self-trauma, non-human animal (0.816) | MONDO:0100233 long COVID-19 (0.815)",
postpartum depression,1,MONDO:0005929,postpartum depression,exact,"MONDO:0005929 postpartum depression (0.921) | MONDO:0018623 postpartum psychosis (0.912) | MONDO:0044014 postpartum thyroiditis (0.906) | MONDO:0018920 peripartum cardiomyopathy (0.885) | MONDO:1012467 postpartum dysgalactia syndrome, pig (0.884) | MONDO:0019618 Sheehan syndrome (0.882)",
posttraumatic stress disorder,2,MONDO:0005146,post-traumatic stress disorder,judged,"MONDO:0005146 post-traumatic stress disorder (0.946) | MONDO:0043264 post-traumatic epilepsy (0.894) | MONDO:1016262 post-traumatic hydrocephalus, non-human animal (0.853) | MONDO:0700280 post-treatment Lyme disease syndrome (0.817) | MONDO:0100233 long COVID-19 (0.816) | MONDO:1014065 post-operative self-trauma, non-human animal (0.812)",
prediabetes,2,MONDO:0006920,prediabetes syndrome,exact,MONDO:0006920 prediabetes syndrome (0.937) | MONDO:0021074 precancerous condition (0.821) | MONDO:0008310 Hutchinson-Gilford progeria syndrome (0.804) | MONDO:0060782 premalignant hematological system disease (0.804) | MONDO:0019303 premature aging syndrome (0.802) | MONDO:0001119 premature menopause (0.797),
preeclampsia,5,MONDO:0005081,preeclampsia,exact,MONDO:0100467 preeclampsia/eclampsia 1 (0.968) | MONDO:0012264 preeclampsia/eclampsia 2 (0.968) | MONDO:0012265 preeclampsia/eclampsia 3 (0.967) | MONDO:0012266 preeclampsia/eclampsia 4 (0.967) | MONDO:0005081 preeclampsia (0.967) | MONDO:0013817 preeclampsia/eclampsia 5 (0.967),
pregnancy loss,1,MONDO:0041526,pregnancy disorder with abortive outcome,judged,"MONDO:0800310 pregnancy loss, recurrent, 4 (0.941) | MONDO:0000144 pregnancy loss, recurrent, susceptibility (0.940) | MONDO:0013727 pregnancy loss, recurrent, susceptibility to, 1 (0.906) | MONDO:0013729 pregnancy loss, recurrent, susceptibility to, 3 (0.905) | MONDO:0013728 pregnancy loss, recurrent, susceptibility to, 2 (0.905) | MONDO:0041526 pregnancy disorder with abortive outcome (0.895)",
premalignant conditions,1,MONDO:0021074,precancerous condition,judged,MONDO:0060782 premalignant hematological system disease (0.936) | MONDO:0021074 precancerous condition (0.932) | MONDO:0000611 pre-malignant neoplasm (0.928) | MONDO:1060215 preneoplastic lesion (0.855) | MONDO:0019303 premature aging syndrome (0.852) | MONDO:0008310 Hutchinson-Gilford progeria syndrome (0.850) | MONDO:0004844 oral mucosa leukoplakia (lex),
premature atherosclerosis,2,MONDO:0005311,atherosclerosis,judged,"MONDO:0010457 Ogden syndrome (0.857) | MONDO:0007726 hip dysplasia, Beukes type (0.854) | MONDO:0011149 premature aging syndrome, Okamoto type (0.853) | MONDO:1011350 premature aging syndrome, non-human animal (0.851) | MONDO:0008310 Hutchinson-Gilford progeria syndrome (0.848) | MONDO:0019303 premature aging syndrome (0.848) | MONDO:0008843 atherosclerosis-deafness-diabetes-epilepsy-nephropathy syndrome (lex) | MONDO:0008863 sitosterolemia (lex)",premature
premature coronary artery disease,1,MONDO:0005010,coronary artery disorder,judged,"MONDO:0800425 coronary artery disease, severe, susceptibility to (0.859) | MONDO:0012011 coronary artery disease, autosomal dominant, 1 (0.851) | MONDO:0012586 coronary artery disease, autosomal dominant 2 (0.850) | MONDO:0021661 coronary atherosclerosis (0.847) | MONDO:0012585 coronary heart disease, susceptibility to, 7 (0.845) | MONDO:0011817 coronary heart disease, susceptibility to, 1 (0.843) | MONDO:0008843 atherosclerosis-deafness-diabetes-epilepsy-nephropathy syndrome (lex)",premature
premature coronary disease,1,MONDO:0005010,coronary artery disorder,judged,"MONDO:0800425 coronary artery disease, severe, susceptibility to (0.857) | MONDO:0010331 coronary heart disease, susceptibility to, 3 (0.846) | MONDO:0012147 coronary heart disease, susceptibility to, 5 (0.846) | MONDO:0013765 coronary heart disease, susceptibility to, 6 (0.846) | MONDO:0011817 coronary heart disease, susceptibility to, 1 (0.846) | MONDO:0012788 coronary heart disease, susceptibility to, 9 (0.846) | MONDO:0700513 apolipoprotein A-I deficiency (lex) | MONDO:0013533 hyperlipidemia due to hepatic triglyceride lipase deficiency (lex)",premature
preterm birth,2,HP:0001622,Premature birth,judged,"MONDO:0012511 preterm premature rupture of the membranes (0.916) | MONDO:1017002 premature placental separation, non-human animal (0.889) | MONDO:0004846 placental abruption (0.888) | MONDO:1016838 premature lactation, non-human animal (0.868) | MONDO:0001119 premature menopause (0.866) | MONDO:0019303 premature aging syndrome (0.860) | MONDO:0009476 atresia of small intestine (lex) | MONDO:0016005 indomethacin embryofetopathy (lex)",
primary lateral sclerosis,1,MONDO:0018155,lateral sclerosis,exact,"MONDO:0012708 primary lateral sclerosis, adult, 1 (0.936) | MONDO:0018155 lateral sclerosis (0.852) | MONDO:0019160 primary progressive freezing gait (0.851) | MONDO:0017803 primary progressive apraxia of speech (0.849) | MONDO:0000451 primary progressive multiple sclerosis (0.846) | MONDO:0041284 primary motor cortex epilepsy (0.824) | MONDO:0011663 juvenile primary lateral sclerosis (lex)",
primary open angle glaucoma,1,MONDO:0005338,open-angle glaucoma,exact,"MONDO:1012498 primary open angle glaucoma, dog (0.954) | MONDO:1011998 primary open angle glaucoma, non-human animal (0.945) | MONDO:0005338 open-angle glaucoma (0.934) | MONDO:0012102 glaucoma 1, open angle, K (0.910) | MONDO:1012742 primary open angle glaucoma, ADAMTS10-related, dog (0.908) | MONDO:1012764 primary open angle glaucoma, ADAMTS17-related, dog (0.907)",
primary open-angle glaucoma,5,MONDO:0005338,open-angle glaucoma,judged,"MONDO:1012498 primary open angle glaucoma, dog (0.949) | MONDO:1011998 primary open angle glaucoma, non-human animal (0.943) | MONDO:0005338 open-angle glaucoma (0.932) | MONDO:0012102 glaucoma 1, open angle, K (0.911) | MONDO:1012742 primary open angle glaucoma, ADAMTS10-related, dog (0.906) | MONDO:1012764 primary open angle glaucoma, ADAMTS17-related, dog (0.905)",primary
progressive muscular atrophy,1,MONDO:0018687,progressive muscular atrophy,exact,"MONDO:0018687 progressive muscular atrophy (0.892) | MONDO:1012016 progressive ataxia with degenerative thoracic myelopathy, sheep (0.878) | MONDO:1011829 progressive ataxia with degenerative thoracic myelopathy, non-human animal (0.873) | MONDO:0014900 autosomal recessive limb-girdle muscular dystrophy type 2Y (0.870) | MONDO:0009673 spinal muscular atrophy, type II (0.864) | MONDO:0016106 progressive muscular dystrophy (0.861) | MONDO:0008045 spinal muscular atrophy-progressive myoclonic epilepsy syndrome (lex)",
progressive supranuclear palsy,1,MONDO:0019037,progressive supranuclear palsy,exact,"MONDO:0009839 progressive supranuclear palsy-parkinsonism syndrome (0.940) | MONDO:0016564 progressive supranuclear palsy-progressive non-fluent aphasia syndrome (0.938) | MONDO:0016562 progressive supranuclear palsy-pure akinesia with gait freezing syndrome (0.934) | MONDO:0016563 progressive supranuclear palsy-corticobasal syndrome (0.933) | MONDO:0019037 progressive supranuclear palsy (0.909) | MONDO:0010997 supranuclear palsy, progressive, 1 (0.906)",
prostate cancer,48,MONDO:0008315,prostate cancer,exact,"MONDO:1010961 prostate cancer, dog (0.953) | MONDO:0700275 prostate cancer, hereditary (0.952) | MONDO:0011098 prostate cancer, hereditary, 1 (0.948) | MONDO:0006234 grade III prostatic intraepithelial neoplasia (0.945) | MONDO:0004956 metastatic prostate carcinoma (0.944) | MONDO:1010223 prostate cancer, non-human animal (0.940) | MONDO:0008315 prostate cancer (lex)",
psoriasis,6,MONDO:0005083,psoriasis,exact,"MONDO:0011269 psoriasis 2 (0.933) | MONDO:0011849 psoriatic arthritis (0.921) | MONDO:0013626 psoriasis 14, pustular (0.917) | MONDO:0011573 psoriasis 7, susceptibility to (0.916) | MONDO:0100232 psoriatic arthritis, susceptibility to (0.915) | MONDO:0100171 psoriasis, susceptibility to (0.913) | MONDO:0005083 psoriasis (lex) | MONDO:0010652 X-linked intellectual disability-seizures-psoriasis syndrome (lex)",
psoriatic arthritis,1,MONDO:0011849,psoriatic arthritis,exact,"MONDO:0100232 psoriatic arthritis, susceptibility to (0.941) | MONDO:0011849 psoriatic arthritis (0.917) | MONDO:0100231 psoriatic arthritis, susceptibility to, 1 (0.907) | MONDO:0019436 psoriasis-related juvenile idiopathic arthritis (0.893) | MONDO:0958257 psoriatic arthritis-pyoderma gangrenosum-acne-hidradenitis suppurativa syndrome (0.893) | MONDO:0013626 psoriasis 14, pustular (0.873)",
psychiatric disorders,2,MONDO:0002025,psychiatric disorder,judged,"MONDO:1011351 psychiatric disorder, non-human animal (0.947) | MONDO:0002025 psychiatric disorder (0.941) | MONDO:0005485 psychotic disorder (0.909) | MONDO:0001164 antisocial personality disorder (0.881) | MONDO:0019114 psychogenic movement disorders (0.872) | MONDO:0000947 psychosexual disorder (0.867) | MONDO:0011446 myoclonic epilepsy, congenital deafness, macular dystrophy, and psychiatric disorders (lex)",
psychopathology,2,MONDO:0002025,psychiatric disorder,judged,"MONDO:0001164 antisocial personality disorder (0.924) | MONDO:0002025 psychiatric disorder (0.907) | MONDO:0005485 psychotic disorder (0.899) | MONDO:0021745 psychosocial short stature (0.892) | MONDO:1011351 psychiatric disorder, non-human animal (0.888) | MONDO:0000947 psychosexual disorder (0.886)",
psychosis,3,MONDO:0005485,psychotic disorder,exact,"MONDO:0005485 psychotic disorder (0.935) | MONDO:0002025 psychiatric disorder (0.891) | MONDO:0001164 antisocial personality disorder (0.872) | MONDO:1011351 psychiatric disorder, non-human animal (0.871) | MONDO:0001185 dissociative amnesia (0.865) | MONDO:0019114 psychogenic movement disorders (0.859) | MONDO:0021702 alcohol amnestic disorder (lex) | MONDO:0010235 X-linked intellectual disability-psychosis-macroorchidism syndrome (lex)",
psychotic bipolar disorder,1,MONDO:0004985,bipolar disorder,judged,"MONDO:0024612 manic bipolar affective disorder (0.857) | MONDO:0024613 bipolar depression (0.854) | MONDO:0005485 psychotic disorder (0.842) | MONDO:0001164 antisocial personality disorder (0.833) | MONDO:1011351 psychiatric disorder, non-human animal (0.830) | MONDO:1060151 schizoaffective bipolar disorder (0.825)",with psychotic features
pulmonary embolism,2,MONDO:0005279,pulmonary embolism,exact,"MONDO:0004597 pulmonary embolism and infarction (0.953) | MONDO:0005279 pulmonary embolism (0.941) | MONDO:1013881 pulmonary thromboembolism, non-human animal (0.936) | MONDO:0003506 pulmonary artery choriocarcinoma (0.860) | MONDO:1013871 pulmonary hemorrhage, non-human animal (0.860) | MONDO:1013870 pulmonary artery aneurysm, non-human animal (0.860)",
pulmonary hypertension,2,MONDO:0005149,pulmonary hypertension,exact,"MONDO:0100159 pulmonary hypertension, neonatal (0.930) | MONDO:1011136 pulmonary hypertension, cattle (0.925) | MONDO:1011135 pulmonary hypertension, pig (0.923) | MONDO:0958334 pulmonary hypertension, primary, 6 (0.921) | MONDO:0014136 pulmonary hypertension, primary, 4 (0.921) | MONDO:0014134 pulmonary hypertension, primary, 2 (0.920) | MONDO:0005149 pulmonary hypertension (lex) | MONDO:0024533 pulmonary hypertension, primary, 1 (lex)",
pustular psoriasis,1,MONDO:0022205,pustular psoriasis,exact,"MONDO:0022205 pustular psoriasis (0.916) | MONDO:0035236 pustular pyoderma gangrenosum (0.911) | MONDO:0015597 palmoplantar pustulosis (0.910) | MONDO:0014494 psoriasis 15, pustular, susceptibility to (0.894) | MONDO:0013626 psoriasis 14, pustular (0.888) | MONDO:0006614 subcorneal pustular dermatosis (0.887)",
rapidly progressive Alzheimer's disease,1,MONDO:0004975,Alzheimer disease,judged,"MONDO:0004951 susceptibility to HIV infection (0.829) | MONDO:0035161 progressive dementia with neuroserpin inclusion bodies (0.826) | MONDO:0011513 Alzheimer disease, familial early-onset, with coexisting amyloid and prion pathology (0.826) | MONDO:0001184 chronic rapidly progressive glomerulonephritis (0.821) | MONDO:0100248 rapidly progressive primary central nervous system vasculitis (0.819) | MONDO:0011401 Alzheimer disease without neurofibrillary tangles (0.818)",rapidly progressive
rare cancers,1,MONDO:0004992,cancer,judged,MONDO:0016252 obsolete rare uterine cancer [obsolete] (0.921) | MONDO:0018508 obsolete rare carcinoma of small intestine [obsolete] (0.901) | MONDO:0036491 obsolete rare childhood malignant neoplasm [obsolete] (0.889) | MONDO:0018505 obsolete rare tumor of small intestine [obsolete] (0.887) | MONDO:0016274 obsolete rare cancer of cervix uteri [obsolete] (0.885) | MONDO:0016253 obsolete rare cancer of corpus uteri [obsolete] (0.880) | MONDO:0016284 primitive neuroectodermal tumor of the cervix uteri (lex) | MONDO:0011584 Fanconi anemia complementation group D1 (lex),rare
rare disease,1,,,none,MONDO:0021200 obsolete rare disease [obsolete] (0.940) | MONDO:0020031 obsolete rare tumor [obsolete] (0.914) | MONDO:0019117 obsolete genetic nervous system disorder [obsolete] (0.906) | MONDO:0015958 obsolete rare genetic bone disease [obsolete] (0.895) | MONDO:0015507 obsolete rare genetic hepatic disease [obsolete] (0.895) | MONDO:0016517 obsolete rare genetic vascular disease [obsolete] (0.894) | MONDO:0021136 rare (lex) | MONDO:0005570 hematologic disorder (lex),too general
rare diseases,1,,,none,MONDO:0021200 obsolete rare disease [obsolete] (0.932) | MONDO:0020031 obsolete rare tumor [obsolete] (0.905) | MONDO:0019117 obsolete genetic nervous system disorder [obsolete] (0.899) | MONDO:0015507 obsolete rare genetic hepatic disease [obsolete] (0.890) | MONDO:0015958 obsolete rare genetic bone disease [obsolete] (0.889) | MONDO:0016517 obsolete rare genetic vascular disease [obsolete] (0.888) | MONDO:0021136 rare (lex) | MONDO:0005570 hematologic disorder (lex),too general
rare neuromuscular disorders,1,MONDO:0019056,neuromuscular disease,judged,"MONDO:0958332 neuromuscular disorder, congenital, with dysmorphic facies (0.894) | MONDO:0032890 neuromuscular disease and ocular or auditory anomalies with or without seizures (0.884) | MONDO:0016192 neuromuscular disease caused by qualitative or quantitative defects of telethonin (0.876) | MONDO:0016194 neuromuscular disease caused by qualitative or quantitative defects of nebulin (0.875) | MONDO:0016191 neuromuscular disease caused by qualitative or quantitative defects of titin (0.874) | MONDO:0016145 neuromuscular disease caused by qualitative or quantitative defects of dysferlin (0.873) | MONDO:0011486 congenital muscular dystrophy 1B (lex) | MONDO:0020704 inherited rippling muscle disease (lex)",
reading disability,1,MONDO:0001697,reading disorder,judged,"MONDO:0001697 reading disorder (0.823) | MONDO:0007487 dyslexia, susceptibility to, 1 (0.778) | MONDO:0013352 intellectual disability-severe speech delay-mild dysmorphism syndrome (0.778) | MONDO:0010843 dyslexia, susceptibility to, 2 (0.777) | MONDO:0014957 language delay and attention deficit-hyperactivity disorder/cognitive impairment with or without cardiac arrhythmia (0.777) | MONDO:0011418 dyslexia, susceptibility to, 3 (0.777) | MONDO:0001712 alexia (lex)",
rectal cancer,1,MONDO:0006519,rectal cancer,exact,"MONDO:0004725 rectum carcinoma in situ (0.943) | MONDO:0002167 rectum malignant melanoma (0.930) | MONDO:0021534 rectal neuroendocrine tumor G1 (0.928) | MONDO:0002169 rectum adenocarcinoma (0.928) | MONDO:0021462 benign neoplasm of rectum (0.927) | MONDO:1013278 rectal carcinoma, non-human animal (0.922) | MONDO:0006519 rectal cancer (lex)",
recurrent depression,1,MONDO:0002009,major depressive disorder,judged,"MONDO:0001306 obsolete recurrent corneal erosion [obsolete] (0.844) | MONDO:0004617 recurrent hypersomnia (0.841) | MONDO:0018989 recurrent acute pancreatitis (0.831) | MONDO:1014174 recurrent/relapsing pancreatitis, non-human animal (0.819) | MONDO:0002444 melancholia (0.816) | MONDO:0005929 postpartum depression (0.816) | MONDO:0018486 visual snow syndrome (lex) | MONDO:0000694 seasonal affective disorder (lex)",recurrent
recurrent major depressive disorder,1,MONDO:0002009,major depressive disorder,judged,MONDO:0012100 major depressive disorder 2 (0.861) | MONDO:0002009 major depressive disorder (0.854) | MONDO:0012050 major depressive disorder 1 (0.853) | MONDO:0005929 postpartum depression (0.852) | MONDO:0012319 major affective disorder 3 (0.821) | MONDO:0024363 rapid eye movement sleep disorder (0.815),recurrent
refractive error,2,MONDO:0004892,refractive error,exact,MONDO:0001021 ametropic amblyopia (0.901) | MONDO:0004892 refractive error (0.901) | MONDO:0005414 treatment-refractory schizophrenia (0.810) | MONDO:0018353 refractory celiac disease (0.806) | MONDO:0005272 myelodysplastic syndrome with single lineage dysplasia (0.805) | MONDO:0036501 refractory malignant neoplasm (0.796) | MONDO:0009873 pilodental dysplasia-refractive errors syndrome (lex),
related dementias,1,MONDO:0001627,dementia,judged,"MONDO:0000914 cerebral arteriopathy, autosomal dominant, with subcortical infarcts and leukoencephalopathy, type 1 (0.859) | MONDO:0010857 semantic dementia (0.857) | MONDO:0800027 leukoencephalopathy, diffuse hereditary, with spheroids 1 (0.848) | MONDO:0007488 Lewy body dementia (0.838) | MONDO:0007433 dementia/parkinsonism with non-Alzheimer amyloid plaques (0.838) | MONDO:0007020 Wernicke encephalopathy (0.835) | MONDO:0020689 AIDS dementia complex (lex) | MONDO:0018475 PRKAR1B-related neurodegenerative dementia with intermediate filaments (lex)",
related metabolic disorders,1,MONDO:0005066,metabolic disease,judged,"MONDO:0019253 metabolic disease involving other neurotransmitter deficiency (0.912) | MONDO:0015656 obsolete metabolic disease with epilepsy [obsolete] (0.904) | MONDO:0020228 obsolete cataract associated with a metabolic disease [obsolete] (0.903) | MONDO:0957896 metabolic dysfunction and alcohol associated liver disease (0.898) | MONDO:0015188 obsolete metabolic disorder with intestinal involvement [obsolete] (0.884) | MONDO:1011331 metabolic disease, non-human animal (0.867) | MONDO:0100314 GYG1-related disorder of glycogen metabolism (lex) | MONDO:1012649 polysaccharide storage myopathy, type 1, horse (lex)",
renal cell carcinoma,5,MONDO:0005086,renal cell carcinoma,exact,MONDO:0007763 nonpapillary renal cell carcinoma (0.966) | MONDO:0005005 clear cell renal carcinoma (0.959) | MONDO:0003789 hereditary papillary renal cell carcinoma (0.958) | MONDO:0005549 renal cell adenocarcinoma (0.957) | MONDO:0003012 sarcomatoid renal cell carcinoma (0.949) | MONDO:0017887 renal cell carcinoma associated with neuroblastoma (0.947) | MONDO:0005086 renal cell carcinoma (lex) | MONDO:0017884 papillary renal cell carcinoma (lex),
renal disease,1,MONDO:0005240,kidney disorder,exact,"MONDO:0004375 end stage renal failure (0.967) | MONDO:0002118 urinary system disorder (0.965) | MONDO:1012235 renal disease, dog (0.964) | MONDO:1012238 renal nephropathy, dog (0.948) | MONDO:1012237 renal insufficiency, dog (0.944) | MONDO:1011909 renal disease, non-human animal (0.942) | MONDO:0007797 hypoparathyroidism-deafness-renal disease syndrome (lex)",
respiratory illness,1,MONDO:0005087,respiratory system disorder,judged,"MONDO:0005087 respiratory system disorder (0.946) | MONDO:0024355 respiratory tract infectious disorder (0.940) | MONDO:1013398 respiratory tract infectious disorder, non-human animal (0.931) | MONDO:0700104 respiratory system disorder, non-human animal (0.927) | MONDO:0000376 respiratory system cancer (0.913) | MONDO:0001577 respiratory syncytial virus infectious disease (0.912) | MONDO:0100319 COVID-19–associated multisystem inflammatory syndrome in adults (lex) | MONDO:0005875 Newcastle disease (lex)",
restless legs syndrome,1,MONDO:0005391,restless legs syndrome,exact,"MONDO:0012135 restless legs syndrome, susceptibility to, 2 (0.948) | MONDO:0012492 restless legs syndrome, susceptibility to, 3 (0.948) | MONDO:0014079 restless legs syndrome, susceptibility to, 8 (0.947) | MONDO:0012641 restless legs syndrome, susceptibility to, 5 (0.946) | MONDO:0012493 restless legs syndrome, susceptibility to, 4 (0.946) | MONDO:0012636 restless legs syndrome, susceptibility to, 6 (0.946) | MONDO:0005391 restless legs syndrome (lex)",
reticular pseudodrusen,1,MONDO:1060213,reticular pseudodrusen,exact,MONDO:1060213 reticular pseudodrusen (0.899) | MONDO:0009979 reticular dystrophy of the retinal pigment epithelium (0.870) | MONDO:0006949 retinal drusen (0.868) | MONDO:0018877 retinitis punctata albescens (0.864) | MONDO:0060507 retinal dystrophy with or without macular staphyloma (0.862) | MONDO:0013786 cone-rod dystrophy 16 (0.861),
rhabdomyosarcoma,1,MONDO:0005212,rhabdomyosarcoma,exact,"MONDO:0005212 rhabdomyosarcoma (0.959) | MONDO:0009993 embryonal rhabdomyosarcoma (0.958) | MONDO:0859046 rhabdomyosarcoma, embryonal, 2 (0.957) | MONDO:0002849 liver rhabdomyosarcoma (0.955) | MONDO:0002580 orbit rhabdomyosarcoma (0.955) | MONDO:0002850 central nervous system rhabdomyosarcoma (0.955) | MONDO:0009994 alveolar rhabdomyosarcoma (lex)",
rheumatic diseases,1,MONDO:0005554,rheumatic disorder,judged,"MONDO:0003627 rheumatic pulmonary valve disease (0.938) | MONDO:0042967 rheumatic disease of mitral valve (0.933) | MONDO:0011429 juvenile idiopathic arthritis (0.915) | MONDO:1011153 rheumatoid arthritis, dog (0.914) | MONDO:0005554 rheumatic disorder (0.906) | MONDO:0006955 rheumatic heart disease (0.906)",
rheumatoid arthritis,9,MONDO:0008383,rheumatoid arthritis,exact,"MONDO:1011153 rheumatoid arthritis, dog (0.958) | MONDO:1010294 rheumatoid arthritis, non-human animal (0.943) | MONDO:0011429 juvenile idiopathic arthritis (0.937) | MONDO:0008383 rheumatoid arthritis (0.934) | MONDO:0004586 rheumatoid arthritis-associated interstitial lung disease (0.932) | MONDO:0019435 rheumatoid factor-positive polyarticular juvenile idiopathic arthritis (0.926)",
sarcoidosis,1,MONDO:0019338,sarcoidosis,exact,"MONDO:0001708 pulmonary sarcoidosis (0.951) | MONDO:0008523 Blau syndrome (0.948) | MONDO:0001707 cardiac sarcoidosis (0.943) | MONDO:1013664 sarcoidosis, non-human animal (0.936) | MONDO:0045047 neurosarcoidosis (0.931) | MONDO:0006611 skin sarcoidosis (0.920) | MONDO:0019338 sarcoidosis (lex) | MONDO:0008399 sarcoidosis, susceptibility to, 1 (lex)",
SARS-CoV-2 infection,3,MONDO:0100096,COVID-19,judged,MONDO:0100163 COVID-19–associated multisystem inflammatory syndrome in children (0.927) | MONDO:0005091 severe acute respiratory syndrome (0.908) | MONDO:0100319 COVID-19–associated multisystem inflammatory syndrome in adults (0.849) | MONDO:0100096 COVID-19 (0.848) | MONDO:0100320 post-COVID-19 disorder (0.823) | MONDO:0100233 long COVID-19 (0.823),
SCC,1,MONDO:0005096,squamous cell carcinoma,judged,MONDO:0006470 tonsillar squamous cell carcinoma (0.868) | MONDO:0004319 hypercalcemic type ovarian small cell carcinoma (0.862) | MONDO:0004114 urinary bladder small cell neuroendocrine carcinoma (0.855) | MONDO:0003795 ovarian small cell carcinoma (0.850) | MONDO:0010150 head and neck squamous cell carcinoma (0.841) | MONDO:0007374 Schnyder corneal dystrophy (0.832) | MONDO:0004958 oral cavity squamous cell carcinoma (lex) | MONDO:0005580 esophageal squamous cell carcinoma (lex),squamous cell carcinoma
schistosomiasis,1,MONDO:0015254,schistosomiasis,exact,"MONDO:0015254 schistosomiasis (0.965) | MONDO:0006001 urinary schistosomiasis (0.959) | MONDO:0044345 Schistosoma mansoni infectious disease (0.934) | MONDO:0044344 Schistosoma japonicum infectious disease (0.923) | MONDO:0044351 Schistosoma intercalatum infectious disease (0.908) | MONDO:0859050 Schistosoma mansoni infection, susceptibility/resistance to (0.904)",
schizoaffective disorder,5,MONDO:0005487,schizoaffective disorder,exact,MONDO:1060151 schizoaffective bipolar disorder (0.950) | MONDO:1060152 schizoaffective depressive disorder (0.944) | MONDO:0005487 schizoaffective disorder (0.923) | MONDO:0001087 schizotypal personality disorder (0.892) | MONDO:0001265 schizophreniform disorder (0.884) | MONDO:0011307 schizophrenia 2 (0.871),
schizophrenia,20,MONDO:0005090,schizophrenia,exact,MONDO:0011307 schizophrenia 2 (0.950) | MONDO:0010943 schizophrenia 4 (0.949) | MONDO:0008414 schizophrenia 1 (0.949) | MONDO:0010897 schizophrenia 3 (0.949) | MONDO:0014092 schizophrenia 18 (0.948) | MONDO:0011280 schizophrenia 6 (0.948) | MONDO:0005090 schizophrenia (lex),
schizophrenia spectrum disorder,1,MONDO:0005090,schizophrenia,judged,"MONDO:0100182 schizophrenia, susceptibility to (0.900) | MONDO:0013696 chromosome 2p16.3 deletion syndrome (0.897) | MONDO:0010943 schizophrenia 4 (0.896) | MONDO:0012879 schizophrenia 14 (0.896) | MONDO:0013089 schizophrenia 13 (0.895) | MONDO:0013506 schizophrenia 16 (0.894) | MONDO:0013796 chromosome 17q12 duplication syndrome (lex) | MONDO:0013847 chromosome 16p11.2 duplication syndrome (lex)",spectrum
sepsis,5,MONDO:1040015,infectious disease with sepsis,judged,"MONDO:1014821 sepsis, non-human animal (0.934) | MONDO:1014823 septicaemia, non-human animal (0.895) | MONDO:0005956 septicemic plague (0.893) | MONDO:1014822 septic shock, non-human animal (0.872) | MONDO:0005195 septic peritonitis (0.871) | MONDO:0004471 bacterial arthritis (0.859) | MONDO:0005229 bacterial infectious disease with sepsis (lex) | MONDO:0700217 neonatal sepsis (lex)",
severe asthma,1,MONDO:0004979,asthma,judged,"MONDO:0010940 inherited susceptibility to asthma (0.850) | MONDO:1016766 severe equine asthma (0.849) | MONDO:0005405 childhood onset asthma (0.838) | MONDO:0012067 asthma-related traits, susceptibility to, 2 (0.838) | MONDO:0011805 asthma-related traits, susceptibility to, 1 (0.837) | MONDO:0004766 status asthmaticus (0.828) | MONDO:0850282 chronic asthma (lex)",severe
severe early-onset obesity,1,MONDO:0011122,obesity disorder,judged,MONDO:0017994 severe early-onset obesity-insulin resistance syndrome due to SH2B1 deficiency (0.926) | MONDO:0850115 early-onset obesity-hyperphagia-severe developmental delay syndrome (0.911) | MONDO:0009549 severe early-childhood-onset retinal dystrophy (0.872) | MONDO:0019182 inherited obesity (0.870) | MONDO:0017408 rapid-onset childhood obesity-hypothalamic dysfunction-hypoventilation-autonomic dysregulation syndrome (0.858) | MONDO:0014205 severe feeding difficulties-failure to thrive-microcephaly due to ASXL3 deficiency syndrome (0.845),"severe, early-onset"
severe malaria,3,MONDO:0005136,malaria,judged,"MONDO:0021024 malaria, susceptibility to (0.904) | MONDO:0005091 severe acute respiratory syndrome (0.838) | MONDO:0009553 obsolete Plasmodium falciparum blood infection level [obsolete] (0.835) | MONDO:1030007 hypertensive urgency (0.833) | MONDO:0010480 anemia, nonspherocytic hemolytic, due to G6PD deficiency (0.832) | MONDO:0015719 severe hemophilia A (0.827) | MONDO:0005136 malaria (lex)",severe
sickle cell anemia,2,MONDO:0011382,sickle cell disease,exact,MONDO:0011382 sickle cell disease (0.948) | MONDO:0016669 sickle cell-hemoglobin c disease syndrome (0.930) | MONDO:0016671 sickle cell-hemoglobin E disease syndrome (0.927) | MONDO:0016670 sickle cell-hemoglobin d disease syndrome (0.927) | MONDO:0000984 thalassemia (0.924) | MONDO:0979354 sickle cell disease due to hemoglobin S and a non-S/non-C hemoglobin variant (0.914) | MONDO:0006913 pneumococcal meningitis (lex),
sickle cell disease,8,MONDO:0011382,sickle cell disease,exact,MONDO:0011382 sickle cell disease (0.950) | MONDO:0016669 sickle cell-hemoglobin c disease syndrome (0.937) | MONDO:0016670 sickle cell-hemoglobin d disease syndrome (0.937) | MONDO:0016671 sickle cell-hemoglobin E disease syndrome (0.935) | MONDO:0000984 thalassemia (0.925) | MONDO:0981004 sickle cell S-Lepore disease (0.921),
silent cerebral infarct,1,MONDO:0002679,cerebral infarction,judged,"MONDO:0003678 silent myocardial infarction (0.837) | MONDO:0006686 brain stem infarction (0.826) | MONDO:0002679 cerebral infarction (0.819) | MONDO:0008289 brain small vessel disease 1 with or without ocular anomalies (0.813) | MONDO:0020671 obsolete susceptibility to ischemic stroke [obsolete] (0.804) | MONDO:1013019 brain stem infarction, non-human animal (0.802)",silent
skin cancer,2,MONDO:0002898,skin cancer,exact,"MONDO:0002898 skin cancer (0.951) | MONDO:0002656 skin carcinoma (0.943) | MONDO:0004641 skin carcinoma in situ (0.930) | MONDO:1013292 skin carcinoma, non-human animal (0.907) | MONDO:0005012 cutaneous melanoma (0.906) | MONDO:0020760 skin squamous cell carcinoma in situ (0.905)",
sleep apnea,1,MONDO:0005296,sleep apnea syndrome,exact,"MONDO:0005296 sleep apnea syndrome (0.946) | MONDO:0008807 obsolete apnea, central sleep [obsolete] (0.868) | MONDO:0002443 bruxism (0.846) | MONDO:0020567 apnea of prematurity (0.840) | MONDO:0019092 infantile apnea (0.835) | MONDO:0003406 sleep-wake disorder (0.827) | MONDO:0004731 central sleep apnea syndrome (lex)",
sleep disorders,1,MONDO:0003406,sleep-wake disorder,exact,"MONDO:0005296 sleep apnea syndrome (0.932) | MONDO:0024376 sleep disorder, initiating and maintaining sleep (0.919) | MONDO:0003406 sleep-wake disorder (0.905) | MONDO:0100081 sleep disorder (0.892) | MONDO:0024378 circadian rhythm sleep disorder, advanced sleep phase type (0.889) | MONDO:0100631 sleep-related hypermotor epilepsy (0.887) | MONDO:0004731 central sleep apnea syndrome (lex)",
sleep-disordered breathing,3,MONDO:0005296,sleep apnea syndrome,exact,"MONDO:0005296 sleep apnea syndrome (0.925) | MONDO:0002443 bruxism (0.856) | MONDO:0024376 sleep disorder, initiating and maintaining sleep (0.846) | MONDO:0003406 sleep-wake disorder (0.845) | MONDO:0024378 circadian rhythm sleep disorder, advanced sleep phase type (0.840) | MONDO:0100631 sleep-related hypermotor epilepsy (0.840) | MONDO:0004731 central sleep apnea syndrome (lex)",
small-for-gestational-age fetus,1,MONDO:0005030,fetal growth restriction,judged,"MONDO:0005030 fetal growth restriction (0.907) | MONDO:0008871 microcephalic osteodysplastic primordial dwarfism type I (0.845) | MONDO:0018573 intrauterine growth restriction-short stature-early adult-onset diabetes syndrome (0.831) | MONDO:0009127 dwarfism, low-birth-weight type, with unresponsiveness to growth hormone (0.825) | MONDO:0014881 transketolase deficiency (0.820) | MONDO:0008335 short stature-craniofacial anomalies-genital hypoplasia syndrome (0.809)",
specific language impairment,1,MONDO:0000724,specific language impairment,exact,MONDO:0011711 specific language impairment 2 (0.917) | MONDO:0011710 specific language impairment 1 (0.915) | MONDO:0011780 specific language impairment 3 (0.915) | MONDO:0012917 specific language impairment 4 (0.913) | MONDO:0014184 specific language impairment 5 (0.913) | MONDO:0000724 specific language impairment (0.855),
speech sound disorder,1,MONDO:0012038,speech-sound disorder,judged,MONDO:0011184 childhood apraxia of speech (0.892) | MONDO:0004730 speech disorder (0.878) | MONDO:0012038 speech-sound disorder (0.853) | MONDO:0011627 intellectual developmental disorder with autism and speech delay (0.789) | MONDO:0033630 neurodevelopmental disorder with speech impairment and dysmorphic facies (0.780) | MONDO:0859313 neurodevelopmental disorder with speech impairment and with or without seizures (0.778) | MONDO:0000723 stutter disorder (lex),
spontaneous coronary artery dissection,2,MONDO:0007385,idiopathic spontaneous coronary artery dissection,judged,"MONDO:0007385 idiopathic spontaneous coronary artery dissection (0.834) | MONDO:1012036 spontaneous cardiomyopathy, turkey (0.821) | MONDO:1011642 spontaneous cardiomyopathy, non-human animal (0.818) | MONDO:0022013 Boerhaave syndrome (0.816) | MONDO:0001856 splenic artery aneurysm (0.802) | MONDO:1017627 spontaneous pneumothorax, non-human animal (0.797)",
spontaneous preterm birth,1,HP:0001622,Premature birth,judged,"MONDO:0002075 spontaneous tension pneumothorax (0.833) | MONDO:0022013 Boerhaave syndrome (0.832) | MONDO:0018624 spontaneous intracranial hypotension (0.825) | MONDO:0957460 spontaneous intestinal perforation (0.824) | MONDO:0012511 preterm premature rupture of the membranes (0.822) | MONDO:1017627 spontaneous pneumothorax, non-human animal (0.821)",spontaneous; EFO:0006917 is the exact term but EFO is avoided
squamous cell carcinoma of head and neck,1,MONDO:0010150,head and neck squamous cell carcinoma,exact,MONDO:0010150 head and neck squamous cell carcinoma (0.956) | MONDO:0004394 maxillary sinus squamous cell carcinoma (0.940) | MONDO:0044704 oropharynx squamous cell carcinoma (0.933) | MONDO:0015459 nasopharyngeal carcinoma (0.929) | MONDO:0005595 laryngeal squamous cell carcinoma (0.929) | MONDO:0004958 oral cavity squamous cell carcinoma (0.928) | MONDO:0002038 head and neck carcinoma (lex),
squamous cell carcinoma of the head and neck,1,MONDO:0010150,head and neck squamous cell carcinoma,exact,MONDO:0010150 head and neck squamous cell carcinoma (0.958) | MONDO:0004394 maxillary sinus squamous cell carcinoma (0.942) | MONDO:0044704 oropharynx squamous cell carcinoma (0.933) | MONDO:0015459 nasopharyngeal carcinoma (0.931) | MONDO:0044705 paranasal sinus squamous cell carcinoma (0.930) | MONDO:0005595 laryngeal squamous cell carcinoma (0.930) | MONDO:0002038 head and neck carcinoma (lex),
statin-induced myopathy,1,HP:0003198,Myopathy,judged,"MONDO:0979249 myopathy with myalgia, increased serum creatine kinase, and with or without episodic rhabdomyolysis (0.836) | MONDO:0975830 myopathy with myalgia, increased serum creatine kinase, and with or without episodic rhabdomyolysis 2 (0.834) | MONDO:0859322 myopathy with myalgia, increased serum creatine kinase, and with or without episodic rhabdomyolysis 1 (0.834) | MONDO:0014220 myopathy due to myoadenylate deaminase deficiency (0.824) | MONDO:0009706 hereditary myopathy with lactic acidosis due to ISCU deficiency (0.823) | MONDO:0009703 myopathy with abnormal lipid metabolism (0.819) | MONDO:0020485 King-Denborough syndrome (lex)",statin-induced
strabismus,1,MONDO:0003432,strabismus,exact,"MONDO:1011248 strabismus, domestic cat (0.931) | MONDO:1010327 strabismus, non-human animal (0.929) | MONDO:0008498 strabismus, susceptibility to (0.925) | MONDO:0001019 suppression amblyopia (0.919) | MONDO:0003432 strabismus (0.898) | MONDO:0800226 strabismus, susceptibility to, 1 (0.886) | MONDO:0008341 ptosis-strabismus-ectopic pupils syndrome (lex)",
stroke,24,MONDO:0005098,stroke disorder,exact,"MONDO:0013792 intracerebral hemorrhage (0.905) | MONDO:0020671 obsolete susceptibility to ischemic stroke [obsolete] (0.901) | MONDO:0005098 stroke disorder (0.900) | MONDO:1013025 stroke disorder, non-human animal (0.864) | MONDO:0011729 stroke, susceptibility to, 1 (0.860) | MONDO:0000723 stutter disorder (0.774) | MONDO:0010789 MELAS syndrome (lex)",
structural heart disease,1,MONDO:0005267,heart disorder,judged,"MONDO:0044321 structural heart defects and renal anomalies syndrome (0.920) | MONDO:0100009 GATA4-related congenital heart disease with or without pancreatic hypoplasia or diabetes (0.877) | MONDO:7770422 heart defect with mitral regurgitation, saddlebill stork (0.869) | MONDO:1013069 heart valve disorder, non-human animal (0.866) | MONDO:0002869 heart valve disorder (0.861) | MONDO:0008913 cardiac valvular defect, developmental (0.856) | MONDO:0013317 torsade-de-pointes syndrome with short coupling interval (lex)",structural
subclinical atherosclerosis,2,MONDO:0005311,atherosclerosis,judged,"MONDO:0006983 subclavian steal syndrome (0.825) | MONDO:0002641 subclavian artery aneurysm (0.814) | MONDO:1010426 subvalvular aortic stenosis, dog (0.813) | MONDO:0000980 aortic atherosclerosis (0.810) | MONDO:1010007 subvalvular aortic stenosis, non-human animal (0.810) | MONDO:0007169 atherosclerosis susceptibility (0.810)",subclinical
subcortical vascular cognitive impairment,1,HP:0100543,Cognitive impairment,judged,"MONDO:0800027 leukoencephalopathy, diffuse hereditary, with spheroids 1 (0.836) | MONDO:0008289 brain small vessel disease 1 with or without ocular anomalies (0.823) | MONDO:0980711 brain small vessel disease 6 with leukoencephalopathy (0.817) | MONDO:0010239 lissencephaly type 1 due to doublecortin gene mutation (0.815) | MONDO:0020491 subcortical band heterotopia (0.808) | MONDO:0007432 cerebral arteriopathy with subcortical infarcts and leukoencephalopathy (0.807)",subcortical vascular; no ontology has vascular cognitive impairment
subjective memory complaints,1,MONDO:0850292,subjective cognitive decline,judged,MONDO:0850292 subjective cognitive decline (0.851) | MONDO:0000679 social emotional agnosia (0.756) | MONDO:0010857 semantic dementia (0.748) | MONDO:0011848 headache associated with sexual activity (0.747) | MONDO:0013680 cognitive impairment with or without cerebellar ataxia (0.736) | MONDO:0001987 senile degeneration of brain (0.735),
substance abuse,1,MONDO:0002491,substance abuse,exact,"MONDO:0002494 substance-related disorder (0.885) | MONDO:0002491 substance abuse (0.882) | MONDO:0004630 substance-induced psychosis (0.871) | MONDO:0005567 substance withdrawal syndrome (0.870) | MONDO:0004938 substance dependence (0.861) | MONDO:1015136 drug intoxication, non-human animal (0.821) | MONDO:0001225 opioid abuse (lex)",
substance use disorder,1,MONDO:0002494,substance-related disorder,judged,MONDO:0002494 substance-related disorder (0.868) | MONDO:0005567 substance withdrawal syndrome (0.867) | MONDO:0004630 substance-induced psychosis (0.842) | MONDO:0002491 substance abuse (0.830) | MONDO:0004938 substance dependence (0.825) | MONDO:0005359 drug-induced liver injury (0.825) | MONDO:0001521 intermittent explosive disorder (lex) | MONDO:0001821 hypoactive sexual desire disorder (lex),
substance use disorders,2,MONDO:0002494,substance-related disorder,judged,MONDO:0002494 substance-related disorder (0.873) | MONDO:0005567 substance withdrawal syndrome (0.868) | MONDO:0004630 substance-induced psychosis (0.844) | MONDO:0002491 substance abuse (0.834) | MONDO:0004938 substance dependence (0.828) | MONDO:0005359 drug-induced liver injury (0.824) | MONDO:0001521 intermittent explosive disorder (lex) | MONDO:0001821 hypoactive sexual desire disorder (lex),
substance use problems,1,MONDO:0002494,substance-related disorder,judged,"MONDO:0002494 substance-related disorder (0.862) | MONDO:0005567 substance withdrawal syndrome (0.857) | MONDO:0004630 substance-induced psychosis (0.831) | MONDO:0002491 substance abuse (0.822) | MONDO:0004938 substance dependence (0.817) | MONDO:1015136 drug intoxication, non-human animal (0.815) | MONDO:0002347 barbiturate dependence (lex)",
sudden cardiac death,2,MONDO:0100511,sudden cardiac arrest,judged,"MONDO:0014974 sudden cardiac failure, alcohol-induced (0.937) | MONDO:0014973 sudden cardiac failure, infantile (0.936) | MONDO:0054866 sudden arrhythmia death syndrome (0.916) | MONDO:0007264 obsolete sudden cardiac death [obsolete] (0.910) | MONDO:0100511 sudden cardiac arrest (0.904) | MONDO:1010120 sudden unexpected death in pediatrics (0.889)",MONDO's sudden cardiac death term is obsolete; sudden cardiac arrest is its replacement
suicidal thoughts and behaviors,1,HP:5200330,Suicide behaviors,judged,"MONDO:1012308 self-mutilation syndrome, horse (0.774) | MONDO:0011846 bulimia nervosa, susceptibility to, 1 (0.769) | MONDO:1016841 psychogenic self-mutilation, non-human animal (0.766) | MONDO:1011634 self-mutilation syndrome, non-human animal (0.766) | MONDO:0100460 tobacco addiction, susceptibility to (0.759) | MONDO:1011351 psychiatric disorder, non-human animal (0.750)",and suicidal ideation (HP:0031589)
suicide attempt,2,HP:5200330,Suicide behaviors,judged,"MONDO:1012308 self-mutilation syndrome, horse (0.797) | MONDO:1011634 self-mutilation syndrome, non-human animal (0.787) | MONDO:1010120 sudden unexpected death in pediatrics (0.756) | MONDO:1010117 sudden unexplained death in childhood (0.751) | MONDO:0011846 bulimia nervosa, susceptibility to, 1 (0.749) | MONDO:0100460 tobacco addiction, susceptibility to (0.744)",attempt
suicide death,1,HP:5200330,Suicide behaviors,judged,"MONDO:0010086 obsolete sudden infant death syndrome [obsolete] (0.784) | MONDO:1010120 sudden unexpected death in pediatrics (0.781) | MONDO:1012308 self-mutilation syndrome, horse (0.779) | MONDO:1016918 sudden death syndrome, non-human animal (0.775) | MONDO:1010117 sudden unexplained death in childhood (0.774) | MONDO:1011634 self-mutilation syndrome, non-human animal (0.762)",death by suicide; EFO:0007624 suicide is the exact term but EFO is avoided
supraventricular tachycardia,1,HP:0004755,Supraventricular tachycardia,judged,"MONDO:1013912 supraventricular tachycardia, non-human animal (0.959) | MONDO:0007174 Lown-Ganong-Levine syndrome (0.829) | MONDO:1013918 tachydysrhythmia of unknown cause, non-human animal (0.822) | MONDO:0017870 supravalvular pulmonary stenosis (0.822) | MONDO:0008504 supravalvular aortic stenosis (0.814) | MONDO:1013936 supravalvular pulmonic stenosis, non-human animal (0.813) | MONDO:0007112 interventricular septum aneurysm (lex)",
systemic autoinflammatory diseases,1,MONDO:0019751,autoinflammatory syndrome,judged,"MONDO:0957271 autoinflammatory disease, systemic, with vasculitis (0.934) | MONDO:0957494 autoinflammatory disease, multisystem, with immune dysregulation, X-linked (0.913) | MONDO:0014629 autoimmune interstitial lung disease-arthritis syndrome (0.905) | MONDO:0031384 autoinflammatory syndrome, familial, Behcet-like (0.898) | MONDO:0968982 autoinflammation with episodic fever and immune dysregulation (0.896) | MONDO:0971173 autoinflammation with arthritis and vasculitis (0.895) | MONDO:0016168 cryopyrin-associated periodic syndrome (lex)",
testicular cancer,1,MONDO:0005447,testicular cancer,exact,MONDO:0037250 childhood testicular neoplasm (0.930) | MONDO:0010108 testicular germ cell tumor (0.928) | MONDO:0003758 childhood testicular germ cell tumor (0.924) | MONDO:0021282 malignant teratoma of testis (0.923) | MONDO:0003510 malignant testicular germ cell tumor (0.921) | MONDO:0003669 testicular seminoma (0.919) | MONDO:0005447 testicular cancer (lex),
testicular germ cell tumor,2,MONDO:0010108,testicular germ cell tumor,exact,MONDO:0003758 childhood testicular germ cell tumor (0.959) | MONDO:0003403 testicular non-seminomatous germ cell cancer (0.950) | MONDO:0006447 testicular non-seminomatous germ cell tumor (0.948) | MONDO:0010274 testicular germ cell tumor 1 (0.948) | MONDO:0003669 testicular seminoma (0.944) | MONDO:0010108 testicular germ cell tumor (0.944),
testicular germ cell tumours,1,MONDO:0010108,testicular germ cell tumor,judged,MONDO:0003758 childhood testicular germ cell tumor (0.960) | MONDO:0006447 testicular non-seminomatous germ cell tumor (0.951) | MONDO:0003403 testicular non-seminomatous germ cell cancer (0.950) | MONDO:0010108 testicular germ cell tumor (0.947) | MONDO:0003669 testicular seminoma (0.942) | MONDO:0010274 testicular germ cell tumor 1 (0.942) | MONDO:0003120 mixed testicular germ cell cancer (lex),
thyroid disease,1,MONDO:0003240,thyroid gland disorder,exact,"MONDO:0003240 thyroid gland disorder (0.964) | MONDO:0005151 endocrine system disorder (0.931) | MONDO:0004126 thyroiditis (0.929) | MONDO:0015074 thyroid tumor (0.927) | MONDO:0002108 thyroid cancer (0.926) | MONDO:1010611 thyroiditis, dog (0.926) | MONDO:0011980 autoimmune thyroid disease, susceptibility to, 1 (lex)",
tobacco dependence,1,MONDO:0008575,nicotine dependence,judged,"MONDO:0100460 tobacco addiction, susceptibility to (0.932) | MONDO:1060229 green tobacco sickness (0.865) | MONDO:1017166 smoke inhalation, non-human animal (0.773) | MONDO:0008575 nicotine dependence (0.764) | MONDO:0012402 opioid dependence, susceptibility to, 1 (0.732) | MONDO:0005432 alcohol and nicotine codependence (0.727)",
transient abnormal myelopoiesis,1,MONDO:0008040,transient myeloproliferative syndrome,exact,MONDO:0008040 transient myeloproliferative syndrome (0.930) | MONDO:0009197 transient erythroblastopenia of childhood (0.865) | MONDO:0004877 transient neonatal thrombocytopenia (0.842) | MONDO:0001241 transient neonatal neutropenia (0.833) | MONDO:0017238 hemoglobinopathy Toms River (0.825) | MONDO:0009383 transient familial neonatal hyperbilirubinemia (0.821),
transient ischaemic attack,3,MONDO:0005264,transient ischemic attack,judged,"MONDO:0005264 transient ischemic attack (0.934) | MONDO:0001617 transient global amnesia (0.855) | MONDO:0004583 transient retinal arterial occlusion (0.854) | MONDO:0002419 transient tic disorder (0.822) | MONDO:1017975 transient trauma-related pigmentary loss, non-human animal (0.821) | MONDO:0018326 transient neonatal myasthenia gravis (0.813)",
transient ischemic attack,2,MONDO:0005264,transient ischemic attack,exact,"MONDO:0005264 transient ischemic attack (0.935) | MONDO:0001617 transient global amnesia (0.862) | MONDO:0004583 transient retinal arterial occlusion (0.859) | MONDO:0002419 transient tic disorder (0.838) | MONDO:1017975 transient trauma-related pigmentary loss, non-human animal (0.825) | MONDO:0018326 transient neonatal myasthenia gravis (0.820) | MONDO:0006685 brain hypoxia - ischemia (lex)",
trauma-induced subglottic stenosis,1,HP:0001607,Subglottic stenosis,judged,"MONDO:1017282 tracheal trauma, non-human animal (0.831) | MONDO:1014363 traumatic pharyngitis, non-human animal (0.825) | MONDO:1013226 tracheal stenosis, non-human animal (0.820) | MONDO:1017176 tracheal rupture, non-human animal (0.807) | MONDO:1016444 traumatic nasolacrimal duct injury, non-human animal (0.807) | MONDO:1017170 tracheal avulsion, non-human animal (0.806)",trauma-induced
traumatic brain injury,3,MONDO:0858950,traumatic brain injury,exact,"MONDO:1013018 traumatic brain injury, non-human animal (0.950) | MONDO:0858950 traumatic brain injury (0.930) | MONDO:0043512 traumatic encephalopathy (0.895) | MONDO:0005146 post-traumatic stress disorder (0.878) | MONDO:0021178 injury (0.855) | MONDO:1014296 traumatic dental fracture, non-human animal (0.854)",
treatment-resistant schizophrenia,1,MONDO:0005414,treatment-refractory schizophrenia,judged,MONDO:0005414 treatment-refractory schizophrenia (0.849) | MONDO:0011498 schizophrenia 9 (0.796) | MONDO:0011307 schizophrenia 2 (0.795) | MONDO:0010897 schizophrenia 3 (0.794) | MONDO:0010943 schizophrenia 4 (0.794) | MONDO:0011960 schizophrenia 11 (0.793),
triple negative breast cancer,2,MONDO:0005494,triple-negative breast carcinoma,judged,MONDO:0005494 triple-negative breast carcinoma (0.911) | MONDO:0700078 triple-positive breast carcinoma (0.884) | MONDO:0016419 hereditary breast carcinoma (0.829) | MONDO:0004658 breast carcinoma in situ (0.816) | MONDO:0003990 malignant breast myoepithelioma (0.812) | MONDO:0006116 breast carcinoma by gene expression profile (0.812) | MONDO:0700273 RAD51C-related cancer predisposition (lex),
tuberculosis,3,MONDO:0018076,tuberculosis,exact,"MONDO:0025136 tuberculosis, bovine (0.938) | MONDO:0025135 tuberculosis, avian (0.937) | MONDO:0700212 tuberculosis, non-human animal (0.928) | MONDO:0043836 tuberculosis, spinal (0.928) | MONDO:0040753 latent tuberculosis infection (0.927) | MONDO:0021948 cutaneous tuberculosis (0.921) | MONDO:0018076 tuberculosis (lex)",
type 1 diabetes,26,MONDO:0005147,type 1 diabetes mellitus,exact,MONDO:0009100 type 1 diabetes mellitus 1 (0.951) | MONDO:0012919 type 1 diabetes mellitus 20 (0.945) | MONDO:0011572 type 1 diabetes mellitus 18 (0.945) | MONDO:0011167 type 1 diabetes mellitus 6 (0.945) | MONDO:0007454 type 1 diabetes mellitus 2 (0.944) | MONDO:0013078 type 1 diabetes mellitus 24 (0.944) | MONDO:0005147 type 1 diabetes mellitus (lex),
type 2 diabetes,73,MONDO:0005148,type 2 diabetes mellitus,exact,"MONDO:0011363 diabetes mellitus, noninsulin-dependent, 3 (0.949) | MONDO:1011605 type 2 diabetes mellitus, pig (0.948) | MONDO:0005148 type 2 diabetes mellitus (0.946) | MONDO:1011604 type 2 diabetes mellitus, domestic cat (0.943) | MONDO:1011402 type 2 diabetes mellitus, non-human animal (0.940) | MONDO:1011602 type 2 diabetes mellitus, Chinese hamster (0.933) | MONDO:0007453 maturity-onset diabetes of the young type 2 (lex)",
type 2 diabetes mellitus,3,MONDO:0005148,type 2 diabetes mellitus,exact,"MONDO:1011605 type 2 diabetes mellitus, pig (0.953) | MONDO:0005148 type 2 diabetes mellitus (0.953) | MONDO:0011363 diabetes mellitus, noninsulin-dependent, 3 (0.953) | MONDO:1011604 type 2 diabetes mellitus, domestic cat (0.951) | MONDO:1011402 type 2 diabetes mellitus, non-human animal (0.948) | MONDO:1011602 type 2 diabetes mellitus, Chinese hamster (0.942) | MONDO:0007454 type 1 diabetes mellitus 2 (lex)",
ulcerative colitis,5,MONDO:0005101,ulcerative colitis,exact,"MONDO:0005101 ulcerative colitis (0.947) | MONDO:1013031 ulcerative colitis, non-human animal (0.947) | MONDO:0007005 ulcerative proctosigmoiditis (0.938) | MONDO:1014497 ulcerative enteritis, non-human animal (0.902) | MONDO:0001772 ulcer of anus and rectum (0.878) | MONDO:0004848 ulcerative stomatitis (0.869) | MONDO:0009960 inflammatory bowel disease 1 (lex)",
unprovoked venous thromboembolism,1,MONDO:0005399,venous thromboembolism,judged,"MONDO:0008559 thrombophilia due to thrombin defect (0.852) | MONDO:0005399 venous thromboembolism (0.841) | MONDO:1013886 vena cava thrombosis, non-human animal (0.826) | MONDO:0010432 thrombophilia, X-linked, due to factor 9 defect (0.809) | MONDO:1014016 venous air embolism, non-human animal (0.807) | MONDO:1013879 thromboembolic disease, non-human animal (0.796)",unprovoked
upper aerodigestive tract cancer,1,MONDO:0005398,upper aerodigestive tract neoplasm,judged,"MONDO:0005398 upper aerodigestive tract neoplasm (0.935) | MONDO:0001724 supraglottis cancer (0.830) | MONDO:0044991 upper digestive tract disorder (0.827) | MONDO:0004867 upper respiratory tract disorder (0.817) | MONDO:0004357 carcinoma of supraglottis (0.812) | MONDO:1011364 upper digestive tract disorder, non-human animal (0.812)",malignant
upper aerodigestive tract cancers,1,MONDO:0005398,upper aerodigestive tract neoplasm,judged,"MONDO:0005398 upper aerodigestive tract neoplasm (0.937) | MONDO:0044991 upper digestive tract disorder (0.827) | MONDO:0001724 supraglottis cancer (0.823) | MONDO:0004867 upper respiratory tract disorder (0.821) | MONDO:1017160 upper respiratory tract obstruction, non-human animal (0.812) | MONDO:1011364 upper digestive tract disorder, non-human animal (0.812)",malignant
urinary bladder cancer,1,MONDO:0001187,urinary bladder cancer,exact,"MONDO:0004703 bladder carcinoma in situ (0.944) | MONDO:0001187 urinary bladder cancer (0.937) | MONDO:0005611 bladder transitional cell carcinoma (0.936) | MONDO:1013299 urinary bladder carcinoma, non-human animal (0.934) | MONDO:1013161 urinary bladder neoplasm, non-human animal (0.931) | MONDO:0004987 urinary bladder neoplasm (0.925) | MONDO:0004182 stage IVb bladder cancer (lex)",
uveal melanoma,1,MONDO:0006486,uveal melanoma,exact,"MONDO:0006486 uveal melanoma (0.924) | MONDO:0003744 spindle cell intraocular melanoma (0.909) | MONDO:0006200 epithelioid cell uveal melanoma (0.901) | MONDO:1016446 uveal tract intraocular neoplasm, non-human animal (0.901) | MONDO:0021225 uvea neoplasm (0.894) | MONDO:0011696 melanoma, uveal, susceptibility to, 2 (0.890)",
uveitis,1,MONDO:0020283,uveitis,exact,"MONDO:0020283 uveitis (0.928) | MONDO:1013754 uveitis, non-human animal (0.926) | MONDO:0002661 uveal disorder (0.893) | MONDO:0002659 uveal cancer (0.872) | MONDO:7770363 uveodermatological syndrome, dog (0.872) | MONDO:0021225 uvea neoplasm (0.869) | MONDO:0011885 tubulointerstitial nephritis and uveitis syndrome (lex)",
vascular cognitive impairment,1,HP:0100543,Cognitive impairment,judged,MONDO:0005621 vascular brain injury (0.868) | MONDO:0956980 vascular parkinsonism (0.855) | MONDO:0020674 vascular insufficiency disorder (0.846) | MONDO:0020672 vascular occlusion disorder (0.837) | MONDO:0002286 renal artery disease (0.835) | MONDO:0019293 skin vascular disease (0.833),vascular; no ontology has vascular cognitive impairment
vascular disease,1,MONDO:0005385,vascular disorder,judged,MONDO:0005294 peripheral vascular disease (0.956) | MONDO:0019293 skin vascular disease (0.950) | MONDO:0002286 renal artery disease (0.943) | MONDO:0005385 vascular disorder (0.940) | MONDO:0022293 vascular disorder of penis (0.936) | MONDO:0020674 vascular insufficiency disorder (0.927),
vascular diseases,1,MONDO:0005385,vascular disorder,judged,MONDO:0005294 peripheral vascular disease (0.952) | MONDO:0019293 skin vascular disease (0.950) | MONDO:0002286 renal artery disease (0.942) | MONDO:0005385 vascular disorder (0.941) | MONDO:0022293 vascular disorder of penis (0.936) | MONDO:0020674 vascular insufficiency disorder (0.926),
venous thromboembolism,7,MONDO:0005399,venous thromboembolism,exact,"MONDO:0005399 venous thromboembolism (0.963) | MONDO:0008559 thrombophilia due to thrombin defect (0.962) | MONDO:1013886 vena cava thrombosis, non-human animal (0.898) | MONDO:1014016 venous air embolism, non-human animal (0.878) | MONDO:0018165 venous thoracic outlet syndrome (0.862) | MONDO:0010432 thrombophilia, X-linked, due to factor 9 defect (0.857)",
venous thrombosis,4,MONDO:0005399,venous thromboembolism,judged,"MONDO:0008559 thrombophilia due to thrombin defect (0.955) | MONDO:0005399 venous thromboembolism (0.952) | MONDO:1013886 vena cava thrombosis, non-human animal (0.915) | MONDO:0018165 venous thoracic outlet syndrome (0.890) | MONDO:0000945 venous insufficiency (0.877) | MONDO:0000492 chronic venous insufficiency (0.876) | MONDO:0971105 neonatal renal venous thrombosis (lex)",MONDO has no plain venous thrombosis term
visual impairment,3,HP:0000505,Visual impairment,judged,"MONDO:1016469 vision impaired, non-human animal (0.910) | MONDO:0024458 disorder of visual system (0.891) | MONDO:0032655 visual impairment and progressive phthisis bulbi (0.888) | MONDO:1011367 vision disorder, non-human animal (0.879) | MONDO:0001834 visual pathway disorder (0.876) | MONDO:0001361 spontaneous ocular nystagmus (0.868) | MONDO:0001385 cortical blindness (lex) | MONDO:0014811 cerebellar atrophy, visual impairment, and psychomotor retardation; (lex)",a phenotype term fits better than MONDO's disorder of visual system
Wilms tumour,1,MONDO:0019004,kidney Wilms tumor,exact,MONDO:0019004 kidney Wilms tumor (0.964) | MONDO:0006058 Wilms tumor (0.943) | MONDO:0008679 Wilms tumor 1 (0.939) | MONDO:0008680 Wilms tumor 2 (0.938) | MONDO:0011056 Wilms tumor 4 (0.937) | MONDO:0011112 Wilms tumor 5 (0.936) | MONDO:0024676 childhood kidney Wilms tumor (lex),
young-onset breast cancer,1,MONDO:0007254,breast cancer,judged,"MONDO:0016419 hereditary breast carcinoma (0.895) | MONDO:0004658 breast carcinoma in situ (0.847) | MONDO:0100526 breast-ovarian cancer, familial, susceptibility to (0.839) | MONDO:0800419 breast cancer, familial, susceptibility to, 2 (0.838) | MONDO:0002067 female breast upper-inner quadrant cancer (0.837) | MONDO:0800418 breast cancer, familial, susceptibility to, 1 (0.837)",young-onset
