name,cohorts,id,label,match,candidates,note
"a diet high in fatty fish, bilberries and wholegrain products",1,ECTO:2000068,exposure to dietary intervention,judged,"ECTO:0070245 exposure to dietary supplement, vitamin(s) and fatty acids via ingestion (0.754) | ECTO:2000116 exposure to dietary fat or oil intake avoidance (0.734) | ECTO:0070171 exposure to omega-3- fatty acid supplement via ingestion (0.733) | ECTO:0070164 exposure to fish oil supplement via ingestion (0.729) | ECTO:0900052 exposure to omega-3 fatty acid via ingestion (0.727) | ECTO:2000068 exposure to dietary intervention (0.707)","a trial diet, so a dietary intervention"
acute maternal undernutrition during the 1944-1945 Dutch famine,1,ECTO:0800003,exposure to famine via maternal,judged,ECTO:0900506 maternal exposure to valproate semisodium (0.739) | ECTO:0070212 exposure to infant formula based on isolated amino acids and/or protein hydrolysates via ingestion (0.730) | ECTO:0800003 exposure to famine via maternal (0.725) | ECTO:0900415 maternal exposure to paracetamol (0.716) | ECTO:0900103 maternal exposure to androgen (0.716) | ECTO:0900247 maternal exposure to copper cation (0.715),
adherence to the Mediterranean diet,1,ECTO:0050001,exposure to mediterranean diet,judged,ECTO:0050001 exposure to mediterranean diet (0.835) | ECTO:2000116 exposure to dietary fat or oil intake avoidance (0.745) | ECTO:2000068 exposure to dietary intervention (0.737) | ECTO:2000117 exposure to dietary sodium intake avoidance (0.736) | ECTO:0900188 exposure to adenine via ingestion (0.722) | ECTO:0070157 exposure to olive oil (extra virgin) via ingestion (0.721),
aflatoxin,1,ECTO:0001108,exposure to aflatoxin,exact,ECTO:0001108 exposure to aflatoxin (0.928) | ECTO:9002704 exposure to aflatoxin B1 (0.923) | ECTO:0900002 exposure to aflatoxin via ingestion (0.899) | ECTO:0000524 exposure to mycotoxin (0.750) | ECTO:9002850 exposure to ochratoxin A (0.721) | ECTO:3000023 exposure to Aspergillus fumigatus (0.716),
agricultural practices,1,ECTO:1000034,exposure to farm,judged,ECTO:7000091 exposure to agricultural soil (0.912) | ECTO:1000016 exposure to agricultural wastewater treatment plant (0.893) | ECTO:9001696 exposure to agrochemical (0.853) | ECTO:1000034 exposure to farm (0.776) | ECTO:0600001 exposure to aquaculture farm (0.725) | ECTO:9002224 exposure to agmatine (0.724),the farming environment; the practices themselves have no term
agrochemicals,1,ECTO:9001696,exposure to agrochemical,judged,ECTO:9001696 exposure to agrochemical (0.921) | ECTO:7000091 exposure to agricultural soil (0.860) | ECTO:1000016 exposure to agricultural wastewater treatment plant (0.854) | ECTO:9002081 exposure to antifungal agrochemical (0.790) | ECTO:9002224 exposure to agmatine (0.769) | ECTO:9002225 exposure to agomelatine (0.765),
air pollution,6,ECTO:8000036,exposure to air pollution,exact,ECTO:8000036 exposure to air pollution (0.923) | ECTO:0800002 exposure to air pollution via maternal (0.912) | ECTO:1000032 exposure to air conditioning unit (0.823) | ECTO:0700002 exposure to aerosol via inhalation (0.813) | ECTO:8000019 exposure to environmental pollution (0.809) | ECTO:8000003 exposure to aerosolisation of dust (0.808),
air pollution exposure,1,ECTO:8000036,exposure to air pollution,exact,ECTO:0800002 exposure to air pollution via maternal (0.943) | ECTO:8000036 exposure to air pollution (0.905) | ECTO:8000002 exposure to atmospheric aerosolisation of dust (0.856) | ECTO:0700002 exposure to aerosol via inhalation (0.853) | ECTO:0080001 exposure to polycyclic hydrocarbon in air via inhalation (0.848) | ECTO:8000003 exposure to aerosolisation of dust (0.837),
air pollution exposure during pregnancy,1,ECTO:0800002,exposure to air pollution via maternal,judged,ECTO:0800002 exposure to air pollution via maternal (0.904) | ECTO:8000036 exposure to air pollution (0.817) | ECTO:2000076 exposure to pregnancy diet intake (0.794) | ECTO:0700002 exposure to aerosol via inhalation (0.792) | ECTO:0080001 exposure to polycyclic hydrocarbon in air via inhalation (0.789) | ECTO:0700001 exposure to ultrafine respirable suspended particulate matter via inhalation (0.783),
alcohol,4,ECTO:9000026,exposure to alcohol,exact,ECTO:9000026 exposure to alcohol (0.919) | ECTO:0900101 exposure to alcohol via ingestion (0.875) | ECTO:0001082 exposure to alcohol consumption (0.863) | ECTO:6000009 exposure to alcohol abuse (0.854) | ECTO:6000022 exposure to drinking behavior (0.801) | ECTO:9002168 exposure to aldehyde (0.771),
alcohol consumption,6,ECTO:0001082,exposure to alcohol consumption,exact,ECTO:0900101 exposure to alcohol via ingestion (0.917) | ECTO:9000026 exposure to alcohol (0.889) | ECTO:0001082 exposure to alcohol consumption (0.881) | ECTO:6000009 exposure to alcohol abuse (0.856) | ECTO:6000022 exposure to drinking behavior (0.828) | ECTO:0100001 exposure to drinking alcohol (0.827),
alcohol dependence,2,ECTO:6000009,exposure to alcohol abuse,judged,ECTO:0900101 exposure to alcohol via ingestion (0.883) | ECTO:9000026 exposure to alcohol (0.858) | ECTO:6000009 exposure to alcohol abuse (0.843) | ECTO:0001082 exposure to alcohol consumption (0.828) | ECTO:0100001 exposure to drinking alcohol (0.810) | ECTO:0300001 exposure to drinking alcohol via maternal (0.807),nearest term: alcohol abuse
alcohol dependence (heavy alcohol use),1,ECTO:6000009,exposure to alcohol abuse,judged,ECTO:0900101 exposure to alcohol via ingestion (0.856) | ECTO:6000009 exposure to alcohol abuse (0.820) | ECTO:0300001 exposure to drinking alcohol via maternal (0.809) | ECTO:0001082 exposure to alcohol consumption (0.807) | ECTO:0100001 exposure to drinking alcohol (0.804) | ECTO:9000026 exposure to alcohol (0.801),nearest term: alcohol abuse
alcohol misuse,1,ECTO:6000009,exposure to alcohol abuse,judged,ECTO:0900101 exposure to alcohol via ingestion (0.894) | ECTO:9000026 exposure to alcohol (0.867) | ECTO:6000009 exposure to alcohol abuse (0.860) | ECTO:0001082 exposure to alcohol consumption (0.849) | ECTO:0100001 exposure to drinking alcohol (0.804) | ECTO:0300001 exposure to drinking alcohol via maternal (0.801),
alcohol use,5,ECTO:0001082,exposure to alcohol consumption,judged,ECTO:0900101 exposure to alcohol via ingestion (0.919) | ECTO:9000026 exposure to alcohol (0.903) | ECTO:0001082 exposure to alcohol consumption (0.880) | ECTO:6000009 exposure to alcohol abuse (0.873) | ECTO:6000022 exposure to drinking behavior (0.821) | ECTO:0100001 exposure to drinking alcohol (0.820),
allergens,1,ECTO:0000726,exposure to allergen,judged,ECTO:0000726 exposure to allergen (0.939) | ECTO:0900047 exposure to allergen via inhalation (0.894) | ECTO:9001872 exposure to anti-allergic agent (0.787) | ECTO:9001924 exposure to allelochemical (0.774) | ECTO:9002082 exposure to drug allergen (0.761) | ECTO:9002226 exposure to allantoin (0.756),
ambient air pollutants,1,ECTO:8000036,exposure to air pollution,judged,ECTO:0800002 exposure to air pollution via maternal (0.855) | ECTO:8000036 exposure to air pollution (0.832) | ECTO:8000002 exposure to atmospheric aerosolisation of dust (0.814) | ECTO:8000019 exposure to environmental pollution (0.791) | ECTO:0900212 exposure to ammonia via inhalation (0.788) | ECTO:0000931 exposure to environmental contaminant (0.784),
ambient air pollution,1,ECTO:8000036,exposure to air pollution,judged,ECTO:0800002 exposure to air pollution via maternal (0.867) | ECTO:8000036 exposure to air pollution (0.844) | ECTO:8000002 exposure to atmospheric aerosolisation of dust (0.813) | ECTO:8000019 exposure to environmental pollution (0.803) | ECTO:0900212 exposure to ammonia via inhalation (0.789) | ECTO:0000931 exposure to environmental contaminant (0.788),
antenatal dietary exposures,1,ECTO:2000076,exposure to pregnancy diet intake,judged,ECTO:2000076 exposure to pregnancy diet intake (0.844) | ECTO:0900506 maternal exposure to valproate semisodium (0.803) | ECTO:0900292 maternal exposure to antigen (0.800) | ECTO:0900364 maternal exposure to manganese cation (0.797) | ECTO:0900200 exposure to antioxidant via ingestion (0.796) | ECTO:0900103 maternal exposure to androgen (0.795),
anthroposophy,1,,,none,ECTO:8000035 exposure to anthropogenic modulatory intervention process (0.780) | ECTO:9002237 exposure to anthracycline (0.769) | ECTO:9002857 exposure to anthocyanin (0.761) | ECTO:9000982 exposure to anthracene (0.756) | ECTO:9001713 exposure to anthelminthic drug (0.727) | ECTO:0900084 exposure to anthocyanin via ingestion (0.726),"a way of life, not an exposure ECTO names"
antioxidant-rich diet,1,ECTO:0900200,exposure to antioxidant via ingestion,judged,ECTO:0900200 exposure to antioxidant via ingestion (0.869) | ECTO:9001647 exposure to antioxidant (0.850) | ECTO:9002056 exposure to food antioxidant (0.842) | ECTO:9001975 exposure to antimicrobial food preservative (0.776) | ECTO:0900084 exposure to anthocyanin via ingestion (0.753) | ECTO:2000068 exposure to dietary intervention (0.739),
antioxidants,1,ECTO:9001647,exposure to antioxidant,judged,ECTO:9001647 exposure to antioxidant (0.928) | ECTO:0900200 exposure to antioxidant via ingestion (0.882) | ECTO:9001840 exposure to antidote (0.800) | ECTO:9001975 exposure to antimicrobial food preservative (0.796) | ECTO:9002056 exposure to food antioxidant (0.795) | ECTO:9001822 exposure to antagonist (0.793),
Army service,1,ECTO:0001591,exposure to occupation,judged,ECTO:0080000 exposure to arsenic in water via ingestion (0.697) | ECTO:9002355 exposure to arsenic atom (0.678) | ECTO:9000447 exposure to arsenite ion (0.674) | ECTO:7000087 exposure to arsenic-rich mud (0.670) | ECTO:0900004 exposure to arsenic via ingestion (0.668) | ECTO:0900510 exposure to warfarin via ingestion (0.658),military service taken as an occupation; ECTO has no military term
arsenic,1,ECTO:9000032,exposure to arsenic,exact,ECTO:7000087 exposure to arsenic-rich mud (0.914) | ECTO:9002674 exposure to arsenic(3+) (0.912) | ECTO:9002355 exposure to arsenic atom (0.911) | ECTO:9000447 exposure to arsenite ion (0.903) | ECTO:9000446 exposure to arsenite(3-) (0.893) | ECTO:9001624 exposure to arsenocholine (0.893) | ECTO:0080000 exposure to arsenic in water via ingestion (lex),
arsenic exposure through drinking water,1,ECTO:0080000,exposure to arsenic in water via ingestion,judged,ECTO:0080000 exposure to arsenic in water via ingestion (0.909) | ECTO:0900004 exposure to arsenic via ingestion (0.873) | ECTO:0900207 exposure to arsenic(3+) via ingestion (0.856) | ECTO:7000087 exposure to arsenic-rich mud (0.825) | ECTO:9000032 exposure to arsenic (0.823) | ECTO:9000447 exposure to arsenite ion (0.822),
arsenic from private well water,1,ECTO:0080000,exposure to arsenic in water via ingestion,judged,ECTO:0080000 exposure to arsenic in water via ingestion (0.862) | ECTO:0900004 exposure to arsenic via ingestion (0.832) | ECTO:7000087 exposure to arsenic-rich mud (0.816) | ECTO:0900207 exposure to arsenic(3+) via ingestion (0.816) | ECTO:9000032 exposure to arsenic (0.807) | ECTO:9002355 exposure to arsenic atom (0.802),
arsenic in water supply,1,ECTO:0080000,exposure to arsenic in water via ingestion,judged,ECTO:0080000 exposure to arsenic in water via ingestion (0.896) | ECTO:0900004 exposure to arsenic via ingestion (0.860) | ECTO:7000087 exposure to arsenic-rich mud (0.856) | ECTO:0900207 exposure to arsenic(3+) via ingestion (0.855) | ECTO:9000447 exposure to arsenite ion (0.847) | ECTO:9002355 exposure to arsenic atom (0.841),
arsenical skin lesions (visible arsenic toxicity),1,ECTO:9000032,exposure to arsenic,judged,ECTO:0080000 exposure to arsenic in water via ingestion (0.793) | ECTO:0900004 exposure to arsenic via ingestion (0.789) | ECTO:0900207 exposure to arsenic(3+) via ingestion (0.785) | ECTO:7000087 exposure to arsenic-rich mud (0.778) | ECTO:9000032 exposure to arsenic (0.767) | ECTO:9002355 exposure to arsenic atom (0.765),the lesions are the marker of chronic arsenic exposure
atrazine,1,ECTO:9000521,exposure to atrazine,exact,ECTO:9000521 exposure to atrazine (0.918) | ECTO:9000841 exposure to atraton (0.770) | ECTO:9002720 exposure to atazanavir (0.762) | ECTO:9000581 exposure to atenolol (0.760) | ECTO:9002714 exposure to atovaquone (0.754) | ECTO:9001520 exposure to azinphos-methyl (0.753),
body composition,1,,,none,ECTO:7000109 exposure to bodily fluid (0.779) | ECTO:2000111 exposure to weight loss pharmacotherapy (0.733) | ECTO:0010003 exposure to environmental physical object quality (0.727) | ECTO:8000006 exposure to combusion process (0.702) | ECTO:0070251 exposure to fat content 46-60% via ingestion (0.699) | ECTO:9002063 exposure to food component (0.697),not an exposure
breast-feeding and delayed introduction of solid foods,1,ECTO:0070224,exposure to human milk (raw) via ingestion,judged,ECTO:0070226 exposure to infant formula (milk-based) via ingestion (0.789) | ECTO:0070212 exposure to infant formula based on isolated amino acids and/or protein hydrolysates via ingestion (0.784) | ECTO:0070224 exposure to human milk (raw) via ingestion (0.772) | ECTO:0070225 exposure to infant formula via ingestion (0.757) | ECTO:0900141 exposure to lactose via ingestion (0.745) | ECTO:0070204 exposure to cow milk (liquid) via ingestion (0.726),breastfeeding as the infant's exposure to human milk
breastfeeding and breast milk composition,1,ECTO:0070224,exposure to human milk (raw) via ingestion,judged,ECTO:0070224 exposure to human milk (raw) via ingestion (0.803) | ECTO:0070226 exposure to infant formula (milk-based) via ingestion (0.786) | ECTO:0070252 exposure to mammalian milk protein via ingestion (0.776) | ECTO:0070212 exposure to infant formula based on isolated amino acids and/or protein hydrolysates via ingestion (0.775) | ECTO:0070250 exposure to milk fat via ingestion (0.770) | ECTO:0070204 exposure to cow milk (liquid) via ingestion (0.766),breastfeeding as the infant's exposure to human milk
built environment,1,,,none,ECTO:1000021 exposure to construction (0.790) | ECTO:0600000 exposure to environmental system (0.780) | ECTO:0000015 exposure to environmental material (0.778) | ECTO:1000005 exposure to concrete building floor (0.776) | ECTO:1000000 exposure to environmental condition (0.772) | ECTO:8000000 exposure to environmental process (0.772),ECTO has no built-environment term
cadmium (Cd),1,ECTO:9002266,exposure to cadmium atom,judged,ECTO:9002267 exposure to cadmium(2+) (0.938) | ECTO:0900227 exposure to cadmium(2+) via ingestion (0.918) | ECTO:9000286 exposure to cadmium cation (0.913) | ECTO:9002274 exposure to cadmium selenide nanoparticle (0.895) | ECTO:9002266 exposure to cadmium atom (0.894) | ECTO:9002268 exposure to cadmium dichloride (0.894),
caloric restriction,1,ECTO:2000065,exposure to calorie restrictive diet intake,judged,ECTO:2000065 exposure to calorie restrictive diet intake (0.923) | ECTO:2000089 exposure to calcium supplementation (0.748) | ECTO:0070236 exposure to carbohydrate reduced food via ingestion (0.744) | ECTO:9001781 exposure to calcium channel blocker (0.737) | ECTO:2000068 exposure to dietary intervention (0.737) | ECTO:9000299 exposure to calcium cation (0.734),
cement dust from cement plants,1,ECTO:7000026,exposure to cement dust,judged,ECTO:7000026 exposure to cement dust (0.832) | ECTO:7000033 exposure to dust from plant parts (0.832) | ECTO:7000039 exposure to cement plaster (0.771) | ECTO:7000006 exposure to coal mine waste material (0.754) | ECTO:1000001 exposure to coal power plant (0.747) | ECTO:7000005 exposure to coal dust (0.745),
chemical and environmental exposures at work and home,1,ECTO:0000231,exposure to chemical,judged,ECTO:0000485 exposure to chemical with biological effect (0.817) | ECTO:0000487 exposure to chemical with chemical role (0.813) | ECTO:0800001 exposure to environmental process route (0.809) | ECTO:8000033 exposure to accumulation of toxins from algal bloom process (0.801) | ECTO:0900042 exposure to chemical entity via ingestion (0.799) | ECTO:1000017 exposure to industrial wastewater treatment plant (0.796),general chemical exposure
chemical and metal exposures at work,1,ECTO:0000231,exposure to chemical,judged,ECTO:0900042 exposure to chemical entity via ingestion (0.803) | ECTO:0000487 exposure to chemical with chemical role (0.798) | ECTO:1000017 exposure to industrial wastewater treatment plant (0.791) | ECTO:0000485 exposure to chemical with biological effect (0.788) | ECTO:7000021 exposure to metallic dust (0.778) | ECTO:0900018 exposure to mercury cation via ingestion (0.776),general chemical exposure; occupational setting and metals not expressed
chemicals,1,ECTO:0000231,exposure to chemical,judged,ECTO:0000231 exposure to chemical (0.884) | ECTO:0000487 exposure to chemical with chemical role (0.875) | ECTO:7000083 exposure to contaminated sediment (0.869) | ECTO:7000158 exposure to chemical colorant (0.850) | ECTO:2000066 exposure to chemotherapy (0.844) | ECTO:9002088 exposure to chemosterilant (0.826),
"children's exposome (molecular biomarkers, sensors and questionnaires across the three exposome domains)",1,ExO:0000002,exposure event,judged,ECTO:0600002 exposure to child care environment (0.776) | ECTO:0070212 exposure to infant formula based on isolated amino acids and/or protein hydrolysates via ingestion (0.735) | ECTO:0070226 exposure to infant formula (milk-based) via ingestion (0.733) | ECTO:0070225 exposure to infant formula via ingestion (0.705) | ECTO:0800001 exposure to environmental process route (0.699) | ECTO:0070058 exposure to lima bean via ingestion (0.696),the root exposure class of ECTO (from ExO); the name is no more specific than that
chronic arsenic exposure through drinking water,1,ECTO:0080000,exposure to arsenic in water via ingestion,judged,ECTO:0080000 exposure to arsenic in water via ingestion (0.842) | ECTO:0900004 exposure to arsenic via ingestion (0.807) | ECTO:0900207 exposure to arsenic(3+) via ingestion (0.800) | ECTO:7000087 exposure to arsenic-rich mud (0.769) | ECTO:9002674 exposure to arsenic(3+) (0.762) | ECTO:9000447 exposure to arsenite ion (0.760),
"chronic heavy drinking (≥80 g of alcohol/day for men, 50 g/d for women, for ≥10 years)",1,ECTO:6000009,exposure to alcohol abuse,judged,ECTO:0300001 exposure to drinking alcohol via maternal (0.741) | ECTO:0900101 exposure to alcohol via ingestion (0.734) | ECTO:0100001 exposure to drinking alcohol (0.728) | ECTO:0001082 exposure to alcohol consumption (0.704) | ECTO:6000009 exposure to alcohol abuse (0.701) | ECTO:0900083 exposure to ethanol via ingestion (0.693),
cigarette smoking,4,ECTO:6000038,exposure to Cigarette Smoking,exact,ECTO:6000038 exposure to Cigarette Smoking (0.896) | ECTO:0100003 exposure to cigarette smoking (0.864) | ECTO:0300003 exposure to cigarette smoking via maternal (0.860) | ECTO:0100004 exposure to cigar smoking (0.859) | ECTO:0300004 exposure to cigar smoking via maternal (0.855) | ECTO:6000014 exposure to smoking cessation (0.838),
cigarette smoking (a history of ≥10 pack-year smoking),1,ECTO:0100003,exposure to cigarette smoking,judged,ECTO:0300003 exposure to cigarette smoking via maternal (0.801) | ECTO:0300004 exposure to cigar smoking via maternal (0.794) | ECTO:6000038 exposure to Cigarette Smoking (0.790) | ECTO:0100003 exposure to cigarette smoking (0.789) | ECTO:0100004 exposure to cigar smoking (0.781) | ECTO:0300000 exposure to nicotine via maternal (0.775),
cigarette smoking (current and former smokers),1,ECTO:0100003,exposure to cigarette smoking,judged,ECTO:0300003 exposure to cigarette smoking via maternal (0.853) | ECTO:0300004 exposure to cigar smoking via maternal (0.847) | ECTO:6000038 exposure to Cigarette Smoking (0.846) | ECTO:0100003 exposure to cigarette smoking (0.845) | ECTO:0100004 exposure to cigar smoking (0.838) | ECTO:0300002 exposure to smoking nicotine via maternal (0.821),
"cigarette smoking, at least 10 cigarettes per day",1,ECTO:0100003,exposure to cigarette smoking,judged,ECTO:0300003 exposure to cigarette smoking via maternal (0.824) | ECTO:0300004 exposure to cigar smoking via maternal (0.818) | ECTO:0100003 exposure to cigarette smoking (0.812) | ECTO:0300000 exposure to nicotine via maternal (0.809) | ECTO:6000038 exposure to Cigarette Smoking (0.807) | ECTO:0100004 exposure to cigar smoking (0.805),
civilian exposure to war events,1,,,none,ECTO:0900510 exposure to warfarin via ingestion (0.784) | ECTO:0070129 exposure to french fries via ingestion (0.757) | ECTO:0070243 exposure to celery food product via ingestion (0.749) | ECTO:0070064 exposure to vegetarian burger via ingestion (0.748) | ECTO:0000980 exposure to temperature of air in surroundings (0.746) | ECTO:0070110 exposure to white bread via ingestion (0.746),ECTO has no war term
climate,1,,,none,ECTO:8000008 exposure to climate change (0.908) | ECTO:1000000 exposure to environmental condition (0.790) | ECTO:7000008 exposure to clay (0.770) | ECTO:0600000 exposure to environmental system (0.768) | ECTO:8000019 exposure to environmental pollution (0.768) | ECTO:9000853 exposure to climbazole (0.763),"nearest terms are exposure to weather (ECTO:1000020) and exposure to climate change (ECTO:8000008), neither is climate"
climate change,1,ECTO:8000008,exposure to climate change,exact,ECTO:8000008 exposure to climate change (0.930) | ECTO:1000000 exposure to environmental condition (0.788) | ECTO:8000019 exposure to environmental pollution (0.776) | ECTO:0600000 exposure to environmental system (0.770) | ECTO:0000931 exposure to environmental contaminant (0.763) | ECTO:0000015 exposure to environmental material (0.760),
cocaine,1,ECTO:9000265,exposure to cocaine,exact,ECTO:9000265 exposure to cocaine (0.928) | ECTO:0100007 exposure to cocaine addictive consumption (0.882) | ECTO:0300007 exposure to cocaine via maternal (0.863) | ECTO:9000769 exposure to methamphetamine (0.730) | ECTO:0100008 exposure to methamphetamine addictive consumption (0.726) | ECTO:9000205 exposure to caffeine (0.723),
combustion-related air pollution,1,ECTO:8000036,exposure to air pollution,judged,ECTO:8000006 exposure to combusion process (0.882) | ECTO:7000156 exposure to emissions from petroleum combustion (0.797) | ECTO:0800002 exposure to air pollution via maternal (0.786) | ECTO:0900113 exposure to carbon monoxide via inhalation (0.783) | ECTO:1000001 exposure to coal power plant (0.775) | ECTO:7000139 exposure to gasoline exhaust (0.767),
combustion-related ambient air pollution,1,ECTO:8000036,exposure to air pollution,judged,ECTO:8000006 exposure to combusion process (0.856) | ECTO:7000156 exposure to emissions from petroleum combustion (0.798) | ECTO:0800002 exposure to air pollution via maternal (0.781) | ECTO:0900113 exposure to carbon monoxide via inhalation (0.776) | ECTO:1000001 exposure to coal power plant (0.768) | ECTO:8000031 exposure to carbon dioxide emission process (0.759),
consumption of alcohol,1,ECTO:0001082,exposure to alcohol consumption,judged,ECTO:0900101 exposure to alcohol via ingestion (0.906) | ECTO:0001082 exposure to alcohol consumption (0.864) | ECTO:0100001 exposure to drinking alcohol (0.849) | ECTO:0300001 exposure to drinking alcohol via maternal (0.847) | ECTO:9000026 exposure to alcohol (0.845) | ECTO:6000009 exposure to alcohol abuse (0.834),
consumption of alcoholic beverages,1,ECTO:0001082,exposure to alcohol consumption,judged,ECTO:0900101 exposure to alcohol via ingestion (0.896) | ECTO:0300001 exposure to drinking alcohol via maternal (0.850) | ECTO:0100001 exposure to drinking alcohol (0.849) | ECTO:0001082 exposure to alcohol consumption (0.848) | ECTO:6000022 exposure to drinking behavior (0.825) | ECTO:9000026 exposure to alcohol (0.824),
cotinine,1,ECTO:0100013,exposure to tobacco,judged,ECTO:0100003 exposure to cigarette smoking (0.757) | ECTO:0300003 exposure to cigarette smoking via maternal (0.756) | ECTO:0100004 exposure to cigar smoking (0.752) | ECTO:0300004 exposure to cigar smoking via maternal (0.751) | ECTO:0100013 exposure to tobacco (0.750) | ECTO:9002478 exposure to nicotinamide (0.747),cotinine is the biomarker of tobacco smoke exposure
current and former smokers (≥ 20 pack years),1,ECTO:0100003,exposure to cigarette smoking,judged,ECTO:0300003 exposure to cigarette smoking via maternal (0.737) | ECTO:0300004 exposure to cigar smoking via maternal (0.734) | ECTO:0300000 exposure to nicotine via maternal (0.734) | ECTO:0100000 exposure to nicotine addictive consumption (0.728) | ECTO:0300002 exposure to smoking nicotine via maternal (0.728) | ECTO:0100003 exposure to cigarette smoking (0.723),
current or former smoker with ≥2.5 pack-years of smoking history,1,ECTO:0100003,exposure to cigarette smoking,judged,ECTO:0300000 exposure to nicotine via maternal (0.752) | ECTO:0300003 exposure to cigarette smoking via maternal (0.752) | ECTO:0300004 exposure to cigar smoking via maternal (0.746) | ECTO:0100000 exposure to nicotine addictive consumption (0.744) | ECTO:0300002 exposure to smoking nicotine via maternal (0.743) | ECTO:0900393 exposure to nicotine via inhalation (0.737),
daily combined vitamin/mineral supplement,1,ECTO:2000123,exposure to multivitamin supplementation,judged,"ECTO:0070245 exposure to dietary supplement, vitamin(s) and fatty acids via ingestion (0.835) | ECTO:0070210 exposure to multivitamin preparation via ingestion (0.824) | ECTO:2000123 exposure to multivitamin supplementation (0.813) | ECTO:0900025 exposure to vitamin D via ingestion (0.777) | ECTO:9002169 exposure to vitamin B complex (0.775) | ECTO:0900026 exposure to vitamin E via ingestion (0.761)",
diesel exhaust fumes,1,ECTO:7000138,exposure to diesel exhaust,judged,ECTO:7000138 exposure to diesel exhaust (0.891) | ECTO:7000136 exposure to diesel fuel (0.869) | ECTO:7000139 exposure to gasoline exhaust (0.794) | ECTO:0900113 exposure to carbon monoxide via inhalation (0.771) | ECTO:0900363 exposure to fuel additive via ingestion (0.769) | ECTO:0900267 exposure to dieldrin via ingestion (0.764),
diet,19,EFO:0002755,diet,judged,"ECTO:2000068 exposure to dietary intervention (0.908) | ECTO:6000021 exposure to eating behavior (0.859) | ECTO:2000117 exposure to dietary sodium intake avoidance (0.823) | ECTO:2000075 exposure to dietary lysine intake avoidance (0.803) | ECTO:2000116 exposure to dietary fat or oil intake avoidance (0.801) | ECTO:0070245 exposure to dietary supplement, vitamin(s) and fatty acids via ingestion (0.767) | ECTO:0050000 exposure to high-carbohydrate diet (lex) | ECTO:0050001 exposure to mediterranean diet (lex)",only EFO has a general diet term; ECTO has specific diets and dietary interventions only
diet (food frequency questionnaire),1,EFO:0002755,diet,judged,ECTO:2000068 exposure to dietary intervention (0.813) | ECTO:2000116 exposure to dietary fat or oil intake avoidance (0.794) | ECTO:2000117 exposure to dietary sodium intake avoidance (0.793) | ECTO:2000075 exposure to dietary lysine intake avoidance (0.792) | ECTO:0900120 exposure to food component via ingestion (0.779) | ECTO:9002063 exposure to food component (0.772),
diet and lifestyle factors,1,ECTO:6000015,exposure to lifestyle,judged,"ECTO:2000068 exposure to dietary intervention (0.889) | ECTO:2000117 exposure to dietary sodium intake avoidance (0.854) | ECTO:2000075 exposure to dietary lysine intake avoidance (0.851) | ECTO:2000116 exposure to dietary fat or oil intake avoidance (0.847) | ECTO:6000021 exposure to eating behavior (0.840) | ECTO:0070245 exposure to dietary supplement, vitamin(s) and fatty acids via ingestion (0.825)",lifestyle; diet itself has no ECTO term
diet and other lifestyle factors and exposures,1,ECTO:6000015,exposure to lifestyle,judged,"ECTO:2000068 exposure to dietary intervention (0.855) | ECTO:0070245 exposure to dietary supplement, vitamin(s) and fatty acids via ingestion (0.839) | ECTO:2000117 exposure to dietary sodium intake avoidance (0.833) | ECTO:2000116 exposure to dietary fat or oil intake avoidance (0.827) | ECTO:2000075 exposure to dietary lysine intake avoidance (0.825) | ECTO:6000021 exposure to eating behavior (0.814)",lifestyle; diet itself has no ECTO term
diet from consumer purchases,1,EFO:0002755,diet,judged,"ECTO:2000117 exposure to dietary sodium intake avoidance (0.834) | ECTO:2000075 exposure to dietary lysine intake avoidance (0.826) | ECTO:2000116 exposure to dietary fat or oil intake avoidance (0.819) | ECTO:2000068 exposure to dietary intervention (0.816) | ECTO:0900120 exposure to food component via ingestion (0.815) | ECTO:0070193 exposure to soft drink (diet, caffeinated) via ingestion (0.813)",
dietary and lifestyle factors,1,ECTO:6000015,exposure to lifestyle,judged,"ECTO:2000068 exposure to dietary intervention (0.897) | ECTO:2000117 exposure to dietary sodium intake avoidance (0.861) | ECTO:2000075 exposure to dietary lysine intake avoidance (0.857) | ECTO:2000116 exposure to dietary fat or oil intake avoidance (0.852) | ECTO:6000021 exposure to eating behavior (0.850) | ECTO:0070245 exposure to dietary supplement, vitamin(s) and fatty acids via ingestion (0.840)",lifestyle; diet itself has no ECTO term
dietary determinants of obesity and metabolic syndrome,1,EFO:0002755,diet,judged,"ECTO:2000116 exposure to dietary fat or oil intake avoidance (0.831) | ECTO:2000068 exposure to dietary intervention (0.809) | ECTO:2000075 exposure to dietary lysine intake avoidance (0.803) | ECTO:2000117 exposure to dietary sodium intake avoidance (0.803) | ECTO:0070245 exposure to dietary supplement, vitamin(s) and fatty acids via ingestion (0.783) | ECTO:0900120 exposure to food component via ingestion (0.763)",
dietary exposure to hazardous substances,1,ECTO:9002126,exposure to environmental food contaminant,judged,"ECTO:0900010 exposure to food additive via ingestion (0.856) | ECTO:0900120 exposure to food component via ingestion (0.851) | ECTO:2000117 exposure to dietary sodium intake avoidance (0.833) | ECTO:0900012 exposure to food preservative via ingestion (0.832) | ECTO:0070245 exposure to dietary supplement, vitamin(s) and fatty acids via ingestion (0.825) | ECTO:2000068 exposure to dietary intervention (0.824)",
dietary factors,1,EFO:0002755,diet,judged,"ECTO:2000068 exposure to dietary intervention (0.934) | ECTO:2000117 exposure to dietary sodium intake avoidance (0.892) | ECTO:2000116 exposure to dietary fat or oil intake avoidance (0.883) | ECTO:2000075 exposure to dietary lysine intake avoidance (0.877) | ECTO:6000021 exposure to eating behavior (0.871) | ECTO:0070245 exposure to dietary supplement, vitamin(s) and fatty acids via ingestion (0.846)",
dietary fatty acids and their food sources,1,EFO:0002755,diet,judged,"ECTO:2000116 exposure to dietary fat or oil intake avoidance (0.857) | ECTO:0070245 exposure to dietary supplement, vitamin(s) and fatty acids via ingestion (0.798) | ECTO:0070247 exposure to fat content 50-80%, > 25% pufa via ingestion (0.780) | ECTO:2000075 exposure to dietary lysine intake avoidance (0.766) | ECTO:0070164 exposure to fish oil supplement via ingestion (0.764) | ECTO:0900052 exposure to omega-3 fatty acid via ingestion (0.760)",fatty acids; no ontology has dietary fatty acid intake
dietary habits,2,ECTO:6000021,exposure to eating behavior,judged,"ECTO:2000068 exposure to dietary intervention (0.919) | ECTO:2000117 exposure to dietary sodium intake avoidance (0.885) | ECTO:2000116 exposure to dietary fat or oil intake avoidance (0.868) | ECTO:6000021 exposure to eating behavior (0.865) | ECTO:2000075 exposure to dietary lysine intake avoidance (0.864) | ECTO:0070245 exposure to dietary supplement, vitamin(s) and fatty acids via ingestion (0.817)",habits taken as eating behaviour
"dietary habits (organic, vegetarian)",1,ECTO:6000021,exposure to eating behavior,judged,ECTO:2000068 exposure to dietary intervention (0.849) | ECTO:2000117 exposure to dietary sodium intake avoidance (0.829) | ECTO:2000116 exposure to dietary fat or oil intake avoidance (0.823) | ECTO:0070233 exposure to vegetable or vegetable product (us cfr) via ingestion (0.818) | ECTO:2000075 exposure to dietary lysine intake avoidance (0.815) | ECTO:0070232 exposure to vegetable food product via ingestion (0.813),habits taken as eating behaviour
dietary intake,3,EFO:0002755,diet,judged,"ECTO:2000068 exposure to dietary intervention (0.936) | ECTO:2000117 exposure to dietary sodium intake avoidance (0.893) | ECTO:2000075 exposure to dietary lysine intake avoidance (0.881) | ECTO:2000116 exposure to dietary fat or oil intake avoidance (0.874) | ECTO:6000021 exposure to eating behavior (0.860) | ECTO:0070245 exposure to dietary supplement, vitamin(s) and fatty acids via ingestion (0.844)",
dietary intake of micronutrients,1,ECTO:0900369,exposure to micronutrient via ingestion,judged,"ECTO:0900369 exposure to micronutrient via ingestion (0.868) | ECTO:0070245 exposure to dietary supplement, vitamin(s) and fatty acids via ingestion (0.846) | ECTO:2000117 exposure to dietary sodium intake avoidance (0.820) | ECTO:2000075 exposure to dietary lysine intake avoidance (0.818) | ECTO:9001687 exposure to micronutrient (0.816) | ECTO:2000068 exposure to dietary intervention (0.808)",
dietary mercury intake,1,ECTO:0900006,exposure to mercury via ingestion,judged,ECTO:0070205 exposure to high mercury food material via ingestion (0.852) | ECTO:2000117 exposure to dietary sodium intake avoidance (0.825) | ECTO:0900018 exposure to mercury cation via ingestion (0.816) | ECTO:0900006 exposure to mercury via ingestion (0.806) | ECTO:2000075 exposure to dietary lysine intake avoidance (0.804) | ECTO:2000116 exposure to dietary fat or oil intake avoidance (0.798),
dietary patterns,1,ECTO:6000021,exposure to eating behavior,judged,"ECTO:2000068 exposure to dietary intervention (0.898) | ECTO:2000117 exposure to dietary sodium intake avoidance (0.863) | ECTO:2000116 exposure to dietary fat or oil intake avoidance (0.849) | ECTO:6000021 exposure to eating behavior (0.846) | ECTO:2000075 exposure to dietary lysine intake avoidance (0.845) | ECTO:0070245 exposure to dietary supplement, vitamin(s) and fatty acids via ingestion (0.805)",patterns taken as eating behaviour
dietary potassium,1,ECTO:0900037,exposure to potassium via ingestion,judged,ECTO:2000117 exposure to dietary sodium intake avoidance (0.859) | ECTO:2000103 exposure to potassium supplementation (0.836) | ECTO:0900037 exposure to potassium via ingestion (0.825) | ECTO:9001350 exposure to potassium chloride (0.817) | ECTO:0900476 exposure to potassium(1+) via ingestion (0.815) | ECTO:2000075 exposure to dietary lysine intake avoidance (0.814),
dietary sodium,1,ECTO:0070218,exposure to sodium chloride food material via ingestion,judged,ECTO:2000117 exposure to dietary sodium intake avoidance (0.926) | ECTO:0070218 exposure to sodium chloride food material via ingestion (0.881) | ECTO:0900473 exposure to sodium chloride via ingestion (0.848) | ECTO:2000068 exposure to dietary intervention (0.827) | ECTO:9001609 exposure to sodium diphosphate (0.823) | ECTO:9001347 exposure to sodium chloride (0.822),salt in food
dietary supplement use,2,ECTO:0070245,"exposure to dietary supplement, vitamin(s) and fatty acids via ingestion",judged,"ECTO:0070245 exposure to dietary supplement, vitamin(s) and fatty acids via ingestion (0.913) | ECTO:2000068 exposure to dietary intervention (0.843) | ECTO:2000075 exposure to dietary lysine intake avoidance (0.836) | ECTO:2000117 exposure to dietary sodium intake avoidance (0.833) | ECTO:2000116 exposure to dietary fat or oil intake avoidance (0.812) | ECTO:0900025 exposure to vitamin D via ingestion (0.806)",
dietary vitamin B2 intake,1,ECTO:0900029,exposure to vitamin B via ingestion,judged,"ECTO:0900030 exposure to vitamin B6 via ingestion (0.841) | ECTO:0900136 exposure to thiamine via ingestion (0.829) | ECTO:0900029 exposure to vitamin B via ingestion (0.811) | ECTO:0900025 exposure to vitamin D via ingestion (0.810) | ECTO:2000075 exposure to dietary lysine intake avoidance (0.800) | ECTO:0070245 exposure to dietary supplement, vitamin(s) and fatty acids via ingestion (0.800)",riboflavin has no own term; vitamin B via ingestion
disinfection by-products,1,,,none,ECTO:0900431 exposure to disinfectant via inhalation (0.862) | ECTO:0000657 exposure to disinfectant (0.860) | ECTO:0900276 exposure to disulfiram via ingestion (0.766) | ECTO:9001435 exposure to disulfoton (0.756) | ECTO:9001434 exposure to disulfiram (0.751) | ECTO:9000240 exposure to disaccharide (0.735),by-products are not the disinfectant; no ECTO term
disinfection by-products (trihalomethanes) in drinking water,1,,,none,ECTO:0900431 exposure to disinfectant via inhalation (0.774) | ECTO:0000657 exposure to disinfectant (0.729) | ECTO:9000989 exposure to Benzotrichloride (0.725) | ECTO:0900501 exposure to trimethylamine via inhalation (0.725) | ECTO:9000723 exposure to trichlorofluoromethane (0.721) | ECTO:9000530 exposure to trichloroethene (0.721),no ECTO term for trihalomethanes
domestic aeroallergen exposure in infancy (house dust mite Der p 1 and cat Fel d 1),1,ECTO:0900047,exposure to allergen via inhalation,judged,ECTO:0900047 exposure to allergen via inhalation (0.737) | ECTO:0070212 exposure to infant formula based on isolated amino acids and/or protein hydrolysates via ingestion (0.706) | ECTO:0070226 exposure to infant formula (milk-based) via ingestion (0.702) | ECTO:0800002 exposure to air pollution via maternal (0.693) | ECTO:0200001 exposure to corticosteroid therapy via inhalation (0.684) | ECTO:0700002 exposure to aerosol via inhalation (0.683),
drinking water disinfection by-products,1,,,none,ECTO:0900431 exposure to disinfectant via inhalation (0.809) | ECTO:7000125 exposure to drinking water (0.774) | ECTO:0000657 exposure to disinfectant (0.773) | ECTO:0900276 exposure to disulfiram via ingestion (0.749) | ECTO:7000115 exposure to waterborne particulate matter (0.730) | ECTO:8000038 exposure to water pollution (0.728),no ECTO term
drinking water disinfection by-products during pregnancy,1,,,none,ECTO:0900431 exposure to disinfectant via inhalation (0.774) | ECTO:2000076 exposure to pregnancy diet intake (0.767) | ECTO:0900325 maternal exposure to hydrogen peroxide (0.758) | ECTO:0900506 maternal exposure to valproate semisodium (0.746) | ECTO:0900221 maternal exposure to bisphenol A (0.745) | ECTO:0900103 maternal exposure to androgen (0.733),no ECTO term
drinking water source,1,ECTO:7000125,exposure to drinking water,judged,ECTO:7000125 exposure to drinking water (0.849) | ECTO:0070135 exposure to water via ingestion (0.813) | ECTO:1000056 exposure to rainfall (0.798) | ECTO:8000038 exposure to water pollution (0.797) | ECTO:0070216 exposure to watercress via ingestion (0.795) | ECTO:7000165 exposure to water-based cloud droplet (0.782),
drug use,2,ECTO:6000008,exposure to drug abuse,judged,ECTO:0900043 exposure to drug via maternal (0.891) | ECTO:0000509 exposure to drug (0.886) | ECTO:6000008 exposure to drug abuse (0.871) | ECTO:9001827 exposure to drug metabolite (0.852) | ECTO:9002082 exposure to drug allergen (0.840) | ECTO:0100008 exposure to methamphetamine addictive consumption (0.806),drug use as substance abuse
early life exposures,1,ExO:0000002,exposure event,judged,ECTO:0600002 exposure to child care environment (0.854) | ECTO:0070225 exposure to infant formula via ingestion (0.849) | ECTO:0070226 exposure to infant formula (milk-based) via ingestion (0.840) | ECTO:2000076 exposure to pregnancy diet intake (0.816) | ECTO:1000042 exposure to day care building (0.810) | ECTO:0070212 exposure to infant formula based on isolated amino acids and/or protein hydrolysates via ingestion (0.808),the root exposure class of ECTO (from ExO); the name is no more specific than that
early life exposures of an urban population,1,ExO:0000002,exposure event,judged,ECTO:0070212 exposure to infant formula based on isolated amino acids and/or protein hydrolysates via ingestion (0.797) | ECTO:0070226 exposure to infant formula (milk-based) via ingestion (0.792) | ECTO:0070225 exposure to infant formula via ingestion (0.781) | ECTO:0600002 exposure to child care environment (0.781) | ECTO:8000040 exposure to urban pollution (0.780) | ECTO:0080003 exposure to lead in water via ingestion (0.773),the root exposure class of ECTO (from ExO); the name is no more specific than that
early nutrition,1,EFO:0002755,diet,judged,ECTO:0070226 exposure to infant formula (milk-based) via ingestion (0.819) | ECTO:0070225 exposure to infant formula via ingestion (0.798) | ECTO:0070212 exposure to infant formula based on isolated amino acids and/or protein hydrolysates via ingestion (0.798) | ECTO:0900056 exposure to nutrient via ingestion (0.795) | ECTO:0900268 exposure to nutraceutical via ingestion (0.787) | ECTO:0600002 exposure to child care environment (0.775),in infancy
early-life air pollution,1,ECTO:8000036,exposure to air pollution,judged,ECTO:0800002 exposure to air pollution via maternal (0.859) | ECTO:8000036 exposure to air pollution (0.794) | ECTO:0600002 exposure to child care environment (0.792) | ECTO:0700002 exposure to aerosol via inhalation (0.778) | ECTO:0700001 exposure to ultrafine respirable suspended particulate matter via inhalation (0.768) | ECTO:0070226 exposure to infant formula (milk-based) via ingestion (0.766),
early-life environmental exposures,2,ExO:0000002,exposure event,judged,ECTO:0600002 exposure to child care environment (0.831) | ECTO:0800001 exposure to environmental process route (0.827) | ECTO:0070225 exposure to infant formula via ingestion (0.815) | ECTO:0070226 exposure to infant formula (milk-based) via ingestion (0.814) | ECTO:8000019 exposure to environmental pollution (0.807) | ECTO:0000931 exposure to environmental contaminant (0.806),the root exposure class of ECTO (from ExO); the name is no more specific than that
early-life exposome (HELIX),1,ExO:0000002,exposure event,judged,ECTO:0070226 exposure to infant formula (milk-based) via ingestion (0.757) | ECTO:0070225 exposure to infant formula via ingestion (0.745) | ECTO:0600002 exposure to child care environment (0.745) | ECTO:2000076 exposure to pregnancy diet intake (0.728) | ECTO:0070224 exposure to human milk (raw) via ingestion (0.727) | ECTO:0200004 exposure to maternal pharmacotherapy (0.721),the root exposure class of ECTO (from ExO); the name is no more specific than that
early-life microbial exposures,1,,,none,ECTO:0070000 exposure to probiotic or bacteria supplement via ingestion (0.800) | ECTO:0900087 exposure to gut flora metabolite via ingestion (0.798) | ECTO:0070226 exposure to infant formula (milk-based) via ingestion (0.792) | ECTO:0070225 exposure to infant formula via ingestion (0.780) | ECTO:9002410 exposure to gut flora metabolite (0.777) | ECTO:0600002 exposure to child care environment (0.776),"candidates are probiotics and gut metabolites, not microbial exposure"
eating,1,ECTO:6000021,exposure to eating behavior,judged,ECTO:9002063 exposure to food component (0.810) | ECTO:9001942 exposure to food additive (0.801) | ECTO:9002056 exposure to food antioxidant (0.792) | ECTO:2000068 exposure to dietary intervention (0.787) | ECTO:9001930 exposure to food emulsifier (0.779) | ECTO:1000040 exposure to restaurant (0.775) | ECTO:6000021 exposure to eating behavior (lex),
electric and magnetic fields,1,ECTO:0000002,exposure to electromagnetic radiation,judged,ECTO:0000002 exposure to electromagnetic radiation (0.842) | ECTO:9001904 exposure to electrophilic reagent (0.755) | ECTO:9001641 exposure to electron acceptor (0.726) | ECTO:9001640 exposure to electron donor (0.717) | ECTO:8000053 exposure to microwave radiation (0.703) | ECTO:7000156 exposure to emissions from petroleum combustion (0.698),nearest term: electromagnetic radiation
elemental carbon,1,ECTO:9002171,exposure to carbon black,judged,ECTO:9001313 exposure to elemental boron (0.848) | ECTO:9001252 exposure to elemental silver (0.825) | ECTO:9001154 exposure to elemental manganese (0.819) | ECTO:9001306 exposure to elemental zinc (0.815) | ECTO:9001579 exposure to elemental indium (0.815) | ECTO:9002171 exposure to carbon black (0.811),elemental carbon particulate taken as carbon black
emerging exogenous pollutants,1,ECTO:0000931,exposure to environmental contaminant,judged,ECTO:0900124 exposure to xenobiotic via ingestion (0.813) | ECTO:7000156 exposure to emissions from petroleum combustion (0.812) | ECTO:1000017 exposure to industrial wastewater treatment plant (0.812) | ECTO:9002126 exposure to environmental food contaminant (0.810) | ECTO:9002027 exposure to xenobiotic metabolite (0.810) | ECTO:0000485 exposure to chemical with biological effect (0.810),
endocrine determinants,1,,,none,ECTO:9001630 exposure to endocrine disruptor (0.883) | ECTO:2000074 exposure to hormone modifying therapy (0.771) | ECTO:9002569 exposure to endocannabinoid (0.767) | ECTO:2000006 exposure to estrogen modification therapy (0.753) | ECTO:2000005 exposure to hormone replacement therapy (0.749) | ECTO:9000720 exposure to endosulfan (0.742),not an exposure as named
endocrine disruptors,1,ECTO:9001630,exposure to endocrine disruptor,judged,ECTO:9001630 exposure to endocrine disruptor (0.941) | ECTO:9000720 exposure to endosulfan (0.793) | ECTO:9002569 exposure to endocannabinoid (0.775) | ECTO:0900130 maternal exposure to estrogens (0.767) | ECTO:2000006 exposure to estrogen modification therapy (0.762) | ECTO:9002091 exposure to ecdysone antagonists (0.757),
endotoxin exposure,1,ECTO:9000215,exposure to lipopolysaccharide,judged,ECTO:0900357 exposure to lipopolysaccharide via injection (0.853) | ECTO:0900142 exposure to lipopolysaccharide via inhalation (0.853) | ECTO:0900361 exposure to lipopolysaccharide via ingestion (0.851) | ECTO:9000215 exposure to lipopolysaccharide (0.839) | ECTO:9002569 exposure to endocannabinoid (0.802) | ECTO:9000720 exposure to endosulfan (0.799),
environmental and lifestyle exposure,1,ExO:0000002,exposure event,judged,ECTO:0800001 exposure to environmental process route (0.895) | ECTO:0500000 exposure to environmental disposition (0.878) | ECTO:0600000 exposure to environmental system (0.875) | ECTO:0010003 exposure to environmental physical object quality (0.874) | ECTO:8000000 exposure to environmental process (0.874) | ECTO:8000019 exposure to environmental pollution (0.873),the root exposure class of ECTO (from ExO); the name is no more specific than that
environmental and lifestyle exposures altered during economic transformation,1,ExO:0000002,exposure event,judged,ECTO:0800001 exposure to environmental process route (0.810) | ECTO:9002126 exposure to environmental food contaminant (0.781) | ECTO:8000000 exposure to environmental process (0.776) | ECTO:8000019 exposure to environmental pollution (0.768) | ECTO:0500000 exposure to environmental disposition (0.765) | ECTO:0000931 exposure to environmental contaminant (0.764),the root exposure class of ECTO (from ExO); the name is no more specific than that
environmental and lifestyle influences on allergy development,1,ExO:0000002,exposure event,judged,ECTO:0900047 exposure to allergen via inhalation (0.840) | ECTO:0800001 exposure to environmental process route (0.800) | ECTO:9002126 exposure to environmental food contaminant (0.778) | ECTO:0500000 exposure to environmental disposition (0.770) | ECTO:8000019 exposure to environmental pollution (0.769) | ECTO:8000000 exposure to environmental process (0.769),the root exposure class of ECTO (from ExO); the name is no more specific than that
environmental basis of childhood-onset asthma,2,ExO:0000002,exposure event,judged,ECTO:0600002 exposure to child care environment (0.798) | ECTO:0800001 exposure to environmental process route (0.787) | ECTO:0800002 exposure to air pollution via maternal (0.776) | ECTO:0900047 exposure to allergen via inhalation (0.773) | ECTO:8000019 exposure to environmental pollution (0.755) | ECTO:9002126 exposure to environmental food contaminant (0.754),the root exposure class of ECTO (from ExO); the name is no more specific than that
environmental chemical pollutants,1,ECTO:0000931,exposure to environmental contaminant,judged,ECTO:0000931 exposure to environmental contaminant (0.889) | ECTO:8000019 exposure to environmental pollution (0.877) | ECTO:9002126 exposure to environmental food contaminant (0.865) | ECTO:0000015 exposure to environmental material (0.840) | ECTO:0800001 exposure to environmental process route (0.837) | ECTO:8000000 exposure to environmental process (0.829),
environmental contaminants,2,ECTO:0000931,exposure to environmental contaminant,judged,ECTO:0000931 exposure to environmental contaminant (0.952) | ECTO:9002126 exposure to environmental food contaminant (0.917) | ECTO:8000019 exposure to environmental pollution (0.916) | ECTO:0000015 exposure to environmental material (0.892) | ECTO:1000000 exposure to environmental condition (0.885) | ECTO:0600000 exposure to environmental system (0.884),
environmental determinants,1,ExO:0000002,exposure event,judged,ECTO:1000000 exposure to environmental condition (0.918) | ECTO:0600000 exposure to environmental system (0.913) | ECTO:0500000 exposure to environmental disposition (0.911) | ECTO:8000019 exposure to environmental pollution (0.906) | ECTO:8000000 exposure to environmental process (0.905) | ECTO:0000015 exposure to environmental material (0.905),the root exposure class of ECTO (from ExO); the name is no more specific than that
environmental determinants of atopic diseases,1,ExO:0000002,exposure event,judged,ECTO:0800001 exposure to environmental process route (0.804) | ECTO:0900047 exposure to allergen via inhalation (0.798) | ECTO:8000019 exposure to environmental pollution (0.790) | ECTO:9002126 exposure to environmental food contaminant (0.788) | ECTO:0500000 exposure to environmental disposition (0.786) | ECTO:0000931 exposure to environmental contaminant (0.784),the root exposure class of ECTO (from ExO); the name is no more specific than that
environmental determinants of cancer and other chronic diseases,1,ExO:0000002,exposure event,judged,ECTO:0000931 exposure to environmental contaminant (0.808) | ECTO:0800001 exposure to environmental process route (0.807) | ECTO:9002126 exposure to environmental food contaminant (0.805) | ECTO:8000019 exposure to environmental pollution (0.799) | ECTO:8000000 exposure to environmental process (0.789) | ECTO:0500000 exposure to environmental disposition (0.786),the root exposure class of ECTO (from ExO); the name is no more specific than that
environmental determinants of testicular germ cell tumours,1,ExO:0000002,exposure event,judged,ECTO:0800001 exposure to environmental process route (0.782) | ECTO:9002126 exposure to environmental food contaminant (0.780) | ECTO:0000931 exposure to environmental contaminant (0.771) | ECTO:8000019 exposure to environmental pollution (0.759) | ECTO:0500000 exposure to environmental disposition (0.756) | ECTO:8000000 exposure to environmental process (0.755),the root exposure class of ECTO (from ExO); the name is no more specific than that
environmental exposure to chemicals,1,ECTO:0000931,exposure to environmental contaminant,judged,ECTO:0000931 exposure to environmental contaminant (0.897) | ECTO:0800001 exposure to environmental process route (0.885) | ECTO:8000019 exposure to environmental pollution (0.881) | ECTO:9002126 exposure to environmental food contaminant (0.875) | ECTO:0000015 exposure to environmental material (0.854) | ECTO:8000000 exposure to environmental process (0.850),
environmental exposures,3,ExO:0000002,exposure event,judged,ECTO:8000019 exposure to environmental pollution (0.940) | ECTO:0000931 exposure to environmental contaminant (0.936) | ECTO:1000000 exposure to environmental condition (0.930) | ECTO:0600000 exposure to environmental system (0.928) | ECTO:0000015 exposure to environmental material (0.923) | ECTO:0500000 exposure to environmental disposition (0.922),the root exposure class of ECTO (from ExO); the name is no more specific than that
environmental exposures and lifestyle factors,2,ExO:0000002,exposure event,judged,ECTO:0800001 exposure to environmental process route (0.890) | ECTO:8000019 exposure to environmental pollution (0.876) | ECTO:0600000 exposure to environmental system (0.872) | ECTO:8000000 exposure to environmental process (0.872) | ECTO:0500000 exposure to environmental disposition (0.872) | ECTO:1000000 exposure to environmental condition (0.872),the root exposure class of ECTO (from ExO); the name is no more specific than that
environmental exposures via biomonitoring,1,ExO:0000002,exposure event,judged,ECTO:0800001 exposure to environmental process route (0.854) | ECTO:0000931 exposure to environmental contaminant (0.839) | ECTO:9002126 exposure to environmental food contaminant (0.837) | ECTO:8000019 exposure to environmental pollution (0.825) | ECTO:8000000 exposure to environmental process (0.812) | ECTO:0000015 exposure to environmental material (0.809),the root exposure class of ECTO (from ExO); the name is no more specific than that
environmental factors,3,ExO:0000002,exposure event,judged,ECTO:1000000 exposure to environmental condition (0.939) | ECTO:0600000 exposure to environmental system (0.931) | ECTO:8000019 exposure to environmental pollution (0.927) | ECTO:0000015 exposure to environmental material (0.925) | ECTO:0500000 exposure to environmental disposition (0.920) | ECTO:8000000 exposure to environmental process (0.918),the root exposure class of ECTO (from ExO); the name is no more specific than that
environmental factors assessed via household dust and skin samples,1,ExO:0000002,exposure event,judged,ECTO:0800001 exposure to environmental process route (0.812) | ECTO:9002126 exposure to environmental food contaminant (0.787) | ECTO:8000019 exposure to environmental pollution (0.786) | ECTO:0000015 exposure to environmental material (0.784) | ECTO:0000931 exposure to environmental contaminant (0.784) | ECTO:8000000 exposure to environmental process (0.783),the root exposure class of ECTO (from ExO); the name is no more specific than that
environmental factors interacting with genes in breast cancer,1,ExO:0000002,exposure event,judged,ECTO:0800001 exposure to environmental process route (0.770) | ECTO:9002126 exposure to environmental food contaminant (0.756) | ECTO:2000006 exposure to estrogen modification therapy (0.745) | ECTO:8000000 exposure to environmental process (0.745) | ECTO:0000931 exposure to environmental contaminant (0.741) | ECTO:8000019 exposure to environmental pollution (0.735),the root exposure class of ECTO (from ExO); the name is no more specific than that
"environmental pollutants in the air, water and diet during the pregnancy and beginning of life",1,ECTO:8000019,exposure to environmental pollution,judged,ECTO:9002126 exposure to environmental food contaminant (0.790) | ECTO:0800002 exposure to air pollution via maternal (0.782) | ECTO:0000931 exposure to environmental contaminant (0.779) | ECTO:0800001 exposure to environmental process route (0.778) | ECTO:8000019 exposure to environmental pollution (0.777) | ECTO:0900103 maternal exposure to androgen (0.770),
environmental risk factors for breast and prostate cancer,1,ExO:0000002,exposure event,judged,ECTO:0800001 exposure to environmental process route (0.802) | ECTO:9002126 exposure to environmental food contaminant (0.789) | ECTO:0000931 exposure to environmental contaminant (0.784) | ECTO:8000019 exposure to environmental pollution (0.780) | ECTO:8000000 exposure to environmental process (0.778) | ECTO:0600000 exposure to environmental system (0.769),the root exposure class of ECTO (from ExO); the name is no more specific than that
environmental risk factors for breast cancer,1,ExO:0000002,exposure event,judged,ECTO:0800001 exposure to environmental process route (0.819) | ECTO:0000931 exposure to environmental contaminant (0.811) | ECTO:9002126 exposure to environmental food contaminant (0.811) | ECTO:8000019 exposure to environmental pollution (0.807) | ECTO:8000000 exposure to environmental process (0.796) | ECTO:0000015 exposure to environmental material (0.795),the root exposure class of ECTO (from ExO); the name is no more specific than that
environmental tobacco smoke,2,ECTO:7000059,exposure to smoke,judged,ECTO:8000019 exposure to environmental pollution (0.824) | ECTO:0300003 exposure to cigarette smoking via maternal (0.823) | ECTO:0000931 exposure to environmental contaminant (0.821) | ECTO:0300002 exposure to smoking nicotine via maternal (0.817) | ECTO:0800001 exposure to environmental process route (0.812) | ECTO:0100010 exposure to tobacco pipe smoking (0.808),"tobacco smoke breathed by non-smokers; ECTO has no passive-smoking term, so smoke in general"
ever smoking,1,ECTO:6000029,exposure to tobacco smoking,judged,ECTO:0300003 exposure to cigarette smoking via maternal (0.818) | ECTO:0300002 exposure to smoking nicotine via maternal (0.817) | ECTO:7000167 exposure to smokeless tobacco (0.816) | ECTO:0300004 exposure to cigar smoking via maternal (0.811) | ECTO:0100003 exposure to cigarette smoking (0.811) | ECTO:0100004 exposure to cigar smoking (0.805),
ever-smoking,1,ECTO:6000029,exposure to tobacco smoking,judged,ECTO:7000167 exposure to smokeless tobacco (0.786) | ECTO:0300003 exposure to cigarette smoking via maternal (0.777) | ECTO:0300002 exposure to smoking nicotine via maternal (0.771) | ECTO:0100010 exposure to tobacco pipe smoking (0.763) | ECTO:7000059 exposure to smoke (0.762) | ECTO:0900393 exposure to nicotine via inhalation (0.760),
exercise,1,ECTO:6000002,exposure to exercise,exact,ECTO:6000002 exposure to exercise (0.862) | ECTO:2000084 exposure to aerobic exercise therapy (0.791) | ECTO:6000031 exposure to strenuous exercise (0.790) | ECTO:6000036 exposure to moderate exercise (0.777) | ECTO:6000003 exposure to walking (0.770) | ECTO:6000039 exposure to Physical Activity (0.768),
"exercise interventions of differing amount, intensity and mode",1,ECTO:6000002,exposure to exercise,judged,ECTO:6000002 exposure to exercise (0.754) | ECTO:2000084 exposure to aerobic exercise therapy (0.728) | ECTO:4000034 exposure to increased air temperature (0.699) | ECTO:4000031 exposure to increased water temperature (0.699) | ECTO:2000111 exposure to weight loss pharmacotherapy (0.698) | ECTO:4000024 exposure to increased air pressure (0.698),
"exposome estimated from blood, saliva, sweat and personal aerosols",1,ExO:0000002,exposure event,judged,ECTO:9002079 exposure to human blood serum metabolite (0.742) | ECTO:0700002 exposure to aerosol via inhalation (0.740) | ECTO:0080005 exposure to radon in air via inhalation (0.735) | ECTO:8000003 exposure to aerosolisation of dust (0.734) | ECTO:0300002 exposure to smoking nicotine via maternal (0.732) | ECTO:8000002 exposure to atmospheric aerosolisation of dust (0.731),the root exposure class of ECTO (from ExO); the name is no more specific than that
"exposome factors (environment, lifestyle, nutrition) in pregnancy and early childhood",1,ExO:0000002,exposure event,judged,ECTO:2000076 exposure to pregnancy diet intake (0.811) | ECTO:0070226 exposure to infant formula (milk-based) via ingestion (0.805) | ECTO:0900103 maternal exposure to androgen (0.798) | ECTO:0900130 maternal exposure to estrogens (0.790) | ECTO:0070225 exposure to infant formula via ingestion (0.790) | ECTO:0070212 exposure to infant formula based on isolated amino acids and/or protein hydrolysates via ingestion (0.789),the root exposure class of ECTO (from ExO); the name is no more specific than that
exposure at home and day care,1,ECTO:0600002,exposure to child care environment,judged,ECTO:0600002 exposure to child care environment (0.843) | ECTO:1000042 exposure to day care building (0.819) | ECTO:0070225 exposure to infant formula via ingestion (0.815) | ECTO:0070226 exposure to infant formula (milk-based) via ingestion (0.799) | ECTO:0080003 exposure to lead in water via ingestion (0.790) | ECTO:0070206 exposure to rice milk via ingestion (0.788),day care; the home has no term
exposure to animal sheds,1,ECTO:1000034,exposure to farm,judged,ECTO:7000098 exposure to animal waste material (0.864) | ECTO:7000093 exposure to chicken breeding waste material (0.848) | ECTO:7000107 exposure to animal manure (0.847) | ECTO:5000008 exposure to petting zoo (0.832) | ECTO:7000108 exposure to fresh animal manure (0.827) | ECTO:0070075 exposure to poultry via ingestion (0.823),animal sheds are farm buildings; nearest term
exposure to farming environments,1,ECTO:1000034,exposure to farm,judged,ECTO:1000016 exposure to agricultural wastewater treatment plant (0.878) | ECTO:7000091 exposure to agricultural soil (0.848) | ECTO:9002126 exposure to environmental food contaminant (0.843) | ECTO:0070215 exposure to feedstuff (food for agricultural animals) via ingestion (0.841) | ECTO:7000098 exposure to animal waste material (0.841) | ECTO:7000093 exposure to chicken breeding waste material (0.841),
exposures in early life,1,ExO:0000002,exposure event,judged,ECTO:0600002 exposure to child care environment (0.875) | ECTO:0070225 exposure to infant formula via ingestion (0.870) | ECTO:0070226 exposure to infant formula (milk-based) via ingestion (0.854) | ECTO:2000076 exposure to pregnancy diet intake (0.837) | ECTO:1000042 exposure to day care building (0.835) | ECTO:0080003 exposure to lead in water via ingestion (0.833),the root exposure class of ECTO (from ExO); the name is no more specific than that
external exposome (ambient and indoor exposures),1,ExO:0000002,exposure event,judged,ECTO:0010003 exposure to environmental physical object quality (0.845) | ECTO:0800002 exposure to air pollution via maternal (0.842) | ECTO:8000002 exposure to atmospheric aerosolisation of dust (0.833) | ECTO:0800001 exposure to environmental process route (0.824) | ECTO:0010002 exposure to environmental process quality (0.822) | ECTO:0080005 exposure to radon in air via inhalation (0.818),the root exposure class of ECTO (from ExO); the name is no more specific than that
farm exposures,2,ECTO:1000034,exposure to farm,judged,ECTO:1000034 exposure to farm (0.871) | ECTO:1000016 exposure to agricultural wastewater treatment plant (0.812) | ECTO:0070215 exposure to feedstuff (food for agricultural animals) via ingestion (0.802) | ECTO:7000093 exposure to chicken breeding waste material (0.789) | ECTO:0600004 exposure to grassland ecosystem (0.789) | ECTO:7000098 exposure to animal waste material (0.787) | ECTO:0600001 exposure to aquaculture farm (lex),
farm milk consumption,1,ECTO:0070204,exposure to cow milk (liquid) via ingestion,judged,ECTO:0070003 exposure to whole milk via ingestion (0.858) | ECTO:0070204 exposure to cow milk (liquid) via ingestion (0.851) | ECTO:0070199 exposure to cow milk cheese (nonfat) via ingestion (0.846) | ECTO:0070250 exposure to milk fat via ingestion (0.837) | ECTO:0070006 exposure to milk beverage analog via ingestion (0.828) | ECTO:0070002 exposure to lowfat milk via ingestion (0.822),raw farm milk; ECTO has no raw-milk term
fluid intake and micturition,1,,,none,"ECTO:0900125 exposure to diuretic via ingestion (0.756) | ECTO:0070227 exposure to liquid food (prepared, ready for consumption) via ingestion (0.730) | ECTO:9001689 exposure to water-soluble vitamin (0.728) | ECTO:2000013 exposure to theraputic diuretics (0.726) | ECTO:1000056 exposure to rainfall (0.725) | ECTO:0900322 exposure to hydrochlorothiazide via ingestion (0.724)",fluid intake in general; nearest is exposure to water via ingestion (ECTO:0070135)
food consumption (96-item food frequency questionnaire),1,EFO:0002755,diet,judged,ECTO:0900120 exposure to food component via ingestion (0.808) | ECTO:9002063 exposure to food component (0.794) | ECTO:0900010 exposure to food additive via ingestion (0.784) | ECTO:9002056 exposure to food antioxidant (0.778) | ECTO:9001942 exposure to food additive (0.773) | ECTO:0900013 exposure to food coloring via ingestion (0.770),
food consumption patterns,1,ECTO:6000021,exposure to eating behavior,judged,ECTO:0900120 exposure to food component via ingestion (0.861) | ECTO:9002063 exposure to food component (0.841) | ECTO:0900010 exposure to food additive via ingestion (0.838) | ECTO:0900013 exposure to food coloring via ingestion (0.830) | ECTO:0900012 exposure to food preservative via ingestion (0.829) | ECTO:9002062 exposure to food propellant (0.825),patterns taken as eating behaviour
food intake,1,EFO:0002755,diet,judged,ECTO:9002063 exposure to food component (0.883) | ECTO:0900120 exposure to food component via ingestion (0.876) | ECTO:9001942 exposure to food additive (0.867) | ECTO:0900010 exposure to food additive via ingestion (0.856) | ECTO:9002056 exposure to food antioxidant (0.854) | ECTO:9002062 exposure to food propellant (0.848),
former smokers with COPD,1,ECTO:0100003,exposure to cigarette smoking,judged,ECTO:0300003 exposure to cigarette smoking via maternal (0.745) | ECTO:0300004 exposure to cigar smoking via maternal (0.744) | ECTO:0900393 exposure to nicotine via inhalation (0.739) | ECTO:0100003 exposure to cigarette smoking (0.735) | ECTO:0300002 exposure to smoking nicotine via maternal (0.735) | ECTO:0100004 exposure to cigar smoking (0.734),
fruit and vegetable consumption,2,ECTO:0070232,exposure to vegetable food product via ingestion,judged,ECTO:0070220 exposure to fruit food product via ingestion (0.883) | ECTO:0070232 exposure to vegetable food product via ingestion (0.866) | ECTO:0070233 exposure to vegetable or vegetable product (us cfr) via ingestion (0.842) | ECTO:0070148 exposure to preserve via ingestion (0.840) | ECTO:0070147 exposure to jelly via ingestion (0.835) | ECTO:0070221 exposure to fruit-flavored beverage (carbonated) via ingestion (0.820),vegetables; fruit is ECTO:0070220
furred animal and mite allergens,1,ECTO:0900047,exposure to allergen via inhalation,judged,ECTO:0900047 exposure to allergen via inhalation (0.783) | ECTO:0000726 exposure to allergen (0.730) | ECTO:0070252 exposure to mammalian milk protein via ingestion (0.709) | ECTO:5000008 exposure to petting zoo (0.707) | ECTO:7000107 exposure to animal manure (0.703) | ECTO:7000098 exposure to animal waste material (0.702),
gene-lifestyle interactions,1,ECTO:6000015,exposure to lifestyle,judged,ECTO:0000724 exposure to genotoxin (0.724) | ECTO:9000232 exposure to genistein (0.705) | ECTO:9001985 exposure to gap junctional intercellular communication inhibitor (0.678) | ECTO:2000005 exposure to hormone replacement therapy (0.676) | ECTO:2000068 exposure to dietary intervention (0.675) | ECTO:2000075 exposure to dietary lysine intake avoidance (0.672),the lifestyle side of the interaction
Great East Japan Earthquake,1,ECTO:8000011,exposure to earthquake,judged,ECTO:8000012 exposure to tsunami (0.690) | ECTO:8000011 exposure to earthquake (0.685) | ECTO:1000010 exposure to geothermal power plant (0.655) | ECTO:1000011 exposure to nuclear power plant (0.639) | ECTO:7000162 exposure to sea water environment (0.633) | ECTO:8000021 exposure to tectonic earthquake (0.633),
Great East Japan Earthquake (GEJE) and subsequent tsunami,1,ECTO:8000011,exposure to earthquake,judged,ECTO:1000010 exposure to geothermal power plant (0.697) | ECTO:8000012 exposure to tsunami (0.689) | ECTO:8000011 exposure to earthquake (0.670) | ECTO:5000000 exposure to geographic feature (0.653) | ECTO:0900301 exposure to gefitinib via ingestion (0.651) | ECTO:7000162 exposure to sea water environment (0.640),and tsunami (ECTO:8000012)
Great East Japan Earthquake and tsunami,1,ECTO:8000011,exposure to earthquake,judged,ECTO:8000012 exposure to tsunami (0.712) | ECTO:8000011 exposure to earthquake (0.671) | ECTO:7000162 exposure to sea water environment (0.660) | ECTO:1000011 exposure to nuclear power plant (0.657) | ECTO:1000010 exposure to geothermal power plant (0.653) | ECTO:0070239 exposure to seaweed via ingestion (0.646),and tsunami (ECTO:8000012)
green space,2,,,none,ECTO:9002028 exposure to greenhouse gas (0.845) | ECTO:8000005 exposure to greenhouse effect (0.843) | ECTO:0600004 exposure to grassland ecosystem (0.817) | ECTO:0070062 exposure to green bean via ingestion (0.771) | ECTO:0500000 exposure to environmental disposition (0.762) | ECTO:0000015 exposure to environmental material (0.760),ECTO has no green-space term; nearest is exposure to grassland ecosystem (ECTO:0600004)
harmful drinking,1,ECTO:6000009,exposure to alcohol abuse,judged,ECTO:0900101 exposure to alcohol via ingestion (0.802) | ECTO:6000022 exposure to drinking behavior (0.797) | ECTO:9002799 exposure to harmol (0.775) | ECTO:0300001 exposure to drinking alcohol via maternal (0.772) | ECTO:0100001 exposure to drinking alcohol (0.769) | ECTO:7000125 exposure to drinking water (0.765),
healthy diet,1,EFO:0002755,diet,judged,ECTO:2000068 exposure to dietary intervention (0.864) | ECTO:2000117 exposure to dietary sodium intake avoidance (0.824) | ECTO:2000116 exposure to dietary fat or oil intake avoidance (0.812) | ECTO:2000075 exposure to dietary lysine intake avoidance (0.806) | ECTO:6000021 exposure to eating behavior (0.790) | ECTO:2000121 exposure to low fat diet intake (0.784),healthy
heaviness of drinking,1,ECTO:0001082,exposure to alcohol consumption,judged,ECTO:0070007 exposure to heavy cream via ingestion (0.810) | ECTO:0900376 maternal exposure to heavy metal (0.802) | ECTO:9002163 exposure to heavy metal (0.788) | ECTO:0900101 exposure to alcohol via ingestion (0.784) | ECTO:6000022 exposure to drinking behavior (0.783) | ECTO:0300001 exposure to drinking alcohol via maternal (0.775),
heavy drinking,1,ECTO:6000009,exposure to alcohol abuse,judged,ECTO:6000022 exposure to drinking behavior (0.820) | ECTO:9002163 exposure to heavy metal (0.818) | ECTO:0900376 maternal exposure to heavy metal (0.810) | ECTO:0070007 exposure to heavy cream via ingestion (0.806) | ECTO:0900101 exposure to alcohol via ingestion (0.798) | ECTO:7000125 exposure to drinking water (0.788),
heavy smoking,3,ECTO:6000029,exposure to tobacco smoking,judged,ECTO:0900376 maternal exposure to heavy metal (0.819) | ECTO:9002163 exposure to heavy metal (0.813) | ECTO:0070007 exposure to heavy cream via ingestion (0.803) | ECTO:0300003 exposure to cigarette smoking via maternal (0.802) | ECTO:0300004 exposure to cigar smoking via maternal (0.802) | ECTO:0100004 exposure to cigar smoking (0.800),
heavy smoking (at least 20 pack-years),1,ECTO:6000029,exposure to tobacco smoking,judged,ECTO:0300003 exposure to cigarette smoking via maternal (0.761) | ECTO:0300000 exposure to nicotine via maternal (0.761) | ECTO:0300004 exposure to cigar smoking via maternal (0.760) | ECTO:0100000 exposure to nicotine addictive consumption (0.755) | ECTO:0300002 exposure to smoking nicotine via maternal (0.754) | ECTO:0100003 exposure to cigarette smoking (0.746),
heterocyclic amines from meat cooked at high temperatures,1,,,none,ECTO:0070084 exposure to processed meat food product via ingestion (0.728) | ECTO:0070083 exposure to meat (processed) via ingestion (0.725) | ECTO:0070086 exposure to beef hamburger (dish) via ingestion (0.717) | ECTO:0070071 exposure to hotdog via ingestion (0.715) | ECTO:0070205 exposure to high mercury food material via ingestion (0.715) | ECTO:0070072 exposure to pork sausage via ingestion (0.713),ECTO has no heterocyclic amine term; candidates are meats
hormonal disruptors,1,ECTO:9001630,exposure to endocrine disruptor,judged,ECTO:2000074 exposure to hormone modifying therapy (0.871) | ECTO:0000516 exposure to hormone (0.859) | ECTO:9001630 exposure to endocrine disruptor (0.816) | ECTO:2000005 exposure to hormone replacement therapy (0.785) | ECTO:2000077 exposure to menopausal hormone therapy (0.773) | ECTO:9002127 exposure to sex hormone (0.759),
house dust mite allergen,1,ECTO:0900047,exposure to allergen via inhalation,judged,ECTO:0900047 exposure to allergen via inhalation (0.808) | ECTO:7000033 exposure to dust from plant parts (0.743) | ECTO:0000726 exposure to allergen (0.736) | ECTO:9002115 exposure to mite growth regulator (0.721) | ECTO:0200001 exposure to corticosteroid therapy via inhalation (0.693) | ECTO:9002082 exposure to drug allergen (0.690),
house dust mite allergen (RCT on the use of bed-covers),1,ECTO:0900047,exposure to allergen via inhalation,judged,ECTO:0900047 exposure to allergen via inhalation (0.766) | ECTO:0200001 exposure to corticosteroid therapy via inhalation (0.700) | ECTO:0000726 exposure to allergen (0.694) | ECTO:7000033 exposure to dust from plant parts (0.693) | ECTO:9002115 exposure to mite growth regulator (0.690) | ECTO:9002082 exposure to drug allergen (0.675),
house dust mite; cat and dog allergens during pregnancy and early life,1,ECTO:0900047,exposure to allergen via inhalation,judged,ECTO:0900047 exposure to allergen via inhalation (0.760) | ECTO:0900103 maternal exposure to androgen (0.727) | ECTO:0900404 maternal exposure to mu-opioid receptor agonist (0.722) | ECTO:0900292 maternal exposure to antigen (0.721) | ECTO:0900325 maternal exposure to hydrogen peroxide (0.721) | ECTO:0900130 maternal exposure to estrogens (0.720),
house-dust mite allergen and endotoxin,1,ECTO:0900047,exposure to allergen via inhalation,judged,ECTO:0900047 exposure to allergen via inhalation (0.780) | ECTO:0000726 exposure to allergen (0.711) | ECTO:7000033 exposure to dust from plant parts (0.708) | ECTO:0900142 exposure to lipopolysaccharide via inhalation (0.694) | ECTO:9002115 exposure to mite growth regulator (0.691) | ECTO:0200001 exposure to corticosteroid therapy via inhalation (0.688),and endotoxin (ECTO:9000215)
household chemicals,1,ECTO:0500011,exposure to cleaning agent,judged,ECTO:0500011 exposure to cleaning agent (0.771) | ECTO:7000158 exposure to chemical colorant (0.768) | ECTO:0900042 exposure to chemical entity via ingestion (0.765) | ECTO:0000487 exposure to chemical with chemical role (0.750) | ECTO:0000231 exposure to chemical (0.748) | ECTO:0080004 exposure to hydrogen chloride in air via inhalation (0.746),household chemicals taken as cleaning agents
household lifestyle exposures,1,ECTO:6000015,exposure to lifestyle,judged,ECTO:0600002 exposure to child care environment (0.766) | ECTO:0070107 exposure to cooked breakfast cereal via ingestion (0.759) | ECTO:0900010 exposure to food additive via ingestion (0.759) | ECTO:0900013 exposure to food coloring via ingestion (0.759) | ECTO:0070017 exposure to cottage cheese via ingestion (0.758) | ECTO:0070191 exposure to whole grain bread via ingestion (0.757),
indicators of lifestyle,1,ECTO:6000015,exposure to lifestyle,judged,ECTO:6000015 exposure to lifestyle (0.748) | ECTO:7000094 exposure to industrial waste material (0.722) | ECTO:1000017 exposure to industrial wastewater treatment plant (0.706) | ECTO:0900328 exposure to indapamide via ingestion (0.702) | ECTO:2000121 exposure to low fat diet intake (0.698) | ECTO:2000031 exposure to theraputic tranquilizers (0.695),
indoor and outdoor air quality,1,ECTO:8000036,exposure to air pollution,judged,ECTO:0800002 exposure to air pollution via maternal (0.841) | ECTO:8000036 exposure to air pollution (0.810) | ECTO:1000032 exposure to air conditioning unit (0.788) | ECTO:0800001 exposure to environmental process route (0.782) | ECTO:0700002 exposure to aerosol via inhalation (0.781) | ECTO:8000019 exposure to environmental pollution (0.772),
indoor and outdoor formaldehyde and particulate levels,1,ECTO:7000068,exposure to particulate matter,judged,ECTO:0900296 exposure to formaldehyde via ingestion (0.784) | ECTO:0800002 exposure to air pollution via maternal (0.758) | ECTO:0700001 exposure to ultrafine respirable suspended particulate matter via inhalation (0.743) | ECTO:0900113 exposure to carbon monoxide via inhalation (0.740) | ECTO:0080005 exposure to radon in air via inhalation (0.738) | ECTO:0080004 exposure to hydrogen chloride in air via inhalation (0.733),particulates; ECTO has formaldehyde only via ingestion
indoor pollution,1,ECTO:8000036,exposure to air pollution,judged,ECTO:0800002 exposure to air pollution via maternal (0.785) | ECTO:7000094 exposure to industrial waste material (0.784) | ECTO:1000017 exposure to industrial wastewater treatment plant (0.765) | ECTO:8000036 exposure to air pollution (0.764) | ECTO:9001795 exposure to inhalation anaesthetic (0.760) | ECTO:0900113 exposure to carbon monoxide via inhalation (0.745),indoor air pollution
"infant feeding (breast milk, formula and cows' milk)",1,EFO:0002755,diet,judged,ECTO:0070226 exposure to infant formula (milk-based) via ingestion (0.914) | ECTO:0070212 exposure to infant formula based on isolated amino acids and/or protein hydrolysates via ingestion (0.856) | ECTO:0070225 exposure to infant formula via ingestion (0.843) | ECTO:0070224 exposure to human milk (raw) via ingestion (0.817) | ECTO:0070204 exposure to cow milk (liquid) via ingestion (0.814) | ECTO:0070003 exposure to whole milk via ingestion (0.791),infant feeding mode
infant feeding and life conditions,1,EFO:0002755,diet,judged,ECTO:0070226 exposure to infant formula (milk-based) via ingestion (0.870) | ECTO:0070225 exposure to infant formula via ingestion (0.863) | ECTO:0070212 exposure to infant formula based on isolated amino acids and/or protein hydrolysates via ingestion (0.835) | ECTO:0600002 exposure to child care environment (0.788) | ECTO:0070058 exposure to lima bean via ingestion (0.781) | ECTO:0070224 exposure to human milk (raw) via ingestion (0.774),infant feeding mode
infant nutritional intervention,1,ECTO:2000068,exposure to dietary intervention,judged,ECTO:0070226 exposure to infant formula (milk-based) via ingestion (0.878) | ECTO:0070225 exposure to infant formula via ingestion (0.864) | ECTO:0070212 exposure to infant formula based on isolated amino acids and/or protein hydrolysates via ingestion (0.854) | ECTO:0900056 exposure to nutrient via ingestion (0.768) | ECTO:0070058 exposure to lima bean via ingestion (0.767) | ECTO:0900268 exposure to nutraceutical via ingestion (0.765),
infections during the first year of life,1,MONDO:0005550,infectious disease,judged,ECTO:0070225 exposure to infant formula via ingestion (0.796) | ECTO:0070226 exposure to infant formula (milk-based) via ingestion (0.784) | ECTO:0070212 exposure to infant formula based on isolated amino acids and/or protein hydrolysates via ingestion (0.758) | ECTO:3000104 exposure to Infectious bronchitis virus (0.752) | ECTO:0600002 exposure to child care environment (0.752) | ECTO:0070058 exposure to lima bean via ingestion (0.746),infectious disease in the first year of life; MONDO rather than EFO's infection
injection drug use,1,ECTO:6000008,exposure to drug abuse,judged,ECTO:9001796 exposure to intravenous anaesthetic (0.809) | ECTO:0900019 exposure to heroin via injection (0.806) | ECTO:0900021 exposure to methamphetamine via injection (0.798) | ECTO:0900445 exposure to insulin (human) via injection (0.790) | ECTO:0900043 exposure to drug via maternal (0.782) | ECTO:0900447 exposure to fentanyl via injection (0.780),drug abuse; the injection route is not expressed
inorganic arsenic in drinking water,1,ECTO:0080000,exposure to arsenic in water via ingestion,judged,ECTO:0080000 exposure to arsenic in water via ingestion (0.857) | ECTO:0900004 exposure to arsenic via ingestion (0.823) | ECTO:0900207 exposure to arsenic(3+) via ingestion (0.814) | ECTO:9000447 exposure to arsenite ion (0.790) | ECTO:7000087 exposure to arsenic-rich mud (0.787) | ECTO:9000032 exposure to arsenic (0.783),
intake of vegetables and fruits,1,ECTO:0070232,exposure to vegetable food product via ingestion,judged,ECTO:0070232 exposure to vegetable food product via ingestion (0.856) | ECTO:0070233 exposure to vegetable or vegetable product (us cfr) via ingestion (0.839) | ECTO:0070220 exposure to fruit food product via ingestion (0.820) | ECTO:0070064 exposure to vegetarian burger via ingestion (0.803) | ECTO:0900120 exposure to food component via ingestion (0.789) | ECTO:0070148 exposure to preserve via ingestion (0.785),vegetables; fruit is ECTO:0070220
intestinal helminth and parasitic infections,1,MONDO:0024271,intestinal helminthiasis,judged,ECTO:3000093 exposure to Heligmosomoides polygyrus (0.749) | ECTO:9001713 exposure to anthelminthic drug (0.734) | ECTO:3000174 exposure to Schistosoma mansoni (0.727) | ECTO:3000270 exposure to Entamoeba histolytica (0.726) | ECTO:9001797 exposure to schistosomicide drug (0.705) | ECTO:0900087 exposure to gut flora metabolite via ingestion (0.701),the term EFO uses for intestinal helminthiasis
iron supplementation in infancy,1,ECTO:2000097,exposure to iron supplementation,judged,ECTO:0070226 exposure to infant formula (milk-based) via ingestion (0.830) | ECTO:0070225 exposure to infant formula via ingestion (0.820) | ECTO:0070212 exposure to infant formula based on isolated amino acids and/or protein hydrolysates via ingestion (0.817) | ECTO:2000097 exposure to iron supplementation (0.808) | ECTO:0900035 exposure to iron via ingestion (0.786) | ECTO:0070058 exposure to lima bean via ingestion (0.750),
iron-folic acid,1,ECTO:2000097,exposure to iron supplementation,judged,ECTO:2000097 exposure to iron supplementation (0.788) | ECTO:0900036 exposure to folic acid via ingestion (0.779) | ECTO:9001779 exposure to iron chelator (0.777) | ECTO:9002750 exposure to ferric ammonium citrate (0.771) | ECTO:9002819 exposure to iron(2+) chelator (0.769) | ECTO:9000123 exposure to folic acid (0.766),with folic acid (ECTO:9000123)
lead (Pb),1,ECTO:9002452,exposure to lead(2+),judged,ECTO:9002452 exposure to lead(2+) (0.865) | ECTO:0900348 maternal exposure to lead(2+) (0.863) | ECTO:0900347 exposure to lead(2+) via ingestion (0.848) | ECTO:9002453 exposure to lead nitrate (0.792) | ECTO:9000194 exposure to lead cation (0.789) | ECTO:0900045 exposure to lead via maternal (0.769),
life-style factors,1,ECTO:6000015,exposure to lifestyle,judged,ECTO:6000015 exposure to lifestyle (0.803) | ECTO:2000121 exposure to low fat diet intake (0.735) | ECTO:1000036 exposure to laboratory (0.727) | ECTO:9001851 exposure to laxative (0.724) | ECTO:2000031 exposure to theraputic tranquilizers (0.720) | ECTO:8000022 exposure to landslide process (0.717),
lifestyle,12,ECTO:6000015,exposure to lifestyle,exact,ECTO:6000015 exposure to lifestyle (0.863) | ECTO:9001851 exposure to laxative (0.775) | ECTO:9002451 exposure to lactose (0.758) | ECTO:1000036 exposure to laboratory (0.750) | ECTO:9002450 exposure to lactate (0.750) | ECTO:9002460 exposure to lignin (0.736) | ECTO:6000004 exposure to sedentary lifestyle (lex),
"lifestyle (diet, physical activity, smoking, alcohol)",1,ECTO:6000015,exposure to lifestyle,judged,"ECTO:2000068 exposure to dietary intervention (0.765) | ECTO:0070245 exposure to dietary supplement, vitamin(s) and fatty acids via ingestion (0.756) | ECTO:2000075 exposure to dietary lysine intake avoidance (0.742) | ECTO:6000015 exposure to lifestyle (0.740) | ECTO:2000117 exposure to dietary sodium intake avoidance (0.738) | ECTO:2000116 exposure to dietary fat or oil intake avoidance (0.738)",
lifestyle and behavioural factors,1,ECTO:6000015,exposure to lifestyle,judged,ECTO:6000015 exposure to lifestyle (0.801) | ECTO:2000031 exposure to theraputic tranquilizers (0.760) | ECTO:6000016 exposure to personal behavior (0.755) | ECTO:6000028 exposure to socioeconomic factors (0.725) | ECTO:6000027 exposure to social circumstances (0.725) | ECTO:2000091 exposure to cognitive behavior therapy (0.720),
lifestyle and environmental factors,1,ECTO:6000015,exposure to lifestyle,judged,ECTO:0500000 exposure to environmental disposition (0.817) | ECTO:8000000 exposure to environmental process (0.814) | ECTO:0600000 exposure to environmental system (0.813) | ECTO:1000000 exposure to environmental condition (0.813) | ECTO:0800001 exposure to environmental process route (0.808) | ECTO:8000019 exposure to environmental pollution (0.805),lifestyle; environmental factors have no general term
lifestyle behaviors,1,ECTO:6000015,exposure to lifestyle,judged,ECTO:6000015 exposure to lifestyle (0.828) | ECTO:9001851 exposure to laxative (0.746) | ECTO:1000036 exposure to laboratory (0.734) | ECTO:0070041 exposure to lentil via ingestion (0.732) | ECTO:0900408 exposure to laxative via ingestion (0.731) | ECTO:0900141 exposure to lactose via ingestion (0.731),
lifestyle characteristics,1,ECTO:6000015,exposure to lifestyle,judged,ECTO:6000015 exposure to lifestyle (0.817) | ECTO:9001851 exposure to laxative (0.736) | ECTO:1000036 exposure to laboratory (0.723) | ECTO:0070041 exposure to lentil via ingestion (0.721) | ECTO:0900408 exposure to laxative via ingestion (0.718) | ECTO:9002451 exposure to lactose (0.718),
lifestyle determinants of obesity and metabolic syndrome,1,ECTO:6000015,exposure to lifestyle,judged,ECTO:2000116 exposure to dietary fat or oil intake avoidance (0.743) | ECTO:2000075 exposure to dietary lysine intake avoidance (0.733) | ECTO:2000111 exposure to weight loss pharmacotherapy (0.730) | ECTO:2000117 exposure to dietary sodium intake avoidance (0.717) | ECTO:2000121 exposure to low fat diet intake (0.709) | ECTO:0900144 exposure to metformin via ingestion (0.708),
lifestyle exposures,1,ECTO:6000015,exposure to lifestyle,judged,ECTO:6000015 exposure to lifestyle (0.836) | ECTO:2000121 exposure to low fat diet intake (0.793) | ECTO:2000076 exposure to pregnancy diet intake (0.791) | ECTO:0070020 exposure to lowfat cheese via ingestion (0.789) | ECTO:6000016 exposure to personal behavior (0.788) | ECTO:6000004 exposure to sedentary lifestyle (0.788),
lifestyle factors,2,ECTO:6000015,exposure to lifestyle,judged,ECTO:6000015 exposure to lifestyle (0.838) | ECTO:9001851 exposure to laxative (0.759) | ECTO:1000036 exposure to laboratory (0.752) | ECTO:9002451 exposure to lactose (0.742) | ECTO:0070041 exposure to lentil via ingestion (0.737) | ECTO:9002450 exposure to lactate (0.733),
lifestyle factors in gene-environment interactions,1,ECTO:6000015,exposure to lifestyle,judged,ECTO:0800001 exposure to environmental process route (0.726) | ECTO:9002126 exposure to environmental food contaminant (0.714) | ECTO:2000075 exposure to dietary lysine intake avoidance (0.714) | ECTO:8000000 exposure to environmental process (0.701) | ECTO:2000121 exposure to low fat diet intake (0.698) | ECTO:0900141 exposure to lactose via ingestion (0.697),
lifestyle habits,1,ECTO:6000015,exposure to lifestyle,judged,ECTO:6000015 exposure to lifestyle (0.811) | ECTO:9001851 exposure to laxative (0.734) | ECTO:1000036 exposure to laboratory (0.730) | ECTO:0070041 exposure to lentil via ingestion (0.726) | ECTO:2000121 exposure to low fat diet intake (0.721) | ECTO:0900408 exposure to laxative via ingestion (0.720),
lifestyle related determinants,1,ECTO:6000015,exposure to lifestyle,judged,ECTO:6000015 exposure to lifestyle (0.784) | ECTO:2000121 exposure to low fat diet intake (0.736) | ECTO:2000075 exposure to dietary lysine intake avoidance (0.734) | ECTO:0900408 exposure to laxative via ingestion (0.731) | ECTO:0900141 exposure to lactose via ingestion (0.731) | ECTO:0070041 exposure to lentil via ingestion (0.723),
lifestyle/environmental factors,1,ECTO:6000015,exposure to lifestyle,judged,ECTO:1000000 exposure to environmental condition (0.833) | ECTO:0500000 exposure to environmental disposition (0.830) | ECTO:0600000 exposure to environmental system (0.826) | ECTO:0000015 exposure to environmental material (0.820) | ECTO:8000000 exposure to environmental process (0.820) | ECTO:8000019 exposure to environmental pollution (0.818),lifestyle; environmental factors have no general term
lifetime cannabis use,1,ECTO:0100005,exposure to cannabis,judged,ECTO:0100005 exposure to cannabis (0.811) | ECTO:0300010 exposure to cannabinoid via maternal (0.811) | ECTO:0900520 exposure to cannabinoid receptor agonist via inhalation (0.782) | ECTO:0300007 exposure to cocaine via maternal (0.743) | ECTO:9001981 exposure to cannabinoid receptor agonist (0.743) | ECTO:0100007 exposure to cocaine addictive consumption (0.739),
lifetime occupational history,1,ECTO:0001591,exposure to occupation,judged,ECTO:0070192 exposure to whole oat bread via ingestion (0.742) | ECTO:7000151 exposure to permanent hair dye (0.730) | ECTO:0070114 exposure to whole wheat bread via ingestion (0.727) | ECTO:6000017 obsolete exposure to dietary practices [obsolete] (0.726) | ECTO:8000039 obsolete exposure to plastic pollution [obsolete] (0.726) | ECTO:0070191 exposure to whole grain bread via ingestion (0.726),
lifetime smoking,1,ECTO:6000029,exposure to tobacco smoking,judged,ECTO:0300003 exposure to cigarette smoking via maternal (0.809) | ECTO:0300004 exposure to cigar smoking via maternal (0.803) | ECTO:0300002 exposure to smoking nicotine via maternal (0.802) | ECTO:0100003 exposure to cigarette smoking (0.798) | ECTO:0100004 exposure to cigar smoking (0.792) | ECTO:0300000 exposure to nicotine via maternal (0.790),
lifetime sun exposure,1,ECTO:8000061,exposure to Solar radiation,judged,ECTO:1000012 exposure to solar power station (0.780) | ECTO:9002074 exposure to skin lightening agent (0.768) | ECTO:0900025 exposure to vitamin D via ingestion (0.765) | ECTO:8000061 exposure to Solar radiation (0.765) | ECTO:8000063 exposure to irradiation by photosynthetically active radiation (0.761) | ECTO:2000050 exposure to total body radiography (0.751),
living on family-run livestock farms,1,ECTO:1000034,exposure to farm,judged,ECTO:0070003 exposure to whole milk via ingestion (0.749) | ECTO:0070199 exposure to cow milk cheese (nonfat) via ingestion (0.735) | ECTO:0070204 exposure to cow milk (liquid) via ingestion (0.733) | ECTO:0070002 exposure to lowfat milk via ingestion (0.732) | ECTO:7000108 exposure to fresh animal manure (0.732) | ECTO:7000098 exposure to animal waste material (0.725),
long-term exposure to air pollution,1,ECTO:8000036,exposure to air pollution,judged,ECTO:0800002 exposure to air pollution via maternal (0.846) | ECTO:0080001 exposure to polycyclic hydrocarbon in air via inhalation (0.811) | ECTO:8000002 exposure to atmospheric aerosolisation of dust (0.809) | ECTO:7000116 exposure to respirable suspended particulate matter (0.808) | ECTO:0080005 exposure to radon in air via inhalation (0.808) | ECTO:0700001 exposure to ultrafine respirable suspended particulate matter via inhalation (0.808),
long-term exposure to particulate matter and NO2 from traffic and industry,1,ECTO:7000068,exposure to particulate matter,judged,ECTO:0700001 exposure to ultrafine respirable suspended particulate matter via inhalation (0.803) | ECTO:0900148 exposure to nitrogen dioxide via inhalation (0.794) | ECTO:7000116 exposure to respirable suspended particulate matter (0.789) | ECTO:7000117 exposure to fine respirable suspended particulate matter (0.788) | ECTO:7000118 exposure to ultrafine respirable suspended particulate matter (0.786) | ECTO:0800002 exposure to air pollution via maternal (0.783),particulate matter; and nitrogen dioxide (ECTO:9000252)
low-dose occupational ionizing radiation exposure,1,ECTO:7000047,exposure to ionizing radiation,judged,ECTO:8000062 exposure to irradiation by ionizing radiation (0.794) | ECTO:9001979 exposure to radiation protective agent (0.778) | ECTO:0080005 exposure to radon in air via inhalation (0.778) | ECTO:1000006 exposure to radiation shielding disposition (0.773) | ECTO:2000079 exposure to radiation therapy (0.773) | ECTO:8000054 exposure to radiowave radiation (0.766),
low-fat eating pattern,1,ECTO:2000121,exposure to low fat diet intake,judged,ECTO:2000121 exposure to low fat diet intake (0.904) | ECTO:0070002 exposure to lowfat milk via ingestion (0.814) | ECTO:0090008 exposure to low-density lipoprotein in food (0.813) | ECTO:2000116 exposure to dietary fat or oil intake avoidance (0.805) | ECTO:9002134 exposure to low-density lipoprotein (0.769) | ECTO:2000117 exposure to dietary sodium intake avoidance (0.768),
low-level environmental chemical exposures,1,ECTO:0000931,exposure to environmental contaminant,judged,ECTO:0000931 exposure to environmental contaminant (0.799) | ECTO:0800001 exposure to environmental process route (0.799) | ECTO:9002126 exposure to environmental food contaminant (0.790) | ECTO:8000019 exposure to environmental pollution (0.788) | ECTO:0070020 exposure to lowfat cheese via ingestion (0.787) | ECTO:2000121 exposure to low fat diet intake (0.783),
lutein and zeaxanthin,1,,,none,ECTO:9002825 exposure to Luteinizing hormone (0.748) | ECTO:0900458 exposure to lycopene via ingestion (0.734) | ECTO:9002823 exposure to L-citrulline zwitterion (0.705) | ECTO:9001754 exposure to lipoxygenase inhibitor (0.699) | ECTO:0900110 exposure to astaxanthin via ingestion (0.697) | ECTO:9001335 exposure to lycopene (0.695),ECTO has neither carotenoid
manganese,1,ECTO:9000946,exposure to manganese,exact,ECTO:9002473 exposure to manganese atom (0.908) | ECTO:9000179 exposure to manganese cation (0.906) | ECTO:9000946 exposure to manganese (0.883) | ECTO:0900364 maternal exposure to manganese cation (0.878) | ECTO:0900365 exposure to manganese cation via ingestion (0.857) | ECTO:9002465 exposure to magnesium atom (0.810),
maternal antioxidant intake in pregnancy,1,ECTO:0900200,exposure to antioxidant via ingestion,judged,ECTO:0900364 maternal exposure to manganese cation (0.826) | ECTO:0900200 exposure to antioxidant via ingestion (0.819) | ECTO:0900247 maternal exposure to copper cation (0.819) | ECTO:2000076 exposure to pregnancy diet intake (0.813) | ECTO:0900325 maternal exposure to hydrogen peroxide (0.809) | ECTO:0900506 maternal exposure to valproate semisodium (0.806),maternal
maternal nutrition,1,ECTO:2000076,exposure to pregnancy diet intake,judged,ECTO:0900292 maternal exposure to antigen (0.875) | ECTO:0900191 maternal exposure to aluminum (0.872) | ECTO:0900351 maternal exposure to lead (0.871) | ECTO:0900376 maternal exposure to heavy metal (0.871) | ECTO:0900103 maternal exposure to androgen (0.871) | ECTO:0900130 maternal exposure to estrogens (0.870),
maternal nutrition during pregnancy,1,ECTO:2000076,exposure to pregnancy diet intake,judged,ECTO:2000076 exposure to pregnancy diet intake (0.864) | ECTO:0900364 maternal exposure to manganese cation (0.838) | ECTO:0900247 maternal exposure to copper cation (0.834) | ECTO:0900130 maternal exposure to estrogens (0.834) | ECTO:0900376 maternal exposure to heavy metal (0.833) | ECTO:0900103 maternal exposure to androgen (0.832),
meat intake,1,EFO:0002755,diet,judged,ECTO:0070083 exposure to meat (processed) via ingestion (0.896) | ECTO:0070187 exposure to red meat (raw) via ingestion (0.815) | ECTO:0070087 exposure to beef (cooked) via ingestion (0.811) | ECTO:0700003 exposure to red meat via ingestion (0.799) | ECTO:0070081 exposure to beef sausage via ingestion (0.797) | ECTO:0070084 exposure to processed meat food product via ingestion (0.793),meat; ECTO has only red and processed meat
Mediterranean diet,1,ECTO:0050001,exposure to mediterranean diet,exact,ECTO:0050001 exposure to mediterranean diet (0.900) | ECTO:2000068 exposure to dietary intervention (0.743) | ECTO:6000021 exposure to eating behavior (0.732) | ECTO:2000116 exposure to dietary fat or oil intake avoidance (0.725) | ECTO:2000117 exposure to dietary sodium intake avoidance (0.721) | ECTO:0070157 exposure to olive oil (extra virgin) via ingestion (0.719),
mercury (Hg),1,ECTO:0001571,exposure to mercury,judged,ECTO:9002485 exposure to mercury(2+) (0.877) | ECTO:9002830 exposure to mercury(0) (0.852) | ECTO:9002484 exposure to mercury atom (0.834) | ECTO:9000289 exposure to mercury cation (0.821) | ECTO:0001571 exposure to mercury (0.813) | ECTO:0900018 exposure to mercury cation via ingestion (0.798),
metals,4,ECTO:9000175,exposure to metal cation,judged,ECTO:7000021 exposure to metallic dust (0.881) | ECTO:9000175 exposure to metal cation (0.854) | ECTO:9001631 exposure to metalloid (0.846) | ECTO:9000764 exposure to metalaxyl (0.821) | ECTO:9002382 exposure to metabolite (0.789) | ECTO:8000027 exposure to metotsunami (0.782) | ECTO:0900376 maternal exposure to heavy metal (lex),general metal term
meteorological variables,1,ECTO:1000020,exposure to weather,judged,ECTO:8000027 exposure to metotsunami (0.796) | ECTO:1000020 exposure to weather (0.762) | ECTO:0000979 exposure to temperature of environmental surroundings (0.732) | ECTO:0900379 exposure to metoprolol via ingestion (0.731) | ECTO:8000002 exposure to atmospheric aerosolisation of dust (0.729) | ECTO:9001631 exposure to metalloid (0.727),
military service,1,ECTO:0001591,exposure to occupation,judged,ECTO:0070137 exposure to milk chocolate via ingestion (0.719) | ECTO:9002491 exposure to miltefosine (0.714) | ECTO:8000023 exposure to mudslide (0.714) | ECTO:0600009 exposure to marine environment (0.711) | ECTO:8000053 exposure to microwave radiation (0.711) | ECTO:9002882 exposure to milnacipran (0.710),military service taken as an occupation; ECTO has no military term
military service during the Vietnam era (1965–1975),1,ECTO:0001591,exposure to occupation,judged,ECTO:0070206 exposure to rice milk via ingestion (0.661) | ECTO:0900510 exposure to warfarin via ingestion (0.654) | ECTO:0300009 exposure to heroin via maternal (0.650) | ECTO:0070001 exposure to skim milk via ingestion (0.649) | ECTO:0300008 exposure to methamphetamine via maternal (0.647) | ECTO:0080004 exposure to hydrogen chloride in air via inhalation (0.646),military service taken as an occupation; ECTO has no military or war term
military service in the Vietnam War,1,ECTO:0001591,exposure to occupation,judged,ECTO:0900510 exposure to warfarin via ingestion (0.729) | ECTO:0070206 exposure to rice milk via ingestion (0.706) | ECTO:0080004 exposure to hydrogen chloride in air via inhalation (0.692) | ECTO:0070137 exposure to milk chocolate via ingestion (0.690) | ECTO:0900508 exposure to vancomycin via ingestion (0.687) | ECTO:0300008 exposure to methamphetamine via maternal (0.687),military service taken as an occupation; ECTO has no military or war term
milk supplementation in pregnancy and early childhood,1,ECTO:0070204,exposure to cow milk (liquid) via ingestion,judged,ECTO:0070226 exposure to infant formula (milk-based) via ingestion (0.841) | ECTO:0070212 exposure to infant formula based on isolated amino acids and/or protein hydrolysates via ingestion (0.816) | ECTO:0070250 exposure to milk fat via ingestion (0.809) | ECTO:0070170 exposure to milk thistle supplement via ingestion (0.806) | ECTO:0070006 exposure to milk beverage analog via ingestion (0.804) | ECTO:0070252 exposure to mammalian milk protein via ingestion (0.802),
mobile phone use,2,ECTO:8000054,exposure to radiowave radiation,judged,ECTO:8000053 exposure to microwave radiation (0.730) | ECTO:0900460 exposure to cell dedifferentiation agent via ingestion (0.711) | ECTO:8000054 exposure to radiowave radiation (0.709) | ECTO:9001995 exposure to cell dedifferentiation agent (0.704) | ECTO:0500004 exposure to motor oil (0.703) | ECTO:0070022 exposure to apple via ingestion (0.696),the radio-frequency fields of mobile phones
multiple exposures monitored with wearable exposure sensors,1,ExO:0000002,exposure event,judged,ECTO:0070210 exposure to multivitamin preparation via ingestion (0.772) | ECTO:0070115 exposure to multigrain bread via ingestion (0.772) | ECTO:0800001 exposure to environmental process route (0.748) | ECTO:0080005 exposure to radon in air via inhalation (0.748) | ECTO:0080001 exposure to polycyclic hydrocarbon in air via inhalation (0.746) | ECTO:0900161 exposure to titanium dioxide nanoparticle via inhalation (0.742),the root exposure class of ECTO (from ExO); the name is no more specific than that
multiple micronutrients,1,ECTO:0900369,exposure to micronutrient via ingestion,judged,"ECTO:2000123 exposure to multivitamin supplementation (0.871) | ECTO:0070210 exposure to multivitamin preparation via ingestion (0.852) | ECTO:0900369 exposure to micronutrient via ingestion (0.815) | ECTO:0070115 exposure to multigrain bread via ingestion (0.803) | ECTO:9001687 exposure to micronutrient (0.801) | ECTO:0070245 exposure to dietary supplement, vitamin(s) and fatty acids via ingestion (0.760)",
mycotoxin exposure,1,ECTO:0000524,exposure to mycotoxin,exact,ECTO:0000524 exposure to mycotoxin (0.906) | ECTO:0900387 exposure to mycophenolate mofetil via ingestion (0.824) | ECTO:0900002 exposure to aflatoxin via ingestion (0.816) | ECTO:9000780 exposure to myclobutanil (0.816) | ECTO:9002838 exposure to mycophenolate mofetil (0.815) | ECTO:9000557 exposure to mycophenolic acid (0.815),
natural spaces green and blue spaces,1,,,none,ECTO:0800001 exposure to environmental process route (0.744) | ECTO:0070135 exposure to water via ingestion (0.741) | ECTO:8000000 exposure to environmental process (0.736) | ECTO:0600004 exposure to grassland ecosystem (0.733) | ECTO:0500000 exposure to environmental disposition (0.733) | ECTO:9002126 exposure to environmental food contaminant (0.728),ECTO has no green- or blue-space term
nicotine,1,ECTO:9000250,exposure to nicotine,exact,ECTO:9000250 exposure to nicotine (0.922) | ECTO:0100002 exposure to smoking nicotine (0.911) | ECTO:0100013 exposure to tobacco (0.906) | ECTO:0100003 exposure to cigarette smoking (0.904) | ECTO:0100004 exposure to cigar smoking (0.887) | ECTO:0100000 exposure to nicotine addictive consumption (0.887),
night work,1,,,none,ECTO:8000052 exposure to near-infrared radiation (0.754) | ECTO:0070138 exposure to dark chocolate via ingestion (0.746) | ECTO:1000011 exposure to nuclear power plant (0.744) | ECTO:9001978 exposure to nootropic agent (0.714) | ECTO:1000042 exposure to day care building (0.714) | ECTO:0070209 exposure to dark fish flesh via ingestion (0.713),ECTO has no shift-work term
nitrate in drinking water,1,ECTO:0900332,exposure to nitrate via ingestion,judged,ECTO:0900332 exposure to nitrate via ingestion (0.881) | ECTO:0900396 exposure to nitrite via ingestion (0.862) | ECTO:0900148 exposure to nitrogen dioxide via inhalation (0.824) | ECTO:9000185 exposure to nitrate (0.821) | ECTO:9000252 exposure to nitrogen dioxide (0.810) | ECTO:9001857 exposure to nitric oxide donor (0.809),
nitrogen dioxide,1,ECTO:9000252,exposure to nitrogen dioxide,exact,ECTO:9000252 exposure to nitrogen dioxide (0.934) | ECTO:0900148 exposure to nitrogen dioxide via inhalation (0.923) | ECTO:9000316 exposure to nitric oxide (0.880) | ECTO:9001857 exposure to nitric oxide donor (0.879) | ECTO:9000404 exposure to nitrogen (0.870) | ECTO:9001476 exposure to nitrogen trifluoride (0.869),
"nitrogen dioxide (NO2), sulphur dioxide (SO2), ozone (O3) and particulates in ambient air",1,ECTO:8000036,exposure to air pollution,judged,ECTO:0900148 exposure to nitrogen dioxide via inhalation (0.800) | ECTO:9000252 exposure to nitrogen dioxide (0.772) | ECTO:0800002 exposure to air pollution via maternal (0.736) | ECTO:0900483 exposure to sulfur dioxide via inhalation (0.735) | ECTO:9000404 exposure to nitrogen (0.722) | ECTO:9001476 exposure to nitrogen trifluoride (0.716),the pollutants together
NO2,1,ECTO:9000252,exposure to nitrogen dioxide,judged,ECTO:9000252 exposure to nitrogen dioxide (0.830) | ECTO:9000316 exposure to nitric oxide (0.817) | ECTO:9001857 exposure to nitric oxide donor (0.798) | ECTO:0900148 exposure to nitrogen dioxide via inhalation (0.792) | ECTO:9000341 exposure to nitrite (0.784) | ECTO:9000020 exposure to nitric acid (0.780),
noise,1,ECTO:8000044,exposure to sound radiation,judged,ECTO:9000185 exposure to nitrate (0.736) | ECTO:9000427 exposure to nonane (0.730) | ECTO:9000252 exposure to nitrogen dioxide (0.728) | ECTO:9000316 exposure to nitric oxide (0.727) | ECTO:9000341 exposure to nitrite (0.727) | ECTO:9000472 exposure to nocodazole (0.727),ECTO calls noise exposure to sound radiation
non-persistent endocrine disruptors,1,ECTO:9001630,exposure to endocrine disruptor,judged,ECTO:9001630 exposure to endocrine disruptor (0.814) | ECTO:9001810 exposure to non-polar solvent (0.747) | ECTO:0900091 exposure to non-steroidal anti-inflammatory drug via ingestion (0.746) | ECTO:0900397 exposure to non-steroidal anti-inflammatory drug via injection (0.743) | ECTO:9001720 exposure to non-steroidal anti-inflammatory drug (0.734) | ECTO:9001723 exposure to non-narcotic analgesic (0.728),
nutrition,7,ECTO:9001695,exposure to nutrient,judged,ECTO:9001865 exposure to nutraceutical (0.874) | ECTO:9001695 exposure to nutrient (0.873) | ECTO:2000068 exposure to dietary intervention (0.817) | ECTO:0900056 exposure to nutrient via ingestion (0.811) | ECTO:0900268 exposure to nutraceutical via ingestion (0.805) | ECTO:9002063 exposure to food component (0.779) | ECTO:2000128 exposure to total parenteral nutrition intake (lex),nutrition taken as nutrient exposure
Nutrition Intervention,1,ECTO:2000068,exposure to dietary intervention,judged,"ECTO:6000021 exposure to eating behavior (0.782) | ECTO:2000068 exposure to dietary intervention (0.780) | ECTO:0900268 exposure to nutraceutical via ingestion (0.766) | ECTO:0900056 exposure to nutrient via ingestion (0.766) | ECTO:0070245 exposure to dietary supplement, vitamin(s) and fatty acids via ingestion (0.759) | ECTO:9001865 exposure to nutraceutical (0.755)",
nutrition prior to and during pregnancy,1,ECTO:2000076,exposure to pregnancy diet intake,judged,"ECTO:2000076 exposure to pregnancy diet intake (0.885) | ECTO:0070245 exposure to dietary supplement, vitamin(s) and fatty acids via ingestion (0.785) | ECTO:0900056 exposure to nutrient via ingestion (0.775) | ECTO:0900506 maternal exposure to valproate semisodium (0.774) | ECTO:0900268 exposure to nutraceutical via ingestion (0.774) | ECTO:0900103 maternal exposure to androgen (0.770)",and before pregnancy
nutritional determinants,1,ECTO:9001695,exposure to nutrient,judged,"ECTO:0900056 exposure to nutrient via ingestion (0.860) | ECTO:0900268 exposure to nutraceutical via ingestion (0.845) | ECTO:9001865 exposure to nutraceutical (0.840) | ECTO:9001695 exposure to nutrient (0.839) | ECTO:0070245 exposure to dietary supplement, vitamin(s) and fatty acids via ingestion (0.817) | ECTO:2000068 exposure to dietary intervention (0.806)",nutrition taken as nutrient exposure
nutritional factors,1,ECTO:9001695,exposure to nutrient,judged,"ECTO:9001865 exposure to nutraceutical (0.880) | ECTO:9001695 exposure to nutrient (0.875) | ECTO:0900056 exposure to nutrient via ingestion (0.872) | ECTO:0900268 exposure to nutraceutical via ingestion (0.864) | ECTO:0070245 exposure to dietary supplement, vitamin(s) and fatty acids via ingestion (0.829) | ECTO:2000068 exposure to dietary intervention (0.817)",nutrition taken as nutrient exposure
nutritional situation,1,ECTO:9001695,exposure to nutrient,judged,"ECTO:0900056 exposure to nutrient via ingestion (0.868) | ECTO:9001865 exposure to nutraceutical (0.860) | ECTO:0900268 exposure to nutraceutical via ingestion (0.858) | ECTO:9001695 exposure to nutrient (0.858) | ECTO:2000068 exposure to dietary intervention (0.828) | ECTO:0070245 exposure to dietary supplement, vitamin(s) and fatty acids via ingestion (0.818)",nutrition taken as nutrient exposure
nutritional status,1,ECTO:9001695,exposure to nutrient,judged,"ECTO:9001865 exposure to nutraceutical (0.858) | ECTO:9001695 exposure to nutrient (0.857) | ECTO:0900056 exposure to nutrient via ingestion (0.850) | ECTO:0900268 exposure to nutraceutical via ingestion (0.840) | ECTO:0070245 exposure to dietary supplement, vitamin(s) and fatty acids via ingestion (0.803) | ECTO:2000068 exposure to dietary intervention (0.802)",status taken as nutrient exposure
occupational,1,ECTO:0001591,exposure to occupation,judged,ECTO:0001591 exposure to occupation (0.878) | ECTO:1000037 exposure to office (0.759) | ECTO:9001479 exposure to octane (0.712) | ECTO:9001935 exposure to oxidising agent (0.705) | ECTO:1000036 exposure to laboratory (0.701) | ECTO:7000094 exposure to industrial waste material (0.699) | ECTO:0020000 exposure to automotive occupations (lex),
occupational asbestos exposure,1,ECTO:9000033,exposure to asbestos,judged,ECTO:0900208 exposure to asbestos via inhalation (0.886) | ECTO:7000025 exposure to asbestos dust (0.844) | ECTO:9000033 exposure to asbestos (0.804) | ECTO:0900467 exposure to silicon dioxide via inhalation (0.764) | ECTO:7000017 exposure to fibrous glass dust (0.761) | ECTO:0080005 exposure to radon in air via inhalation (0.755),
occupational exposure to aromatic amines (AAs),1,,,none,"ECTO:9001323 exposure to 3,3'-Dimethoxybenzidine-4,4'-diisocyanate (0.767) | ECTO:9001161 exposure to 4,4'-diaminodiphenylmethane (0.746) | ECTO:9002009 exposure to aryl hydrocarbon receptor agonist (0.743) | ECTO:9000572 exposure to 4-aminobenzenesulfonic acid (0.736) | ECTO:9001585 exposure to 4,4'-methylene-bis-(2-chloroaniline) (0.736) | ECTO:9000978 exposure to 1-Amino-2,4-dibromoanthraquinone (0.733)","ECTO has no aromatic amine class term, only single compounds"
occupational exposure to ionizing radiation,1,ECTO:7000047,exposure to ionizing radiation,judged,ECTO:8000062 exposure to irradiation by ionizing radiation (0.852) | ECTO:7000047 exposure to ionizing radiation (0.816) | ECTO:0080005 exposure to radon in air via inhalation (0.812) | ECTO:2000079 exposure to radiation therapy (0.811) | ECTO:9001979 exposure to radiation protective agent (0.810) | ECTO:1000006 exposure to radiation shielding disposition (0.809),
occupational exposure to polycyclic aromatic hydrocarbons (PAHs),1,ECTO:9000433,exposure to polycyclic arene,judged,ECTO:0080001 exposure to polycyclic hydrocarbon in air via inhalation (0.838) | ECTO:0900023 exposure to polycyclic hydrocarbon via maternal (0.813) | ECTO:9000433 exposure to polycyclic arene (0.781) | ECTO:9002148 exposure to polycyclic hydrocarbon (0.777) | ECTO:9001537 exposure to polychlorinated dibenzodioxines and related compounds (0.777) | ECTO:0900216 exposure to benzene via inhalation (0.766),polycyclic arenes are the PAHs
"occupational exposure to polycyclic aromatic hydrocarbons, aromatic amines and diesel",1,ECTO:9000433,exposure to polycyclic arene,judged,ECTO:0080001 exposure to polycyclic hydrocarbon in air via inhalation (0.812) | ECTO:0900023 exposure to polycyclic hydrocarbon via maternal (0.790) | ECTO:9001537 exposure to polychlorinated dibenzodioxines and related compounds (0.775) | ECTO:9000433 exposure to polycyclic arene (0.766) | ECTO:9002148 exposure to polycyclic hydrocarbon (0.759) | ECTO:0900216 exposure to benzene via inhalation (0.757),PAHs; aromatic amines have no class term; diesel exhaust is ECTO:7000138
occupational exposures,1,ECTO:0001591,exposure to occupation,judged,ECTO:0001591 exposure to occupation (0.838) | ECTO:7000094 exposure to industrial waste material (0.825) | ECTO:1000017 exposure to industrial wastewater treatment plant (0.820) | ECTO:0020000 exposure to automotive occupations (0.814) | ECTO:0900208 exposure to asbestos via inhalation (0.812) | ECTO:0900153 exposure to ozone via inhalation (0.812),
occupational exposures across employment sectors,1,ECTO:0001591,exposure to occupation,judged,ECTO:1000017 exposure to industrial wastewater treatment plant (0.793) | ECTO:0001591 exposure to occupation (0.784) | ECTO:7000094 exposure to industrial waste material (0.782) | ECTO:0900208 exposure to asbestos via inhalation (0.779) | ECTO:7000033 exposure to dust from plant parts (0.775) | ECTO:7000156 exposure to emissions from petroleum combustion (0.774),
occupational history,2,ECTO:0001591,exposure to occupation,judged,ECTO:0001591 exposure to occupation (0.797) | ECTO:9002140 obsolete waste material exposure [obsolete] (0.736) | ECTO:6000017 obsolete exposure to dietary practices [obsolete] (0.731) | ECTO:9001042 obsolete exposure to cobalt atom [obsolete] (0.728) | ECTO:8000039 obsolete exposure to plastic pollution [obsolete] (0.727) | ECTO:9001772 obsolete exposure to dye [obsolete] (0.724),
omega 3 polyunsaturated fatty acids,1,ECTO:9002766,exposure to omega-3 fatty acid,judged,ECTO:0070171 exposure to omega-3- fatty acid supplement via ingestion (0.903) | ECTO:0900052 exposure to omega-3 fatty acid via ingestion (0.897) | ECTO:9002766 exposure to omega-3 fatty acid (0.897) | ECTO:0900053 exposure to polyunsaturated fatty acid via ingestion (0.834) | ECTO:9002507 exposure to polyunsaturated fatty acid (0.817) | ECTO:0070164 exposure to fish oil supplement via ingestion (0.791),
omega-3 fatty acid supplementation (fish oil),1,ECTO:0070171,exposure to omega-3- fatty acid supplement via ingestion,judged,"ECTO:0070171 exposure to omega-3- fatty acid supplement via ingestion (0.906) | ECTO:0900052 exposure to omega-3 fatty acid via ingestion (0.887) | ECTO:9002766 exposure to omega-3 fatty acid (0.870) | ECTO:0070164 exposure to fish oil supplement via ingestion (0.853) | ECTO:0070245 exposure to dietary supplement, vitamin(s) and fatty acids via ingestion (0.758) | ECTO:0900053 exposure to polyunsaturated fatty acid via ingestion (0.739)",
opium use,1,ECTO:0100006,exposure to morphiane alkaloid,judged,ECTO:9001724 exposure to opioid analgesic (0.872) | ECTO:0900403 exposure to opioid analgesic via ingestion (0.871) | ECTO:0300011 exposure to opioid agent via maternal (0.858) | ECTO:9001911 exposure to opioid receptor agonist (0.855) | ECTO:0100006 exposure to morphiane alkaloid (0.799) | ECTO:0300006 exposure to morphiane alkaloid via maternal (0.797),opium taken as morphinan alkaloid use
organochlorine compounds,1,ECTO:0001152,exposure to organochlorine compound,judged,ECTO:0001152 exposure to organochlorine compound (0.943) | ECTO:9001535 exposure to organochlorine pesticide (0.940) | ECTO:9001534 exposure to organochlorine insecticide (0.939) | ECTO:9002147 exposure to chlorinated naphthalene (0.821) | ECTO:9002175 exposure to organophosphorus herbicide (0.820) | ECTO:9000284 exposure to organophosphorus compound (0.819),
"organochlorine compounds (DDE, PCB153)",1,ECTO:0001152,exposure to organochlorine compound,judged,ECTO:9001535 exposure to organochlorine pesticide (0.824) | ECTO:9001534 exposure to organochlorine insecticide (0.819) | ECTO:0001152 exposure to organochlorine compound (0.809) | ECTO:9001537 exposure to polychlorinated dibenzodioxines and related compounds (0.763) | ECTO:9001625 exposure to polychlorinated dibenzodioxine (0.740) | ECTO:9000283 exposure to cyclodiene organochlorine insecticide (0.736),
organochlorine compounds and brominated compounds,1,ECTO:0001152,exposure to organochlorine compound,judged,ECTO:0001152 exposure to organochlorine compound (0.873) | ECTO:9001535 exposure to organochlorine pesticide (0.871) | ECTO:9001534 exposure to organochlorine insecticide (0.869) | ECTO:9001537 exposure to polychlorinated dibenzodioxines and related compounds (0.801) | ECTO:9002147 exposure to chlorinated naphthalene (0.798) | ECTO:9000533 exposure to organofluorine compound (0.787),brominated compounds not covered
organophosphate pesticide metabolites,1,ECTO:9000284,exposure to organophosphorus compound,judged,ECTO:9002175 exposure to organophosphorus herbicide (0.864) | ECTO:9000284 exposure to organophosphorus compound (0.840) | ECTO:9001534 exposure to organochlorine insecticide (0.797) | ECTO:9001535 exposure to organochlorine pesticide (0.793) | ECTO:0001152 exposure to organochlorine compound (0.768) | ECTO:9001389 exposure to organotin acaricide (0.761),the metabolites mark exposure to organophosphorus compounds; ECTO has no organophosphate pesticide class among the hits
particulate matter (PM2.5),1,ECTO:7000117,exposure to fine respirable suspended particulate matter,judged,ECTO:7000068 exposure to particulate matter (0.811) | ECTO:7000117 exposure to fine respirable suspended particulate matter (0.789) | ECTO:7000116 exposure to respirable suspended particulate matter (0.784) | ECTO:0700001 exposure to ultrafine respirable suspended particulate matter via inhalation (0.772) | ECTO:7000118 exposure to ultrafine respirable suspended particulate matter (0.762) | ECTO:0800002 exposure to air pollution via maternal (0.757),PM2.5 is fine particulate matter
passive smoking,1,ECTO:7000059,exposure to smoke,judged,ECTO:7000167 exposure to smokeless tobacco (0.812) | ECTO:0300002 exposure to smoking nicotine via maternal (0.803) | ECTO:0300003 exposure to cigarette smoking via maternal (0.803) | ECTO:0900393 exposure to nicotine via inhalation (0.800) | ECTO:0300004 exposure to cigar smoking via maternal (0.793) | ECTO:0100003 exposure to cigarette smoking (0.788),"ECTO has no passive-smoking term, so smoke in general"
paternal exposure to ionizing radiation in radar technicians,1,ECTO:7000047,exposure to ionizing radiation,judged,ECTO:0080005 exposure to radon in air via inhalation (0.794) | ECTO:9001979 exposure to radiation protective agent (0.791) | ECTO:8000054 exposure to radiowave radiation (0.790) | ECTO:2000079 exposure to radiation therapy (0.781) | ECTO:1000006 exposure to radiation shielding disposition (0.780) | ECTO:8000062 exposure to irradiation by ionizing radiation (0.776),paternal
perfluoroalkyl substances,1,ECTO:9002160,exposure to perfluoroalkyl substance,judged,ECTO:9002160 exposure to perfluoroalkyl substance (0.958) | ECTO:9000095 exposure to perfluorooctanoic acid (0.941) | ECTO:9001637 exposure to perfluorooctanesulfonamide (0.936) | ECTO:9001623 exposure to perfluorohexanesulfonic acid (0.934) | ECTO:9000849 exposure to perfluorohexanoic acid (0.933) | ECTO:9000094 exposure to perfluorooctane-1-sulfonic acid (0.933),
personal medical ionizing radiation exposures,1,ECTO:7000047,exposure to ionizing radiation,judged,ECTO:8000062 exposure to irradiation by ionizing radiation (0.791) | ECTO:2000079 exposure to radiation therapy (0.788) | ECTO:0080005 exposure to radon in air via inhalation (0.785) | ECTO:9001979 exposure to radiation protective agent (0.783) | ECTO:1000006 exposure to radiation shielding disposition (0.780) | ECTO:7000047 exposure to ionizing radiation (0.779),from medical imaging
pesticide exposure,1,ECTO:0000530,exposure to pesticide,exact,ECTO:0900419 exposure to pesticide via ingestion (0.934) | ECTO:0000530 exposure to pesticide (0.905) | ECTO:9002096 exposure to pesticide synergist (0.894) | ECTO:0900199 exposure to antibiotic pesticide via ingestion (0.833) | ECTO:9002106 exposure to pyrethroid ester insecticide (0.832) | ECTO:9002117 exposure to pyrethroid ether insecticide (0.822),
"pesticide mixtures (plant protection products) among farmers, neighbours of agricultural fields and consumers",1,ECTO:0000530,exposure to pesticide,judged,ECTO:0900419 exposure to pesticide via ingestion (0.798) | ECTO:9002096 exposure to pesticide synergist (0.776) | ECTO:0000530 exposure to pesticide (0.748) | ECTO:0900199 exposure to antibiotic pesticide via ingestion (0.713) | ECTO:0900455 exposure to herbicide via ingestion (0.710) | ECTO:0070184 exposure to plant leaf vegetable food product via ingestion (0.709),
pesticide use,1,ECTO:0000530,exposure to pesticide,judged,ECTO:0900419 exposure to pesticide via ingestion (0.915) | ECTO:0000530 exposure to pesticide (0.912) | ECTO:9002096 exposure to pesticide synergist (0.897) | ECTO:0900199 exposure to antibiotic pesticide via ingestion (0.789) | ECTO:9002101 exposure to pyrethroid insecticide (0.778) | ECTO:9002106 exposure to pyrethroid ester insecticide (0.771),
pesticides,1,ECTO:0000530,exposure to pesticide,judged,ECTO:0000530 exposure to pesticide (0.921) | ECTO:9002096 exposure to pesticide synergist (0.880) | ECTO:0900419 exposure to pesticide via ingestion (0.873) | ECTO:9002101 exposure to pyrethroid insecticide (0.753) | ECTO:9002108 exposure to antibiotic pesticide (0.748) | ECTO:0900199 exposure to antibiotic pesticide via ingestion (0.748),
pesticides (triazine and chloroacetanilide herbicides),1,ECTO:0000530,exposure to pesticide,judged,"ECTO:9001774 exposure to triazine insecticide (0.773) | ECTO:0900419 exposure to pesticide via ingestion (0.755) | ECTO:9002096 exposure to pesticide synergist (0.750) | ECTO:0000530 exposure to pesticide (0.735) | ECTO:9001503 exposure to (2,4,5-trichlorophenoxy)acetic acid (0.723) | ECTO:9002653 exposure to tris(1,3-dichloropropan-2-yl) phosphate (0.715)",triazine and chloroacetanilide herbicides; the triazine candidate is an insecticide
pesticides and insecticides,1,ECTO:0000530,exposure to pesticide,judged,ECTO:0900419 exposure to pesticide via ingestion (0.882) | ECTO:9002096 exposure to pesticide synergist (0.877) | ECTO:0000530 exposure to pesticide (0.873) | ECTO:9000089 exposure to insecticide (0.803) | ECTO:9002123 exposure to insect sterilant (0.791) | ECTO:0900199 exposure to antibiotic pesticide via ingestion (0.781),
pet allergen,1,ECTO:0000726,exposure to allergen,judged,ECTO:5000008 exposure to petting zoo (0.829) | ECTO:0900047 exposure to allergen via inhalation (0.815) | ECTO:0000726 exposure to allergen (0.766) | ECTO:7000084 exposure to petroleum contaminated sediment (0.754) | ECTO:7000105 exposure to petroleum (0.750) | ECTO:9002082 exposure to drug allergen (0.741),pet allergens
pet ownership and exposure,1,,,none,ECTO:5000008 exposure to petting zoo (0.867) | ECTO:7000098 exposure to animal waste material (0.795) | ECTO:7000105 exposure to petroleum (0.783) | ECTO:7000107 exposure to animal manure (0.779) | ECTO:7000084 exposure to petroleum contaminated sediment (0.775) | ECTO:7000093 exposure to chicken breeding waste material (0.771),ECTO has no pet term; the petting zoo candidate is not it
PFAS,1,ECTO:9002160,exposure to perfluoroalkyl substance,judged,ECTO:9002160 exposure to perfluoroalkyl substance (0.816) | ECTO:9001620 exposure to perfluorinated compound (0.812) | ECTO:9001623 exposure to perfluorohexanesulfonic acid (0.811) | ECTO:9000095 exposure to perfluorooctanoic acid (0.806) | ECTO:9001637 exposure to perfluorooctanesulfonamide (0.805) | ECTO:9000849 exposure to perfluorohexanoic acid (0.802),
"PFAS, PCBs, PBDEs, DEET",1,ECTO:9002053,exposure to persistent organic pollutant,judged,ECTO:9001537 exposure to polychlorinated dibenzodioxines and related compounds (0.712) | ECTO:0900154 exposure to perfluorohexanesulfonic acid via ingestion (0.704) | ECTO:9000873 exposure to perfluorodecyl phosphate (0.702) | ECTO:9002159 exposure to polyfluoroalkyl substance (0.698) | ECTO:9002160 exposure to perfluoroalkyl substance (0.698) | ECTO:9002053 exposure to persistent organic pollutant (0.698),"PFAS, PCBs and PBDEs are persistent organic pollutants; DEET is not"
phenols,1,ECTO:9001353,exposure to phenols,exact,ECTO:9001353 exposure to phenols (0.911) | ECTO:9000071 exposure to phenol (0.898) | ECTO:9000345 exposure to phenylpropanoid (0.888) | ECTO:9001541 exposure to phenylureas (0.871) | ECTO:9001104 exposure to phenylhydrazine (0.868) | ECTO:9001219 exposure to phenolphthalein (0.865),
phthalate metabolites,1,ECTO:9000906,exposure to phthalate ester,judged,ECTO:9000906 exposure to phthalate ester (0.891) | ECTO:9000522 exposure to phthalate (0.860) | ECTO:9001228 exposure to phthalic anhydride (0.841) | ECTO:9001433 exposure to diethyl phthalate (0.742) | ECTO:9001541 exposure to phenylureas (0.741) | ECTO:9001827 exposure to drug metabolite (0.738),the metabolites mark exposure to phthalate esters
phthalates,2,ECTO:9000906,exposure to phthalate ester,judged,ECTO:9000906 exposure to phthalate ester (0.939) | ECTO:9000522 exposure to phthalate (0.936) | ECTO:9001228 exposure to phthalic anhydride (0.890) | ECTO:9001487 exposure to phosphane (0.788) | ECTO:9001486 exposure to phorate (0.784) | ECTO:9001226 exposure to phosphine (0.783) | ECTO:0900272 exposure to bis(2-ethylhexyl) phthalate via ingestion (lex),the plasticiser phthalates are esters
phthalates and DINCH,1,ECTO:9000906,exposure to phthalate ester,judged,ECTO:9000906 exposure to phthalate ester (0.846) | ECTO:9000522 exposure to phthalate (0.815) | ECTO:9001228 exposure to phthalic anhydride (0.799) | ECTO:9001433 exposure to diethyl phthalate (0.777) | ECTO:9000637 exposure to dibutyl phthalate (0.762) | ECTO:9001090 exposure to Dimethyl phthalate (0.757),DINCH not covered
physical activity,15,ECTO:6000039,exposure to Physical Activity,exact,ECTO:6000039 exposure to Physical Activity (0.824) | ECTO:0010003 exposure to environmental physical object quality (0.811) | ECTO:6000002 exposure to exercise (0.766) | ECTO:6000000 exposure to behavior (0.741) | ECTO:2000084 exposure to aerobic exercise therapy (0.737) | ECTO:7000109 exposure to bodily fluid (0.719),
physical activity in pregnancy,1,ECTO:6000039,exposure to Physical Activity,judged,ECTO:2000076 exposure to pregnancy diet intake (0.827) | ECTO:0900506 maternal exposure to valproate semisodium (0.752) | ECTO:0900130 maternal exposure to estrogens (0.746) | ECTO:0900325 maternal exposure to hydrogen peroxide (0.742) | ECTO:0900376 maternal exposure to heavy metal (0.742) | ECTO:0900103 maternal exposure to androgen (0.741),in pregnancy
physical activity/diet,1,ECTO:6000039,exposure to Physical Activity,judged,"ECTO:2000068 exposure to dietary intervention (0.796) | ECTO:6000039 exposure to Physical Activity (0.768) | ECTO:2000117 exposure to dietary sodium intake avoidance (0.744) | ECTO:6000002 exposure to exercise (0.741) | ECTO:0070245 exposure to dietary supplement, vitamin(s) and fatty acids via ingestion (0.740) | ECTO:2000116 exposure to dietary fat or oil intake avoidance (0.740)",physical activity; diet has no ECTO term
phytoestrogens,1,ECTO:9002037,exposure to phytoestrogen,judged,ECTO:9002037 exposure to phytoestrogen (0.912) | ECTO:9001681 exposure to phytoalexin (0.811) | ECTO:9001782 exposure to phytotoxin (0.784) | ECTO:9001778 exposure to phytosiderophore (0.779) | ECTO:9002072 exposure to phytochrome chromophore (0.768) | ECTO:0900128 exposure to phytotoxin via ingestion (0.765),
plasticizers,1,ECTO:9002071,exposure to plasticiser,judged,ECTO:9002071 exposure to plasticiser (0.906) | ECTO:8000007 exposure to plastic pollution (0.849) | ECTO:7000160 exposure to plastic (0.846) | ECTO:7000038 exposure to plaster (0.791) | ECTO:9000425 exposure to plumbagin (0.761) | ECTO:9000307 exposure to platinum cation (0.741),
police work,1,ECTO:0001591,exposure to occupation,judged,ECTO:9000433 exposure to polycyclic arene (0.751) | ECTO:9002563 exposure to polystyrene macromolecule (0.737) | ECTO:9002561 exposure to polymyxin (0.733) | ECTO:9002148 exposure to polycyclic hydrocarbon (0.732) | ECTO:0080001 exposure to polycyclic hydrocarbon in air via inhalation (0.731) | ECTO:0900023 exposure to polycyclic hydrocarbon via maternal (0.730),police work as an occupation
population density,1,,,none,ECTO:5000002 exposure to public swimming pool (0.725) | ECTO:8000030 exposure to urban flooding (0.715) | ECTO:8000040 exposure to urban pollution (0.714) | ECTO:0400014 exposure to increased low-density lipoprotein in food (0.697) | ECTO:1000042 exposure to day care building (0.697) | ECTO:0090008 exposure to low-density lipoprotein in food (0.696),not an exposure ECTO names
pre-natal and early post-natal exposures,1,ExO:0000002,exposure event,judged,ECTO:0900103 maternal exposure to androgen (0.817) | ECTO:0070226 exposure to infant formula (milk-based) via ingestion (0.799) | ECTO:0900221 maternal exposure to bisphenol A (0.797) | ECTO:0900506 maternal exposure to valproate semisodium (0.792) | ECTO:0900130 maternal exposure to estrogens (0.792) | ECTO:0900376 maternal exposure to heavy metal (0.791),the root exposure class of ECTO (from ExO); the name is no more specific than that
prenatal diet,1,ECTO:2000076,exposure to pregnancy diet intake,judged,ECTO:2000076 exposure to pregnancy diet intake (0.919) | ECTO:0900506 maternal exposure to valproate semisodium (0.757) | ECTO:0900130 maternal exposure to estrogens (0.756) | ECTO:0900103 maternal exposure to androgen (0.752) | ECTO:0900364 maternal exposure to manganese cation (0.749) | ECTO:0900292 maternal exposure to antigen (0.748),
prenatal exposure to environmental and occupational chemicals,1,ECTO:0000231,exposure to chemical,judged,ECTO:0900103 maternal exposure to androgen (0.796) | ECTO:0900221 maternal exposure to bisphenol A (0.790) | ECTO:0900348 maternal exposure to lead(2+) (0.790) | ECTO:2000076 exposure to pregnancy diet intake (0.788) | ECTO:0900506 maternal exposure to valproate semisodium (0.786) | ECTO:0900376 maternal exposure to heavy metal (0.785),"prenatal, through the mother"
prenatal exposure to maternal cigarette smoking,1,ECTO:0300003,exposure to cigarette smoking via maternal,judged,ECTO:0300003 exposure to cigarette smoking via maternal (0.815) | ECTO:0900103 maternal exposure to androgen (0.809) | ECTO:0900247 maternal exposure to copper cation (0.804) | ECTO:0300002 exposure to smoking nicotine via maternal (0.804) | ECTO:2000076 exposure to pregnancy diet intake (0.801) | ECTO:0300004 exposure to cigar smoking via maternal (0.801),
prenatal famine exposure,1,ECTO:0800003,exposure to famine via maternal,judged,ECTO:0800003 exposure to famine via maternal (0.825) | ECTO:2000076 exposure to pregnancy diet intake (0.820) | ECTO:0900506 maternal exposure to valproate semisodium (0.758) | ECTO:0900103 maternal exposure to androgen (0.747) | ECTO:0900364 maternal exposure to manganese cation (0.747) | ECTO:0070212 exposure to infant formula based on isolated amino acids and/or protein hydrolysates via ingestion (0.745),
"prenatal pesticide exposure (aerially sprayed mancozeb, ETU)",1,ECTO:0000530,exposure to pesticide,judged,ECTO:0900419 exposure to pesticide via ingestion (0.763) | ECTO:0900506 maternal exposure to valproate semisodium (0.722) | ECTO:9002096 exposure to pesticide synergist (0.721) | ECTO:0900364 maternal exposure to manganese cation (0.715) | ECTO:0000530 exposure to pesticide (0.714) | ECTO:9002106 exposure to pyrethroid ester insecticide (0.709),prenatal; mancozeb has no term
psychosocial factors,1,ECTO:6000027,exposure to social circumstances,judged,ECTO:9001717 exposure to psychotropic drug (0.821) | ECTO:2000031 exposure to theraputic tranquilizers (0.760) | ECTO:6000028 exposure to socioeconomic factors (0.725) | ECTO:2000091 exposure to cognitive behavior therapy (0.716) | ECTO:6000027 exposure to social circumstances (0.712) | ECTO:6000016 exposure to personal behavior (0.699),psychosocial taken as social circumstances
radiation absorbed dose to the contralateral breast after radiation therapy,1,ECTO:2000079,exposure to radiation therapy,judged,ECTO:2000079 exposure to radiation therapy (0.788) | ECTO:1000006 exposure to radiation shielding disposition (0.773) | ECTO:9001979 exposure to radiation protective agent (0.768) | ECTO:2000070 exposure to external beam radiation therapy (0.760) | ECTO:8000054 exposure to radiowave radiation (0.743) | ECTO:0000001 exposure to radiation (0.737),scatter dose from radiotherapy
radiation exposure,1,ECTO:0000001,exposure to radiation,exact,ECTO:2000079 exposure to radiation therapy (0.934) | ECTO:0000001 exposure to radiation (0.924) | ECTO:9001979 exposure to radiation protective agent (0.910) | ECTO:1000006 exposure to radiation shielding disposition (0.907) | ECTO:8000062 exposure to irradiation by ionizing radiation (0.885) | ECTO:7000145 exposure to radioactive material (0.885),
radio frequency (RF) fields emitted by mobile phones,1,ECTO:8000054,exposure to radiowave radiation,judged,ECTO:8000054 exposure to radiowave radiation (0.824) | ECTO:7000145 exposure to radioactive material (0.761) | ECTO:2000079 exposure to radiation therapy (0.755) | ECTO:0000002 exposure to electromagnetic radiation (0.749) | ECTO:9001979 exposure to radiation protective agent (0.744) | ECTO:1000006 exposure to radiation shielding disposition (0.741),
radon gas,1,ECTO:9000097,exposure to radon,judged,ECTO:9000097 exposure to radon (0.890) | ECTO:0080005 exposure to radon in air via inhalation (0.882) | ECTO:7000145 exposure to radioactive material (0.803) | ECTO:9001979 exposure to radiation protective agent (0.789) | ECTO:1000006 exposure to radiation shielding disposition (0.784) | ECTO:2000079 exposure to radiation therapy (0.783),
regional ambient air pollution,1,ECTO:8000036,exposure to air pollution,judged,ECTO:0800002 exposure to air pollution via maternal (0.817) | ECTO:7000116 exposure to respirable suspended particulate matter (0.782) | ECTO:8000036 exposure to air pollution (0.780) | ECTO:8000019 exposure to environmental pollution (0.778) | ECTO:0800001 exposure to environmental process route (0.771) | ECTO:0000931 exposure to environmental contaminant (0.762),
regular physical exercise,1,ECTO:6000002,exposure to exercise,judged,ECTO:6000002 exposure to exercise (0.774) | ECTO:0010003 exposure to environmental physical object quality (0.757) | ECTO:2000084 exposure to aerobic exercise therapy (0.756) | ECTO:6000039 exposure to Physical Activity (0.749) | ECTO:0070016 exposure to regular yogurt via ingestion (0.743) | ECTO:6000031 exposure to strenuous exercise (0.734),
related substance use,1,ECTO:6000007,exposure to substance abuse,judged,ECTO:0900043 exposure to drug via maternal (0.803) | ECTO:0300008 exposure to methamphetamine via maternal (0.801) | ECTO:0300009 exposure to heroin via maternal (0.799) | ECTO:0100008 exposure to methamphetamine addictive consumption (0.794) | ECTO:0100009 exposure to heroin addictive consumption (0.793) | ECTO:0300007 exposure to cocaine via maternal (0.789),
replacing saturated fat with polyunsaturated fat in commercial food items,1,ECTO:0900053,exposure to polyunsaturated fatty acid via ingestion,judged,"ECTO:0900053 exposure to polyunsaturated fatty acid via ingestion (0.786) | ECTO:9002507 exposure to polyunsaturated fatty acid (0.753) | ECTO:2000116 exposure to dietary fat or oil intake avoidance (0.751) | ECTO:0900015 exposure to food emulsifier via ingestion (0.728) | ECTO:0070247 exposure to fat content 50-80%, > 25% pufa via ingestion (0.725) | ECTO:0070230 exposure to rapeseed food product via ingestion (0.724)",a dietary intervention replacing saturated with polyunsaturated fat
residence in a Schistosoma mansoni-endemic area,1,ECTO:3000174,exposure to Schistosoma mansoni,judged,ECTO:3000174 exposure to Schistosoma mansoni (0.796) | ECTO:9001797 exposure to schistosomicide drug (0.766) | ECTO:3000158 exposure to Plasmodium sp. vivax/simium (0.693) | ECTO:3000135 exposure to Nippostrongylus brasiliensis (0.676) | ECTO:3000278 exposure to Fasciola hepatica (0.666) | ECTO:3000155 exposure to Plasmodium falciparum (0.665),
residential proximity to multi-pollutant point sources,1,ECTO:8000019,exposure to environmental pollution,judged,ECTO:0800002 exposure to air pollution via maternal (0.750) | ECTO:0080001 exposure to polycyclic hydrocarbon in air via inhalation (0.744) | ECTO:7000116 exposure to respirable suspended particulate matter (0.741) | ECTO:8000040 exposure to urban pollution (0.738) | ECTO:0070210 exposure to multivitamin preparation via ingestion (0.731) | ECTO:0800001 exposure to environmental process route (0.731),pollution from industrial point sources
"respiratory, intestinal, and skin microbiology",1,,,none,ECTO:3000214 exposure to Respiratory syncytial virus (0.729) | ECTO:7000116 exposure to respirable suspended particulate matter (0.713) | ECTO:0070000 exposure to probiotic or bacteria supplement via ingestion (0.709) | ECTO:0900087 exposure to gut flora metabolite via ingestion (0.707) | ECTO:3000131 exposure to Bacteroides thetaiotaomicron VPI-5482 (0.700) | ECTO:2000071 exposure to fecal microbiota transplantation (0.699),not an exposure; only EFO has a microbiome term
road traffic emissions,1,ECTO:7000156,exposure to emissions from petroleum combustion,judged,ECTO:7000156 exposure to emissions from petroleum combustion (0.811) | ECTO:7000139 exposure to gasoline exhaust (0.768) | ECTO:0800002 exposure to air pollution via maternal (0.767) | ECTO:8000031 exposure to carbon dioxide emission process (0.767) | ECTO:0900113 exposure to carbon monoxide via inhalation (0.760) | ECTO:0900363 exposure to fuel additive via ingestion (0.757),vehicle exhaust as petroleum combustion emissions
road traffic noise levels,1,ECTO:8000044,exposure to sound radiation,judged,ECTO:8000054 exposure to radiowave radiation (0.757) | ECTO:0800002 exposure to air pollution via maternal (0.728) | ECTO:7000144 exposure to rock dust (0.727) | ECTO:0900363 exposure to fuel additive via ingestion (0.727) | ECTO:7000139 exposure to gasoline exhaust (0.719) | ECTO:1000008 exposure to gas power station (0.718),ECTO calls noise exposure to sound radiation; road traffic
rural-to-urban migration,1,,,none,ECTO:8000030 exposure to urban flooding (0.752) | ECTO:8000040 exposure to urban pollution (0.739) | ECTO:8000025 exposure to riverine flooding (0.712) | ECTO:0070206 exposure to rice milk via ingestion (0.693) | ECTO:1000016 exposure to agricultural wastewater treatment plant (0.684) | ECTO:8000054 exposure to radiowave radiation (0.681),ECTO has no migration or urbanisation term
satiety value of foods in a weight-maintenance diet,1,ECTO:2000068,exposure to dietary intervention,judged,ECTO:2000117 exposure to dietary sodium intake avoidance (0.780) | ECTO:2000116 exposure to dietary fat or oil intake avoidance (0.777) | ECTO:0900120 exposure to food component via ingestion (0.765) | ECTO:2000121 exposure to low fat diet intake (0.764) | ECTO:9002058 exposure to food thickening agent (0.758) | ECTO:2000075 exposure to dietary lysine intake avoidance (0.755),a trial diet
secondary (take-home and residential) pesticide exposure in a floricultural community,1,ECTO:0000530,exposure to pesticide,judged,ECTO:0900419 exposure to pesticide via ingestion (0.779) | ECTO:0900455 exposure to herbicide via ingestion (0.729) | ECTO:9002096 exposure to pesticide synergist (0.722) | ECTO:0080002 exposure to chlorpyrifos in apple via ingestion (0.721) | ECTO:0900461 exposure to second generation antipsychotic via ingestion (0.718) | ECTO:9002111 exposure to pyrethroid ester acaricide (0.716),
shift work,1,,,none,ECTO:0070092 exposure to shrimp via ingestion (0.716) | ECTO:8000028 exposure to storm surge process (0.713) | ECTO:1000041 exposure to retail shop (0.708) | ECTO:0600007 exposure to space station (0.703) | ECTO:1000022 exposure to storm surge (0.701) | ECTO:1000012 exposure to solar power station (0.699),ECTO has no shift-work term
small-quantity lipid-based nutrient supplements,1,ECTO:0070245,"exposure to dietary supplement, vitamin(s) and fatty acids via ingestion",judged,"ECTO:0070245 exposure to dietary supplement, vitamin(s) and fatty acids via ingestion (0.746) | ECTO:0090010 exposure to lipid in food (0.743) | ECTO:0900406 exposure to lipid via ingestion (0.732) | ECTO:2000116 exposure to dietary fat or oil intake avoidance (0.731) | ECTO:0070212 exposure to infant formula based on isolated amino acids and/or protein hydrolysates via ingestion (0.731) | ECTO:9001661 exposure to fat-soluble vitamin (0.725)",
smoking,10,ECTO:6000013,exposure to smoking,exact,ECTO:7000059 exposure to smoke (0.900) | ECTO:7000167 exposure to smokeless tobacco (0.896) | ECTO:6000013 exposure to smoking (0.873) | ECTO:6000014 exposure to smoking cessation (0.865) | ECTO:7000003 exposure to smog (0.827) | ECTO:0100003 exposure to cigarette smoking (0.808) | ECTO:0100002 exposure to smoking nicotine (lex),
smoking (ever smokers of more than 10 pack-years),1,ECTO:6000029,exposure to tobacco smoking,judged,ECTO:0300003 exposure to cigarette smoking via maternal (0.783) | ECTO:0300002 exposure to smoking nicotine via maternal (0.775) | ECTO:0300004 exposure to cigar smoking via maternal (0.774) | ECTO:0300000 exposure to nicotine via maternal (0.774) | ECTO:0100003 exposure to cigarette smoking (0.769) | ECTO:0100000 exposure to nicotine addictive consumption (0.768),
smoking - cigarettes per day and current or former smoker,1,ECTO:0100003,exposure to cigarette smoking,judged,ECTO:0300003 exposure to cigarette smoking via maternal (0.797) | ECTO:0300004 exposure to cigar smoking via maternal (0.796) | ECTO:0100003 exposure to cigarette smoking (0.783) | ECTO:0100004 exposure to cigar smoking (0.782) | ECTO:0300002 exposure to smoking nicotine via maternal (0.780) | ECTO:0300000 exposure to nicotine via maternal (0.777),
smoking and passive smoking,1,ECTO:6000029,exposure to tobacco smoking,judged,ECTO:0300003 exposure to cigarette smoking via maternal (0.865) | ECTO:0300002 exposure to smoking nicotine via maternal (0.859) | ECTO:0300004 exposure to cigar smoking via maternal (0.857) | ECTO:7000167 exposure to smokeless tobacco (0.857) | ECTO:0900393 exposure to nicotine via inhalation (0.847) | ECTO:0100003 exposure to cigarette smoking (0.845),and passive smoking (ECTO:7000059 exposure to smoke)
smoking cessation,1,ECTO:6000014,exposure to smoking cessation,exact,ECTO:6000014 exposure to smoking cessation (0.869) | ECTO:7000167 exposure to smokeless tobacco (0.850) | ECTO:0100003 exposure to cigarette smoking (0.831) | ECTO:0300003 exposure to cigarette smoking via maternal (0.825) | ECTO:0100004 exposure to cigar smoking (0.820) | ECTO:0100002 exposure to smoking nicotine (0.818),
"smoking exposure (years smoked, cigarettes/day, years quit)",1,ECTO:0100003,exposure to cigarette smoking,judged,ECTO:0300003 exposure to cigarette smoking via maternal (0.818) | ECTO:0300002 exposure to smoking nicotine via maternal (0.811) | ECTO:0300004 exposure to cigar smoking via maternal (0.802) | ECTO:0900393 exposure to nicotine via inhalation (0.797) | ECTO:0300000 exposure to nicotine via maternal (0.792) | ECTO:6000038 exposure to Cigarette Smoking (0.782),
smoking status,1,ECTO:6000029,exposure to tobacco smoking,judged,ECTO:7000167 exposure to smokeless tobacco (0.878) | ECTO:7000059 exposure to smoke (0.854) | ECTO:6000014 exposure to smoking cessation (0.845) | ECTO:6000013 exposure to smoking (0.832) | ECTO:0100003 exposure to cigarette smoking (0.825) | ECTO:0300003 exposure to cigarette smoking via maternal (0.824),
socio-environmental exposome during pregnancy and childhood,1,ExO:0000002,exposure event,judged,ECTO:0900103 maternal exposure to androgen (0.803) | ECTO:0900506 maternal exposure to valproate semisodium (0.802) | ECTO:0900221 maternal exposure to bisphenol A (0.798) | ECTO:0900130 maternal exposure to estrogens (0.797) | ECTO:0900348 maternal exposure to lead(2+) (0.789) | ECTO:0600002 exposure to child care environment (0.788),the root exposure class of ECTO (from ExO); the name is no more specific than that
soil-transmitted helminth (STH) parasites,1,MONDO:0024271,intestinal helminthiasis,judged,ECTO:9001713 exposure to anthelminthic drug (0.745) | ECTO:3000174 exposure to Schistosoma mansoni (0.731) | ECTO:9001797 exposure to schistosomicide drug (0.719) | ECTO:3000093 exposure to Heligmosomoides polygyrus (0.696) | ECTO:3000185 exposure to Toxocara canis (0.683) | ECTO:3000135 exposure to Nippostrongylus brasiliensis (0.682),the term EFO uses for intestinal helminthiasis
solar ultraviolet exposure,1,ECTO:0000006,exposure to ultraviolet radiation,judged,ECTO:8000061 exposure to Solar radiation (0.834) | ECTO:0000006 exposure to ultraviolet radiation (0.829) | ECTO:1000012 exposure to solar power station (0.827) | ECTO:9002015 exposure to ultraviolet filter (0.813) | ECTO:8000063 exposure to irradiation by photosynthetically active radiation (0.798) | ECTO:0900025 exposure to vitamin D via ingestion (0.795),solar
solar ultraviolet radiation exposures,1,ECTO:0000006,exposure to ultraviolet radiation,judged,ECTO:8000061 exposure to Solar radiation (0.831) | ECTO:1000012 exposure to solar power station (0.813) | ECTO:0000006 exposure to ultraviolet radiation (0.811) | ECTO:8000063 exposure to irradiation by photosynthetically active radiation (0.806) | ECTO:9002015 exposure to ultraviolet filter (0.796) | ECTO:0900025 exposure to vitamin D via ingestion (0.791),solar
"specific exposures to cows, straw, and farm milk",1,ECTO:1000034,exposure to farm,judged,ECTO:0070204 exposure to cow milk (liquid) via ingestion (0.813) | ECTO:0070199 exposure to cow milk cheese (nonfat) via ingestion (0.810) | ECTO:0070003 exposure to whole milk via ingestion (0.788) | ECTO:0070215 exposure to feedstuff (food for agricultural animals) via ingestion (0.766) | ECTO:0070252 exposure to mammalian milk protein via ingestion (0.765) | ECTO:0070198 exposure to dairy-based coffee drink via ingestion (0.763),"cows, straw and farm milk as farm exposures"
substance use,2,ECTO:6000007,exposure to substance abuse,judged,ECTO:6000007 exposure to substance abuse (0.859) | ECTO:9002617 exposure to substance P (0.840) | ECTO:0900043 exposure to drug via maternal (0.813) | ECTO:6000008 exposure to drug abuse (0.798) | ECTO:0000509 exposure to drug (0.793) | ECTO:0100008 exposure to methamphetamine addictive consumption (0.789),
sun exposure,2,ECTO:8000061,exposure to Solar radiation,judged,ECTO:1000012 exposure to solar power station (0.864) | ECTO:8000061 exposure to Solar radiation (0.845) | ECTO:0000006 exposure to ultraviolet radiation (0.828) | ECTO:0900025 exposure to vitamin D via ingestion (0.825) | ECTO:9002074 exposure to skin lightening agent (0.825) | ECTO:0000007 exposure to visible light radiation (0.824) | ECTO:9002622 exposure to sunitinib (lex),
sun exposure and sunburns,1,ECTO:8000061,exposure to Solar radiation,judged,ECTO:8000061 exposure to Solar radiation (0.821) | ECTO:9002074 exposure to skin lightening agent (0.807) | ECTO:1000012 exposure to solar power station (0.805) | ECTO:0900025 exposure to vitamin D via ingestion (0.785) | ECTO:8000063 exposure to irradiation by photosynthetically active radiation (0.785) | ECTO:0000006 exposure to ultraviolet radiation (0.783),
sun exposure habits,1,ECTO:8000061,exposure to Solar radiation,judged,ECTO:1000012 exposure to solar power station (0.801) | ECTO:8000061 exposure to Solar radiation (0.789) | ECTO:0900025 exposure to vitamin D via ingestion (0.784) | ECTO:9002074 exposure to skin lightening agent (0.779) | ECTO:0000980 exposure to temperature of air in surroundings (0.774) | ECTO:0070095 exposure to tuna steak via ingestion (0.765),
sun protection behaviours,1,,,none,ECTO:9002074 exposure to skin lightening agent (0.762) | ECTO:1000012 exposure to solar power station (0.755) | ECTO:8000061 exposure to Solar radiation (0.752) | ECTO:5000002 exposure to public swimming pool (0.729) | ECTO:0900013 exposure to food coloring via ingestion (0.723) | ECTO:0900025 exposure to vitamin D via ingestion (0.716),"a behaviour that reduces exposure to solar radiation (ECTO:8000061), not an exposure"
sun-exposure habits,1,ECTO:8000061,exposure to Solar radiation,judged,ECTO:1000012 exposure to solar power station (0.817) | ECTO:0900025 exposure to vitamin D via ingestion (0.795) | ECTO:9002074 exposure to skin lightening agent (0.791) | ECTO:8000061 exposure to Solar radiation (0.782) | ECTO:0000006 exposure to ultraviolet radiation (0.781) | ECTO:0000980 exposure to temperature of air in surroundings (0.779),
sunbed use,1,ECTO:0000006,exposure to ultraviolet radiation,judged,ECTO:1000012 exposure to solar power station (0.764) | ECTO:9002074 exposure to skin lightening agent (0.761) | ECTO:8000061 exposure to Solar radiation (0.760) | ECTO:0900025 exposure to vitamin D via ingestion (0.735) | ECTO:0070169 exposure to melatonin supplement via ingestion (0.729) | ECTO:9001802 exposure to photosensitizing agent (0.725),artificial ultraviolet from sunbeds
"tea drinking habits, including tea temperature",1,ECTO:0070133,exposure to tea (steeped) via ingestion,judged,"ECTO:0070196 exposure to tea (liquid, caffeinated) via ingestion (0.828) | ECTO:0070133 exposure to tea (steeped) via ingestion (0.808) | ECTO:0070195 exposure to tea (liquid, decaffeinated) via ingestion (0.807) | ECTO:0070132 exposure to tea (decaffeinated) via ingestion (0.795) | ECTO:1000043 exposure to temperature of water (0.758) | ECTO:0010011 exposure to temperature of sea surface (0.749)",and its temperature
"temperature, indoor humidity, air change rate and NO2",1,,,none,ECTO:0900148 exposure to nitrogen dioxide via inhalation (0.741) | ECTO:0800002 exposure to air pollution via maternal (0.726) | ECTO:0000980 exposure to temperature of air in surroundings (0.707) | ECTO:1000032 exposure to air conditioning unit (0.706) | ECTO:0000979 exposure to temperature of environmental surroundings (0.705) | ECTO:8000036 exposure to air pollution (0.703),indoor climate factors together; nearest is exposure to temperature of air in surroundings (ECTO:0000980) and nitrogen dioxide (ECTO:9000252)
terrestrial gamma radiation,1,ECTO:8000045,exposure to gamma radiation,judged,ECTO:8000045 exposure to gamma radiation (0.784) | ECTO:2000079 exposure to radiation therapy (0.751) | ECTO:1000006 exposure to radiation shielding disposition (0.750) | ECTO:9001979 exposure to radiation protective agent (0.748) | ECTO:7000145 exposure to radioactive material (0.739) | ECTO:8000054 exposure to radiowave radiation (0.737),
the child's diet,1,EFO:0002755,diet,judged,ECTO:0600002 exposure to child care environment (0.835) | ECTO:0900013 exposure to food coloring via ingestion (0.799) | ECTO:2000068 exposure to dietary intervention (0.796) | ECTO:2000117 exposure to dietary sodium intake avoidance (0.792) | ECTO:0070226 exposure to infant formula (milk-based) via ingestion (0.789) | ECTO:2000075 exposure to dietary lysine intake avoidance (0.786),
the human microbiome,1,,,none,ECTO:0900087 exposure to gut flora metabolite via ingestion (0.774) | ECTO:9002410 exposure to gut flora metabolite (0.768) | ECTO:2000071 exposure to fecal microbiota transplantation (0.761) | ECTO:0070000 exposure to probiotic or bacteria supplement via ingestion (0.756) | ECTO:3000033 exposure to Bacteroides thetaiotaomicron (0.723) | ECTO:3000131 exposure to Bacteroides thetaiotaomicron VPI-5482 (0.720),not an exposure; only EFO has a microbiome term
thorough dietary questionnaire,1,EFO:0002755,diet,judged,ECTO:9002058 exposure to food thickening agent (0.806) | ECTO:2000068 exposure to dietary intervention (0.800) | ECTO:2000117 exposure to dietary sodium intake avoidance (0.799) | ECTO:2000075 exposure to dietary lysine intake avoidance (0.795) | ECTO:2000116 exposure to dietary fat or oil intake avoidance (0.790) | ECTO:0900120 exposure to food component via ingestion (0.782),
tobacco,1,ECTO:0100013,exposure to tobacco,exact,ECTO:6000029 exposure to tobacco smoking (0.877) | ECTO:6000041 exposure to Tobacco Use (0.872) | ECTO:7000167 exposure to smokeless tobacco (0.803) | ECTO:0100013 exposure to tobacco (0.799) | ECTO:0100011 exposure to tobacco chewing (0.782) | ECTO:9002644 exposure to tobramycin (0.781),
tobacco consumption,1,ECTO:6000041,exposure to Tobacco Use,judged,ECTO:6000029 exposure to tobacco smoking (0.866) | ECTO:6000041 exposure to Tobacco Use (0.861) | ECTO:0100013 exposure to tobacco (0.847) | ECTO:0100000 exposure to nicotine addictive consumption (0.832) | ECTO:0300000 exposure to nicotine via maternal (0.830) | ECTO:0100011 exposure to tobacco chewing (0.829),
tobacco smoke,1,ECTO:6000029,exposure to tobacco smoking,judged,ECTO:6000029 exposure to tobacco smoking (0.871) | ECTO:6000041 exposure to Tobacco Use (0.854) | ECTO:7000167 exposure to smokeless tobacco (0.853) | ECTO:0100013 exposure to tobacco (0.823) | ECTO:0100003 exposure to cigarette smoking (0.821) | ECTO:0100004 exposure to cigar smoking (0.820),taken as smoking; passive exposure would be ECTO:7000059
tobacco smoking,2,ECTO:6000029,exposure to tobacco smoking,exact,ECTO:6000029 exposure to tobacco smoking (0.877) | ECTO:6000041 exposure to Tobacco Use (0.861) | ECTO:7000167 exposure to smokeless tobacco (0.842) | ECTO:0100003 exposure to cigarette smoking (0.835) | ECTO:0100013 exposure to tobacco (0.834) | ECTO:0300003 exposure to cigarette smoking via maternal (0.832),
tobacco use,2,ECTO:6000041,exposure to Tobacco Use,exact,ECTO:6000029 exposure to tobacco smoking (0.883) | ECTO:6000041 exposure to Tobacco Use (0.882) | ECTO:0100013 exposure to tobacco (0.839) | ECTO:0100011 exposure to tobacco chewing (0.830) | ECTO:0100003 exposure to cigarette smoking (0.828) | ECTO:7000167 exposure to smokeless tobacco (0.826),
traffic emissions,1,ECTO:7000156,exposure to emissions from petroleum combustion,judged,ECTO:7000156 exposure to emissions from petroleum combustion (0.822) | ECTO:0800002 exposure to air pollution via maternal (0.772) | ECTO:7000139 exposure to gasoline exhaust (0.772) | ECTO:8000031 exposure to carbon dioxide emission process (0.767) | ECTO:0900363 exposure to fuel additive via ingestion (0.757) | ECTO:1000008 exposure to gas power station (0.755),vehicle exhaust as petroleum combustion emissions
traffic-related air pollution,3,ECTO:8000036,exposure to air pollution,judged,ECTO:0800002 exposure to air pollution via maternal (0.829) | ECTO:8000036 exposure to air pollution (0.797) | ECTO:8000040 exposure to urban pollution (0.779) | ECTO:0900113 exposure to carbon monoxide via inhalation (0.765) | ECTO:7000139 exposure to gasoline exhaust (0.761) | ECTO:0700002 exposure to aerosol via inhalation (0.752),traffic-related; urban pollution (ECTO:8000040) is the alternative
traumatic brain injury,1,MONDO:0043510,brain injury,judged,ECTO:9000900 exposure to tramadol (0.698) | ECTO:0070128 exposure to tortilla via ingestion (0.698) | ECTO:2000056 exposure to transplant surgery (0.694) | ECTO:9001710 exposure to central nervous system stimulant (0.694) | ECTO:8000021 exposure to tectonic earthquake (0.691) | ECTO:9001726 exposure to central nervous system depressant (0.690),the term EFO uses for brain injury; traumatic
trihalomethanes in drinking water,2,,,none,ECTO:0900501 exposure to trimethylamine via inhalation (0.779) | ECTO:9000723 exposure to trichlorofluoromethane (0.778) | ECTO:9000530 exposure to trichloroethene (0.776) | ECTO:0900502 exposure to trimethylamine via ingestion (0.773) | ECTO:9001612 exposure to trichloroacetic acid (0.764) | ECTO:9000989 exposure to Benzotrichloride (0.758),ECTO has no trihalomethane term
ultrafine particles,1,ECTO:7000118,exposure to ultrafine respirable suspended particulate matter,judged,ECTO:7000118 exposure to ultrafine respirable suspended particulate matter (0.925) | ECTO:0700001 exposure to ultrafine respirable suspended particulate matter via inhalation (0.907) | ECTO:9002015 exposure to ultraviolet filter (0.812) | ECTO:0000006 exposure to ultraviolet radiation (0.803) | ECTO:7000117 exposure to fine respirable suspended particulate matter (0.787) | ECTO:7000061 exposure to microplastic particle (0.772),
ultraviolet (UV) radiation,1,ECTO:0000006,exposure to ultraviolet radiation,judged,ECTO:0000006 exposure to ultraviolet radiation (0.911) | ECTO:9002015 exposure to ultraviolet filter (0.879) | ECTO:8000055 exposure to ultrasound radiation (0.802) | ECTO:8000063 exposure to irradiation by photosynthetically active radiation (0.766) | ECTO:8000061 exposure to Solar radiation (0.751) | ECTO:7000118 exposure to ultrafine respirable suspended particulate matter (0.745),
ultraviolet light exposure,1,ECTO:0000006,exposure to ultraviolet radiation,judged,ECTO:0000006 exposure to ultraviolet radiation (0.906) | ECTO:9002015 exposure to ultraviolet filter (0.887) | ECTO:8000055 exposure to ultrasound radiation (0.814) | ECTO:8000063 exposure to irradiation by photosynthetically active radiation (0.810) | ECTO:0900025 exposure to vitamin D via ingestion (0.809) | ECTO:1000012 exposure to solar power station (0.801),
urban sanitation,1,,,none,ECTO:8000040 exposure to urban pollution (0.855) | ECTO:8000030 exposure to urban flooding (0.849) | ECTO:1000017 exposure to industrial wastewater treatment plant (0.733) | ECTO:1000015 exposure to wastewater treatment plant (0.725) | ECTO:1000014 exposure to waste treatment plant (0.717) | ECTO:5000002 exposure to public swimming pool (0.712),ECTO has no sanitation term
urbanisation,1,,,none,ECTO:8000040 exposure to urban pollution (0.871) | ECTO:8000030 exposure to urban flooding (0.865) | ECTO:0000006 exposure to ultraviolet radiation (0.713) | ECTO:9002015 exposure to ultraviolet filter (0.703) | ECTO:9002900 exposure to uridine (0.693) | ECTO:8000055 exposure to ultrasound radiation (0.679),ECTO has no urbanisation term; urban pollution (ECTO:8000040) is not it
urbanization,1,,,none,ECTO:8000040 exposure to urban pollution (0.881) | ECTO:8000030 exposure to urban flooding (0.875) | ECTO:0000006 exposure to ultraviolet radiation (0.722) | ECTO:9002015 exposure to ultraviolet filter (0.713) | ECTO:9002900 exposure to uridine (0.697) | ECTO:8000055 exposure to ultrasound radiation (0.685),ECTO has no urbanisation term; urban pollution (ECTO:8000040) is not it
use of tanning beds,1,ECTO:0000006,exposure to ultraviolet radiation,judged,ECTO:0070095 exposure to tuna steak via ingestion (0.746) | ECTO:0900161 exposure to titanium dioxide nanoparticle via inhalation (0.734) | ECTO:0900080 exposure to taurine via ingestion (0.733) | ECTO:0900494 exposure to titanium dioxide nanoparticle via ingestion (0.728) | ECTO:9002074 exposure to skin lightening agent (0.725) | ECTO:0900468 exposure to melatonin via ingestion (0.718),artificial ultraviolet from sunbeds
"use of TETRA, a digital communication system used by police forces and other emergency services in Great Britain",1,ECTO:8000054,exposure to radiowave radiation,judged,ECTO:9001505 exposure to tetraethyllead (0.683) | ECTO:9001267 exposure to tetrafluoroethene (0.678) | ECTO:0900231 exposure to tetrachloromethane via injection (0.675) | ECTO:9001269 exposure to tetramethrin (0.673) | ECTO:9001608 exposure to tetramethyllead (0.666) | ECTO:9002116 exposure to tetrazine acaricide (0.665),TETRA radio signals
UV exposure,1,ECTO:0000006,exposure to ultraviolet radiation,judged,ECTO:0000006 exposure to ultraviolet radiation (0.850) | ECTO:9002015 exposure to ultraviolet filter (0.831) | ECTO:8000061 exposure to Solar radiation (0.819) | ECTO:0900025 exposure to vitamin D via ingestion (0.807) | ECTO:1000012 exposure to solar power station (0.800) | ECTO:9000135 exposure to vitamin D3 (0.797),
very-low-energy diet,1,ECTO:2000065,exposure to calorie restrictive diet intake,judged,ECTO:2000121 exposure to low fat diet intake (0.785) | ECTO:2000065 exposure to calorie restrictive diet intake (0.760) | ECTO:0090008 exposure to low-density lipoprotein in food (0.739) | ECTO:2000116 exposure to dietary fat or oil intake avoidance (0.733) | ECTO:2000117 exposure to dietary sodium intake avoidance (0.733) | ECTO:2000075 exposure to dietary lysine intake avoidance (0.724),
vitamin and mineral supplement use,1,ECTO:0070245,"exposure to dietary supplement, vitamin(s) and fatty acids via ingestion",judged,"ECTO:0070245 exposure to dietary supplement, vitamin(s) and fatty acids via ingestion (0.879) | ECTO:0900025 exposure to vitamin D via ingestion (0.862) | ECTO:2000110 exposure to vitamin C supplementation (0.855) | ECTO:9002169 exposure to vitamin B complex (0.846) | ECTO:0900030 exposure to vitamin B6 via ingestion (0.845) | ECTO:0900026 exposure to vitamin E via ingestion (0.841)",
walnut intake (omega-3 fatty acids),1,ECTO:0070155,exposure to walnuts via ingestion,judged,ECTO:0070155 exposure to walnuts via ingestion (0.825) | ECTO:0900052 exposure to omega-3 fatty acid via ingestion (0.802) | ECTO:0070171 exposure to omega-3- fatty acid supplement via ingestion (0.801) | ECTO:9002766 exposure to omega-3 fatty acid (0.776) | ECTO:0070156 exposure to nuts via ingestion (0.771) | ECTO:0900268 exposure to nutraceutical via ingestion (0.740),
war and adversity associated with being a refugee,1,,,none,ECTO:0900510 exposure to warfarin via ingestion (0.732) | ECTO:9002158 exposure to warfarin (0.693) | ECTO:0600005 exposure to thermal pollution of an aquatic system (0.690) | ECTO:0800003 exposure to famine via maternal (0.690) | ECTO:2000092 exposure to cold water immersion therapy (0.689) | ECTO:0000980 exposure to temperature of air in surroundings (0.687),ECTO has no war or displacement term
water pollution,1,ECTO:8000038,exposure to water pollution,exact,ECTO:8000038 exposure to water pollution (0.932) | ECTO:7000115 exposure to waterborne particulate matter (0.886) | ECTO:1000056 exposure to rainfall (0.852) | ECTO:0070216 exposure to watercress via ingestion (0.844) | ECTO:9000156 exposure to water (0.836) | ECTO:7000165 exposure to water-based cloud droplet (0.826),
wheat bread enriched with bioprocessed rye bran,1,ECTO:2000068,exposure to dietary intervention,judged,ECTO:0070112 exposure to rye bread via ingestion (0.772) | ECTO:0070118 exposure to bread roll via ingestion (0.753) | ECTO:0070241 exposure to wheat germ via ingestion (0.738) | ECTO:0070114 exposure to whole wheat bread via ingestion (0.731) | ECTO:0070191 exposure to whole grain bread via ingestion (0.722) | ECTO:0070108 exposure to whole wheat crackers via ingestion (0.711),a trial food
whole-grain-enriched diet,1,ECTO:2000068,exposure to dietary intervention,judged,ECTO:0070191 exposure to whole grain bread via ingestion (0.818) | ECTO:0070114 exposure to whole wheat bread via ingestion (0.800) | ECTO:0070108 exposure to whole wheat crackers via ingestion (0.789) | ECTO:0070192 exposure to whole oat bread via ingestion (0.779) | ECTO:0070237 exposure to grain or starch product (us cfr) via ingestion (0.763) | ECTO:0070241 exposure to wheat germ via ingestion (0.755),a trial diet enriched in whole grain
wholegrain rye bread,1,ECTO:0070112,exposure to rye bread via ingestion,judged,ECTO:0070112 exposure to rye bread via ingestion (0.832) | ECTO:0070191 exposure to whole grain bread via ingestion (0.824) | ECTO:0070114 exposure to whole wheat bread via ingestion (0.809) | ECTO:0070108 exposure to whole wheat crackers via ingestion (0.799) | ECTO:0070192 exposure to whole oat bread via ingestion (0.799) | ECTO:0070118 exposure to bread roll via ingestion (0.769),
work characteristics,1,ECTO:0001591,exposure to occupation,judged,ECTO:7000092 exposure to waste material (0.742) | ECTO:1000014 exposure to waste treatment plant (0.737) | ECTO:0010003 exposure to environmental physical object quality (0.727) | ECTO:0010002 exposure to environmental process quality (0.724) | ECTO:1000037 exposure to office (0.722) | ECTO:7000094 exposure to industrial waste material (0.722),nearest term
workplace cafeteria food choices,1,EFO:0002755,diet,judged,ECTO:0070144 exposure to cake via ingestion (0.793) | ECTO:9002062 exposure to food propellant (0.789) | ECTO:0900120 exposure to food component via ingestion (0.787) | ECTO:0900015 exposure to food emulsifier via ingestion (0.783) | ECTO:0070131 exposure to pizza via ingestion (0.782) | ECTO:0900013 exposure to food coloring via ingestion (0.781),food choices at work
