ID	example study	PMID	note
COHO:0000003	GCST000897	PMID:21116278	no automatic match (Codex review 2026-09-22, verified): “the AddNeuroMed study” https://www.ncbi.nlm.nih.gov/research/bionlp/RESTful/pmcoa.cgi/BioC_xml/PMC5980656/unicode
COHO:0000004		PMID:19336730	no automatic match (Codex review 2026-09-22, verified): “The Adenoma Prevention with Celecoxib (APC) Trial examined the efficacy and safety” https://www.ncbi.nlm.nih.gov/research/bionlp/RESTful/pmcoa.cgi/BioC_xml/PMC2976587/unicode
COHO:0000005	GCST003877	PMID:27899403	replaces script choice (Codex review 2026-09-22, verified): Replacement explicitly uses ASAP vascular expression data. Original catalog lists ASAP, but its supplementary cohort description could not be accessed. “eQTL data were also obtained from the ASAP (Advanced Study of Aortic Pathology) data set” https://europepmc.org/articles/PMC5253231
COHO:0000008		PMID:24943594	no automatic match (Codex review 2026-09-22, verified): “Asian Cancer Project (ACP)” https://www.ncbi.nlm.nih.gov/research/bionlp/RESTful/pmcoa.cgi/BioC_xml/PMC4204770/unicode
COHO:0000009		PMID:18762476	no automatic match (Codex review 2026-09-22, verified): “aspirin for asymptomatic atherosclerosis (AAA) trial” https://europepmc.org/articles/PMC2527654
COHO:0000010		PMID:33784435	no automatic match (Codex review 2026-09-22, verified): “AtheroExpress biobank for the current study” https://www.ncbi.nlm.nih.gov/research/bionlp/RESTful/pmcoa.cgi/BioC_xml/PMC8360163/unicode
COHO:0000012	GCST90091054	PMID:34536413	no automatic match (Codex review 2026-09-22, verified): “Atopic Dermatitis Research Network (ADRN)” https://www.ncbi.nlm.nih.gov/research/bionlp/RESTful/pmcoa.cgi/BioC_xml/PMC8665111/unicode
COHO:0000013	GCST000802	PMID:20852632	no automatic match (Codex review 2026-09-22, verified): “the Australian Cancer Study (ACS) Management Group” https://eutils.ncbi.nlm.nih.gov/entrez/eutils/efetch.fcgi?db=pmc&id=3020231
COHO:0000015	GCST000289	PMID:19060911	no automatic match (Codex review 2026-09-22, verified): “Australian twin registry” https://www.ncbi.nlm.nih.gov/research/bionlp/RESTful/pmcoa.cgi/BioC_xml/PMC2687074/unicode
COHO:0000017	GCST003798	PMID:27694927	no automatic match (Codex review 2026-09-22, verified): “ascertained through the Berlin–Frankfurt–Münster (BFM) trials (1993–2004)” https://eutils.ncbi.nlm.nih.gov/entrez/eutils/efetch.fcgi?db=pmc&id=5336191
COHO:0000018	EGAS00001004358	PMID:35655252	replaces script choice (Codex review 2026-09-22, verified): Replacement is a BCPP sequencing study with released EGA RNA data. Original catalog lists BCPP, but original full cohort description could not be accessed. “as part of the Bladder Cancer Prognosis Programme (BCPP)” https://europepmc.org/articles/PMC9164468
COHO:0000019	EGAS00001004112		kept, but identity unresolved in second review (Codex 2026-09-22): “identified in at least one individual in this Brazilian Cohort” https://ega-archive.org/studies/EGAS00001004112 Identity unresolved: this is a descriptive phrase for 45 Brazilian babies, not an identifiable named cohort; COHO and list.tsv provide no provenance linking their generic label to these participants.
COHO:0000024		PMID:37783704	no automatic match (Codex review 2026-09-22, verified): CPS-II used as an independent colorectal cancer PRS validation cohort. “Cancer Prevention Study II (CPSII)” https://europepmc.org/articles/PMC10545678
COHO:0000025	GCST001942	PMID:23535732	replaces script choice (Codex review 2026-09-22, verified): Original CaPS match refers to the Caerphilly Prospective Study. “Cancer of the Prostate in Sweden (CAPS)” https://eutils.ncbi.nlm.nih.gov/entrez/eutils/efetch.fcgi?db=pmc&id=3832790
COHO:0000026	GCST90134326	PMID:35736394	no automatic match (Codex review 2026-09-22, verified): “Candesartan in Heart failure Assessment of Reduction in Mortality and morbidity (CHARM)” https://europepmc.org/articles/PMC9715825
COHO:0000029		PMID:23202125	replaces script choice (Codex review 2026-09-22, verified): Original EGA is a pending proposal describing future validation; replacement is the published consortium association analysis. “The CARDIoGRAMplusC4D Consortium” https://www.nature.com/articles/ng.2480
COHO:0000032		PMID:22318914	no automatic match (Codex review 2026-09-22, verified): COHO names the UCLA research centre; this paper explicitly recruited participants there. “Participants were recruited through UCLA’s Center for Autism Research and Treatment” https://www.ncbi.nlm.nih.gov/research/bionlp/RESTful/pmcoa.cgi/BioC_xml/PMC3272329/unicode
COHO:0000034		PMID:26432245	no automatic match (Codex review 2026-09-22, verified): CEPH reference samples are explicitly identified; no dedicated GCST/EGAS accession verified. “Utah residents (CEPH) with northern and western European ancestry” https://europepmc.org/articles/PMC4750478
COHO:0000036	GCST001739	PMID:23146381	replaces script choice (Codex review 2026-09-22, verified): More directly documented example: original catalog lists CAG, but its detailed supplementary cohort description could not be retrieved; replacement explicitly names CAG. “the Chicago Asthma Genetics Study (CAG)” https://www.ncbi.nlm.nih.gov/research/bionlp/RESTful/pmcoa.cgi/BioC_xml/PMC3596497/unicode
COHO:0000038	GCST000635	PMID:20339536	replaces script choice (Codex review 2026-09-22, verified): Replacement explicitly describes the CAP statin trial, one of three analyzed cohorts; original PCSK9 full text/supplement could not be accessed. “The Cholesterol and Pharmacogenetics (CAP) trial involved 944 healthy volunteers” https://europepmc.org/articles/PMC2842298
COHO:0000048		PMID:12871360	no automatic match (Codex review 2026-09-22, verified): “participating in the Danish Glostrup study” https://europepmc.org/article/MED/12871360
COHO:0000049		PMID:21949744	no automatic match (Codex review 2026-09-22, verified): “Diabetes Genetics in Pakistan study (DGP; 821 participants with type 2 diabetes, 1167 without)” https://www.ncbi.nlm.nih.gov/research/bionlp/RESTful/pmcoa.cgi/BioC_xml/PMC3176767/unicode
COHO:0000050	GCST002317	PMID:24390345	no automatic match (Codex review 2026-09-22, verified): “Diabetes in Mexico Study (DMS)” https://www.ncbi.nlm.nih.gov/research/bionlp/RESTful/pmcoa.cgi/BioC_xml/PMC4127086/unicode
COHO:0000052		PMID:20628086	no automatic match (Codex review 2026-09-22, verified): “We genotyped 4,197 participants of the multiethnic DREAM (Diabetes REduction Assessment with ramipril and rosiglitazone Medication) trial” https://europepmc.org/articles/PMC2945168
COHO:0000054	GCST000340	PMID:19198609	replaces script choice (Codex review 2026-09-22, verified): Original DHS means deCODE health study in Iceland. “Acute MI Gene Study/Dortmund Health Study” https://eutils.ncbi.nlm.nih.gov/entrez/eutils/efetch.fcgi?db=pmc&id=2681011
COHO:0000055	GCST004077	PMID:28093568	replaces script choice (Codex review 2026-09-22, verified): Original diabetes study uses Durban Case Control (DCC), not Duke cognition. “DCC Duke Cognition Cohort USA” https://europepmc.org/articles/PMC5322272
COHO:0000056	EGAS00001004410		EGA study tagged DUNDEE, confirmed correct by the human EGA review (Scottish HGSOC samples collected via the Dundee bioresource); the 2026-09-22 Codex review had rejected it, overruled
COHO:0000062		PMID:26124090	no automatic match (Codex review 2026-09-22, verified): “We present the results of the EPIGEN Brazil Initiative” https://europepmc.org/article/MED/26124090
COHO:0000068		PMID:32721520	replaces script choice (Codex review 2026-09-22, verified): Original EGA concerns a Spanish preterm-infant cohort; replacement uses the US ELGAN cohort. “data were leveraged from the previously established Extremely Low Gestational Age Newborns (ELGAN) cohort” https://www.ncbi.nlm.nih.gov/research/bionlp/RESTful/pmcoa.cgi/BioC_xml/PMC7855285/unicode
COHO:0000069		PMID:30624603	no automatic match (Codex review 2026-09-22, verified): “A total of 208 participants of the Fatty Acid Sensor (FAS) Study” https://europepmc.org/article/MED/30624603
COHO:0000073		PMID:21345099	no automatic match (Codex review 2026-09-22, verified): “GABRIELA (Multidisciplinary Study to Identify the Genetic and Environmental Causes of Asthma in the European Community [GABRIEL] Advanced Study)” https://europepmc.org/article/MED/21345099
COHO:0000075		PMID:26406445	replaces script choice (Codex review 2026-09-22, verified): Original stroke study uses UK GENESIS/DNA Lacunar; replacement sequenced French familial breast cancer cases. “GENESIS (GENE SISters) is a French national study” https://europepmc.org/articles/PMC4583250
COHO:0000080		PMID:27151655	no automatic match (Codex review 2026-09-22, verified): Candidate PROFILE_Metagenomics concerns Crohn disease, not prostate screening. “The PROFILE Feasibility Study: Targeted Screening of Men With a Family History of Prostate Cancer” https://europepmc.org/articles/PMC4912360
COHO:0000087		PMID:30267046	no automatic match (Codex review 2026-09-22, verified): “the Glaucoma Inheritance Study in Tasmania, ascertained glaucoma cases” https://europepmc.org/article/MED/30267046
COHO:0000089	GCST006900	PMID:30124842	replaces script choice (Codex review 2026-09-22, verified): Original accession contains ELSA data and mentions HRS only for prospective comparison. “an independent sample from the Health and Retirement Study (HRS)” https://eutils.ncbi.nlm.nih.gov/entrez/eutils/efetch.fcgi?db=pmc&id=6488973
COHO:0000093		PMID:32117730	no automatic match (Codex review 2026-09-22, verified): “By using the Swedish Cancer Register and the Swedish Hospital Discharge Register” https://europepmc.org/articles/PMC7010720
COHO:0000094	GCST000387	PMID:19416921	replaces script choice (Codex review 2026-09-22, verified): Original HGI is the COVID-19 Host Genetics Initiative. “National Institute of Mental Health Human Genetics Initiative Repository” https://eutils.ncbi.nlm.nih.gov/entrez/eutils/efetch.fcgi?db=pmc&id=2678639
COHO:0000095		PMID:27030319	replaces script choice (Codex review 2026-09-22, verified): Replacement is a three-cohort ApoH study explicitly identifying Hunter replication samples; original lipid/sleep supplementary cohort description could not be accessed. “The results were replicated in an independent cohort, the Hunter Community Study” https://europepmc.org/articles/PMC4814826
COHO:0000096		PMID:39886913	no automatic match (Codex review 2026-09-22, verified): Candidate ICR means immune checkpoint receptors, not the Icelandic Cancer Registry. “All patients diagnosed with CRC and EC according to the Icelandic Cancer Registry in 2020–2022 were included.” https://www.ncbi.nlm.nih.gov/research/bionlp/RESTful/pmcoa.cgi/BioC_xml/PMC11811529/unicode
COHO:0000097		PMID:24484606	no automatic match (Codex review 2026-09-22, verified): “IMPACT (Identification of Men with a genetic predisposition to ProstAte Cancer: Targeted screening in BRCA1/2 mutation carriers and controls)” https://www.ncbi.nlm.nih.gov/research/bionlp/RESTful/pmcoa.cgi/BioC_xml/PMC4105321/unicode
COHO:0000099		PMID:23074152	no automatic match (Codex review 2026-09-22, verified): “Indiana Sisters Study” https://www.ncbi.nlm.nih.gov/research/bionlp/RESTful/pmcoa.cgi/BioC_xml/PMC3691010/unicode
COHO:0000100	GCST007713	PMID:30850646	replaces script choice (Codex review 2026-09-22, verified): Replacement explicitly identifies Spanish INMA controls; original 2023 letter full text could not be accessed. “1061 individuals from the INfancia y Medio Ambiente (INMA) project” https://europepmc.org/articles/PMC6408457
COHO:0000101	EGAS00000000092	PMID:21642962	no automatic match (Codex review 2026-09-22, verified): Candidate EGAS00001000215 is ICGC PedBrain, not CLL; this released EGA study explicitly identifies ICGC-CLL. “The CLL Genome Project, as a contributing member of the International Cancer Genome Consortium (ICGC)” https://ega-archive.org/studies/EGAS00000000092
COHO:0000102	GCST003720	PMID:27322543	replaces script choice (Codex review 2026-09-22, verified): Replaced a mixed neurological collection and epilepsy PMID with a migraine study. “International Headache Genetics Consortium (IHGC)” https://eutils.ncbi.nlm.nih.gov/entrez/eutils/efetch.fcgi?db=pmc&id=5331903
COHO:0000104	GCST000434	PMID:19571811	no automatic match (Codex review 2026-09-22, verified): “We genotyped the International Schizophrenia Consortium (ISC) case-control sample” https://www.ncbi.nlm.nih.gov/research/bionlp/RESTful/pmcoa.cgi/BioC_xml/PMC3912837/unicode
COHO:0000105		PMID:31784700	no automatic match (Codex review 2026-09-22, verified): “These populations belong to the INGI (Italian Network of Genetic Isolates) network.” https://europepmc.org/articles/PMC7080768
COHO:0000109	GCST90011772	PMID:32936915	kept, but identity unresolved in second review (Codex 2026-09-22): “Living Biobank study (N = 983 on GWAS array and whole-exome sequenced)” https://www.ebi.ac.uk/europepmc/webservices/rest/search?query=ext_id%3A32936915+AND+src%3Amed&format=json&resultType=core Identity unresolved: the source concerns Singapore Malay participants, whereas COHO records United Kingdom. Accessible sources do not resolve whether COHO has a country error or denotes another biobank.
COHO:0000110		PMID:42098873	no automatic match (Codex review 2026-09-22, verified): “the Los Angeles component of the Women’s Contraceptive and Reproductive Experiences Study” https://www.ncbi.nlm.nih.gov/research/bionlp/RESTful/pmcoa.cgi/BioC_xml/PMC13321428/unicode
COHO:0000115	GCST001342	PMID:22159054	replaces script choice (Codex review 2026-09-22, verified): Original mirAge is a microRNA aging score in Rotterdam participants. “Multi-Institutional Research on Alzheimer Genetic Epidemiology (MIRAGE) Study” https://eutils.ncbi.nlm.nih.gov/entrez/eutils/efetch.fcgi?db=pmc&id=3356921
COHO:0000116	GCST000434	PMID:19571811	no automatic match (Codex review 2026-09-22, verified): “We exchanged GWAS summary results with the Molecular Genetics of Schizophrenia (MGS)” https://www.ncbi.nlm.nih.gov/research/bionlp/RESTful/pmcoa.cgi/BioC_xml/PMC3912837/unicode
COHO:0000117		PMID:22848412	no automatic match (Codex review 2026-09-22, verified): Candidate is FINRISK/DILGOM exomes, linked to MORGAM; selected a paper explicitly analyzing MORGAM cohorts. “MORGAM (MOnica Risk, Genetics, Archiving, Monograph) cohorts” https://europepmc.org/articles/PMC3405046
COHO:0000118		PMID:22162987	no automatic match (Codex review 2026-09-22, verified): Candidate describes FINRISK/DILGOM and expands MORGAM, not a direct MONICA cohort example. “We conducted a case-cohort study within the population-based MONICA/KORA Augsburg studies.” https://europepmc.org/articles/PMC3232218
COHO:0000120	GCST002149	PMID:23974872	no automatic match (Codex review 2026-09-22, verified): Candidate MFS means Maudsley Family Study, not Multicenter Family Study. “the Multicenter Family Study” https://europepmc.org/articles/PMC3827979
COHO:0000123	GCST90243401	PMID:29875488	no automatic match (Codex review 2026-09-22, verified): “National Health Service Blood and Transplant (NHSBT)” https://eutils.ncbi.nlm.nih.gov/entrez/eutils/efetch.fcgi?db=pmc&id=6697541
COHO:0000124	GCST000270	PMID:19011631	no automatic match (Codex review 2026-09-22, verified): “National Study of Colorectal Cancer Genetics (NSCCG)” https://eutils.ncbi.nlm.nih.gov/entrez/eutils/efetch.fcgi?db=pmc&id=2836775
COHO:0000126		PMID:33634849	no automatic match (Codex review 2026-09-22, verified): “Data from the New England Case-Control Study (NEC)” https://www.ncbi.nlm.nih.gov/research/bionlp/RESTful/pmcoa.cgi/BioC_xml/PMC8720374/unicode
COHO:0000127	GCST90295922	PMID:37688361	"GWAS Catalog study tagged NIDDK (re-review 2026-09-22); the automatic EGA match EGAS00001002937 names NIDDK only as a funder and the human EGA reviewer struck it (""Only GoDarts correct"")"
COHO:0000138		PMID:40094665	no automatic match (Codex review 2026-09-22, verified): “The Parkinson Environment and Genes (PEG) study in California” https://eutils.ncbi.nlm.nih.gov/entrez/eutils/efetch.fcgi?db=pmc&id=11915066
COHO:0000143		PMID:15809377	no automatic match (Codex review 2026-09-22, verified): Candidate EGA describes a HER2-positive breast cancer trial, a different PAMELA. “Pressioni Arteriose Monitorate e Loro Associazioni (PAMELA) study” https://europepmc.org/article/MED/15809377
COHO:0000145	GCST005527	PMID:23143594	replaces script choice (Codex review 2026-09-22, verified): Original PAGE is Population Architecture using Genomics and Epidemiology. “Psoriasis Association Genetics Extension (PAGE: 3,580 cases and 5,902 controls)” https://europepmc.org/articles/PMC3510312
COHO:0000146	GCST001241	PMID:21926972	replaces script choice (Codex review 2026-09-22, verified): Original accession describes GCAN/WTCCC3; selected a study explicitly using PGC data. “Psychiatric Genome-wide Association Study Consortium (PGC)” https://eutils.ncbi.nlm.nih.gov/entrez/eutils/efetch.fcgi?db=pmc&id=3637176
COHO:0000147		PMID:26997371	no automatic match (Codex review 2026-09-22, verified): Candidate Radar cohort studies radiation-exposed technicians and their children, not adolescent relationships. “Research on Adolescent Development and Relationships Young cohort” https://europepmc.org/articles/PMC4802173
COHO:0000149		PMID:23066387	replaces script choice (Codex review 2026-09-22, verified): Replacement directly analyzes SLSJ asthma families; original 2020 letter full text could not be accessed. “a familial collection from a founder and remote population (Saguenay–Lac-Saint-Jean; SLSJ)” https://europepmc.org/articles/PMC3447577
COHO:0000153	EGAS00001000853		EGA study tagged Shanghai, confirmed correct by the human EGA review (gallbladder cancer exomes, Xinhua Hospital, Shanghai); the 2026-09-22 Codex review had rejected it, overruled
COHO:0000154		PMID:29611518	no automatic match (Codex review 2026-09-22, verified): Candidate TransSCOT_WES names the correct trial but is pending release; selected the published trial analysis. “The SCOT study was an international, randomised, phase 3, non-inferiority trial” https://europepmc.org/articles/PMC5883334
COHO:0000156	GCST002340	PMID:24448986	no automatic match (Codex review 2026-09-22, verified): “Singapore Chinese Study (SCH, n = 2,000)” https://www.ncbi.nlm.nih.gov/research/bionlp/RESTful/pmcoa.cgi/BioC_xml/PMC4051826/unicode
COHO:0000158	GCST009886	PMID:30482948	replaces script choice (Codex review 2026-09-22, verified): Original EGA concerns Canadian children; this paper identifies the US VCU cohort. “Funding support for Spit for Science (dbGAP in progress) has been provided by Virginia Commonwealth University” https://europepmc.org/articles/PMC6430207
COHO:0000161	GCST002167	PMID:24001895	no automatic match (Codex review 2026-09-22, verified): “Taiwan Type 2 Diabetes Study” https://www.ncbi.nlm.nih.gov/research/bionlp/RESTful/pmcoa.cgi/BioC_xml/PMC3972802/unicode
COHO:0000167	GCST003877	PMID:27899403	no automatic match (Codex review 2026-09-22, verified): “The Netherlands AAA GWAS dataset” https://eprints.whiterose.ac.uk/id/eprint/110164/7/341.full.pdf#text
COHO:0000168	GCST004483	PMID:27363682	no automatic match (Codex review 2026-09-22, verified): “the Norwegian Biobank for Myeloma (Trondheim, Norway)” https://eutils.ncbi.nlm.nih.gov/entrez/eutils/efetch.fcgi?db=pmc&id=4932178
COHO:0000170	GCST003276	PMID:26390057	no automatic match (Codex review 2026-09-22, verified): “Secondary Manifestations of Arterial Disease” https://eutils.ncbi.nlm.nih.gov/entrez/eutils/efetch.fcgi?db=pmc&id=4719169
COHO:0000171		PMID:38929788	no automatic match (Codex review 2026-09-22, verified): Candidate names THISEAS but is pending release and describes a planned analysis; selected a published THISEAS analysis. “THISEAS (The Hellenic Study of Interactions between Single Nucleotide Polymorphisms and Eating in Atherosclerosis Susceptibility)” https://europepmc.org/articles/PMC11204902
COHO:0000172	GCST000635	PMID:20339536	no automatic match (Codex review 2026-09-22, verified): Candidate EGA TNT is a breast cancer trial, not the statin trial. “The Treating to New Targets (TNT) study followed 10,001 patients” https://europepmc.org/articles/PMC2842298
COHO:0000177	EGAS00001003065	PMID:32098967	no automatic match (Codex review 2026-09-22, verified): “which were part of the UK Brain Expression Consortium data set” https://europepmc.org/articles/PMC7042265
COHO:0000178	GCST003798	PMID:27694927	no automatic match (Codex review 2026-09-22, verified): Candidate correctly names UKCCS but is pending release; selected a published public GWAS. “459 white BCP-ALL cases from the UK Childhood Cancer Study” https://eutils.ncbi.nlm.nih.gov/entrez/eutils/efetch.fcgi?db=pmc&id=5336191
COHO:0000180	EGAS00001000924		no automatic match (Codex review 2026-09-22, verified): “the UKIBDGC has GWAS data for around 1800 CD samples” https://ega-archive.org/studies/EGAS00001000924
COHO:0000183		PMID:37783704	no automatic match (Codex review 2026-09-22, verified): “Basque-colon cohort (BCC)” https://europepmc.org/articles/PMC10545678
COHO:0000185		PMID:26176920	replaces script choice (Codex review 2026-09-22, verified): Original EGA uses converge as a verb in a brain-tumour title. Replacement analyses 11,670 Han Chinese women recruited by the China/Oxford/VCU CONVERGE consortium. “CONVERGE Consortium” https://europepmc.org/articles/PMC4522619
COHO:0000188		PMID:19075291	no automatic match (Codex review 2026-09-22, verified): “Type 1 Diabetes prediction and prevention study [DIPP]” https://europepmc.org/articles/PMC2605239
COHO:0000189	GCST011566	PMID:33766035	no automatic match (Codex review 2026-09-22, verified): “as part of a multi-center cross-sectional study for the FGENTCARD Consortium” https://eutils.ncbi.nlm.nih.gov/entrez/eutils/efetch.fcgi?db=pmc&id=7993530
COHO:0000191		PMID:40232348	no automatic match (Codex review 2026-09-22, verified): “German longevity study reveals novel rare pro-longevity alleles clustering in mTOR signaling pathway” https://eutils.ncbi.nlm.nih.gov/entrez/eutils/efetch.fcgi?db=pmc&id=12181166
COHO:0000192		PMID:20231156	no automatic match (Codex review 2026-09-22, verified): “patients with ACS enrolled in the Global Registry of Acute Coronary Events (GRACE)” https://europepmc.org/article/MED/20231156
COHO:0000196	GCST000820	PMID:20801717	no automatic match (Codex review 2026-09-22, verified): “UK National DNA Bank for Motor Neuron Disease Research ( MND DNA bank )” https://europepmc.org/articles/PMC3257853
COHO:0000199	GCST90091010	PMID:33713768	no automatic match (Codex review 2026-09-22, verified): “Genetic Asthma Susceptibility to Indoor Pollution in Peru (GASP study)” https://eutils.ncbi.nlm.nih.gov/entrez/eutils/efetch.fcgi?db=pmc&id=8429514
COHO:0000201	GCST002149	PMID:23974872	no automatic match (Codex review 2026-09-22, verified): “the Psychosis Endophenotype Consortium” https://europepmc.org/articles/PMC3827979
COHO:0000204	GCST001421	PMID:22383894	no automatic match (Codex review 2026-09-22, verified): “The Health Effects of Arsenic Longitudinal Study (HEALS)” https://europepmc.org/articles/PMC3285587
COHO:0000206	EGAS00001004364		EGA review 2026-09-22: the project's rare disease pilot; further Genomics England studies are EGAS00001004307, EGAS00001008122, EGAS00001008126 and EGAS50000000298
COHO:0000207	EGAS00000000038		EGA review 2026-09-22: T1DGC GWAS using the 1958 British Birth Cohort as controls; the cohort is also the shared control collection of the WTCCC studies (EGAS00000000001 onwards) and of EGAS00000000115 and EGAS00001002336
COHO:0000208	EGAS50000000090		EGA search 2026-09-22 for the ready-to-add list's name
COHO:0000209	EGAS00001006707		EGA review 2026-09-22 matched the study's GENIE to COHO:0000186, a Korean health-examination cohort; the study uses the AACR registry, so the ready-to-add list separates them. The acronym is shared with COHO:0000186 and disambiguated by editor notes on both
COHO:0000210	EGAS50000000131		EGA search 2026-09-22 for the ready-to-add list's name; EGAS00001002724 and EGAS00001002617 are the earlier ANGIOPREDICT studies
COHO:0000211	EGAS50000000525		EGA review 2026-09-22 (corrected by the reviewer from TCGA)
COHO:0000212		PMID:28419249	the ready-to-add list's names ACCE; the H3Africa centre's data are at dbGaP (phs001945, mirrored in EGA), so its cohort paper is the example
COHO:0000213	EGAS00001001917		EGA review 2026-09-22: the resource's own EGA study; EGAS00001002465 holds its transcriptome component
COHO:0000214	EGAS00001000959	PMID:25470054	EGA review 2026-09-22: the project's dense array genotyping study; the WGS components are EGAS00001000286, EGAS00001000363 and EGAS00001000960
COHO:0000215	EGAS00001001917		EGA review 2026-09-22: the partnership's African Genome Resource study; its member studies are the AGVP, Uganda GPC, GDAP and Durban studies
COHO:0000216	EGAS50000000752		EGA search 2026-09-22 for the ready-to-add list's name
COHO:0000217	EGAS00001007855		EGA search 2026-09-22 for the ready-to-add list's name
COHO:0000218	EGAS00001002584		EGA review 2026-09-22
COHO:0000219	EGAS50000001346		EGA review found no cohort in this study; the name comes from the ready-to-add list of 2026-09-22 and the study is the project's blastic plasmacytoid dendritic cell neoplasm cohort
COHO:0000220	EGAS00001006276		EGA search 2026-09-22 for the ready-to-add list's name
COHO:0000221	EGAS00001007976		EGA review 2026-09-22: the trial's Human Cell Atlas atopic dermatitis studies (EGAS00001007667, EGAS00001007668, EGAS00001007669, EGAS00001007976)
COHO:0000222		PMID:30333627	the ready-to-add list's name; the programme's data are at dbGaP (phs001657, mirrored in EGA), so its functional genomic landscape paper is the example
COHO:0000223	EGAS50000000478		EGA review 2026-09-22
COHO:0000224	EGAS50000000568		EGA search 2026-09-22 for the ready-to-add list's name
COHO:0000225	EGAS50000000105		EGA search 2026-09-22 for the ready-to-add list's name
COHO:0000226	EGAS00001000462	PMID:26940866	EGA review 2026-09-22: the autozygosity pilot on the cohort; also exome sequenced as one of the UK birth cohorts (EGAS00001006978, EGAS00001007588)
COHO:0000227	EGAS00001007563		EGA review 2026-09-22
COHO:0000228	EGAS00001008228		EGA review 2026-09-22
COHO:0000229	EGAS50000000879		EGA review 2026-09-22; the acronym CARE is shared with COHO:0000110 and disambiguated by editor notes on both
COHO:0000230	EGAS00001000900		EGA search 2026-09-22 for the ready-to-add list's name
COHO:0000231	EGAS00001000083		EGA review 2026-09-22
COHO:0000232	EGAS50000000959		EGA review 2026-09-22 (corrected by the reviewer; the study also draws on the Lifelines Dutch Microbiome Project)
COHO:0000233	EGAS00001007507		EGA review 2026-09-22
COHO:0000234	EGAS00001006725		EGA search 2026-09-22 for the ready-to-add list's name
COHO:0000235	EGAS00001006085		EGA review 2026-09-22 (verified as COH); EGAS00001006002 holds the cohort's transcriptomes
COHO:0000236	EGAS50000000995		EGA search 2026-09-22 for the ready-to-add list's name: the consortium's RNA sequencing study of the methotrexate-treated cohort
COHO:0000237	EGAS00001003748		EGA review 2026-09-22
COHO:0000238	EGAS00001005304	PMID:34237774	EGA review 2026-09-22: the initiative's harmonised individual-level data release; the acronym HGI is shared with COHO:0000094 Human Genetics Initiative and disambiguated by editor notes on both
COHO:0000239	EGAS50000000170		EGA search 2026-09-22 for the ready-to-add list's name
COHO:0000240	EGAS00001008193		EGA review found no cohort in this study; the name comes from the ready-to-add list of 2026-09-22 and the study is the project's squamous and basal cell carcinoma methylation set
COHO:0000241	EGAS00001007409		EGA search 2026-09-22 for the ready-to-add list's name
COHO:0000242	EGAS00001005836	PMID:35763870	EGA review 2026-09-22 (corrected by the reviewer)
COHO:0000243	EGAS00001003777		EGA review 2026-09-22
COHO:0000244	EGAS00001001888		EGA review 2026-09-22 (verified as Born in Bradford; the study is the ELGH genotyping project)
COHO:0000245	EGAS00001004434		EGA search 2026-09-22 for the ready-to-add list's name
COHO:0000246	EGAS00001003741		EGA review 2026-09-22
COHO:0000247	EGAS50000001071		EGA search 2026-09-22 for the ready-to-add list's name
COHO:0000248	EGAS00001003283		EGA review 2026-09-22 (corrected by the reviewer)
COHO:0000249	EGAS50000000985		EGA search 2026-09-22 for the ready-to-add list's name
COHO:0000250	EGAS00001007730		EGA review 2026-09-22; EGAS00001007731 is the cohort's targeted study
COHO:0000251	EGAS50000001181		EGA review 2026-09-22 (added by the reviewer)
COHO:0000252	EGAS00001002169		EGA review 2026-09-22: the MeDALL epigenetics study, which includes the cohort
COHO:0000253	EGAS00001000048	PMID:25262651	EGA review 2026-09-22: exome sequencing of paroxysmal neurological disorder cases collected by the consortium's members
COHO:0000254	EGAS00001008346		EGA review found no cohort in this study; the name comes from the ready-to-add list of 2026-09-22 and the study text names the study
COHO:0000255	EGAS00001003499		EGA review 2026-09-22
COHO:0000256	EGAS00001007406		EGA review 2026-09-22 (corrected by the reviewer)
COHO:0000257	EGAS00001000929		EGA review 2026-09-22
COHO:0000258	EGAS00001003424		EGA review 2026-09-22; the acronym differs from GRACE, the synonym of COHO:0000192
COHO:0000259	EGAS00001007786		EGA search 2026-09-22 for the ready-to-add list's name; EGAS00001003772 holds the study's RNA sequencing
COHO:0000260	EGAS00001005836	PMID:35763870	EGA review 2026-09-22 (corrected by the reviewer): the consortium's MASTER programme study
COHO:0000261	EGAS00001000079		EGA review 2026-09-22: the Cardiogenics re-sequencing study, which used the cohort's early-onset patients
COHO:0000262	EGAS00001005973		EGA review 2026-09-22 (corrected by the reviewer); the reviewer's HIPO project code Hipo_K08K is not a name
COHO:0000263	EGAS00001002123		EGA review 2026-09-22: a factor XI GWAS meta-analysis to which the study contributed
COHO:0000264	EGAS00001005953		EGA search 2026-09-22 for the ready-to-add list's name; EGAS00001004649 is the network's Burkitt lymphoma study
COHO:0000265	EGAS00001006390		EGA review 2026-09-22 (corrected by the reviewer)
COHO:0000266	EGAS50000000795		EGA review 2026-09-22 (corrected by the reviewer)
COHO:0000267	EGAS00001002313		EGA review 2026-09-22 (verified as ICGC)
COHO:0000268	EGAS00001002271		EGA review 2026-09-22
COHO:0000269	EGAS00001000249	PMID:24292195	EGA review 2026-09-22: the project's first-year study; EGAS00001001028 is its second year
COHO:0000270	EGAS00001002218		EGA review 2026-09-22 (verified as ICGC)
COHO:0000271	EGAS00001000394	PMID:24139898	EGA review 2026-09-22; later studies of the project are EGAS00001001394 and EGAS00001002198
COHO:0000272	EGAS00001000725		EGA review 2026-09-22: the project's tumour samples; EGAS00001000724, EGAS00001000726 and EGAS00001000727 hold its other sample sets
COHO:0000273	EGAS00001002311		EGA review 2026-09-22 (verified as ICGC)
COHO:0000274	EGAS00001000381	PMID:23817572	EGA review 2026-09-22; further studies of the project are EGAS00001000561, EGAS00001000565 and EGAS00001001139
COHO:0000275	EGAS00001000262	PMID:29662167	EGA review 2026-09-22
COHO:0000276	EGAS00001001667	PMID:27329137	EGA review 2026-09-22
COHO:0000277	EGAS00001007041		EGA search 2026-09-22 for the ready-to-add list's name
COHO:0000278	EGAS50000001533		EGA review 2026-09-22: the consortium's SCCHN1 cohort; its other cohorts are EGAS50000001505, EGAS50000001558 and EGAS50000001587
COHO:0000279	EGAS50000001533		EGA review 2026-09-22
COHO:0000280	EGAS50000001393		EGA search 2026-09-22 for the ready-to-add list's name
COHO:0000281	EGAS00001004964		EGA review 2026-09-22
COHO:0000282	EGAS00001002311		EGA review 2026-09-22: one of the consortium's project studies; the acronym moves here from COHO:0000101, the consortium's chronic lymphocytic leukaemia project
COHO:0000283	EGAS00001005110		EGA search 2026-09-22 for the ready-to-add list's name
COHO:0000284	EGAS00001002548		EGA review 2026-09-22: whole-genome sequencing of the HapMap Maasai collection; other studies use HapMap only as a reference panel
COHO:0000285	EGAS00001001266	PMID:33239696	EGA review 2026-09-22: the consortium's maternal GWAS meta-analysis; EGAS00001000417, EGAS00001000416 and EGAS00001001048 are its other components
COHO:0000286	EGAS00001007580	PMID:38626723	EGA review 2026-09-22
COHO:0000287	EGAS00001001704	PMID:26319774	EGA review 2026-09-22 (corrected by the reviewer)
COHO:0000288	EGAS50000000133		EGA review 2026-09-22 (verified as LifeLines); EGAS00001005969 is the pilot and EGAS00001007592 the newborn cohort
COHO:0000289	EGAS00001005076		EGA review 2026-09-22 (corrected by the reviewer)
COHO:0000290	EGAS00001000143		EGA review 2026-09-22; the EGA study is marked deprecated but is the only record of the sample
COHO:0000291	EGAS00001005340		EGA search 2026-09-22 for the ready-to-add list's name
COHO:0000292	EGAS00001005979		EGA review 2026-09-22 (corrected by the reviewer)
COHO:0000293	EGAS00001001924		EGA review 2026-09-22 (corrected by the reviewer)
COHO:0000294	EGAS00001000629		EGA review 2026-09-22 (corrected by the reviewer): one of the network's low-coverage sequencing studies of African populations (EGAS00001000629 to EGAS00001000640)
COHO:0000295	EGAS00001006518		EGA review 2026-09-22 (added by the reviewer)
COHO:0000296	EGAS00001000936		EGA review 2026-09-22: a Swedish ischaemic stroke case-control study drawing on the cohort
COHO:0000297	EGAS00001002169		EGA review 2026-09-22 (added by the reviewer): the project's epigenetics study combining four birth cohorts
COHO:0000298	EGAS00001003511		EGA review 2026-09-22 (corrected by the reviewer)
COHO:0000299	EGAS00001004812		EGA review 2026-09-22 (corrected by the reviewer)
COHO:0000300	EGAS00001004390		EGA search 2026-09-22 for the ready-to-add list's name
COHO:0000301	EGAS00001003419		EGA search 2026-09-22 for the ready-to-add list's name; the acronym MI is added as the project's short form
COHO:0000302	EGAS00001008226		EGA search 2026-09-22 for the ready-to-add list's name
COHO:0000303	EGAS00000000102		EGA review 2026-09-22 (corrected by the reviewer)
COHO:0000304	EGAS00000000083		EGA search 2026-09-22 for the ready-to-add list's name; EGAS00001004327 holds the cohort's methylation data
COHO:0000305	EGAS00000000137		EGA review 2026-09-22 (corrected by the reviewer)
COHO:0000306	EGAS50000000144		EGA search 2026-09-22 for the reviewer's name MulitMuTHER Study
COHO:0000307	EGAS00001001569		EGA review 2026-09-22 (added by the reviewer); EGAS00001000097 holds chromatin profiling of the same resource
COHO:0000308	EGAS00001007710		EGA review 2026-09-22 (corrected by the reviewer)
COHO:0000309	EGAS00001007722		EGA review 2026-09-22 (corrected by the reviewer): one of the cohort's NanoSeq studies (EGAS00001007722 to EGAS00001007727)
COHO:0000310	EGAS00001007728		EGA review 2026-09-22; EGAS00001007729 is the cohort's exome study
COHO:0000311	EGAS00001007563		EGA review 2026-09-22 (added by the reviewer): immune repertoire study of the NeoALTTO and CALGB 40601 trials
COHO:0000312	EGAS00001004870		EGA review 2026-09-22 (corrected by the reviewer): the 2016 common disease patients dataset of 13,489 blood donors
COHO:0000313	EGAS00001001651		EGA review 2026-09-22 (corrected by the reviewer); EGAS00001001707 and EGAS00001001722 are further records of the same project
COHO:0000314	EGAS50000000168		EGA search 2026-09-22 for the ready-to-add list's name
COHO:0000315	EGAS00001006959		EGA search 2026-09-22 for the ready-to-add list's name PELICAN45 Cohort
COHO:0000316	EGAS00001005828		EGA search 2026-09-22 for the ready-to-add list's name
COHO:0000317	EGAS00001005554		EGA search 2026-09-22 for the ready-to-add list's name, through the Janssen R&D Phoenix Trial Committee's datasets
COHO:0000318	EGAS00001004556		EGA search 2026-09-22 for the ready-to-add list's name
COHO:0000319	EGAS00001007081		EGA search 2026-09-22 for the ready-to-add list's name: the programme's melanoma study; EGAS00001008217 is its lung study
COHO:0000320	EGAS00001007958		EGA review 2026-09-22 matched the study's PROFILE to COHO:0000080, a prostate cancer study; the study's PROFILE is the Crohn's disease trial, so the ready-to-add list separates them. The acronym is shared with COHO:0000080 and disambiguated by editor notes on both
COHO:0000321	EGAS00001002205		EGA search 2026-09-22 for the ready-to-add list's name
COHO:0000322	EGAS00001000052		EGA review 2026-09-22
COHO:0000323	EGAS00001007346		EGA search 2026-09-22 for the ready-to-add list's name
COHO:0000324	EGAS00001006240		EGA review 2026-09-22; the cohort is also part of the MeDALL epigenetics study EGAS00001002169
COHO:0000325	EGAS00001004792		EGA review 2026-09-22 (corrected by the reviewer)
COHO:0000326	EGAS00001007321		EGA review 2026-09-22 matched the study's Radar to COHO:0000147, a Dutch adolescent study; the study's Radar cohort is the families of radar technicians, so the ready-to-add list separates them
COHO:0000327	EGAS50000000805		EGA review 2026-09-22 (corrected by the reviewer)
COHO:0000328	EGAS50000000333		EGA search 2026-09-22 for the ready-to-add list's name
COHO:0000329	EGAS50000001205		EGA review 2026-09-22 (corrected by the reviewer); the acronym CORSA is shared with COHO:0000042 Colorectal Cancer Study of Austria, a different study, and disambiguated by editor notes on both
COHO:0000330		PMID:35396579	the ready-to-add list's name; no EGA study of the consortium itself was found, so the consortium's exome meta-analysis paper is the example
COHO:0000331	EGAS00001000922		EGA review 2026-09-22; also sequenced within UK10K (EGAS00001000124) and compared with STILTS (EGAS00001002624)
COHO:0000332	EGAS00001003875		EGA review 2026-09-22 (corrected by the reviewer)
COHO:0000333	EGAS50000000671		EGA search 2026-09-22 for the ready-to-add list's name
COHO:0000334	EGAS00001003421		EGA review 2026-09-22 (corrected by the reviewer)
COHO:0000335	EGAS00001007331		EGA search 2026-09-22 for the ready-to-add list's name
COHO:0000336	EGAS00001002624		EGA review 2026-09-22 (added by the reviewer); EGAS00001000923 is the study's earlier genotyping proposal
COHO:0000337	EGAS50000000906	PMID:28832569	EGA review 2026-09-22 (added by the reviewer)
COHO:0000338	EGAS00001007145		EGA search 2026-09-22 for the ready-to-add list's name
COHO:0000339		PMID:29489755	the ready-to-add list's name; the initiative's data are at dbGaP (phs000218, mirrored in EGA) and the EGA study EGAS00001006276 compares its childhood AML cohort with it
COHO:0000340	EGAS00001002247	PMID:28445112	EGA search 2026-09-22 for the ready-to-add list's name: the first 100 TRACERx tumours; further studies are EGAS00001000809, EGAS00001002415, EGAS00001003458, EGAS00001006494 and EGAS00001006523
COHO:0000341	EGAS00001006257		EGA search 2026-09-22 for the ready-to-add list's name
COHO:0000342	EGAS00001002602		EGA review 2026-09-22 (corrected by the reviewer)
COHO:0000343	EGAS50000000577		EGA search 2026-09-22 for the ready-to-add list's name: the study's acute myeloid leukaemia cohort; EGAS50000000885 is its ovarian cohort
COHO:0000344	EGAS00001001460	PMID:27398621	EGA review 2026-09-22 (corrected by the reviewer); the GoDARTS component is EGAS00001002937
COHO:0000345	EGAS00001001558		EGA review 2026-09-22: the cohort's genome-wide genotyping study; EGAS00001000545 and EGAS00001000770 hold its sequence data
COHO:0000346	EGAS00001000079		EGA review 2026-09-22: the Cardiogenics re-sequencing study, which used the cohort's early-onset patients; the reviewer's parent UK BioBank confuses it with the UKBS controls of the same study
COHO:0000347	EGAS00001002336	PMID:23184150	EGA review 2026-09-22 (added by the reviewer); the group is also the shared control set of the WTCCC studies from EGAS00000000001 and of EGAS00001000050
COHO:0000348	EGAS00001000090	PMID:24676807	EGA review 2026-09-22 (added by the reviewer): the project's ALSPAC cohort study; the project spans EGAS00001000090 to EGAS00001000321
COHO:0000349	EGAS00001000101	PMID:23768512	EGA review 2026-09-22 (added by the reviewer); EGAS00001000321 holds the cohort's whole-genome sequences
COHO:0000350	EGAS00001006012		EGA search 2026-09-22 for the ready-to-add list's name; the companion of the City of Hope cohort
COHO:0000351	EGAS50000001334		EGA review found no cohort in this study; the name comes from James McLaughlin's ready-to-add list of 2026-09-22 and the study text names the programme
COHO:0000352	EGAS00001008019		EGA review 2026-09-22: one of the biobank's rhabdomyosarcoma sequencing studies (EGAS00001008017, EGAS00001008019, EGAS00001008156, EGAS00001008387)
COHO:0000353	EGAS00001004942		EGA search 2026-09-22 for the ready-to-add list's name; further studies are EGAS00001006604 and EGAS00001006698
COHO:0000354	EGAS00000000018		EGA review 2026-09-22 (verified as WTCCC): the collection's own genome-wide case-control study
COHO:0000355	EGAS00000000020		EGA review 2026-09-22 (verified as WTCCC): the collection's own genome-wide case-control study
COHO:0000356	EGAS00000000001		EGA review 2026-09-22 (verified as WTCCC): the collection's own genome-wide case-control study
COHO:0000357	EGAS00000000024		EGA review 2026-09-22 (verified as WTCCC): the collection's own genome-wide case-control study
COHO:0000358	EGAS00000000003		EGA review 2026-09-22 (verified as WTCCC): the collection's own genome-wide case-control study
COHO:0000359	EGAS00000000009		EGA review 2026-09-22 (verified as WTCCC): the collection's own genome-wide case-control study
COHO:0000360	EGAS00000000006		EGA review 2026-09-22 (verified as WTCCC): the collection's own genome-wide case-control study
COHO:0000361	EGAS00000000022		EGA review 2026-09-22 (verified as WTCCC): the collection's own genome-wide case-control study
COHO:0000362	EGAS00000000011		EGA review 2026-09-22 (verified as WTCCC): the collection's own genome-wide case-control study
COHO:0000363	EGAS00000000027		EGA review 2026-09-22 (verified as WTCCC)
COHO:0000364	EGAS00000000014		EGA review 2026-09-22 (verified as WTCCC): the collection's own genome-wide case-control study
COHO:0000365	EGAS00000000016		EGA review 2026-09-22 (verified as WTCCC): the collection's own genome-wide case-control study
COHO:0000366	GCST90727422	PMID:42127933	the GWAS and PGS Catalog review 2026-09-23, catalog_cohorts_review.tsv; “In this genome-wide association study (GWAS), we analysed data from individuals carrying ADAD mutations and control participants from three cohorts— the Knight Alzheimer Disease Research Center (Knight-ADRC),18 the Dominantly Inherited Alzheimer Network (DIAN) observational study, and the Alzheimer Disease Sequencing Project (ADSP) R4.” https://www.ebi.ac.uk/europepmc/webservices/rest/PMC13340468/fullTextXML
COHO:0000367	GCST90103504	PMID:35086473	the GWAS and PGS Catalog review 2026-09-23, catalog_cohorts_review.tsv; “Data used in this analysis was obtained from the Alzheimer’s Disease Neuroimaging Initiative (ADNI) database [47].” https://www.ebi.ac.uk/europepmc/webservices/rest/PMC8796646/fullTextXML
COHO:0000368	GCST90727422	PMID:42127933	the GWAS and PGS Catalog review 2026-09-23, catalog_cohorts_review.tsv; “In this genome-wide association study (GWAS), we analysed data from individuals carrying ADAD mutations and control participants from three cohorts— the Knight Alzheimer Disease Research Center (Knight-ADRC),18 the Dominantly Inherited Alzheimer Network (DIAN) observational study, and the Alzheimer Disease Sequencing Project (ADSP) R4.” https://www.ebi.ac.uk/europepmc/webservices/rest/PMC13340468/fullTextXML
COHO:0000369	GCST90421033	PMID:39528825	the GWAS and PGS Catalog review 2026-09-23, catalog_cohorts_review.tsv; “Genomic datasets from ADNI, DIAN, Knight-ADRC (Oct 2021), Knight-ADRC (June 2023), MARS, FACE, and Barcelona-1 were genotyped on multiple arrays at different times and were imputed individually using the GRCh38 Version R2 reference panel on the TOPMed imputation server.” https://pmc.ncbi.nlm.nih.gov/articles/PMC11831731/
COHO:0000370	GCST90797644	PMID:41456820	the GWAS and PGS Catalog review 2026-09-23, catalog_cohorts_review.tsv; “Utilizing Olink technology, we assessed relative protein levels across plasma and tissue (aortic wall, mammary artery, liver, and skeletal muscle) from the STARNET cohort: 284 individuals with a high prevalence of coronary artery disease (CAD).” https://www.ebi.ac.uk/europepmc/webservices/rest/PMC12824914/fullTextXML
COHO:0000371	GCST90475089	PMID:39024449	the GWAS and PGS Catalog review 2026-09-23, catalog_cohorts_review.tsv; “We present genome-wide associations for 2068 traits from 635,969 participants in the Department of Veterans Affairs Million Veteran Program, a longitudinal study of diverse United States Veterans.” https://www.ebi.ac.uk/europepmc/webservices/rest/search?query=EXT_ID%3A39024449+AND+SRC%3AMED&format=json&resultType=core
COHO:0000372	GCST90428575	PMID:37822511	the GWAS and PGS Catalog review 2026-09-23, catalog_cohorts_review.tsv; “In this study, we conducted the first GWAS on the hippocampal BOLD-CBF correlation in 4,832 Chinese Han participants from the Chinese Imaging Genetics (CHIMGEN) cohort.22 Here, the across-voxel correlation between reginal homogeneity (ReHo) derived from the resting-state fMRI data and CBF measured by the arterial spin labeling (ASL) MRI data within hippocampal voxels was used as a proxy to represent hippocampal NVC.” https://www.ebi.ac.uk/europepmc/webservices/rest/PMC10562876/fullTextXML
COHO:0000373	GCST90232793	PMID:35870639	the GWAS and PGS Catalog review 2026-09-23, catalog_cohorts_review.tsv; “Here, we report the genetic determinants of the serum proteome in 466 African Americans with chronic kidney disease attributed to hypertension from the richly phenotyped African American Study of Kidney Disease and Hypertension (AASK) study.” https://www.ebi.ac.uk/europepmc/webservices/rest/search?query=EXT_ID%3A35870639+AND+SRC%3AMED&format=json&resultType=core
COHO:0000374	GCST90286909	PMID:40021830	the GWAS and PGS Catalog review 2026-09-23, catalog_cohorts_review.tsv; “Individuals originated from two separate cohorts including cognitively healthy subjects (n = 490) and a well-characterized memory clinic sample, the Amsterdam Dementia Cohort (ADC, n = 487).” https://www.ebi.ac.uk/europepmc/webservices/rest/search?query=EXT_ID%3A40021830+AND+SRC%3AMED&format=json&resultType=core
COHO:0000375	GCST90939806	PMID:42054495	the GWAS and PGS Catalog review 2026-09-23, catalog_cohorts_review.tsv
COHO:0000376	GCST90939806	PMID:42054495	the GWAS and PGS Catalog review 2026-09-23, catalog_cohorts_review.tsv
COHO:0000377	GCST90308750	PMID:37340002	the GWAS and PGS Catalog review 2026-09-23, catalog_cohorts_review.tsv; “Here, we conduct the pan-cancer and cross-population genome-wide association study (GWAS) meta-analysis and replication studies on 13 cancers including 250,015 East Asians (Biobank Japan) and 377,441 Europeans (UK Biobank).” https://www.ebi.ac.uk/europepmc/webservices/rest/search?query=EXT_ID%3A37340002+AND+SRC%3AMED&format=json&resultType=core
COHO:0000378	GCST90086175	PMID:35078996	the GWAS and PGS Catalog review 2026-09-23, catalog_cohorts_review.tsv; “We performed a GWAS of 4782 serum proteins encoded by 4135 unique human genes in the population-based AGES cohort of elderly Icelanders (n = 5368, Supplementary Data 1), measured by the slow-off rate modified aptamer (SOMAmer) platform as previously described8,18.” https://www.ebi.ac.uk/europepmc/webservices/rest/PMC8789779/fullTextXML
COHO:0000379	GCST90454419	PMID:38172904	the GWAS and PGS Catalog review 2026-09-23, catalog_cohorts_review.tsv; “Stanford Alzheimer’s Disease Research Center (ADRC) (https://med.stanford.edu/adrc.html), one of thirty-one ADRC, aims to translate research advances into improved diagnosis and care for people with AD and related disorders.” https://www.ebi.ac.uk/europepmc/webservices/rest/PMC10763080/fullTextXML
COHO:0000380	GCST90399837	PMID:39144724	the GWAS and PGS Catalog review 2026-09-23, catalog_cohorts_review.tsv; “Methods: We included individuals of European descent from the Canadian Longitudinal Study on Aging with available genetic and metabolic data (n = 9004).” https://www.ebi.ac.uk/europepmc/webservices/rest/search?query=EXT_ID%3A39144724+AND+SRC%3AMED&format=json&resultType=core
COHO:0000381	GCST90104476	PMID:35995766	the GWAS and PGS Catalog review 2026-09-23, catalog_cohorts_review.tsv; “Here, we perform a whole genome association study of 2,291 metabolite peaks (known and unknown features) in 2,466 Black individuals from the Jackson Heart Study.” https://www.ebi.ac.uk/europepmc/webservices/rest/search?query=EXT_ID%3A35995766+AND+SRC%3AMED&format=json&resultType=core
COHO:0000382	GCST90432193	PMID:37794183	the GWAS and PGS Catalog review 2026-09-23, catalog_cohorts_review.tsv; “The UKB Pharma Plasma Proteome (UKB-PPP) cohort comprises plasma samples from 54,219 individuals, including 46,595 randomly selected participants, 6,376 consortium-chosen individuals and 1,268 participants from a COVID-19 repeat imaging study.” https://www.ebi.ac.uk/europepmc/webservices/rest/PMC10567546/fullTextXML
COHO:0000383	GCST90837428	PMID:41298473	the GWAS and PGS Catalog review 2026-09-23, catalog_cohorts_review.tsv; “We established the Mass General Brigham Biobank (MGBB), currently encompassing 142,238 participants, to unravel the intricate relationships among genomic profiles, environmental context, and disease manifestations within clinical practice.” https://www.ebi.ac.uk/europepmc/webservices/rest/search?query=EXT_ID%3A41298473+AND+SRC%3AMED&format=json&resultType=core
COHO:0000384	GCST90244700	PMID:36314488	the GWAS and PGS Catalog review 2026-09-23, catalog_cohorts_review.tsv; “Methods and Results We measured plasma sCD163 in 5214 adults (aged ≥65 years, 58.7% women, 16.2% Black) of the CHS (Cardiovascular Health Study).” https://www.ebi.ac.uk/europepmc/webservices/rest/search?query=EXT_ID%3A36314488+AND+SRC%3AMED&format=json&resultType=core
COHO:0000385	GCST90454571	PMID:38141771	the GWAS and PGS Catalog review 2026-09-23, catalog_cohorts_review.tsv; “The Offspring cohort from the Framingham Heart Study was cross-sectionally analyzed in this genome-wide interaction study (GWIS).” https://www.ebi.ac.uk/europepmc/webservices/rest/search?query=EXT_ID%3A38141771+AND+SRC%3AMED&format=json&resultType=core
COHO:0000386	GCST90829960	PMID:42069741	the GWAS and PGS Catalog review 2026-09-23, catalog_cohorts_review.tsv; “Thus, we perform genome-wide association studies on 970 lipid species and 267 fatty acid composite measures using samples from the population-based Rhineland Study (n = 6096).” https://www.ebi.ac.uk/europepmc/webservices/rest/search?query=EXT_ID%3A42069741+AND+SRC%3AMED&format=json&resultType=core
COHO:0000387	GCST90829960	PMID:42069741	the GWAS and PGS Catalog review 2026-09-23, catalog_cohorts_review.tsv; “We validate our findings using corresponding data from two other independent cohorts, including FinnGen (n = 7266) and EPIC-Potsdam (n = 1188).” https://www.ebi.ac.uk/europepmc/webservices/rest/search?query=EXT_ID%3A42069741+AND+SRC%3AMED&format=json&resultType=core
COHO:0000388	GCST90461825	PMID:39644095	the GWAS and PGS Catalog review 2026-09-23, catalog_cohorts_review.tsv; “We performed a genome-wide association study (GWAS) of 81 fatty acids and oxylipins in 11,584 Hispanic Community Health Study/Study of Latinos (HCHS/SOL) participants with genetic and lipidomic data measured at study baseline (58.6% female, mean age = 46.1 years (standard deviation 13.8)).” https://www.ebi.ac.uk/europepmc/webservices/rest/search?query=EXT_ID%3A39644095+AND+SRC%3AMED&format=json&resultType=core
COHO:0000389	GCST90023981	PMID:35668104	the GWAS and PGS Catalog review 2026-09-23, catalog_cohorts_review.tsv; “We quantified 596 lipid species in serum from 4,492 individuals from the Busselton Health Study.” https://www.ebi.ac.uk/europepmc/webservices/rest/search?query=EXT_ID%3A35668104+AND+SRC%3AMED&format=json&resultType=core
COHO:0000390	GCST90670368	PMID:41688638	the GWAS and PGS Catalog review 2026-09-23, catalog_cohorts_review.tsv; “The Swedish Infrastructure for Medical Population-Based Life-Course and Environmental Research (SIMPLER; https://www.simpler4health.se/w/sh/en) includes data from two large, ongoing population-based studies: the Cohort of Swedish Men (COSM) and the Swedish Mammography Cohort (SMC)58.” https://www.ebi.ac.uk/europepmc/webservices/rest/PMC12987725/fullTextXML
COHO:0000391	GCST90837374	PMID:42634071	the GWAS and PGS Catalog review 2026-09-23, catalog_cohorts_review.tsv; “We conducted a genome-wide association study (GWAS) of CT-based emphysema, with a particular focus on non-smoking-related genetic determinants.MethodsWe analyzed 25,639 individuals of European ancestry from the SCAPIS national cohort, aged 50-65 years, of which 51% were never-smokers.” https://www.ebi.ac.uk/europepmc/webservices/rest/search?query=EXT_ID%3A42634071+AND+SRC%3AMED&format=json&resultType=core
COHO:0000392	GCST90670368	PMID:41688638	the GWAS and PGS Catalog review 2026-09-23, catalog_cohorts_review.tsv; “The Malmö offspring study (MOS) includes participants aged ≥18 years who are children or grandchildren of participants from the Malmö Diet and Cancer Study (MDC)—cardiovascular cohort, a subset of the larger MDC59.” https://www.ebi.ac.uk/europepmc/webservices/rest/PMC12987725/fullTextXML
COHO:0000393	GCST90139389	PMID:35347128	the GWAS and PGS Catalog review 2026-09-23, catalog_cohorts_review.tsv; “Here, we do so, reporting genome-wide association study (GWAS) results for 1391 plasma metabolites (Metabolon platform) in 6136 participants in METSIM, a study of middle-aged and older men recruited from a single site in late-settlement northeast Finland3, who were part of our previous study2.” https://www.ebi.ac.uk/europepmc/webservices/rest/PMC8960770/fullTextXML
COHO:0000394	GCST90667550	PMID:41096749	the GWAS and PGS Catalog review 2026-09-23, catalog_cohorts_review.tsv; “Comparison of allele frequencies revealed that rs2605913 was present at 8.8% in the QGP cohort but occurred more frequently in the European dataset of 1000 Genomes (34.4%) (Table S2).” https://www.ebi.ac.uk/europepmc/webservices/rest/PMC12524746/fullTextXML
COHO:0000395	GCST90666541	PMID:41688637	the GWAS and PGS Catalog review 2026-09-23, catalog_cohorts_review.tsv; “Here we conducted a genome-wide association study of host genetic factors influencing gut microbiota composition in 12,652 individuals from the Trøndelag Health Study (HUNT), with replication in Nordic cohorts (n = 16,017-21,976).” https://www.ebi.ac.uk/europepmc/webservices/rest/search?query=EXT_ID%3A41688637+AND+SRC%3AMED&format=json&resultType=core
COHO:0000396	GCST90709872	PMID:41606319	the GWAS and PGS Catalog review 2026-09-23, catalog_cohorts_review.tsv; “To create a dataset suitable for exploring variation in the oral microbiome and the way it is shaped by human genetic variation, we analysed DNA sequencing reads previously generated from whole-genome sequencing (WGS) of saliva samples from 12,519 participants in the Simons Foundation Powering Autism Research (SPARK) cohort25 (Fig. 1a), building on previous work26,27.” https://www.ebi.ac.uk/europepmc/webservices/rest/PMC12979206/fullTextXML
COHO:0000397	GCST90257106	PMID:35120996	the GWAS and PGS Catalog review 2026-09-23, catalog_cohorts_review.tsv; “Here, we conducted a GWAS of 537 blood metabolites measured in the Chronic Renal Insufficiency Cohort (CRIC) Study, with separate analyses in 822 White and 687 Black study participants.” https://www.ebi.ac.uk/europepmc/webservices/rest/search?query=EXT_ID%3A35120996+AND+SRC%3AMED&format=json&resultType=core
COHO:0000398	GCST90128424	PMID:35387486	the GWAS and PGS Catalog review 2026-09-23, catalog_cohorts_review.tsv; “We conducted a genome-wide association meta-analysis in up to 28 204 individuals from 14 cohorts in the SCALLOP Consortium for plasma ACE2 protein measured with the Olink platform.” https://www.ebi.ac.uk/europepmc/webservices/rest/PMC9047645/fullTextXML
COHO:0000399	GCST90651113	PMID:40465716	the GWAS and PGS Catalog review 2026-09-23, catalog_cohorts_review.tsv; “Data were collected from a single institution—China Medical University Hospital (CMUH) and its affiliated branches—through a unified system encompassing nearly 19 years of EMRs.” https://www.ncbi.nlm.nih.gov/research/bionlp/RESTful/pmcoa.cgi/BioC_xml/PMC12136033/unicode
COHO:0000400	GCST90308732	PMID:37349795	the GWAS and PGS Catalog review 2026-09-23, catalog_cohorts_review.tsv; “This study included non-Hispanic white participants of the Framingham Heart Study (FHS), National Institute on Aging sponsored Alzheimer’s Disease Research Centers whose phenotypic information was assembled and curated by the National Alzheimer’s Coordinating Center (NACC), the Adult Changes in Thought (ACT) Study, the Alzheimer’s Disease Neuroimaging Initiative (ADNI), and the Religious Orders Study/Rush Memory and Aging Project (ROSMAP).” https://www.ebi.ac.uk/europepmc/webservices/rest/PMC10286470/fullTextXML
COHO:0000401	GCST90295958	PMID:37949852	the GWAS and PGS Catalog review 2026-09-23, catalog_cohorts_review.tsv; “We also included 115,418 participants from the MAYO-RGC Project Generation, which brings together the Mayo Clinic Biobank (N = 53,227)49 as well as 30 Mayo-based disease registries/studies who were successfully sequenced.” https://www.ebi.ac.uk/europepmc/webservices/rest/PMC10638276/fullTextXML
COHO:0000402	GCST90452968	PMID:39972214	the GWAS and PGS Catalog review 2026-09-23, catalog_cohorts_review.tsv; “Our discovery cohort included 2,147 children and adolescents aged 5–20 years from the HOLBAEK Study, 45% of whom were from the general population and 55% from the Children’s Obesity Clinic in Holbæk, Denmark (Fig. 1a).” https://www.ebi.ac.uk/europepmc/webservices/rest/PMC11906355/fullTextXML
COHO:0000403	GCST90296696	PMID:38182742	the GWAS and PGS Catalog review 2026-09-23, catalog_cohorts_review.tsv; “We conducted the largest genome-wide association study of GDM to date in 12,332 cases and 131,109 parous female controls in the FinnGen study and identified 13 GDM-associated loci, including nine new loci.” https://www.ebi.ac.uk/europepmc/webservices/rest/search?query=EXT_ID%3A38182742+AND+SRC%3AMED&format=json&resultType=core
COHO:0000404	GCST90102626	PMID:35050183	the GWAS and PGS Catalog review 2026-09-23, catalog_cohorts_review.tsv; “The NIHR BioResource (NBR) Rare Disease Study is a multi-center whole-exome and whole-genome sequencing study including up to 13,600 patients.” https://www.ebi.ac.uk/europepmc/webservices/rest/PMC8777659/fullTextXML
COHO:0000405	GCST90024610	PMID:35668104	the GWAS and PGS Catalog review 2026-09-23, catalog_cohorts_review.tsv; “We performed a GWAS of the human serum lipidome (Fig. 1) in the BHS discovery cohort (4492 individuals of European ancestry) followed by validation against a meta-analysis of the two validation cohorts (ADNI and AIBL; 670 and 895 individuals of European ancestry, respectively).” https://www.ebi.ac.uk/europepmc/webservices/rest/PMC9170690/fullTextXML
COHO:0000406	GCST90257012	PMID:35348614	the GWAS and PGS Catalog review 2026-09-23, catalog_cohorts_review.tsv; “The control population used in this study consisted of a cohort of 1081 individuals, part of the PopGen cohort, a population-based biobank in Germany.8⁠ This subset of individuals corresponded to healthy subjects without neurological or endocrine disease, age-matched to our anti-GAD65 AINS patients, with available genotype data generated on the Infinium Global Screening Array (Illumina).” https://www.ebi.ac.uk/europepmc/webservices/rest/PMC9976967/fullTextXML
COHO:0000407	GCST90482719	PMID:39621102	the GWAS and PGS Catalog review 2026-09-23, catalog_cohorts_review.tsv; “We thank all of the participants, study team and investigators of the Diabetic Cohort (DC), the Diabetic Nephropathy (DN) cohort and the Singapore Study of Macro-angiopathy and Micro-vascular Reactivity in Type 2 Diabetes (SMART2D) for their contributions to research” https://eutils.ncbi.nlm.nih.gov/entrez/eutils/efetch.fcgi?db=pubmed&id=39621102&retmode=xml
COHO:0000408	GCST90482719	PMID:39621102	the GWAS and PGS Catalog review 2026-09-23, catalog_cohorts_review.tsv; “We thank all of the participants, study team and investigators of the Diabetic Cohort (DC), the Diabetic Nephropathy (DN) cohort and the Singapore Study of Macro-angiopathy and Micro-vascular Reactivity in Type 2 Diabetes (SMART2D) for their contributions to research” https://eutils.ncbi.nlm.nih.gov/entrez/eutils/efetch.fcgi?db=pubmed&id=39621102&retmode=xml
COHO:0000409	GCST90570521	PMID:41495267	the GWAS and PGS Catalog review 2026-09-23, catalog_cohorts_review.tsv; “In the first genome-wide association study (GWAS) conducted for hot flashes, Crandall et al.12 found a significant locus in the TACR3 gene in a trans-ancestry meta-analysis of 17,695 post-menopausal women from the Women’s Health Initiative (WHI).” https://www.ebi.ac.uk/europepmc/webservices/rest/PMC12830824/fullTextXML
COHO:0000410	GCST90428122	PMID:37731490	the GWAS and PGS Catalog review 2026-09-23, catalog_cohorts_review.tsv; “To identify determinants of the anti-TSST-1 antibody response, we examined 976 participants of the German population-based epidemiological Study of Health in Pomerania (SHIP-TREND-0).” https://www.ebi.ac.uk/europepmc/webservices/rest/search?query=EXT_ID%3A37731490+AND+SRC%3AMED&format=json&resultType=core
COHO:0000411	GCST90255392	PMID:36777999	the GWAS and PGS Catalog review 2026-09-23, catalog_cohorts_review.tsv; “We conducted GWAS for 76 phenotypes in Korean biobank data, namely the Korean Genome and Epidemiology Study (KoGES) (n = 72,298).” https://www.ebi.ac.uk/europepmc/webservices/rest/search?query=EXT_ID%3A36777999+AND+SRC%3AMED&format=json&resultType=core
COHO:0000412	GCST90840420	PMID:42426908	the GWAS and PGS Catalog review 2026-09-23, catalog_cohorts_review.tsv; “We perform a logistic GWAS of metabolite missingness from an untargeted mass spectrometry-based platform in the Netherlands Epidemiology of Obesity Study (N = 594) and the Rhineland Study (N = 4,165).” https://www.ebi.ac.uk/europepmc/webservices/rest/search?query=EXT_ID%3A42426908+AND+SRC%3AMED&format=json&resultType=core
COHO:0000413	GCST90841377	PMID:37101235	the GWAS and PGS Catalog review 2026-09-23, catalog_cohorts_review.tsv; “These cohorts included Memento [24], Mayo Clinic Study of Aging (MCSA) [25], Wisconsin Registry for Alzheimer's Prevention (WRAP) [26], Berkeley Aging Cohort study (BACS) [27], Korean study [28], and MISSION-AD.” https://www.ebi.ac.uk/europepmc/webservices/rest/PMC10134547/fullTextXML
COHO:0000414	GCST90317902	PMID:39528826	the GWAS and PGS Catalog review 2026-09-23, catalog_cohorts_review.tsv
COHO:0000415	GCST90837544	PMID:41419686	the GWAS and PGS Catalog review 2026-09-23, catalog_cohorts_review.tsv; “The control groups were drawn from the following biobanks, each approved by their respective local ethics committees: the Heinz Nixdorf Recall Study (University Hospital Essen), the PROCAM-2 Study (University of Münster), as well as the PopGen Biobank and the FOCUS Study (University of Schleswig-Holstein).” https://www.ebi.ac.uk/europepmc/webservices/rest/PMC12807872/fullTextXML
COHO:0000416	GCST90094886	PMID:35393526	the GWAS and PGS Catalog review 2026-09-23, catalog_cohorts_review.tsv; “To date, over 7000 Amish adults have participated in one or more of our studies as part of the Amish Complex Disease Research Program72.” https://www.ebi.ac.uk/europepmc/webservices/rest/PMC8989972/fullTextXML
COHO:0000417	GCST90225535	PMID:36167494	the GWAS and PGS Catalog review 2026-09-23, catalog_cohorts_review.tsv; “The biobank at Vanderbilt (BioVU) is one of the largest practice-based biobanks in the U.S.” https://www.ebi.ac.uk/europepmc/webservices/rest/PMC9512962/fullTextXML
COHO:0000418	GCST90668445	PMID:40593539	the GWAS and PGS Catalog review 2026-09-23, catalog_cohorts_review.tsv; “We conducted a multicenter study using data from seven studies – TwinsUK (N = 3918), EPIC-Potsdam (N = 2192), PainOmics (N = 1873), SOCCS (N = 1742), SABRE (N = 544), QMDiab (N = 325), and CEDAR (N = 170) with a total sample size N = 10,764.” https://www.ebi.ac.uk/europepmc/webservices/rest/PMC12218978/fullTextXML
COHO:0000419	GCST90453794	PMID:39972214	the GWAS and PGS Catalog review 2026-09-23, catalog_cohorts_review.tsv; “GALA–ALD/HP, gut and liver axis–alcohol-related liver disease/healthy participants.” https://www.ebi.ac.uk/europepmc/webservices/rest/PMC11906355/fullTextXML
COHO:0000420	GCST90105059	PMID:35385482	the GWAS and PGS Catalog review 2026-09-23, catalog_cohorts_review.tsv; “GWAS revealed 3 loci (p<5.0E-08), two of which replicated in the population-based Young Finns Study (YFS) cohort (p<1.67E-03): rs10011284, upstream of SPP1 encoding the OPN protein and related to OPN production, and rs4253311, mapping into KLKB1 encoding prekallikrein (PK), which is processed to kallikrein (KAL) implicated through the kinin-kallikrein system (KKS) in blood pressure control, inflammation, blood coagulation, cancer, and cardiovascular disease.” https://www.ebi.ac.uk/europepmc/webservices/rest/PMC9015153/fullTextXML
COHO:0000421	GCST90668445	PMID:40593539	the GWAS and PGS Catalog review 2026-09-23, catalog_cohorts_review.tsv; “SOCCS (colorectal cancer cases, N = 1283), TwinsUK (N = 1179), CEDAR (N = 170);” https://www.ebi.ac.uk/europepmc/webservices/rest/PMC12218978/fullTextXML
COHO:0000422	GCST90246012	PMID:37601966	the GWAS and PGS Catalog review 2026-09-23, catalog_cohorts_review.tsv; “The China Kadoorie Biobank (CKB) is a population-based prospective cohort of >512,000 adults recruited from 2004 to 2008 from 10 geographically diverse regions across China.” https://www.ebi.ac.uk/europepmc/webservices/rest/search?query=EXT_ID%3A37601966+AND+SRC%3AMED&format=json&resultType=core
COHO:0000423	GCST90994634	PMID:42620341	the GWAS and PGS Catalog review 2026-09-23, catalog_cohorts_review.tsv; “ObjectiveTo assess how whole genome sequencing (WGS) and varying phenotype definitions influence genetic discovery for primary open-angle glaucoma (POAG) in a diverse population.DesignAncestry-stratified genome-wide association studies (GWASs) and cross-ancestry meta-analyses of POAG cases and controls using 2 phenotype definitions.ParticipantsCases (age ≥40 years) and controls (age ≥65 years) were identified in the National Institutes of Health All of Us Research Program v8 data release and subdivided into genetically inferred ancestral groups.” https://www.ebi.ac.uk/europepmc/webservices/rest/search?query=EXT_ID%3A42620341+AND+SRC%3AMED&format=json&resultType=core
COHO:0000424	GCST90101736	PMID:35278270	the GWAS and PGS Catalog review 2026-09-23, catalog_cohorts_review.tsv; “This study aimed to determine the relationship of both snLVEF genetic risk and phenotype with survival and underdiagnosed heart failure (HF).Methods and resultsA snLVEF genetic risk score (GRS) was applied and cases of snLVEF were identified in 486 754 individuals across two population-based cohorts (BioMe Biobank and UK Biobank).” https://www.ebi.ac.uk/europepmc/webservices/rest/search?query=EXT_ID%3A35278270+AND+SRC%3AMED&format=json&resultType=core
COHO:0000425	GCST90444478	PMID:39251807	the GWAS and PGS Catalog review 2026-09-23, catalog_cohorts_review.tsv; “The Coronary Artery Risk Development in Young Adults Study (CARDIA) is conducted and supported by the National Heart, Lung, and Blood Institute (NHLBI) in collaboration with the University of Alabama at Birmingham (HHSN268201800005I & HHSN268201800007I), Northwestern University (HHSN268201800003I), University of Minnesota (HHSN268201800006I), and Kaiser Foundation Research Institute (HHSN268201800004I).” https://www.ebi.ac.uk/europepmc/webservices/rest/PMC11385583/fullTextXML
COHO:0000426	GCST90557814	PMID:41469377	the GWAS and PGS Catalog review 2026-09-23, catalog_cohorts_review.tsv; “To address this gap, we have initiated the Health for Life in Singapore (HELIOS) longitudinal cohort study, comprising comprehensive behavioural, phenotypic, and genomic measurements from 10,004 Asian men and women of Chinese, Indian or Malay background.” https://www.ebi.ac.uk/europepmc/webservices/rest/search?query=EXT_ID%3A41469377+AND+SRC%3AMED&format=json&resultType=core
COHO:0000427	GCST90091013	PMID:34446064	the GWAS and PGS Catalog review 2026-09-23, catalog_cohorts_review.tsv; “The Cleveland Family Study (CFS) was designed to investigate the familial basis of SDB, with four visits occurring from 1990 to 2006 [21].” https://www.ebi.ac.uk/europepmc/webservices/rest/PMC8394596/fullTextXML
COHO:0000428	GCST90428450	PMID:28596592	the GWAS and PGS Catalog review 2026-09-23, catalog_cohorts_review.tsv; “This study is based on whole-genome sequence data from the whole blood of 15,220 Icelanders participating in various disease projects at deCODE genetics.” https://www.ebi.ac.uk/europepmc/webservices/rest/PMC5465083/fullTextXML
COHO:0000429	GCST90668445	PMID:40593539	the GWAS and PGS Catalog review 2026-09-23, catalog_cohorts_review.tsv; “We conducted a multicenter study using data from seven studies – TwinsUK (N = 3918), EPIC-Potsdam (N = 2192), PainOmics (N = 1873), SOCCS (N = 1742), SABRE (N = 544), QMDiab (N = 325), and CEDAR (N = 170) with a total sample size N = 10,764.” https://www.ebi.ac.uk/europepmc/webservices/rest/PMC12218978/fullTextXML
COHO:0000430	GCST90179214	PMID:36349687	the GWAS and PGS Catalog review 2026-09-23, catalog_cohorts_review.tsv; “Meta-analyzing whole-genome sequencing (WGS) data from two Greek cohorts, MANOLIS (n = 1356; 22.5× WGS) and Pomak (n = 1537; 18.4× WGS), we detect 301 independently associated pQTL variants for 170 proteins, including 12 rare variants (minor allele frequency < 1%).” https://www.ebi.ac.uk/europepmc/webservices/rest/PMC10077504/fullTextXML
COHO:0000431	GCST90095184	PMID:35449187	the GWAS and PGS Catalog review 2026-09-23, catalog_cohorts_review.tsv; “We conducted a genome-wide association study of AK in non-Hispanic white participants of the Genetic Epidemiology Research on Adult Health and Aging (GERA) cohort (n = 63,110, discovery cohort), with validation in the Mass-General Brigham (MGB) Biobank cohort (n = 29,130).” https://www.ebi.ac.uk/europepmc/webservices/rest/search?query=EXT_ID%3A35449187+AND+SRC%3AMED&format=json&resultType=core
COHO:0000432	GCST90668562	PMID:40593539	the GWAS and PGS Catalog review 2026-09-23, catalog_cohorts_review.tsv; “We conducted a multicenter study using data from seven studies – TwinsUK (N = 3918), EPIC-Potsdam (N = 2192), PainOmics (N = 1873), SOCCS (N = 1742), SABRE (N = 544), QMDiab (N = 325), and CEDAR (N = 170) with a total sample size N = 10,764.” https://www.ebi.ac.uk/europepmc/webservices/rest/PMC12218978/fullTextXML
COHO:0000433	GCST007410	PMID:30718454	the GWAS and PGS Catalog review 2026-09-23, catalog_cohorts_review.tsv; “To improve our understanding of this link, we performed genome-wide association studies (GWAS) of depressive symptoms and genome-wide by environment interaction studies (GWEIS) of depressive symptoms and stressful life events (SLE) in two UK population-based cohorts (Generation Scotland and UK Biobank).” https://www.ebi.ac.uk/europepmc/webservices/rest/search?query=EXT_ID%3A30718454+AND+SRC%3AMED&format=json&resultType=core
COHO:0000434	GCST90093093	PMID:33418499	the GWAS and PGS Catalog review 2026-09-23, catalog_cohorts_review.tsv; “Old Order Amish, Atherosclerosis Risk in Communities (ARIC), Framingham Heart Study (FHS), Genetic Epidemiology Network of Arteriopathy (GENOA), Genetic Epidemiology Network of Salt Sensitivity (GenSalt), Genetic Study of Atherosclerosis Risk (GeneSTAR), Hypertension Genetic Epidemiology Network (HyperGEN), Jackson Heart Study (JHS), Multi-Ethnic Study of Atherosclerosis (MESA) and Women's Health Initiative (WHI).” https://www.ebi.ac.uk/europepmc/webservices/rest/PMC7804602/fullTextXML
COHO:0000435	GCST90093140	PMID:34847907	the GWAS and PGS Catalog review 2026-09-23, catalog_cohorts_review.tsv; “The aim of this study was to investigate genome-wide associations of periodontal condition measured as deepened periodontal pockets (≥ 4 mm) in Finnish adults.MethodsThis study was based on the data of the national Health 2000 Survey (BRIF8901) in Finland and the Northern Finland Birth Cohort 1966 Study totalling 3,245 individuals.” https://www.ebi.ac.uk/europepmc/webservices/rest/search?query=EXT_ID%3A34847907+AND+SRC%3AMED&format=json&resultType=core
COHO:0000436	GCST90278615	PMID:38116116	the GWAS and PGS Catalog review 2026-09-23, catalog_cohorts_review.tsv; “Here we report findings from 102,900 individuals across 36 human quantitative traits in the Taiwan Biobank (TWB), a major biobank effort that broadens the population diversity of genetic studies in East Asia.” https://www.ebi.ac.uk/europepmc/webservices/rest/search?query=EXT_ID%3A38116116+AND+SRC%3AMED&format=json&resultType=core
COHO:0000437	GCST90277238	PMID:37907536	the GWAS and PGS Catalog review 2026-09-23, catalog_cohorts_review.tsv; “Here we report univariate and multivariate GWAS of 179 lipid species from 13 lipid classes in 7174 Finnish individuals from the GeneRISK cohort, followed by a phenome-wide association study (PheWAS) of the identified lipid-associated genetic loci in 377,277 biobank participants of the FinnGen study and a colocalization analysis with these endpoints.” https://www.ebi.ac.uk/europepmc/webservices/rest/PMC10618167/fullTextXML
COHO:0000438	GCST90093143	PMID:34734193	the GWAS and PGS Catalog review 2026-09-23, catalog_cohorts_review.tsv
COHO:0000439	GCST90095485	PMID:34780722	the GWAS and PGS Catalog review 2026-09-23, catalog_cohorts_review.tsv; “Patients with UC (n=484) or CD (n=464) and HCs (ages 18+, n=365) were recruited as part of a cross-sectional study, the Mount Sinai Crohn’s and Colitis Registry (MSCCR), between December 2013 and September 2016 from the outpatient and endoscopy units of the Mount Sinai Hospital.” https://www.ncbi.nlm.nih.gov/research/bionlp/RESTful/pmcoa.cgi/BioC_xml/PMC9214725/unicode
COHO:0000440	GCST90128543	PMID:35383335	the GWAS and PGS Catalog review 2026-09-23, catalog_cohorts_review.tsv; “The infrastructure for the NESDA study (www.nesda.nl) is funded through the Geestkracht program of the Netherlands Organisation for Health Research and Development (ZonMw, grant No 10-000-1002) and financial contributions by participating universities and mental health care organizations (VU University Medical Center, GGZ inGeest, Leiden University Medical Center, Leiden University, GGZ Rivierduinen, University Medical Center Groningen, University of Groningen, Lentis, GGZ Friesland, GGZ Drenthe, Rob Giel Onderzoekscentrum).” https://www.ebi.ac.uk/europepmc/webservices/rest/PMC10040206/fullTextXML
COHO:0000441	GCST90105058	PMID:35580588	the GWAS and PGS Catalog review 2026-09-23, catalog_cohorts_review.tsv; “Age, Genes/Environment Susceptibility - Reykjavik (AGES; n = 3,134), the Danish Twin Registry (DTR; n = 1,314), the Estonian Genome Center at the University of Tartu (EGCUT; n = 55,523), FinnGen (n = 212,544), Framingham Heart Study (FHS; n = 2,536), Health Aging and Body Composition (HABC; n = 1,288), Italian Network of Genetic Isolates - Friuli Venezia Giulia (INGI-FVG; n = 339), the Rotterdam Study (RS, cohorts 1–3; n = 6,157), the Salus in Apulia study (SA; n = 1,780; formerly known as Great Age study), Screening Across the Lifespan Twin (SALT; n = 9,565, and SALTY - young; n = 5,133), Screening Twin Adults:” https://www.ebi.ac.uk/europepmc/webservices/rest/PMC9247887/fullTextXML
COHO:0000442	GCST90104583	PMID:35275946	the GWAS and PGS Catalog review 2026-09-23, catalog_cohorts_review.tsv; “The Michigan Genomics Initiative (MGI) is a biobank that collects blood samples on adult perioperative patients for later genetic analysis.” https://www.ebi.ac.uk/europepmc/webservices/rest/PMC8916629/fullTextXML
COHO:0000443	GCST90809085	PMID:42378311	the GWAS and PGS Catalog review 2026-09-23, catalog_cohorts_review.tsv; “The IMPaCT cohort included 2436 mothers across three child outcome groups (ASD N = 339, DD N = 1193, GP N = 904) with blood sample measurements taken at two timepoints (14–147 days apart) [S7c Fig] per individual over the first and second trimesters (Fig 1a).” https://www.ebi.ac.uk/europepmc/webservices/rest/PMC13340790/fullTextXML
COHO:0000444	GCST90029070	PMID:35459240	the GWAS and PGS Catalog review 2026-09-23, catalog_cohorts_review.tsv; “We report the largest genome-wide association study (GWAS) on C-reactive protein (CRP), a marker of systemic inflammation, in UK Biobank participants (N = 427,367, European descent) and the Cohorts for Heart and Aging Research in Genomic Epidemiology (CHARGE) Consortium (total N = 575,531 European descent).” https://www.ebi.ac.uk/europepmc/webservices/rest/search?query=EXT_ID%3A35459240+AND+SRC%3AMED&format=json&resultType=core
COHO:0000445	GCST003664	PMID:27005778	the GWAS and PGS Catalog review 2026-09-23, catalog_cohorts_review.tsv; “Angiogram (COROGENE), Genetics of METabolic Syndrome, Helsinki Birth Cohort” https://www.ebi.ac.uk/europepmc/webservices/rest/PMC4814583/fullTextXML
COHO:0000446	GCST90255778	PMID:36777645	the GWAS and PGS Catalog review 2026-09-23, catalog_cohorts_review.tsv; “Genome-wide association and genome-wide-by-environment interaction analyses (GWEIS, run separately for prenatal/postnatal ELS) were conducted for eight brain outcomes (i.e., 24 genome-wide analyses) in the Generation R Study (discovery).” https://www.ebi.ac.uk/europepmc/webservices/rest/search?query=EXT_ID%3A36777645+AND+SRC%3AMED&format=json&resultType=core
COHO:0000447	GCST90503338	PMID:38326779	the GWAS and PGS Catalog review 2026-09-23, catalog_cohorts_review.tsv; “The 500FG cohort is a population-based cohort of healthy individuals of Western European ancestry consisting of 237 males and 296 females with age range of 18-75 years.” https://www.ebi.ac.uk/europepmc/webservices/rest/PMC10851559/fullTextXML
COHO:0000448	GCST90244183	PMID:36192519	the GWAS and PGS Catalog review 2026-09-23, catalog_cohorts_review.tsv; “Association with IOP was tested on a total of 101,678 individuals and 27,529 individuals of European ancestry from the United Kingdom Biobank (UKB) and the MyCode Community Health Initiative cohort from Geisinger Health System (GHS), respectively.” https://www.ebi.ac.uk/europepmc/webservices/rest/PMC9529959/fullTextXML
COHO:0000449	GCST90094988	PMID:34728798	the GWAS and PGS Catalog review 2026-09-23, catalog_cohorts_review.tsv; “To test this hypothesis, we performed a genome-wide association study (GWAS) of problematic opioid use (POU) in 23andMe research participants of European ancestry (N = 132,113; 21% cases).” https://www.ebi.ac.uk/europepmc/webservices/rest/PMC8562028/fullTextXML
COHO:0000450	GCST90094671	PMID:34822396	the GWAS and PGS Catalog review 2026-09-23, catalog_cohorts_review.tsv; “LIFE-Heart (1357 males, 711 females) [23] and LIFE-Adult (863 males, 618 females) [24].” https://www.ebi.ac.uk/europepmc/webservices/rest/PMC8624973/fullTextXML
COHO:0000451	GCST90267412	PMID:36395887	the GWAS and PGS Catalog review 2026-09-23, catalog_cohorts_review.tsv; “The red blood cell (RBC)-Omics study, part of the larger NHLBI-funded Recipient Epidemiology and Donor Evaluation Study (REDS-III), aims to understand the genetic contribution to blood donor RBC characteristics.” https://www.ebi.ac.uk/europepmc/webservices/rest/PMC9763692/fullTextXML
COHO:0000452	GCST003664	PMID:27005778	the GWAS and PGS Catalog review 2026-09-23, catalog_cohorts_review.tsv; “Angiogram (COROGENE), Genetics of METabolic Syndrome, Helsinki Birth Cohort” https://www.ebi.ac.uk/europepmc/webservices/rest/PMC4814583/fullTextXML
COHO:0000453	GCST003664	PMID:27005778	the GWAS and PGS Catalog review 2026-09-23, catalog_cohorts_review.tsv; “GenMets, Genetics of METabolic Syndrome;” https://www.ebi.ac.uk/europepmc/webservices/rest/PMC4814583/fullTextXML
COHO:0000454	GCST90668562	PMID:40593539	the GWAS and PGS Catalog review 2026-09-23, catalog_cohorts_review.tsv; “We conducted a multicenter study using data from seven studies – TwinsUK (N = 3918), EPIC-Potsdam (N = 2192), PainOmics (N = 1873), SOCCS (N = 1742), SABRE (N = 544), QMDiab (N = 325), and CEDAR (N = 170) with a total sample size N = 10,764.” https://www.ebi.ac.uk/europepmc/webservices/rest/PMC12218978/fullTextXML
COHO:0000455	GCST90104704	PMID:35312098	the GWAS and PGS Catalog review 2026-09-23, catalog_cohorts_review.tsv; “GeneSTAR is an ongoing prospective study begun in 1983 designed to determine environmental, phenotypic, and genetic causes of premature cardiovascular disease.” https://www.ebi.ac.uk/europepmc/webservices/rest/PMC9086181/fullTextXML
COHO:0000456	GCST90301399	PMID:38664626	the GWAS and PGS Catalog review 2026-09-23, catalog_cohorts_review.tsv; “The third replication dataset was derived from two prospective cohort studies in the US: the Nurses’ Health Study and the Health Professionals Follow-up Study [13, 55].” https://www.ebi.ac.uk/europepmc/webservices/rest/PMC11046907/fullTextXML
COHO:0000457	GCST90267372	PMID:37255673	the GWAS and PGS Catalog review 2026-09-23, catalog_cohorts_review.tsv; “To understand the biology of mtCN, we carried out genome- and phenome-wide association studies of mtCN in 30,666 individuals from the Penn Medicine BioBank (PMBB)-a diverse cohort of largely African and European ancestry.” https://www.ebi.ac.uk/europepmc/webservices/rest/search?query=EXT_ID%3A37255673+AND+SRC%3AMED&format=json&resultType=core
COHO:0000458	GCST90281046	PMID:37326842	the GWAS and PGS Catalog review 2026-09-23, catalog_cohorts_review.tsv; “Our primary analysis cohort consisted of early-RA patients receiving MTX in DMARD monotherapy as their first RA treatment, identified in the Epidemiological Investigation of RA (EIRA) biobank or the Swedish Rheumatology Quality Register’s (SRQ) biobank (SRQb).” https://www.ebi.ac.uk/europepmc/webservices/rest/PMC11065441/fullTextXML
COHO:0000459	GCST90012174	PMID:32915819	the GWAS and PGS Catalog review 2026-09-23, catalog_cohorts_review.tsv; “We performed interaction analyses using the two filtering methods, adjusting for age, sex, body mass index (BMI), waist-hip ratio, and the first three principal components from genetic data, among 2,824 samples from the Ludwigshafen Risk and Cardiovascular (LURIC) Health Study.” https://www.ebi.ac.uk/europepmc/webservices/rest/PMC7485803/fullTextXML
COHO:0000460	GCST90244653	PMID:36220816	the GWAS and PGS Catalog review 2026-09-23, catalog_cohorts_review.tsv; “Diabetes Heart Study (DHS) phs001412 and phs001012;” https://www.ebi.ac.uk/europepmc/webservices/rest/PMC9553944/fullTextXML
COHO:0000461		PMID:27089181	the GWAS and PGS Catalog review 2026-09-23, catalog_cohorts_review.tsv; “For neuroticism (N = 170,910), we pooled summary statistics from a published study by the Genetics of Personality Consortium (GPC)4 with results from a new analysis of UKB data.” https://www.ebi.ac.uk/europepmc/webservices/rest/PMC4884152/fullTextXML
COHO:0000462		PMID:41795035	the GWAS and PGS Catalog review 2026-09-23, catalog_cohorts_review.tsv; “Ncontrols=427,069) and in a Chinese case–control cohort across multiple paediatric centres named Genetic Risk Assessment for Chinese Eaglet-T1D (GRACE, N=597;” https://www.ebi.ac.uk/europepmc/webservices/rest/PMC13109230/fullTextXML
COHO:0000463		PMID:28245255	the GWAS and PGS Catalog review 2026-09-23, catalog_cohorts_review.tsv; “We included a total of 979 unique patients from the previously described prospective cohort AMC-PAS[6], with symptomatic Coronary Artery Disease (CAD) before the age of 51 years, defined as Myocardial Infarction (MI), coronary revascularization, or evidence of at least 70% stenosis in a major epicardial artery.” https://www.ebi.ac.uk/europepmc/webservices/rest/PMC5330464/fullTextXML
COHO:0000464	GCST90014287	PMID:34187551	the GWAS and PGS Catalog review 2026-09-23, catalog_cohorts_review.tsv; “The BHS is a long-term epidemiology study of the natural history of cardiovascular disease from childhood to adulthood in the community of Bogalusa (65% white, 35% African American), Louisiana, the United States” https://www.ebi.ac.uk/europepmc/webservices/rest/PMC8243879/supplementaryFiles
COHO:0000465	GCST90027030	PMID:34315907	the GWAS and PGS Catalog review 2026-09-23, catalog_cohorts_review.tsv; “We conducted a GWAS in the Cleveland Family Speech and Reading Study (CFSRS), a cohort ascertained through a proband with SSD, and replicated findings in a population-based cohort.” https://www.ebi.ac.uk/europepmc/webservices/rest/PMC8316336/fullTextXML
COHO:0000466	GCST90244554	PMID:36207451	the GWAS and PGS Catalog review 2026-09-23, catalog_cohorts_review.tsv; “We applied genomic structural equation modeling to conduct a GWAS of the new Genetics of Opioid Addiction Consortium (GENOA) data together with published studies (Psychiatric Genomics Consortium, Million Veteran Program, and Partners Health), comprising 23,367 cases and effective sample size of 88,114 individuals of European ancestry.” https://www.ebi.ac.uk/europepmc/webservices/rest/search?query=EXT_ID%3A36207451+AND+SRC%3AMED&format=json&resultType=core
COHO:0000467	GCST90454192	PMID:38102185	the GWAS and PGS Catalog review 2026-09-23, catalog_cohorts_review.tsv; “Data were collected as part of the GENetics of Opioid Addiction (GENOA) and Pharmacogenetics of Opioid Substitution Treatment Response (POST) programs.” https://www.ebi.ac.uk/europepmc/webservices/rest/PMC10724251/fullTextXML
COHO:0000468	GCST012442	PMID:34108613	the GWAS and PGS Catalog review 2026-09-23, catalog_cohorts_review.tsv; “We conducted a GWAS of ARHI in three datasets obtained from the deCODE health study (DHS)24, the National Institute of Hearing and Speech in Iceland (NIHSI) and the UKB (Fig. 1, Supplementary Table 2).” https://www.ebi.ac.uk/europepmc/webservices/rest/PMC8190123/fullTextXML
COHO:0000469	GCST90093097	PMID:33430342	the GWAS and PGS Catalog review 2026-09-23, catalog_cohorts_review.tsv; “Here we sequenced the whole genomes of 3000 individuals from the Qatar Biobank and conducted genome-wide association analyses to identify genetic risk factors associated with low BMD in the Qatari population.” https://www.ebi.ac.uk/europepmc/webservices/rest/search?query=EXT_ID%3A33430342+AND+SRC%3AMED&format=json&resultType=core
COHO:0000470		PMID:19438929	the GWAS and PGS Catalog review 2026-09-23, catalog_cohorts_review.tsv; “The Reykjavik Study is a large, population-based cohort study, which started in 1967.” https://www.ncbi.nlm.nih.gov/research/bionlp/RESTful/pmcoa.cgi/BioC_xml/PMC3133934/unicode
COHO:0000471		PMID:27814519	the GWAS and PGS Catalog review 2026-09-23, catalog_cohorts_review.tsv; “Studies from the Human Functional Genomics Project, presented in Cell and other Cell Press journals, integrate environmental and genetic factors with the direction and magnitude of immune responses to decipher inflammatory disease pathogenesis.” https://www.ebi.ac.uk/europepmc/webservices/rest/search?query=EXT_ID%3A27814519+AND+SRC%3AMED&format=json&resultType=core
COHO:0000472	GCST90270269	PMID:36602125	the GWAS and PGS Catalog review 2026-09-23, catalog_cohorts_review.tsv; “This was conducted within the Brazil Sickle Cell Disease Cohort Study as part of the Recipient Epidemiology Donor Evaluation Study III (REDS-III).” https://www.ncbi.nlm.nih.gov/research/bionlp/RESTful/pmcoa.cgi/BioC_xml/PMC10155195/unicode
COHO:0000473	GCST90271628	PMID:36864135	the GWAS and PGS Catalog review 2026-09-23, catalog_cohorts_review.tsv; “Data used in this study were provided by the Kaiser Permanente Research Program on Genes, Environment, and Health (RPGEH): Genetic Epidemiology Research on Adult Health and Aging (GERA)” https://media.springernature.com/original/springer-static/esm/art%3A10.1038%2Fs41562-023-01528-6/MediaObjects/41562_2023_1528_MOESM1_ESM.pdf
COHO:0000474	GCST90091134	PMID:34620218	the GWAS and PGS Catalog review 2026-09-23, catalog_cohorts_review.tsv; “We performed genome-wide association studies (GWAS) in 4432 continental Africans, enrolled from Ghana, Kenya, and Nigeria as part of the Africa America Diabetes Mellitus (AADM) study” https://www.ebi.ac.uk/europepmc/webservices/rest/search?query=EXT_ID:34620218%20AND%20SRC:MED&resultType=core&format=json
COHO:0000475	GCST90319314	PMID:38228779	the GWAS and PGS Catalog review 2026-09-23, catalog_cohorts_review.tsv; “In this study, we investigate the genetic underpinnings of social trust in n = 33,882 participants of the Danish Blood Donor Study (DBDS) using a validated questionnaire.” https://www.ebi.ac.uk/europepmc/webservices/rest/PMC10792163/fullTextXML
COHO:0000476	GCST90091134	PMID:34620218	the GWAS and PGS Catalog review 2026-09-23, catalog_cohorts_review.tsv; “Replication analyses were performed using data on 7990 AA from five different cohorts: the Howard University Family Study (HUFS) [32]” https://www.ebi.ac.uk/europepmc/webservices/rest/PMC8499470/fullTextXML
COHO:0000477	GCST90274758	PMID:37563310	the GWAS and PGS Catalog review 2026-09-23, catalog_cohorts_review.tsv; “Funding of the GWASs and proteomics studies of STABILITY and ARISTOTLE were supported by GlaxoSmithKline, BristolMyersSquibb and the Swedish Foundation for Strategic Research” https://www.ebi.ac.uk/europepmc/webservices/rest/PMC10457199/fullTextXML
COHO:0000478	GCST90274758	PMID:37563310	the GWAS and PGS Catalog review 2026-09-23, catalog_cohorts_review.tsv; “Biomarkers For Identifying Neurodegenerative Disorders Early and Reliably” https://static-content.springer.com/esm/art%3A10.1038%2Fs41590-023-01588-w/MediaObjects/41590_2023_1588_MOESM5_ESM.xlsx
COHO:0000479	GCST90274758	PMID:37563310	the GWAS and PGS Catalog review 2026-09-23, catalog_cohorts_review.tsv; “The CROATIA-Vis study was funded by grants from the UK MRC, the Republic of Croatia Ministry of Science, Education and Sports (grant nos. 108-1080315-0302 and 216-1080315-0302) and the Croatian Science Foundation (grant no. 8875).” https://www.ebi.ac.uk/europepmc/webservices/rest/PMC10457199/fullTextXML
COHO:0000480	GCST90276157	PMID:37700353	the GWAS and PGS Catalog review 2026-09-23, catalog_cohorts_review.tsv; “We analyzed data from individuals from the National Alzheimer’s Coordinating Center (NACC) and Rush University Medical Center databases who were evaluated postmortem for both AD and LB pathology.” https://www.ebi.ac.uk/europepmc/webservices/rest/PMC10496176/fullTextXML
COHO:0000481	GCST90093191	PMID:34734193	the GWAS and PGS Catalog review 2026-09-23, catalog_cohorts_review.tsv; “SP2 (Singapore Prospective Study Program): The SP2 is a population-based study of diabetes and cardiovascular disease in Singapore.” https://www.ebi.ac.uk/europepmc/webservices/rest/PMC8562625/supplementaryFiles
COHO:0000482	GCST90627737	PMID:41644669	the GWAS and PGS Catalog review 2026-09-23, catalog_cohorts_review.tsv; “We explored the ability of PRS to identify people at risk for ThC (PRSThC versus All) in the Colorado Center for Personalized Medicine (CCPM) Biobank population (n = 94,651).” https://www.ebi.ac.uk/europepmc/webservices/rest/PMC12900643/fullTextXML
COHO:0000483	GCST90308732	PMID:37349795	the GWAS and PGS Catalog review 2026-09-23, catalog_cohorts_review.tsv; “This study included non-Hispanic white participants of the Framingham Heart Study (FHS), National Institute on Aging sponsored Alzheimer’s Disease Research Centers whose phenotypic information was assembled and curated by the National Alzheimer’s Coordinating Center (NACC), the Adult Changes in Thought (ACT) Study, the Alzheimer’s Disease Neuroimaging Initiative (ADNI), and the Religious Orders Study/Rush Memory and Aging Project (ROSMAP).” https://www.ebi.ac.uk/europepmc/webservices/rest/PMC10286470/fullTextXML
COHO:0000484	GCST90093118	PMID:33679876	the GWAS and PGS Catalog review 2026-09-23, catalog_cohorts_review.tsv; “among 1,364 participants of African ancestry (AAs) in the Hypertension Genetic Epidemiology Network (HyperGEN)” https://www.ebi.ac.uk/europepmc/webservices/rest/search?query=EXT_ID:33679876%20AND%20SRC:MED&resultType=core&format=json
COHO:0000485	GCST90102456	PMID:34996992	the GWAS and PGS Catalog review 2026-09-23, catalog_cohorts_review.tsv; “PLCO Prostate, Lung, Colorectal and Ovarian Cancer Screening Trial” https://www.ebi.ac.uk/europepmc/webservices/rest/PMC8741984/fullTextXML
COHO:0000486	GCST90662856	PMID:40436827	the GWAS and PGS Catalog review 2026-09-23, catalog_cohorts_review.tsv; “Here we conducted GWAS for 36 quantitative traits from 153,950 individuals in the Korean Cancer Prevention Study-II (KCPS-II) Biobank22, a prospective cohort study of the Korean population with genomic data and a wide range of measured phenotypes.” https://www.ebi.ac.uk/europepmc/webservices/rest/PMC12120081/fullTextXML
COHO:0000487	GCST90094671	PMID:34822396	the GWAS and PGS Catalog review 2026-09-23, catalog_cohorts_review.tsv; “LIFE-Heart is a cohort of patients with suspected or confirmed coronary artery disease or myocardial infarction [23].” https://www.ebi.ac.uk/europepmc/webservices/rest/PMC8624973/fullTextXML
COHO:0000488	GCST90102551	PMID:36681271	the GWAS and PGS Catalog review 2026-09-23, catalog_cohorts_review.tsv; “This study was performed in a cohort of newborns in Guinea-Bissau, West Africa, part of the Bandim Health Project (BHP)” https://www.researchsquare.com/article/rs-1502935/latest.pdf
COHO:0000489	GCST90503108	PMID:40164604	the GWAS and PGS Catalog review 2026-09-23, catalog_cohorts_review.tsv; “The cohort from the Center for Applied Genomics is composed of approximately 85,000 juvenile subjects below 18 years of age and of a diverse set of ancestries.” https://www.ebi.ac.uk/europepmc/webservices/rest/PMC11958703/fullTextXML
COHO:0000490	GCST90105058	PMID:35580588	the GWAS and PGS Catalog review 2026-09-23, catalog_cohorts_review.tsv; “the Danish Twin Registry (DTR; n = 1,314)” https://www.ebi.ac.uk/europepmc/webservices/rest/PMC9247887/fullTextXML
COHO:0000491	GCST90025941	PMID:34140684	the GWAS and PGS Catalog review 2026-09-23, catalog_cohorts_review.tsv; “We devised a comprehensive three-phase framework to identify new lipid-associated genes and study the relationships among lipids, genotypes, gene expression and hundreds of complex human diseases from the Electronic Medical Records and Genomics (347 traits) and the UK Biobank (549 traits).” https://www.ebi.ac.uk/europepmc/webservices/rest/search?query=EXT_ID%3A34140684+AND+SRC%3AMED&format=json&resultType=core
COHO:0000492	GCST90840657	PMID:41520650	the GWAS and PGS Catalog review 2026-09-23, catalog_cohorts_review.tsv; “Four independent cross-sectional studies have been included in the present genetic meta-analysis, namely MDC,11,12 MOS,13 LIFE-Adult and the Sorbs cohort.” https://www.ebi.ac.uk/europepmc/webservices/rest/PMC12818281/fullTextXML
COHO:0000493		PMID:33742194	the GWAS and PGS Catalog review 2026-09-23, catalog_cohorts_review.tsv; “Dose-Responses to Exercise Training (DR's EXTRA)” https://www.ebi.ac.uk/europepmc/webservices/rest/search?query=EXT_ID:33742194%20AND%20SRC:MED&resultType=core&format=json
COHO:0000494	GCST90095479	PMID:34836252	the GWAS and PGS Catalog review 2026-09-23, catalog_cohorts_review.tsv; “in 668 participants from the Genetics of Lipid-Lowering Drugs and Diet Network study (GOLDN)” https://www.ebi.ac.uk/europepmc/webservices/rest/search?query=EXT_ID:34836252%20AND%20SRC:MED&resultType=core&format=json
COHO:0000495	GCST90428625	PMID:38815977	the GWAS and PGS Catalog review 2026-09-23, catalog_cohorts_review.tsv; “SWAN” https://www.ebi.ac.uk/europepmc/webservices/rest/PMC11759094/supplementaryFiles
COHO:0000496	GCST90451702	PMID:39746953	the GWAS and PGS Catalog review 2026-09-23, catalog_cohorts_review.tsv; “The analysis included in total of 8011 individuals from the Finnish Diabetic Nephropathy Study (FinnDiane, n = 3244, including 1632 men and 1612 women)9,10, Generation Scotland (GS, n = 2743, including 1373 men and 1370 women)11, and the VIKING study (VIKING, n = 2024, including 811 men and 1213 women)12 (Fig. 1, Supplementary Table 1).” https://www.ebi.ac.uk/europepmc/webservices/rest/PMC11696681/fullTextXML
COHO:0000497	GCST90128543	PMID:35383335	the GWAS and PGS Catalog review 2026-09-23, catalog_cohorts_review.tsv; “for the largest adolescent cohort (IMAGEN; N=1,068)” https://www.ebi.ac.uk/europepmc/webservices/rest/PMC10040206/fullTextXML
COHO:0000498		PMID:23377640	the GWAS and PGS Catalog review 2026-09-23, catalog_cohorts_review.tsv; “the Munich Antidepressant Response Signature [MARS] project” https://www.ebi.ac.uk/europepmc/webservices/rest/search?query=EXT_ID%3A23377640+AND+SRC%3AMED&format=json&resultType=core
COHO:0000499	GCST90726396	PMID:42014397	the GWAS and PGS Catalog review 2026-09-23, catalog_cohorts_review.tsv; “the Minority Aging Research Study (MARS, R01 AG22018, R01 AG42210)” https://www.ebi.ac.uk/europepmc/webservices/rest/PMC13402690/fullTextXML
COHO:0000500	GCST90128543	PMID:35383335	the GWAS and PGS Catalog review 2026-09-23, catalog_cohorts_review.tsv; “The Older Australian Twin Study (OATS) is supported by the Australian NHMRC/Australian Research Council Strategic Award (Grant 401162) and the NHMRC Project grant 1405325.” https://www.ebi.ac.uk/europepmc/webservices/rest/PMC10040206/fullTextXML
COHO:0000501	GCST90275731	PMID:38714679	the GWAS and PGS Catalog review 2026-09-23, catalog_cohorts_review.tsv; “The LymeProspect cohort consisted of 1138 patients with a new physician-confirmed LB (either EM or disseminated manifestation) who were included at the initiation of antibiotic therapy and followed for one year” https://www.ebi.ac.uk/europepmc/webservices/rest/PMC11076587/fullTextXML
COHO:0000502	GCST90308605	PMID:35167808	the GWAS and PGS Catalog review 2026-09-23, catalog_cohorts_review.tsv; “Using genome-wide single-nucleotide polymorphisms (SNPs) and cytokine production data from the Netherlands (500FG) and Tanzania (300TZFG) cohorts,39,40,41 we performed sex-stratified cytokine quantitative trait loci (cQTL) mapping, colocalization, and pathway enrichment analyses.” https://www.ebi.ac.uk/europepmc/webservices/rest/PMC13071459/fullTextXML
COHO:0000503	GCST90128454	PMID:36085083	the GWAS and PGS Catalog review 2026-09-23, catalog_cohorts_review.tsv; “Here, we explore the implications of genetic ancestry within the University of California, Los Angeles (UCLA) ATLAS Community Health Initiative-an ancestrally diverse biobank of genomic data linked with de-identified electronic health records (EHRs) of UCLA Health patients (N=36,736).” https://www.ebi.ac.uk/europepmc/webservices/rest/search?query=EXT_ID%3A36085083+AND+SRC%3AMED&format=json&resultType=core
COHO:0000504	GCST90054779	PMID:34563731	the GWAS and PGS Catalog review 2026-09-23, catalog_cohorts_review.tsv; “Untargeted plasma metabolomic profiles in the Insulin Resistance Atherosclerosis Family Study (IRASFS) Mexican American cohort” https://www.ebi.ac.uk/europepmc/webservices/rest/search?query=EXT_ID:34563731%20AND%20SRC:MED&resultType=core&format=json
COHO:0000505	GCST90570665	PMID:40537477	the GWAS and PGS Catalog review 2026-09-23, catalog_cohorts_review.tsv; “WHI Genomics and Randomized Trials Network – GARNET, which included all coronary heart disease, stroke, venous thromboembolic events and selected diabetes cases that happened during the active intervention phase in the WHI HT clinical trials and aged matched controls” https://static-content.springer.com/esm/art%3A10.1038%2Fs41398-025-03418-z/MediaObjects/41398_2025_3418_MOESM1_ESM.pdf
COHO:0000506	GCST90128543	PMID:35383335	the GWAS and PGS Catalog review 2026-09-23, catalog_cohorts_review.tsv; “ALS Utrecht:The authors acknowledge grants supporting their work from the European Union’s Horizon 2020 Research and Innovation Programme” https://www.ebi.ac.uk/europepmc/webservices/rest/PMC10040206/fullTextXML
COHO:0000507	GCST90128543	PMID:35383335	the GWAS and PGS Catalog review 2026-09-23, catalog_cohorts_review.tsv; “This study used the BIG database, which was established in Nijmegen in 2007.” https://www.ebi.ac.uk/europepmc/webservices/rest/PMC10040206/fullTextXML
COHO:0000508	GCST90128543	PMID:35383335	the GWAS and PGS Catalog review 2026-09-23, catalog_cohorts_review.tsv; “The BrainSCALE study is a collaborative project between Netherlands Twin Register (NTR) at the Vrije Universiteit (VU) Amsterdam and University Medical Center Utrecht (UMCU).” https://www.ebi.ac.uk/europepmc/webservices/rest/PMC10040206/fullTextXML
COHO:0000509	GCST90128543	PMID:35383335	the GWAS and PGS Catalog review 2026-09-23, catalog_cohorts_review.tsv; “The NCNG sample collection was supported by grants from the Bergen Research Foundation and the University of Bergen, the Dr Einar Martens Fund, the K.G. Jebsen Foundation, the Research Council of Norway, to SLH, VMS and TE.” https://www.ebi.ac.uk/europepmc/webservices/rest/PMC10040206/fullTextXML
COHO:0000510	GCST90128543	PMID:35383335	the GWAS and PGS Catalog review 2026-09-23, catalog_cohorts_review.tsv; “The NeuroIMAGE study was supported by NIH Grant R01MH62873 (to Stephen V. Faraone)” https://www.ebi.ac.uk/europepmc/webservices/rest/PMC10040206/fullTextXML
COHO:0000511	GCST90277442	PMID:23754956	the GWAS and PGS Catalog review 2026-09-23, catalog_cohorts_review.tsv; “The Inter99 cohort is a randomized, non-pharmacological intervention study for the prevention of ischaemic heart disease, conducted on 6,784 randomly ascertained participants aged 30 to 60 years at the Research Centre for Prevention and Health in Glostrup, Denmark [45]” https://www.ebi.ac.uk/europepmc/webservices/rest/PMC3674994/fullTextXML
COHO:0000512	GCST90239707	PMID:36324662	the GWAS and PGS Catalog review 2026-09-23, catalog_cohorts_review.tsv; “All individuals were drawn from the iPSYCH2012 case-cohort study, a nationally representative sample identified from Danish national registers.” https://www.ebi.ac.uk/europepmc/webservices/rest/search?query=EXT_ID%3A36324662+AND+SRC%3AMED&format=json&resultType=core
COHO:0000513	GCST90502764	PMID:38380866	the GWAS and PGS Catalog review 2026-09-23, catalog_cohorts_review.tsv; “Participants in Long-Life Family Study (LLFS) exhibit delayed onset of dementia, offering a unique opportunity to investigate LOAD genetics.” https://www.ebi.ac.uk/europepmc/webservices/rest/search?query=EXT_ID%3A38380866+AND+SRC%3AMED&format=json&resultType=core
COHO:0000514	GCST90711144	PMID:39057616	the GWAS and PGS Catalog review 2026-09-23, catalog_cohorts_review.tsv; “we performed GWA analyses of CAC among all participants and stratified by sex in the Genetic Epidemiology of COPD (COPDGene) study, a large cohort of current and former smokers enriched with COPD cases” https://www.ebi.ac.uk/europepmc/webservices/rest/PMC11276683/fullTextXML
COHO:0000515	GCST90134637	PMID:36267918	the GWAS and PGS Catalog review 2026-09-23, catalog_cohorts_review.tsv; “Genetic and phenotypic determinants of blood pressure and other cardiovascular risk factors (GAPP) is a population-based prospective cohort study involving a representative sample of healthy adults aged 25–41 years residing in the Principality of Liechtenstein (Conen et al., 2013).” https://www.ebi.ac.uk/europepmc/webservices/rest/PMC9576575/fullTextXML
COHO:0000516	GCST90244755	PMID:38052102	the GWAS and PGS Catalog review 2026-09-23, catalog_cohorts_review.tsv; “The Women’s Genome Health Study (WGHS) is a population-based, prospective cohort of initially healthy, female North American health care professionals at least 45 years old at baseline, representing participants in the Women’s Health Study (WHS) who provided a blood sample at baseline and consented for blood-based analyses.” https://www.ebi.ac.uk/europepmc/webservices/rest/PMC10767824/fullTextXML
COHO:0000517	GCST90502757	PMID:39885687	the GWAS and PGS Catalog review 2026-09-23, catalog_cohorts_review.tsv; “The Cameron County Hispanic Cohort (CCHC) is a community-based cohort study initiated in 2004 of Mexican Americans in Brownsville, Texas.” https://www.ebi.ac.uk/europepmc/webservices/rest/PMC11875162/fullTextXML
COHO:0000518	GCST90654647	PMID:40676597	the GWAS and PGS Catalog review 2026-09-23, catalog_cohorts_review.tsv; “We construct and analyze a multi-ancestry GWAS dataset in the Alzheimer's Disease Genetics Consortium (ADGC) to test for novel shared and population-specific late-onset Alzheimer's disease (LOAD) susceptibility loci” https://www.ebi.ac.uk/europepmc/webservices/rest/search?query=EXT_ID%3A40676597+AND+SRC%3AMED&format=json&resultType=core
COHO:0000519	GCST90292537	PMID:37156940	the GWAS and PGS Catalog review 2026-09-23, catalog_cohorts_review.tsv; “The 6486 individuals examined here are part of the CANDELA cohort, collected in five Latin American countries21.” https://www.ebi.ac.uk/europepmc/webservices/rest/PMC10167347/fullTextXML
COHO:0000520	GCST90435341	PMID:39948438	the GWAS and PGS Catalog review 2026-09-23, catalog_cohorts_review.tsv; “Here, we compared CH in 136,401 participants from the Mexico City Prospective Study (MCPS) to 416,118 individuals from the UK Biobank (UKB)” https://www.ebi.ac.uk/europepmc/webservices/rest/PMC11906367/fullTextXML
COHO:0000521	GCST90000059	PMID:33230300	the GWAS and PGS Catalog review 2026-09-23, catalog_cohorts_review.tsv; “We thank all participants in the Airwave Health Monitoring Study.” https://www.ebi.ac.uk/europepmc/webservices/rest/PMC7610439/supplementaryFiles
COHO:0000522	GCST90672046	PMID:41325371	the GWAS and PGS Catalog review 2026-09-23, catalog_cohorts_review.tsv; “We conducted a GWAS of urinary zinc levels in three prospective cohorts - SKIPOGH (Swiss Kidney Project on Genes in Hypertension, N = 896) [29,30], CoLaus|PsyCoLaus (Cohort Lausanne, N = 4,542) [31] and GCKD (German Chronic Kidney Disease study, N = 4,822) [32]” https://www.ebi.ac.uk/europepmc/webservices/rest/PMC12677789/fullTextXML
COHO:0000523	GCST90102456	PMID:34996992	the GWAS and PGS Catalog review 2026-09-23, catalog_cohorts_review.tsv; “the Melbourne Collaborative Cohort Study (MCCS)41” https://www.ebi.ac.uk/europepmc/webservices/rest/PMC8741984/fullTextXML
COHO:0000524	GCST90797639	PMID:42036355	the GWAS and PGS Catalog review 2026-09-23, catalog_cohorts_review.tsv; “A.J.O. has received research funding from the Netherlands Organisation for Scientific Research and the Biobanking and Biomolecular Resources Research Infrastructure to support the TRAILS cohort” https://www.ebi.ac.uk/europepmc/webservices/rest/PMC13533560/fullTextXML
COHO:0000525	GCST90429799	PMID:38926497	the GWAS and PGS Catalog review 2026-09-23, catalog_cohorts_review.tsv; “Using data from 16S rRNA gene amplicon sequencing, we performed genome-wide association studies with univariate and multivariate traits of the salivary microbiota from 610 unrelated adults from the Danish ADDITION-PRO cohort.” https://www.ebi.ac.uk/europepmc/webservices/rest/search?query=EXT_ID%3A38926497+AND+SRC%3AMED&format=json&resultType=core
COHO:0000526	GCST90179153	PMID:36050321	the GWAS and PGS Catalog review 2026-09-23, catalog_cohorts_review.tsv; “The purpose of the Finnish Cardiovascular Study (FINCAVAS) is to construct a risk profile” https://www.ebi.ac.uk/europepmc/webservices/rest/PMC9436946/supplementaryFiles
COHO:0000527	GCST90292534	PMID:37165447	the GWAS and PGS Catalog review 2026-09-23, catalog_cohorts_review.tsv; “Leveraging the UK Biobank, the Nurses' Health Studies (I and II), the Health Professionals Follow-up Study, and the Million Veteran Program, we conducted a comprehensive genome-wide investigation of HP in 748,668 adult participants” https://www.ebi.ac.uk/europepmc/webservices/rest/search?query=EXT_ID%3A37165447+AND+SRC%3AMED&format=json&resultType=core
COHO:0000528	GCST90034520	PMID:34450027	the GWAS and PGS Catalog review 2026-09-23, catalog_cohorts_review.tsv; “The ARGO study, was set up to investigate the genetic architecture of hip and knee OA in a Greek population.” https://www.ebi.ac.uk/europepmc/webservices/rest/PMC8459317/fullTextXML
COHO:0000529	GCST90277417	PMID:37110199	the GWAS and PGS Catalog review 2026-09-23, catalog_cohorts_review.tsv; “This study evaluated the association between IDO activity and CKD using the Korea Association REsource (KARE) cohort.” https://www.ebi.ac.uk/europepmc/webservices/rest/PMC10144659/fullTextXML
COHO:0000530	GCST90244003	PMID:36333282	the GWAS and PGS Catalog review 2026-09-23, catalog_cohorts_review.tsv; “In the three population-based cohorts, 10,030, 173,357, and 28,338 participants were independently recruited from the KoGES_Ansan and Ansung study, the KoGES_health examinee (HEXA) study and the KoGES_cardiovascular disease association study (CAVAS), respectively.” https://www.ebi.ac.uk/europepmc/webservices/rest/PMC9636136/fullTextXML
COHO:0000531	GCST90624113	PMID:40877534	the GWAS and PGS Catalog review 2026-09-23, catalog_cohorts_review.tsv; “Genome-wide association study (GWAS) and replication studies were conducted in 9850 individuals from the Nagahama Study (from 2013 to 2016) and 935 individuals from the Hisayama Study.” https://www.ebi.ac.uk/europepmc/webservices/rest/search?query=EXT_ID%3A40877534+AND+SRC%3AMED&format=json&resultType=core
COHO:0000532	GCST90103632	PMID:34272381	the GWAS and PGS Catalog review 2026-09-23, catalog_cohorts_review.tsv; “By GWAS meta-analysis for creatinine-based estimated glomerular filtration rate (eGFR) from the Chronic Kidney Disease Genetics Consortium and UK Biobank (n = 1,201,909), we expand the number of eGFRcrea loci (424 loci, 201 novel; 9.8% eGFRcrea variance explained by 634 independent signal variants).” https://www.ebi.ac.uk/europepmc/webservices/rest/search?query=EXT_ID:34272381%20AND%20SRC:MED&resultType=core&format=json
COHO:0000533	GCST90239583	PMID:36246171	the GWAS and PGS Catalog review 2026-09-23, catalog_cohorts_review.tsv; “In total, 33 483 participants aged > 18 years who were recruited into the community-based cohort (CommCohort) and the birth and three-generation cohort (BirThree Cohort) of the ToMMo Eye Study were examined.” https://www.ebi.ac.uk/europepmc/webservices/rest/search?query=EXT_ID%3A36246171+AND+SRC%3AMED&format=json&resultType=core
COHO:0000534	GCST90321087	PMID:37555839	the GWAS and PGS Catalog review 2026-09-23, catalog_cohorts_review.tsv; “We performed a genome-wide association study with 396 TMPRSS2:ERG(+) cases, 390 TMPRSS2:ERG(-) cases, and 2,386 cancer-free controls from the Physicians' Health Study (PHS), the Health Professionals Follow-up Study (HPFS), and a Seattle-based Fred Hutchinson (FH) Cancer Center Prostate Cancer Study.” https://www.ebi.ac.uk/europepmc/webservices/rest/search?query=EXT_ID%3A37555839+AND+SRC%3AMED&format=json&resultType=core
COHO:0000535	GCST90102555	PMID:34996099	the GWAS and PGS Catalog review 2026-09-23, catalog_cohorts_review.tsv; “The FHCRC study cohort included 4270 recipients of European ancestry who had a first allogeneic HCT with marrow or growth factor-mobilized blood cells at the Fred Hutchinson Cancer Research Center and Seattle Cancer Care Alliance from 1990 through 2011.” https://www.ebi.ac.uk/europepmc/webservices/rest/PMC9043943/fullTextXML
COHO:0000536	GCST90256400	PMID:39280063	the GWAS and PGS Catalog review 2026-09-23, catalog_cohorts_review.tsv; “MAGIC (Meta-Analysis of Glucose and Insulin-related traits Consortium) was established to focus on the genetic analysis of glycemic traits in individuals without diabetes.” https://www.ebi.ac.uk/europepmc/webservices/rest/PMC11399760/fullTextXML
COHO:0000537	GCST90267543	PMID:36699085	the GWAS and PGS Catalog review 2026-09-23, catalog_cohorts_review.tsv; “Therefore, a genome-wide association study was performed in the Genetics of Childhood Cancer Treatment (GO-CAT) cohort (n = 261) and the United Kingdom Molecular Genetics of Adverse Drug Reactions in Children Study (United Kingdom MAGIC) cohort (n = 248).” https://www.ebi.ac.uk/europepmc/webservices/rest/search?query=EXT_ID:36699085%20AND%20SRC:MED&resultType=core&format=json
COHO:0000538	GCST90244092	PMID:36914875	the GWAS and PGS Catalog review 2026-09-23, catalog_cohorts_review.tsv; “Next, we meta-analyzed two EUR-ancestry children’s cohorts—ALSPAC and Raine Study (age, 13–15 yr, n = 6,070)—to obtain effect estimates in children at the new lead SNPs.” https://www.ebi.ac.uk/europepmc/webservices/rest/PMC10011137/fullTextXML
COHO:0000539	GCST90102434	PMID:35069183	the GWAS and PGS Catalog review 2026-09-23, catalog_cohorts_review.tsv; “The Prospective Study of Pravastatin in the Elderly at Risk (PROSPER) trial was supported by an investigator-initiated grant from Bristol-Myers Squibb, USA.” https://www.ebi.ac.uk/europepmc/webservices/rest/PMC8769168/fullTextXML
COHO:0000540	GCST90093093	PMID:33418499	the GWAS and PGS Catalog review 2026-09-23, catalog_cohorts_review.tsv; “The following studies contributed data: Old Order Amish, Atherosclerosis Risk in Communities (ARIC), Framingham Heart Study (FHS), Genetic Epidemiology Network of Arteriopathy (GENOA), Genetic Epidemiology Network of Salt Sensitivity (GenSalt)” https://www.ebi.ac.uk/europepmc/webservices/rest/PMC7804602/fullTextXML
COHO:0000541	GCST90054795	PMID:34169730	the GWAS and PGS Catalog review 2026-09-23, catalog_cohorts_review.tsv; “Genome-wide association (GWA) analyses were performed using data from the Kaiser Permanente Research Board (KPRB) and the UK Biobank.” https://www.ebi.ac.uk/europepmc/webservices/rest/search?query=EXT_ID%3A34169730+AND+SRC%3AMED&format=json&resultType=core
COHO:0000542	GCST90244755	PMID:38052102	the GWAS and PGS Catalog review 2026-09-23, catalog_cohorts_review.tsv; “The Minnesota Center for Twin and Family Research (MCTFR) was supported in part by USPHS Grants from the National Institute on Alcohol Abuse and Alcoholism (AA09367 and AA11886) and the National Institute on Drug Abuse (DA05147, DA13240, and DA024417).” https://www.ebi.ac.uk/europepmc/webservices/rest/PMC10767824/fullTextXML
COHO:0000543	GCST90267567	PMID:37291194	the GWAS and PGS Catalog review 2026-09-23, catalog_cohorts_review.tsv; “In the RISC study we assessed the correlation of OGTT derived ISI and IFC with the clamp-based measure of insulin sensitivity M/I” https://www.ebi.ac.uk/europepmc/webservices/rest/PMC7614755/fullTextXML
COHO:0000544	GCST90010716	PMID:33055079	the GWAS and PGS Catalog review 2026-09-23, catalog_cohorts_review.tsv; “We used data from the Rotterdam Study (RSI, RSII and RSIII) to create three hand OA phenotypes” https://www.ebi.ac.uk/europepmc/webservices/rest/search?query=EXT_ID:33055079%20AND%20SRC:MED&resultType=core&format=json
COHO:0000545	GCST90270327	PMID:37973980	the GWAS and PGS Catalog review 2026-09-23, catalog_cohorts_review.tsv; “magnetic resonance images of 6772 children from the ABCD study cohort” https://www.ebi.ac.uk/europepmc/webservices/rest/search?query=EXT_ID%3A37973980+AND+SRC%3AMED&format=json&resultType=core
COHO:0000546	GCST90269867	PMID:37233759	the GWAS and PGS Catalog review 2026-09-23, catalog_cohorts_review.tsv; “The Study to Understand the Genetics of the Acute Response to Metformin and Glipizide in Humans (SUGAR-MGH) examined the acute response to metformin and glipizide in order to identify new pharmacogenetic associations for the response to common glucose-lowering medications in individuals at risk of type 2 diabetes.” https://www.ebi.ac.uk/europepmc/webservices/rest/search?query=EXT_ID:37233759%20AND%20SRC:MED&resultType=core&format=json
COHO:0000547	GCST90502765	PMID:38408508	the GWAS and PGS Catalog review 2026-09-23, catalog_cohorts_review.tsv; “We conducted a GWAS meta-analysis of 6176 EOCRC cases and 65 829 controls from the Genetics and Epidemiology of Colorectal Cancer Consortium (GECCO), the Colorectal Transdisciplinary Study (CORECT), the Colon Cancer Family Registry (CCFR), and the UK Biobank.” https://www.ebi.ac.uk/europepmc/webservices/rest/PMC11213623/fullTextXML
COHO:0000548	GCST90624167	PMID:40181193	the GWAS and PGS Catalog review 2026-09-23, catalog_cohorts_review.tsv; “DIAbetes COhoRtE (DIACORE): is a German prospective cohort study of 3,000 adult European diabetes mellitus type 2 outpatients, with a primary focus on renal events.” https://media.springernature.com/original/springer-static/esm/art%3A10.1038%2Fs41380-025-02954-w/MediaObjects/41380_2025_2954_MOESM2_ESM.docx
COHO:0000549	GCST90091013	PMID:34446064	the GWAS and PGS Catalog review 2026-09-23, catalog_cohorts_review.tsv; “The Osteoporotic Fractures in Men Study (MrOS) is a multi-center cohort study initially designed to examine the risk factors for osteoporosis, fractures, and prostate cancer in older males [28, 29].” https://www.ebi.ac.uk/europepmc/webservices/rest/PMC8394596/fullTextXML
COHO:0000550	GCST90102513	PMID:35097025	the GWAS and PGS Catalog review 2026-09-23, catalog_cohorts_review.tsv; “We performed a genome-wide association study of serum T50 in 2,739 individuals of European descent participating in the Prevention of REnal and Vascular ENd-stage Disease (PREVEND) study” https://www.ebi.ac.uk/europepmc/webservices/rest/search?query=EXT_ID:35097025%20AND%20SRC:MED&resultType=core&format=json
COHO:0000551	GCST90129599	PMID:36066633	the GWAS and PGS Catalog review 2026-09-23, catalog_cohorts_review.tsv; “Initiated by the European Alzheimer & Dementia Biobank (EADB), the largest collaborative effort on genetics underlying CSF biomarkers was established, including 31 cohorts with a total of 13,116 individuals” https://www.ebi.ac.uk/europepmc/webservices/rest/search?query=EXT_ID%3A36066633+AND+SRC%3AMED&format=json&resultType=core
COHO:0000552	GCST90104544	PMID:36180795	the GWAS and PGS Catalog review 2026-09-23, catalog_cohorts_review.tsv; “INTERSTROKE is an international, multi-centered, case-control study of stroke investigating the global burden of risk factors across 32 countries and 18 different ethnic groups around the world.” https://static-content.springer.com/esm/art%3A10.1038%2Fs41586-022-05165-3/MediaObjects/41586_2022_5165_MOESM1_ESM.docx
COHO:0000553	GCST90570659	PMID:40537477	the GWAS and PGS Catalog review 2026-09-23, catalog_cohorts_review.tsv; “The Shanghai Women's Health Study (SWHS) is an ongoing population-based cohort study of approximately 75,000 women who were aged 40-70 years at study enrollment and resided in in urban Shanghai, China; 56,832 (75.8%) provided a blood samples.” https://static-content.springer.com/esm/art%3A10.1038%2Fs41398-025-03418-z/MediaObjects/41398_2025_3418_MOESM1_ESM.pdf
COHO:0000554	GCST90002292	PMID:32888493	the GWAS and PGS Catalog review 2026-09-23, catalog_cohorts_review.tsv; “Montreal Heart Institute Biobank phase2” https://ars.els-cdn.com/content/image/1-s2.0-S0092867420308229-mmc1.xlsx
COHO:0000555	GCST90002292	PMID:32888493	the GWAS and PGS Catalog review 2026-09-23, catalog_cohorts_review.tsv; “Montreal Heart Institute Biobank phase1” https://ars.els-cdn.com/content/image/1-s2.0-S0092867420308229-mmc1.xlsx
COHO:0000556	GCST90267408	PMID:37539667	the GWAS and PGS Catalog review 2026-09-23, catalog_cohorts_review.tsv; “We used data from two phase III trials, NCCTG N0147 and NCCTG N9741 and a population-based patient cohort, DACHS.” https://www.ebi.ac.uk/europepmc/webservices/rest/search?query=EXT_ID%3A37539667+AND+SRC%3AMED&format=json&resultType=core
COHO:0000557	GCST90271557	PMID:37679419	the GWAS and PGS Catalog review 2026-09-23, catalog_cohorts_review.tsv; “The BRIGHT study is extremely grateful to all the patients who participated in” https://www.ebi.ac.uk/europepmc/webservices/rest/PMC10484788/supplementaryFiles
COHO:0000558	GCST90244062	PMID:35793639	the GWAS and PGS Catalog review 2026-09-23, catalog_cohorts_review.tsv; “We performed stratified analysis based on the smoking status using both the UK Biobank (UKB) data (N = 334,808) and the Genetic Investigation of ANthropometric Traits (GIANT) data (N = 210,323) to identify gene-smoking interaction for obesity traits.” https://www.ebi.ac.uk/europepmc/webservices/rest/search?query=EXT_ID:35793639%20AND%20SRC:MED&resultType=core&format=json
COHO:0000559	GCST90034520	PMID:34450027	the GWAS and PGS Catalog review 2026-09-23, catalog_cohorts_review.tsv; “Hong Kong Degenerative Disc Disease Population Cohort (HKDDDPC) is a a population-based cohort with subjects openly recruited via newspapers advertisement, posters and e-mails, regardless of their social and economic status” https://www.ebi.ac.uk/europepmc/webservices/rest/PMC8459317/fullTextXML
COHO:0000560	GCST90455518	PMID:39366959	the GWAS and PGS Catalog review 2026-09-23, catalog_cohorts_review.tsv; “followed by a meta-analysis with the EA International Lung Cancer Consortium OncoArray study (ILCCO)7, for a total of 39,781 cases and 119,158 controls” https://www.ebi.ac.uk/europepmc/webservices/rest/PMC11452618/fullTextXML
COHO:0000561	GCST90833072	PMID:41755704	the GWAS and PGS Catalog review 2026-09-23, catalog_cohorts_review.tsv; “We conducted genome-wide association studies (GWAS) and meta-analyses among subjects from the Alzheimer's Disease Sequencing Project (ADSP) Umbrella whole genome sequencing (WGS) dataset who self-identified as Hispanic” https://www.ebi.ac.uk/europepmc/webservices/rest/search?query=EXT_ID%3A41755704+AND+SRC%3AMED&format=json&resultType=core
COHO:0000562	GCST90132185	PMID:35551307	the GWAS and PGS Catalog review 2026-09-23, catalog_cohorts_review.tsv; “East Asian studies of Chinese, Japanese and Korean ancestry from those of Malay and Filipino ancestry (SIMES and CLHNS)” https://www.ebi.ac.uk/europepmc/webservices/rest/PMC9179018/fullTextXML
COHO:0000563	GCST90837544	PMID:41419686	the GWAS and PGS Catalog review 2026-09-23, catalog_cohorts_review.tsv; “HerediGene is a population study, a large-scale collaboration between Intermountain Healthcare, deCODE genetics and Amgen.” https://www.ebi.ac.uk/europepmc/webservices/rest/PMC12807872/fullTextXML
COHO:0000564	GCST90102434	PMID:35069183	the GWAS and PGS Catalog review 2026-09-23, catalog_cohorts_review.tsv; “This Heart and Vascular Health Study research was supported by NHLBI grants HL085251, HL073410, HL085251, and HL068986.” https://www.ebi.ac.uk/europepmc/webservices/rest/PMC8769168/fullTextXML
COHO:0000565		PMID:25632367	the GWAS and PGS Catalog review 2026-09-23, catalog_cohorts_review.tsv; “Study subjects were identified from all persons registered in the Intermountain Heart Collaborative Study (IHCS) with a diagnosis of ACS between 2004 and 2009” https://www.ebi.ac.uk/europepmc/webservices/rest/PMC4302371/fullTextXML
COHO:0000566	GCST90566795	PMID:40205036	the GWAS and PGS Catalog review 2026-09-23, catalog_cohorts_review.tsv; “JoCo OA began in 1990 as a community-based prospective cohort of European-ancestry and African American men and women with and without osteoarthritis (OA).” https://static-content.springer.com/esm/art%3A10.1038%2Fs41586-025-08771-z/MediaObjects/41586_2025_8771_MOESM1_ESM.pdf
COHO:0000567	GCST90000059	PMID:33230300	the GWAS and PGS Catalog review 2026-09-23, catalog_cohorts_review.tsv; “The LOLIPOP study is supported by the National Institute for Health Research (NIHR)” https://www.ebi.ac.uk/europepmc/webservices/rest/PMC7610439/supplementaryFiles
COHO:0000568	GCST90502777	PMID:40010489	the GWAS and PGS Catalog review 2026-09-23, catalog_cohorts_review.tsv; “In this study, we established the ASTAGR (Asian Skin Traits and Genetics Research) cohort, comprising 2762 female participants from 4 Asian countries (Korea, Vietnam, Thailand, and Indonesia).” https://www.ebi.ac.uk/europepmc/webservices/rest/search?query=EXT_ID%3A40010489+AND+SRC%3AMED&format=json&resultType=core
COHO:0000569	GCST90102456	PMID:34996992	the GWAS and PGS Catalog review 2026-09-23, catalog_cohorts_review.tsv; “the Diet Activity and Lifestyle Study (DALS)37” https://www.ebi.ac.uk/europepmc/webservices/rest/PMC8741984/fullTextXML
COHO:0000570	GCST90451684	PMID:39643614	the GWAS and PGS Catalog review 2026-09-23, catalog_cohorts_review.tsv; “InCHIANTI. The study baseline (1998-2000) was supported by the Italian Ministry of Health (ICS110.1/RF97.71)” https://www.ebi.ac.uk/europepmc/webservices/rest/PMC11624196/fullTextXML
COHO:0000571	GCST90090964	PMID:34733494	the GWAS and PGS Catalog review 2026-09-23, catalog_cohorts_review.tsv; “We analysed GWAS data using 14 076 participants from the Japan Multi-Institutional Collaborative Cohort (J-MICC) study.” https://www.ebi.ac.uk/europepmc/webservices/rest/search?query=EXT_ID%3A34733494+AND+SRC%3AMED&format=json&resultType=core
COHO:0000572		PMID:25429525	the GWAS and PGS Catalog review 2026-09-23, catalog_cohorts_review.tsv; “In this study, we analysed data of the Nijmegen Bladder Cancer Study (NBCS), one of the largest case–control studies for UBC worldwide, as to gain better insights into the role of recurrent infections of the (lower) urinary tract as a risk factor for UBC.” https://www.ebi.ac.uk/europepmc/webservices/rest/PMC4453642/fullTextXML
COHO:0000573	GCST90128530	PMID:35414113	the GWAS and PGS Catalog review 2026-09-23, catalog_cohorts_review.tsv; “This NBCS sub-study involves women attending the Norwegian national mammography screening program from 2002 to 2007 and biopsies were taken from breasts with varying mammographic density and newly diagnosed breast cancers (ethical approval S-02036).” https://www.ebi.ac.uk/europepmc/webservices/rest/PMC9006574/supplementaryFiles
COHO:0000574	GCST90137411	PMID:36496446	the GWAS and PGS Catalog review 2026-09-23, catalog_cohorts_review.tsv; “KC from the QSkin Sun and Health Study (QSkin)21” https://www.ebi.ac.uk/europepmc/webservices/rest/PMC9741635/fullTextXML
COHO:0000575	GCST90566795	PMID:40205036	the GWAS and PGS Catalog review 2026-09-23, catalog_cohorts_review.tsv; “The sensitivity meta-analysis includes 5 GWASs from the HKDDDPC, RIKEN and Rotterdam studies 1, 2 and 3, totalling a maximum of 6,816 cases and 9,624 controls” https://www.ebi.ac.uk/europepmc/webservices/rest/PMC12119359/fullTextXML
COHO:0000576	GCST90133314	PMID:35740506	the GWAS and PGS Catalog review 2026-09-23, catalog_cohorts_review.tsv; “We included mRCC patients from the European EuroTARGET consortium (n = 550) and the RIKEN cohort in Japan (n = 204) which were analysed separately and in a meta-analysis of genome-wide association studies (GWAS).” https://www.ebi.ac.uk/europepmc/webservices/rest/search?query=EXT_ID%3A35740506+AND+SRC%3AMED&format=json&resultType=core
COHO:0000577	GCST90504004	PMID:38749303	the GWAS and PGS Catalog review 2026-09-23, catalog_cohorts_review.tsv; “Swedish Mammography Cohort and Cohort of Swedish Men: This work is supported by the Swedish Research Council/Infrastructure grant, the Swedish Cancer Foundation, and the Karolinska Institute's Distinguished Professor Award to Alicja Wolk.” https://www.ebi.ac.uk/europepmc/webservices/rest/PMC11112268/fullTextXML
COHO:0000578	GCST90570660	PMID:40537477	the GWAS and PGS Catalog review 2026-09-23, catalog_cohorts_review.tsv; “The Shanghai Men’s Health Study (SMHS) is an ongoing population-based cohort study of 61,480 Chinese men who were aged between 40 and 74 years, were free of cancer at enrollment, and lived in urban Shanghai, China; 45,766 (74.4%) provided a blood samples.” https://static-content.springer.com/esm/art%3A10.1038%2Fs41398-025-03418-z/MediaObjects/41398_2025_3418_MOESM1_ESM.pdf
COHO:0000579	GCST90102456	PMID:34996992	the GWAS and PGS Catalog review 2026-09-23, catalog_cohorts_review.tsv; “the VITamins And Lifestyle Study (VITAL)50” https://www.ebi.ac.uk/europepmc/webservices/rest/PMC8741984/fullTextXML
COHO:0000580	GCST90091013	PMID:34446064	the GWAS and PGS Catalog review 2026-09-23, catalog_cohorts_review.tsv; “The Western Australian Sleep Health Study (WASHS) is a clinic-based study focused on the epidemiology and genetics of SDB [34].” https://www.ebi.ac.uk/europepmc/webservices/rest/PMC8394596/fullTextXML
COHO:0000581	GCST90104685	PMID:35386118	the GWAS and PGS Catalog review 2026-09-23, catalog_cohorts_review.tsv; “Specifically, we utilized genotype and phenotype data from n = 931 individuals collected under the auspices of the European Medical Information Framework for Alzheimer's Disease Multimodal Biomarker Discovery (EMIF-AD MBD) study to perform a total of 19 separate GWAS analyses.” https://www.ebi.ac.uk/europepmc/webservices/rest/search?query=EXT_ID%3A35386118+AND+SRC%3AMED&format=json&resultType=core
COHO:0000582		PMID:18498660	the GWAS and PGS Catalog review 2026-09-23, catalog_cohorts_review.tsv; “The National Heart, Lung and Blood Institute (NHLBI) Family Heart Study (FHS) recruited families from four existing study centers located in Forsyth County, NC; Framingham, MA; Minneapolis, MN; and Salt Lake City, UT.” https://www.ebi.ac.uk/europepmc/webservices/rest/PMC2409301/fullTextXML
COHO:0000583	GCST90557999	PMID:38367033	the GWAS and PGS Catalog review 2026-09-23, catalog_cohorts_review.tsv; “This was a cross-sectional study of participants in the Hyperglycemia and Adverse Pregnancy Outcome (HAPO) study who underwent an OGTT at approximately 28 weeks' gestation.” https://www.ebi.ac.uk/europepmc/webservices/rest/search?query=EXT_ID%3A38367033+AND+SRC%3AMED&format=json&resultType=core
COHO:0000584	GCST90104876	PMID:26540294	the GWAS and PGS Catalog review 2026-09-23, catalog_cohorts_review.tsv; “Using genomewide association in the CATHGEN cohort (N = 1490), we observed associations of several metabolites with genetic loci.” https://www.ebi.ac.uk/europepmc/webservices/rest/search?query=EXT_ID:26540294%20AND%20SRC:MED&resultType=core&format=json
COHO:0000585	GCST90301397	PMID:38664626	the GWAS and PGS Catalog review 2026-09-23, catalog_cohorts_review.tsv; “The second replication data set (Colorectal Cancer Genetics Study; CRCGEN) included FFPE and frozen samples from 162 stage II microsatellite stable colon cancer patients with immunoSEQ data [54].” https://www.ebi.ac.uk/europepmc/webservices/rest/PMC11046907/fullTextXML
COHO:0000586	GCST90277987	PMID:37174278	the GWAS and PGS Catalog review 2026-09-23, catalog_cohorts_review.tsv; “The discovery phase was carried out on a total of 1482 participants divided as follows: 1109 from the Val Borbera (VBI) cohort in Northern Italy, and 373 from Carlantino (CAR) in Southern Italy.” https://www.ebi.ac.uk/europepmc/webservices/rest/PMC10178705/fullTextXML
COHO:0000587	GCST90000059	PMID:33230300	the GWAS and PGS Catalog review 2026-09-23, catalog_cohorts_review.tsv; “Funding for the InterAct project was provided by the EU FP6 programme” https://www.ebi.ac.uk/europepmc/webservices/rest/PMC7610439/supplementaryFiles
COHO:0000588	GCST90002227	PMID:34059833	the GWAS and PGS Catalog review 2026-09-23, catalog_cohorts_review.tsv; “LEIPZIG-adults” https://www.ebi.ac.uk/europepmc/webservices/rest/PMC7610958/supplementaryFiles
COHO:0000589	GCST90134637	PMID:36267918	the GWAS and PGS Catalog review 2026-09-23, catalog_cohorts_review.tsv; “Swiss Cohort Study on Air Pollution And Lung And Heart Disease In Adults (SAPALDIA) is a population-based multi-center study in eight geographic areas representing the range of environmental, meteorological and socio-demographic conditions in Switzerland (Ackermann-Liebrich et al., 1997; Martin et al., 1997).” https://www.ebi.ac.uk/europepmc/webservices/rest/PMC9576575/fullTextXML
COHO:0000590	GCST90319502	PMID:38769351	the GWAS and PGS Catalog review 2026-09-23, catalog_cohorts_review.tsv; “Set 3 consisted of 1623 participants from Bunkyo Health Study22.” https://www.ebi.ac.uk/europepmc/webservices/rest/PMC11106293/fullTextXML
COHO:0000591	GCST90319502	PMID:38769351	the GWAS and PGS Catalog review 2026-09-23, catalog_cohorts_review.tsv; “Both were from Shimane CoHRE Study20,21, but different arrays were used for genotyping.” https://www.ebi.ac.uk/europepmc/webservices/rest/PMC11106293/fullTextXML
COHO:0000592	GCST90100517	PMID:35501403	the GWAS and PGS Catalog review 2026-09-23, catalog_cohorts_review.tsv; “To conduct comprehensive GWASs of 22 serum/plasma metal levels in the Chinese population, we used the serum metal levels data obtained from FAMHES in Guangxi Fangchenggang and plasma metal levels data obtained from MEWHC.” https://www.ebi.ac.uk/europepmc/webservices/rest/PMC9061855/fullTextXML
COHO:0000593	GCST90105058	PMID:35580588	the GWAS and PGS Catalog review 2026-09-23, catalog_cohorts_review.tsv; “Italian Network of Genetic Isolates - Friuli Venezia Giulia (INGI-FVG; n = 339)” https://www.ebi.ac.uk/europepmc/webservices/rest/PMC9247887/fullTextXML
COHO:0000594	GCST90566795	PMID:40205036	the GWAS and PGS Catalog review 2026-09-23, catalog_cohorts_review.tsv; “The Osteoarthritis Initiative (OAI) is a prospective longitudinal study designed to identify risk factors for the incidence and progression of symptomatic tibiofemoral knee osteoarthritis.” https://static-content.springer.com/esm/art%3A10.1038%2Fs41586-025-08771-z/MediaObjects/41586_2025_8771_MOESM1_ESM.pdf
COHO:0000595	GCST90651081	PMID:38745123	the GWAS and PGS Catalog review 2026-09-23, catalog_cohorts_review.tsv; “To this end, we used clinical, genotyping, and pre-treatment candidate protein marker data obtained from patients with mCRC randomized to the Cancer and Leukemia Group B (CALGB, now part of the Alliance for Clinical Trials in Oncology (Alliance)) and the Southwest Oncology Group, CALGB/SWOG 80405.” https://www.ebi.ac.uk/europepmc/webservices/rest/PMC11092225/fullTextXML
COHO:0000596	GCST90504004	PMID:38749303	the GWAS and PGS Catalog review 2026-09-23, catalog_cohorts_review.tsv; “LCCS: The Leeds Colorectal Cancer Study was funded by the Food Standards Agency and Cancer Research UK Programme Award (C588/A19167).” https://www.ebi.ac.uk/europepmc/webservices/rest/PMC11112268/fullTextXML
COHO:0000597	GCST90504004	PMID:38749303	the GWAS and PGS Catalog review 2026-09-23, catalog_cohorts_review.tsv; “NCCCS I & II: We would like to thank the study participants, and the NC Colorectal Cancer Study staff.” https://www.ebi.ac.uk/europepmc/webservices/rest/PMC11112268/fullTextXML
COHO:0000598	GCST90399849	PMID:38374065	the GWAS and PGS Catalog review 2026-09-23, catalog_cohorts_review.tsv; “In this study, we used three input datasets – INTERVAL, METSIM, and ATBC/PLCO.” https://www.ebi.ac.uk/europepmc/webservices/rest/PMC10876955/fullTextXML
COHO:0000599	GCST012432	PMID:34047840	the GWAS and PGS Catalog review 2026-09-23, catalog_cohorts_review.tsv; “We analized individuals of the “Growth and Obesity Chilean Cohort Study” (GOCS)” https://www.ebi.ac.uk/europepmc/webservices/rest/PMC8553699/fullTextXML
COHO:0000600	GCST90451761	PMID:38060535	the GWAS and PGS Catalog review 2026-09-23, catalog_cohorts_review.tsv; “In this study, we conducted a GWAS analysis on patients with gout in Korea based on the Health Examinees study (HEXA) cohort and KARE cohort of the Korean Genome and Epidemiology Study (KoGES).” https://www.ebi.ac.uk/europepmc/webservices/rest/PMC10703335/fullTextXML
COHO:0000601	GCST90053837	PMID:34309201	the GWAS and PGS Catalog review 2026-09-23, catalog_cohorts_review.tsv; “Patients in the Newfoundland Colorectal Cancer Registry (NFCCR) cohort were diagnosed between 1999 and 2003” https://www.ebi.ac.uk/europepmc/webservices/rest/PMC8637572/fullTextXML
COHO:0000602	GCST90454398	PMID:40222985	the GWAS and PGS Catalog review 2026-09-23, catalog_cohorts_review.tsv; “Toshiba has established a health-care database focusing on “Research aimed at realizing precision medicine that can select optimal preventive and treatment methods”.” https://www.ebi.ac.uk/europepmc/webservices/rest/PMC11994816/fullTextXML
COHO:0000603		PMID:42509442	the GWAS and PGS Catalog review 2026-09-23, catalog_cohorts_review.tsv; “Model development and internal validation were conducted using participants from the Genomics and Randomized Trials Network (WHI-GARNET), the WHI Memory Study (WHI-MS), and the SNP Health Association Resource (WHI-SHARe).” https://www.ebi.ac.uk/europepmc/webservices/rest/PMC13408118/fullTextXML
COHO:0000604		PMID:42509442	the GWAS and PGS Catalog review 2026-09-23, catalog_cohorts_review.tsv; “Model development and internal validation were conducted using participants from the Genomics and Randomized Trials Network (WHI-GARNET), the WHI Memory Study (WHI-MS), and the SNP Health Association Resource (WHI-SHARe).” https://www.ebi.ac.uk/europepmc/webservices/rest/PMC13408118/fullTextXML
COHO:0000605	GCST90297564	PMID:37227431	the GWAS and PGS Catalog review 2026-09-23, catalog_cohorts_review.tsv; “Ashford (Cullinan et al., 2004) and Isle of Wight (IOW) (Arshad et al., 2018) cohorts” https://www.ebi.ac.uk/europepmc/webservices/rest/PMC10292845/fullTextXML
COHO:0000606	GCST90091013	PMID:34446064	the GWAS and PGS Catalog review 2026-09-23, catalog_cohorts_review.tsv; “The Starr County Health Studies (Starr) investigates the risk factors for diabetes in Mexican-Americans [31, 32].” https://www.ebi.ac.uk/europepmc/webservices/rest/PMC8394596/fullTextXML
COHO:0000607		PMID:20732625	the GWAS and PGS Catalog review 2026-09-23, catalog_cohorts_review.tsv; “phase I of the International Multicenter ADHD Genetics project (IMAGE); c) phase II of IMAGE (IMAGE II)” https://www.ebi.ac.uk/europepmc/webservices/rest/search?query=EXT_ID%3A20732625+AND+SRC%3AMED&format=json&resultType=core
COHO:0000608		PMID:16076393	the GWAS and PGS Catalog review 2026-09-23, catalog_cohorts_review.tsv; “The Family Blood Pressure Program is an ongoing, NHLBI-sponsored, multi-center program to study the genetic determinants of high blood pressure.” https://www.ebi.ac.uk/europepmc/webservices/rest/search?query=EXT_ID:16076393%20AND%20SRC:MED&resultType=core&format=json
COHO:0000609		PMID:17370032	the GWAS and PGS Catalog review 2026-09-23, catalog_cohorts_review.tsv; “This study assessed awareness and determinants of cholesterol knowledge among 39,876 US female health professionals in the Women’s Health Study.” https://www.ebi.ac.uk/europepmc/webservices/rest/PMC1852917/fullTextXML
COHO:0000610	GCST90502765	PMID:38408508	the GWAS and PGS Catalog review 2026-09-23, catalog_cohorts_review.tsv; “The study comprised a meta-analysis of existing genotyped and imputed data for 6176 EOCRC cases (<50 years of age) and 65 829 controls from the Genetics and Epidemiology of Colorectal Cancer Consortium (GECCO), the Colorectal Transdisciplinary Study (CORECT), the Colon Cancer Family Registry (CCFR), and the UK Biobank.” https://www.ebi.ac.uk/europepmc/webservices/rest/PMC11213623/fullTextXML
COHO:0000611	GCST90308762	PMID:37340002	the GWAS and PGS Catalog review 2026-09-23, catalog_cohorts_review.tsv; “We thank the Breast Cancer Association Consortium (BCAC) for breast cancer summary statistics and the Prostate Cancer Association Group to Investigate Cancer Associated Alterations in the Genome (PRACTICAL) consortium for prostate cancer summary statistics.” https://www.ebi.ac.uk/europepmc/webservices/rest/PMC10282036/fullTextXML
COHO:0000612		PMID:31110091	the GWAS and PGS Catalog review 2026-09-23, catalog_cohorts_review.tsv; “The Multi-Ethnic Cohort (MEC) Study is a population-based study in Singapore (n=14 530) with recruitment conducted between 2004 and 2010.” https://www.ebi.ac.uk/europepmc/webservices/rest/PMC6530395/fullTextXML
COHO:0000613		PMID:32071038	the GWAS and PGS Catalog review 2026-09-23, catalog_cohorts_review.tsv; “In the ADDITION-Denmark trial, 181 general practices were cluster randomised in a 2:1:1 ratio to: (i) to screening plus routine care of individuals with screen-detected diabetes (control group);” https://www.ebi.ac.uk/europepmc/webservices/rest/search?query=EXT_ID%3A32071038+AND+SRC%3AMED&format=json&resultType=core
COHO:0000614		PMID:21705063	the GWAS and PGS Catalog review 2026-09-23, catalog_cohorts_review.tsv; “In a pragmatic, cluster-randomised, parallel-group trial done in Denmark, the Netherlands, and the UK, 343 general practices were randomly assigned screening of registered patients aged 40–69 years without known diabetes followed by routine care of diabetes or screening followed by intensive treatment of multiple risk factors.” https://www.ebi.ac.uk/europepmc/webservices/rest/PMC3136726/fullTextXML
COHO:0000615		PMID:41022758	the GWAS and PGS Catalog review 2026-09-23, catalog_cohorts_review.tsv; “Our PGS assessed a cohort of 15,177 patients from the MHIBB, a hospital-based cohort including individuals predominantly of French-Canadian ancestry.” https://www.ebi.ac.uk/europepmc/webservices/rest/PMC12480102/fullTextXML
