PMID	title
2688139	[Diseases of Franz Schubert].
2951410	Excess mortality of bipolar and unipolar manic-depressive patients.
3738950	Cerebral thromboembolism among young women and men in Denmark 1977-1982.
9406673	Epidemiology of cardiovascular risk factors in Hong Kong.
10340280	The Danish Osteoporosis Prevention Study (DOPS): project design and inclusion of 2000 normal perimenopausal women.
11470126	Apolipoprotein E alleles in nonagenarian subjects in the Belfast Elderly Longitudinal Free-living Ageing Study (BELFAST).
12081984	Serotonin transporter gene polymorphism and myocardial infarction: Etude Cas-Témoins de l'Infarctus du Myocarde (ECTIM).
12624278	Promoter polymorphism in the endotoxin receptor (CD14) is associated with increased carotid atherosclerosis only in smokers: the Carotid Atherosclerosis Progression Study (CAPS).
12791629	Infant nutrition and blood pressure in early adulthood: the Barry Caerphilly Growth study.
12871360	Inflammation, thrombosis and atherosclerosis: results of the Glostrup study.
14624392	Genetic anthropology of the colorectal cancer-susceptibility allele APC I1307K: evidence of genetic drift within the Ashkenazim.
15217505	The Breast Cancer Family Registry: an infrastructure for cooperative multinational, interdisciplinary and translational studies of the genetic epidemiology of breast cancer.
15277424	Association of carotid intima-media thickness and arterial stiffness with diabetic retinopathy: the Chennai Urban Rural Epidemiology Study (CURES-2).
15279051	Factorial composition of self-rated schizotypal traits among young males undergoing military training.
15539711	Predictors of survival in severe, early onset COPD.
15809377	Prognostic value of ambulatory and home blood pressures compared with office blood pressure in the general population: follow-up results from the Pressioni Arteriose Monitorate e Loro Associazioni (PAMELA) study.
15990444	The reasons for geographic and racial differences in stroke study: objectives and design.
16076393	An evaluation of the metabolic syndrome in a large multi-ethnic study: the Family Blood Pressure Program.
16234822	Obesity and incidence of cancer: a large cohort study of over 145,000 adults in Austria.
16256881	Normal vascular aging: differential effects on wave reflection and aortic pulse wave velocity: the Anglo-Cardiff Collaborative Trial (ACCT).
16964827	Declining prevalence of HIV-infected individuals at risk of transmitting drug-resistant HIV in Denmark during 1997-2004.
17132649	Impact of C-reactive protein and fibrinogen on cardiovascular prognosis in patients with stable angina pectoris: the AtheroGene study.
17370032	Awareness, accuracy, and predictive validity of self-reported cholesterol in women.
17401366	Genome-wide association study identifies a second prostate cancer susceptibility variant at 8q24.
17434289	Comprehensive analysis of APOE and selected proximate markers for late-onset Alzheimer's disease: patterns of linkage disequilibrium and disease/marker association.
17529967	Genome-wide association study identifies novel breast cancer susceptibility loci.
17529974	Common variants on chromosomes 2q35 and 16q12 confer susceptibility to estrogen receptor-positive breast cancer.
17618283	Genome-wide association scan identifies a colorectal cancer susceptibility locus on chromosome 8q24.
17618284	A genome-wide association scan of tag SNPs identifies a susceptibility variant for colorectal cancer at 8q24.21.
17903300	Genome-wide association to body mass index and waist circumference: the Framingham Heart Study 100K project.
17934461	A genome-wide association study shows that common alleles of SMAD7 influence colorectal cancer risk.
18204446	Genome-wide association scan in women with systemic lupus erythematosus identifies susceptibility variants in ITGAM, PXK, KIAA1542 and other loci.
18264096	Multiple loci identified in a genome-wide association study of prostate cancer.
18264097	Multiple newly identified loci associated with prostate cancer susceptibility.
18264098	Common sequence variants on 2p15 and Xp11.22 confer susceptibility to prostate cancer.
18354102	Polymorphisms associated with cholesterol and risk of cardiovascular events.
18372905	A genome-wide association study identifies colorectal cancer susceptibility loci on chromosomes 10p14 and 8q23.3.
18454148	Common variants near MC4R are associated with fat mass, weight and risk of obesity.
18488026	Common sequence variants on 20q11.22 confer melanoma susceptibility.
18498660	Polymorphisms near EXOC4 and LRGUK on chromosome 7q32 are associated with Type 2 Diabetes and fasting glucose; the NHLBI Family Heart Study.
18758461	A genome-wide association study identifies six susceptibility loci for chronic lymphocytic leukemia.
18762476	Low dose aspirin and cognitive function in middle aged to elderly adults: randomised controlled trial.
18820647	Genetic variation in PNPLA3 confers susceptibility to nonalcoholic fatty liver disease.
18978787	Common 5p15.33 and 6p21.33 variants influence lung cancer risk.
19011631	Meta-analysis of genome-wide association data identifies four new susceptibility loci for colorectal cancer.
19050702	Comprehensive analysis of common mitochondrial DNA variants and colorectal cancer risk.
19060911	Loci influencing lipid levels and coronary heart disease risk in 16 European population cohorts.
19075291	Dysregulation of lipid and amino acid metabolism precedes islet autoimmunity in children who later progress to type 1 diabetes.
19079260	Genome-wide association yields new sequence variants at seven loci that associate with measures of obesity.
19079261	Six new loci associated with body mass index highlight a neuronal influence on body weight regulation.
19198609	Genome-wide association of early-onset myocardial infarction with single nucleotide polymorphisms and copy number variants.
19219042	Genome-wide association study identifies a new breast cancer susceptibility locus at 6q25.1.
19330030	A multistage genome-wide association study in breast cancer identifies two new risk alleles at 1p11.2 and 14q24.1 (RAD51L1).
19336730	Five-year efficacy and safety analysis of the Adenoma Prevention with Celecoxib Trial.
19404257	Autism genome-wide copy number variation reveals ubiquitin and neuronal genes.
19416921	Genome-wide association and meta-analysis of bipolar disorder in individuals of European ancestry.
19430480	Genome-wide association study and meta-analysis find that over 40 loci affect risk of type 1 diabetes.
19438929	C-reactive protein in migraine sufferers similar to that of non-migraineurs: the Reykjavik Study.
19483682	Common variation in KITLG and at 5q31.3 predisposes to testicular germ cell cancer.
19525953	Meta-analysis of genome scans and replication identify CD6, IRF8 and TNFRSF1A as new multiple sclerosis susceptibility loci.
19525955	Genome-wide association study identifies new multiple sclerosis susceptibility loci on chromosomes 12 and 20.
19571811	Common polygenic variation contributes to risk of schizophrenia and bipolar disorder.
19578364	Genome-wide association study identifies three loci associated with melanoma risk.
19648919	A genome-wide association study identifies a new ovarian cancer susceptibility locus on 9p22.2.
19654303	Deciphering the impact of common genetic variation on lung cancer risk: a genome-wide association study.
19684603	Germline genomic variants associated with childhood acute lymphoblastic leukemia.
19684604	Loci on 7p12.2, 10q21.2 and 14q11.2 are associated with risk of childhood acute lymphoblastic leukemia.
19706757	Polymorphisms in DNA repair genes, smoking, and bladder cancer risk: findings from the international consortium of bladder cancer.
19734902	Genome-wide association study identifies variants at CLU and PICALM associated with Alzheimer's disease.
19734903	Genome-wide association study identifies variants at CLU and CR1 associated with Alzheimer's disease.
19736353	A genomewide association study points to multiple loci that predict antidepressant drug treatment outcome in depression.
19767752	Multiple loci on 8q24 associated with prostate cancer susceptibility.
19767753	Identification of seven new prostate cancer susceptibility loci through a genome-wide association study.
19767754	Genome-wide association and replication studies identify four variants associated with prostate cancer susceptibility.
19851299	Linkage and genome-wide association analysis of obesity-related phenotypes: association of weight with the MGAT1 gene.
19879194	Integration of genetic risk factors into a clinical algorithm for multiple sclerosis susceptibility: a weighted genetic risk score.
19918004	Maternal but not paternal association of ambulatory blood pressure with albumin excretion in young offspring with type 1 diabetes.
19956093	Overview of the Type I Diabetes Genetics Consortium.
20031576	Association of novel genetic Loci with circulating fibrinogen levels: a genome-wide association study in 6 population-based cohorts.
20032323	Genetic variants associated with Lp(a) lipoprotein level and coronary disease.
20164292	Genome-wide association study of bone mineral density in premenopausal European-American women and replication in African-American women.
20205615	Relation of coffee consumption and serum liver enzymes in Japanese men and women with reference to effect modification of alcohol use and body mass index.
20231156	A variant at chromosome 9p21 is associated with recurrent myocardial infarction and cardiac death after acute coronary syndrome: the GRACE Genetics Study.
20339536	Genome-wide association of lipid-lowering response to statins in combined study populations.
20397748	Genome-wide association study of height and body mass index in Australian twin families.
20400780	Candidate gene association resource (CARe): design, methods, and proof of concept.
20437058	The utility and predictive value of combinations of low penetrance genes for screening and risk prediction of colorectal cancer.
20453838	Genome-wide association study identifies five new breast cancer susceptibility loci.
20453842	Genome-wide association study meta-analysis identifies seven new rheumatoid arthritis risk loci.
20460622	Genome-wide analysis of genetic loci associated with Alzheimer disease.
20485516	Common genetic variants near the Brittle Cornea Syndrome locus ZNF469 influence the blinding disease risk factor central corneal thickness.
20567021	Use of bisphosphonates and risk of postmenopausal breast cancer.
20597690	Rate of CD4+ cell count increase over periods of viral load suppression: relationship with the number of previous virological failures.
20614474	Calcium supplementation and the risks of atherosclerotic vascular disease in older women: results of a 5-year RCT and a 4.5-year follow-up.
20628086	Variation at the NFATC2 locus increases the risk of thiazolidinedione-induced edema in the Diabetes REduction Assessment with ramipril and rosiglitazone Medication (DREAM) study.
20686565	Biological, clinical and population relevance of 95 loci for blood lipids.
20700438	The 5p15.33 locus is associated with risk of lung adenocarcinoma in never-smoking females in Asia.
20731877	A frailty instrument for primary care: findings from the Survey of Health, Ageing and Retirement in Europe (SHARE).
20732625	Meta-analysis of genome-wide association studies of attention-deficit/hyperactivity disorder.
20801717	Chromosome 9p21 in sporadic amyotrophic lateral sclerosis in the UK and seven other countries: a genome-wide association study.
20835238	Common variants near CAV1 and CAV2 are associated with primary open-angle glaucoma.
20852632	A genome-wide association study identifies susceptibility loci for ovarian cancer at 2q31 and 8q24.
20860503	A large-scale, consortium-based genomewide association study of asthma.
20935630	Association analyses of 249,796 individuals reveal 18 new loci associated with body mass index.
20966902	Genome-wide association study of anthropometric traits and evidence of interactions with age and study year in Filipino women.
20972438	A multi-stage genome-wide association study of bladder cancer identifies multiple susceptibility loci.
20972440	Meta-analysis of three genome-wide association studies identifies susceptibility loci for colorectal cancer at 1q41, 3q26.2, 12q13.13 and 20q13.33.
20978172	Characterization of 9p24 risk locus and colorectal adenoma and cancer: gene-environment interaction and meta-analysis.
21082022	Genome-wide association study of blood pressure extremes identifies variant near UMOD associated with hypertension.
21104233	Polymorphisms in the ALOX12 gene and osteoporosis.
21116278	Genome-wide association with MRI atrophy measures as a quantitative trait locus for Alzheimer's disease.
21131975	Genome-wide association study of renal cell carcinoma identifies two susceptibility loci on 2p21 and 11q13.3.
21203820	Dietary intake of micronutrients and the risk of developing bladder cancer: results from the Belgian case-control study on bladder cancer risk.
21239051	Identification of ADAMTS7 as a novel locus for coronary atherosclerosis and association of ABO with myocardial infarction in the presence of coronary atherosclerosis: two genome-wide association studies.
21242260	Common variant in 6q26-q27 is associated with distal colon cancer in an Asian population.
21249187	Accuracy of CNV Detection from GWAS Data.
21256834	Plasma HDL-cholesterol and triglyceride levels in familial hypercholesterolemia: data from the MedPed CZ database and the Czech population.
21303977	Genome-wide significant association between a sequence variant at 15q15.2 and lung cancer risk.
21345099	Exposure to environmental microorganisms and childhood asthma.
21355061	CUBN is a gene locus for albuminuria.
21367690	Urinary biomarkers of prenatal atrazine exposure and adverse birth outcomes in the PELAGIE birth cohort.
21378990	Large-scale association analysis identifies 13 new susceptibility loci for coronary artery disease.
21423719	Genome-wide association analysis identifies variants associated with nonalcoholic fatty liver disease that have distinct effects on metabolic traits.
21437268	A genome-wide association study of upper aerodigestive tract cancers conducted within the INHANCE consortium.
21460840	Common variants at ABCA7, MS4A6A/MS4A4E, EPHA1, CD33 and CD2AP are associated with Alzheimer's disease.
21460841	Common variants at MS4A4/MS4A6E, CD2AP, CD33 and EPHA1 are associated with late-onset Alzheimer's disease.
21532571	Genome-wide association study identifies susceptibility loci for open angle glaucoma at TMCO1 and CDKN2B-AS1.
21606135	A genome-wide association study identifies LIPA as a susceptibility gene for coronary artery disease.
21642962	Whole-genome sequencing identifies recurrent mutations in chronic lymphocytic leukaemia.
21654844	Genome-wide association study of severity in multiple sclerosis.
21655089	Multiple common susceptibility variants near BMP pathway loci GREM1, BMP4, and BMP2 explain part of the missing heritability of colorectal cancer.
21665990	Common variants near FRK/COL10A1 and VEGFA are associated with advanced age-related macular degeneration.
21673961	Estrogen receptor beta rs1271572 polymorphism and invasive ovarian carcinoma risk: pooled analysis within the Ovarian Cancer Association Consortium.
21701570	Genome-wide association of BMI in African Americans.
21705063	Effect of early intensive multifactorial therapy on 5-year cardiovascular outcomes in individuals with type 2 diabetes detected by screening (ADDITION-Europe): a cluster-randomised trial.
21738479	Genome-wide association study of white blood cell count in 16,388 African Americans: the continental origins and genetic epidemiology network (COGENT).
21738487	Web-based genome-wide association study identifies two novel loci and a substantial genetic component for Parkinson's disease.
21750109	European genome-wide association study identifies SLC14A1 as a new urinary bladder cancer susceptibility gene.
21761138	Meta-analysis of new genome-wide association studies of colorectal cancer risk.
21812969	Genome-wide association study identifies candidate genes for Parkinson's disease in an Ashkenazi Jewish population.
21826061	Genome-wide association studies establish that human intelligence is highly heritable and polygenic.
21833088	Genetic risk and a primary role for cell-mediated immune mechanisms in multiple sclerosis.
21852243	Fine-mapping of breast cancer susceptibility loci characterizes genetic risk in African Americans.
21874001	Genome-wide association study in individuals of South Asian ancestry identifies six new type 2 diabetes susceptibility loci.
21876681	Genome-wide gene-environment study identifies glutamate receptor gene GRIN2A as a Parkinson's disease modifier gene via interaction with coffee.
21907864	Identification of IL6R and chromosome 11q13.5 as risk loci for asthma.
21926416	Genome-wide association study identifies novel loci predisposing to cutaneous melanoma.
21926972	Large-scale genome-wide association analysis of bipolar disorder identifies a new susceptibility locus near ODZ4.
21931564	A genome-wide metabolic QTL analysis in Europeans implicates two loci shaped by recent positive selection.
21949744	Effects of 16 genetic variants on fasting glucose and type 2 diabetes in South Asians: ADCY5 and GLIS3 variants may predispose to type 2 diabetes.
21964575	Mutations in BRIP1 confer high risk of ovarian cancer.
21965548	Four genetic loci influencing electrocardiographic indices of left ventricular hypertrophy.
21966275	Large-scale gene-centric analysis identifies novel variants for coronary artery disease.
21980494	Genetics of venous thrombosis: insights from a new genome wide association study.
21983785	Genome-wide association study identifies a new melanoma susceptibility locus at 1q21.3.
21983787	Genome-wide association study identifies three new melanoma susceptibility loci.
21998595	Identification, replication, and fine-mapping of Loci associated with adult height in individuals of african ancestry.
22010048	A genome-wide association study identifies a novel susceptibility locus for renal cell carcinoma on 12p11.23.
22039354	Mendelian randomization study of B-type natriuretic peptide and type 2 diabetes: evidence of causal association from population studies.
22076464	Identification of germline susceptibility loci in ETV6-RUNX1-rearranged childhood acute lymphoblastic leukemia.
22113997	The chromosome 2p21 region harbors a complex genetic architecture for association with risk for renal cell carcinoma.
22158537	Meta-analysis of genome-wide association studies identifies eight new loci for type 2 diabetes in east Asians.
22159054	A comprehensive genetic association study of Alzheimer disease in African Americans.
22162987	RANTES/CCL5 and risk for coronary events: results from the MONICA/KORA Augsburg case-cohort, Athero-Express and CARDIoGRAM studies.
22190364	Genome-wide meta-analysis identifies novel multiple sclerosis susceptibility loci.
22194890	Paternal and maternal history of myocardial infarction and cardiovascular diseases incidence in a Dutch cohort of middle-aged persons.
22199011	Association between chromosome 9p21 variants and the ankle-brachial index identified by a meta-analysis of 21 genome-wide association studies.
22210626	Genome-wide association study in multiple human prion diseases suggests genetic risk factors additional to PRNP.
22267197	Genome-wide association analysis identifies three new breast cancer susceptibility loci.
22271044	Y chromosome haplogroups and prostate cancer in populations of European and Ashkenazi Jewish ancestry.
22306652	Genome-wide association study identifies a variant in HDAC9 associated with large vessel ischemic stroke.
22318914	An fMRI investigation of responses to peer rejection in adolescents with autism spectrum disorders.
22344219	Meta-analysis identifies common variants associated with body mass index in east Asians.
22344221	Common variants at CDKAL1 and KLF9 are associated with body mass index in east Asian populations.
22383894	Genome-wide association study identifies chromosome 10q24.32 variants associated with arsenic metabolism and toxicity phenotypes in Bangladesh.
22436128	Inorganic arsenic and basal cell carcinoma in areas of Hungary, Romania, and Slovakia: a case-control study.
22446040	A novel locus for body mass index on 5p15.2: a meta-analysis of two genome-wide association studies.
22472876	A mega-analysis of genome-wide association studies for major depressive disorder.
22479202	Novel loci for adiponectin levels and their influence on type 2 diabetes and metabolic traits: a multi-ethnic meta-analysis of 45,891 individuals.
22523428	Variation in the ICAM1-ICAM4-ICAM5 locus is associated with systemic lupus erythematosus susceptibility in multiple ancestries.
22570617	Common variants at 9p21 and 8q22 are associated with increased susceptibility to optic nerve degeneration in glaucoma.
22570627	Common genetic determinants of intraocular pressure and primary open-angle glaucoma.
22570697	Genome-wide association study of multiple sclerosis confirms a novel locus at 5p13.1.
22581228	A genome-wide approach accounting for body mass index identifies genetic variants influencing fasting glycemic traits and insulin resistance.
22634755	Common variation near CDKN1A, POLD3 and SHROOM2 influences colorectal cancer risk.
22751097	Genome-wide association study in Han Chinese identifies four new susceptibility loci for coronary artery disease.
22763110	Identification of new susceptibility loci for osteoarthritis (arcOGEN): a genome-wide association study.
22773825	Fertility drugs and young-onset breast cancer: results from the Two Sister Study.
22792071	WNT16 influences bone mineral density, cortical bone thickness, bone strength, and osteoporotic fracture risk.
22792082	Genome-wide association analysis in asthma subjects identifies SPATS2L as a novel bronchodilator response gene.
22797724	A genome-wide association study identifies two new susceptibility loci for lung adenocarcinoma in the Japanese population.
22848412	Genetic markers enhance coronary risk prediction in men: the MORGAM prospective cohorts.
22885922	Large-scale association analysis provides insights into the genetic architecture and pathophysiology of type 2 diabetes.
22885924	Large-scale association analyses identify new loci influencing glycemic traits and provide insight into the underlying biological pathways.
22899653	Influence of common genetic variation on lung cancer risk: meta-analysis of 14 900 cases and 29 485 controls.
22923054	A genome-wide association study of breast cancer in women of African ancestry.
22933647	Profile: Agincourt health and socio-demographic surveillance system.
22939635	Genome-wide association and population genetic analysis of C-reactive protein in African American and Hispanic American women.
22961001	Common variants at the MHC locus and at chromosome 16q24.1 predispose to Barrett's esophagus.
22961080	A genome-wide association study identifies GRK5 and RASGRP1 as type 2 diabetes loci in Chinese Hans.
22982992	FTO genotype is associated with phenotypic variability of body mass index.
22999729	Mortality and cardiovascular events are best predicted by low central/peripheral pulse pressure amplification but not by high blood pressure levels in elderly nursing home subjects: the PARTAGE (Predictive Values of Blood Pressure and Arterial Stiffness in Institutionalized Very Aged Population) study.
23001564	Genome-wide meta-analysis points to CTC1 and ZNF676 as genes regulating telomere homeostasis in humans.
23041239	Genetic risk factors for ischaemic stroke and its subtypes (the METASTROKE collaboration): a meta-analysis of genome-wide association studies.
23066387	Association study of genes associated to asthma in a specific environment, in an asthma familial collection located in a rural area influenced by different industries.
23074152	Meta-analysis of genome-wide studies identifies WNT16 and ESR1 SNPs associated with bone mineral density in premenopausal women.
23113606	Lack of an association between left-handedness and APOE polymorphism in a large sample of adults: results of the Czech HAPIEE study.
23143594	Identification of 15 new psoriasis susceptibility loci highlights the role of innate immunity.
23143601	Genome-wide association analysis identifies new lung cancer susceptibility loci in never-smoking women in Asia.
23146381	A meta-analysis of genome-wide association studies for serum total IgE in diverse study populations.
23150908	Variant of TREM2 associated with the risk of Alzheimer's disease.
23151390	Neural responses to threat and reward interact to predict stress-related problem drinking: A novel protective role of the amygdala.
23184150	Common variation at 2q22.3 (ZEB2) influences the risk of renal cancer.
23202125	Large-scale association analysis identifies new risk loci for coronary artery disease.
23263487	Genome-wide association analyses in East Asians identify new susceptibility loci for colorectal cancer.
23266556	Identification of Genetic Susceptibility Loci for Colorectal Tumors in a Genome-Wide Meta-analysis.
23347264	Replication of established common genetic variants for adult BMI and childhood obesity in Greek adolescents: the TEENAGE study.
23349640	Susceptibility loci associated with specific and shared subtypes of lymphoid malignancies.
23349703	Variants in the 15q24/25 locus associate with lung function decline in active smokers.
23377640	Common genetic variation and antidepressant efficacy in major depressive disorder: a meta-analysis of three genome-wide pharmacogenetic studies.
23433573	Use of low-density lipoprotein cholesterol gene score to distinguish patients with polygenic and monogenic familial hypercholesterolaemia: a case-control study.
23455637	A variant in FTO shows association with melanoma risk not due to BMI.
23459209	ImmunoChip study implicates antigen presentation to T cells in narcolepsy.
23482656	Genome-wide association study of susceptibility loci for cervical cancer.
23512250	Novel susceptibility variants at 10p12.31-12.2 for childhood acute lymphoblastic leukemia in ethnically diverse populations.
23513043	Analysis of over 10,000 Cases finds no association between previously reported candidate polymorphisms and ovarian cancer outcome.
23535732	Identification of 23 new prostate cancer susceptibility loci using the iCOGS custom genotyping array.
23535825	Common genetic determinants of breast-cancer risk in East Asian women: a collaborative study of 23 637 breast cancer cases and 25 579 controls.
23544013	Genome-wide association study in BRCA1 mutation carriers identifies novel loci associated with breast and ovarian cancer risk.
23563134	N-terminal pro-B-type natriuretic peptide for risk assessment in patients with atrial fibrillation: insights from the ARISTOTLE Trial (Apixaban for the Prevention of Stroke in Subjects With Atrial Fibrillation).
23563607	Genome-wide meta-analysis identifies 11 new loci for anthropometric traits and provides insights into genetic architecture.
23583978	A meta-analysis identifies new loci associated with body mass index in individuals of African ancestry.
23599335	Copy number variation at chromosome 5q21.2 is associated with intraocular pressure.
23599444	Genetic risk prediction and a 2-stage risk screening strategy for coronary heart disease.
23650146	A genome-wide association study for venous thromboembolism: the extended cohorts for heart and aging research in genomic epidemiology (CHARGE) consortium.
23666239	Meta-analysis identifies four new loci associated with testicular germ cell tumor.
23666240	Identification of nine new susceptibility loci for testicular cancer, including variants near DAZL and PRDM14.
23669352	Genome-wide analysis of BMI in adolescents and young adults reveals additional insight into the effects of genetic loci over the life course.
23717212	Imputation-based meta-analysis of severe malaria in three African populations.
23743551	The Electronic Medical Records and Genomics (eMERGE) Network: past, present, and future.
23754956	Genetic architecture of vitamin B12 and folate levels uncovered applying deeply sequenced large datasets.
23768512	Mutations in GDP-mannose pyrophosphorylase B cause congenital and limb-girdle muscular dystrophies associated with hypoglycosylation of α-dystroglycan.
23770605	Genome-wide association study identifies multiple risk loci for chronic lymphocytic leukemia.
23793025	Genome-wide meta-analysis identifies new susceptibility loci for migraine.
23805179	A Genome-Wide Association Study Suggests Novel Loci Associated with a Schizophrenia-Related Brain-Based Phenotype.
23817569	A genome-wide association meta-analysis of self-reported allergy identifies shared and allergy-specific susceptibility loci.
23817572	Recurrent somatic alterations of FGFR1 and NTRK2 in pilocytic astrocytoma.
23864233	Association between serum uric acid and the metabolic syndrome among a middle- and old-age Chinese population.
23872634	Common variants at SCN5A-SCN10A and HEY2 are associated with Brugada syndrome, a rare disease with high risk of sudden cardiac death.
23897955	Rates and outcomes of follicular lymphoma transformation in the immunochemotherapy era: a report from the University of Iowa/MayoClinic Specialized Program of Research Excellence Molecular Epidemiology Resource.
23935489	Association study of common genetic variants and HIV-1 acquisition in 6,300 infected cases and 7,200 controls.
23974872	Genome-wide association analysis identifies 13 new risk loci for schizophrenia.
24001895	Genome-wide association study meta-analysis reveals transethnic replication of mean arterial and pulse pressure loci.
24064335	Meta-analysis of genome-wide association data identifies novel susceptibility loci for obesity.
24068962	Meta-analysis of genome-wide association studies identifies six new Loci for serum calcium concentrations.
24084763	Germline variants and advanced colorectal adenomas: adenoma prevention with celecoxib trial genome-wide association study.
24097068	Discovery and refinement of loci associated with lipid levels.
24121790	A genome-wide association study identifies new susceptibility loci for esophageal adenocarcinoma and Barrett's esophagus.
24124113	Insulin sensitivity and insulin clearance are heritable and have strong genetic correlation in Mexican Americans.
24139898	Hypermutation of the inactive X chromosome is a frequent event in cancer.
24141364	Inherited GATA3 variants are associated with Ph-like childhood acute lymphoblastic leukemia and risk of relapse.
24149770	Body mass index and incident hospitalisation for cardiovascular disease in 158 546 participants from the 45 and Up Study.
24162737	Meta-analysis of 74,046 individuals identifies 11 new susceptibility loci for Alzheimer's disease.
24163127	Genome-wide association study identifies multiple loci associated with bladder cancer risk.
24163247	Allelic heterogeneity in NCF2 associated with systemic lupus erythematosus (SLE) susceptibility across four ethnic populations.
24220699	A common variant at 8q24.21 is associated with renal cell cancer.
24253340	Genome-wide association study implicates NDST3 in schizophrenia and bipolar disorder.
24292195	Mutational landscape of gingivo-buccal oral squamous cell carcinoma reveals new recurrently-mutated genes and molecular subgroups.
24292274	A genome-wide association study identifies multiple susceptibility loci for chronic lymphocytic leukemia.
24343240	A rare functional cardioprotective APOC3 variant has risen in frequency in distinct population isolates.
24348519	EMR-linked GWAS study: investigation of variation landscape of loci for body mass index in children.
24388013	Genome-wide association analysis identifies 11 risk variants associated with the asthma with hay fever phenotype.
24390345	Sequence variants in SLC16A11 are a common risk factor for type 2 diabetes in Mexico.
24429243	Polygenic risk and the development and course of asthma: an analysis of data from a four-decade longitudinal study.
24448986	Genome-wide association study identifies a new SMAD7 risk variant associated with colorectal cancer risk in East Asians.
24479488	Integrative genomic analysis identifies epigenetic marks that mediate genetic risk for epithelial ovarian cancer.
24484606	Targeted prostate cancer screening in BRCA1 and BRCA2 mutation carriers: results from the initial screening round of the IMPACT study.
24514567	A genome-wide association study of anorexia nervosa.
24516880	Genome-wide association study for radiographic vertebral fractures: a potential role for the 16q24 BMD locus.
24520119	Polygenic type 2 diabetes prediction at the limit of common variant detection.
24531328	Exome-wide association study identifies a TM6SF2 variant that confers susceptibility to nonalcoholic fatty liver disease.
24550740	Accurate and robust genomic prediction of celiac disease using statistical learning.
24587469	Risk factors for soil-transmitted helminth infections during the first 3 years of life in the tropics; findings from a birth cohort.
24647736	Multiple nonglycemic genomic loci are newly associated with blood level of glycated hemoglobin in East Asians.
24656864	Fine mapping seronegative and seropositive rheumatoid arthritis to shared and distinct HLA alleles by adjusting for the effects of heterogeneity.
24676807	Estimating genome-wide significance for whole-genome sequencing studies.
24688116	Genome-wide association meta-analysis of human longevity identifies a novel locus conferring survival beyond 90 years of age.
24753544	Genetic variation in prostate-specific antigen-detected prostate cancer and the effect of control selection on genetic association studies.
24770850	Genome-wide association study of sexual maturation in males and females highlights a role for body mass and menarche loci in male puberty.
24816252	An atlas of genetic influences on human blood metabolites.
24836286	Large-scale genetic study in East Asians identifies six new loci associated with colorectal cancer risk.
24861552	Genome-wide association study yields variants at 20p12.2 that associate with urinary bladder cancer.
24861553	Meta-analysis of genome-wide association studies in East Asian-ancestry populations identifies four new loci for body mass index.
24862831	Greenness and allergies: evidence of differential associations in two areas in Germany.
24880342	Rare variants of large effect in BRCA2 and CHEK2 affect risk of lung cancer.
24920014	A meta-analysis of Hodgkin lymphoma reveals 19p13.3 TCF3 as a novel susceptibility locus.
24943594	Common non-synonymous SNPs associated with breast cancer susceptibility: findings from the Breast Cancer Association Consortium.
24952745	Genetic association study of QT interval highlights role for calcium signaling pathways in myocardial repolarization.
24958192	Genome-wide association interaction analysis for Alzheimer's disease.
24974849	Whole-genome sequence variation, population structure and demographic history of the Dutch population.
24980573	Identification of a melanoma susceptibility locus and somatic mutation in TET2.
25023989	A novel colorectal cancer risk locus at 4q32.2 identified from an international genome-wide association study.
25038754	Genome-wide association analysis in East Asians identifies breast cancer susceptibility loci at 1q32.1, 5q14.3 and 15q26.1.
25064009	Large-scale meta-analysis of genome-wide association data identifies six new risk loci for Parkinson's disease.
25086665	Genome-wide association study identifies multiple susceptibility loci for pancreatic cancer.
25102180	Meta-analysis of genome-wide association studies in African Americans provides insights into the genetic architecture of type 2 diabetes.
25105248	Trans-ethnic genome-wide association study of colorectal cancer identifies a new susceptibility locus in VTI1A.
25132422	An analysis of genetic factors related to risk of inflammatory bowel disease and colon cancer.
25133637	Genome-wide association studies and heritability estimates of body mass index related phenotypes in Bangladeshi adults.
25173105	Common variants near ABCA1, AFAP1 and GMDS confer risk of primary open-angle glaucoma.
25173106	Genome-wide analysis of multi-ancestry cohorts identifies new loci influencing intraocular pressure and susceptibility to glaucoma.
25229638	Dysfunction of emotional brain systems in individuals at high risk of mood disorder with depression and predictive features prior to illness.
25236618	DNA copy number analysis of fresh and formalin-fixed specimens by shallow whole-genome sequencing with identification and exclusion of problematic regions in the genome assembly.
25261932	Genome-wide association study identifies multiple susceptibility loci for diffuse large B cell lymphoma.
25261933	Reappraisal of known malaria resistance loci in a large multicenter study.
25262651	De novo mutations in synaptic transmission genes including DNM1 cause epileptic encephalopathies.
25279460	The associations of serum serotonin with bone traits are age- and gender-specific.
25279986	Genome-wide association study identifies five susceptibility loci for follicular lymphoma outside the HLA region.
25281659	A novel common variant in DCST2 is associated with length in early life and height in adulthood.
25282103	Defining the role of common variation in the genomic and biological architecture of adult human height.
25349970	Evidence for a time-dependent association between FOLR1 expression and survival from ovarian carcinoma: implications for clinical testing. An Ovarian Tumour Tissue Analysis consortium study.
25363670	Common variation at 12q24.13 (OAS3) influences chronic lymphocytic leukemia risk.
25370913	Postprandial glucose metabolism and SCFA after consuming wholegrain rye bread and wheat bread enriched with bioprocessed rye bran in individuals with mild gastrointestinal symptoms.
25412286	Lack of replication of the GRIN2A-by-coffee interaction in Parkinson disease.
25429525	Recurrent urinary tract infection and risk of bladder cancer in the Nijmegen bladder cancer study.
25470054	The African Genome Variation Project shapes medical genetics in Africa.
25472670	Suitability of circulating miRNAs as potential prognostic markers in colorectal cancer.
25502724	Large-scale metabolomic profiling identifies novel biomarkers for incident coronary heart disease.
25534755	A genome-wide association study of autism using the Simons Simplex Collection: Does reducing phenotypic heterogeneity in autism increase genetic homogeneity?
25569183	A genome-wide association study of marginal zone lymphoma shows association to the HLA region.
25569441	Implications of polygenic risk-stratified screening for prostate cancer on overdiagnosis.
25581431	Identification of six new susceptibility loci for invasive epithelial ovarian cancer.
25625282	Identification and functional characterization of G6PC2 coding variants influencing glycemic traits define an effector transcript at the G6PC2-ABCB11 locus.
25632367	Antithrombotic therapy in patients with acute coronary syndrome in the intermountain heart collaborative study.
25637336	Genetics of hand grip strength in mid to late life.
25644374	Informed genome-wide association analysis with family history as a secondary phenotype identifies novel loci of lung cancer.
25673412	New genetic loci link adipose and insulin biology to body fat distribution.
25673413	Genetic studies of body mass index yield new insights for obesity biology.
25683114	A model to determine colorectal cancer risk using common genetic susceptibility loci.
25748612	Genetic risk, coronary heart disease events, and the clinical benefit of statin therapy: an analysis of primary and secondary prevention trials.
25751624	Fine mapping of type 1 diabetes susceptibility loci and evidence for colocalization of causal variants with lymphoid gene enhancers.
25758996	Genome-wide association analysis on five isolated populations identifies variants of the HLA-DOA gene associated with white wine liking.
25772935	Meta-analysis of 65,734 individuals identifies TSPAN15 and SLC44A2 as two susceptibility loci for venous thromboembolism.
25778476	A novel Alzheimer disease locus located near the gene encoding tau protein.
25826379	UK biobank: an open access resource for identifying the causes of a wide range of complex diseases of middle and old age.
25826619	Common variation at 1q24.1 (ALDH9A1) is a potential risk factor for renal cancer.
25855707	Prediction of breast cancer risk based on profiling with common genetic variants.
25862742	Polygenic Overlap Between C-Reactive Protein, Plasma Lipids, and Alzheimer Disease.
25869804	GWAS for executive function and processing speed suggests involvement of the CADM2 gene.
25874636	CMPF does not associate with impaired glucose metabolism in individuals with features of metabolic syndrome.
25891430	Association of CLEC16A with human common variable immunodeficiency disorder and role in murine B cells.
25939597	Two susceptibility loci identified for prostate cancer aggressiveness.
25951326	An Examination of the Relationship between Lipid Levels and Associated Genetic Markers across Racial/Ethnic Populations in the Multi-Ethnic Study of Atherosclerosis.
25990418	A new GWAS and meta-analysis with 1000Genomes imputation identifies novel risk variants for colorectal cancer.
26034056	A large multiethnic genome-wide association study of prostate cancer identifies novel risk variants and substantial ethnic differences.
26039689	Trends in Transmission of Drug Resistance and Prevalence of Non-B Subtypes in Patients with Acute or Recent HIV-1 Infection in Barcelona in the Last 16 Years (1997-2012).
26046553	The Swedish MS registry – clinical support tool and scientific resource.
26068415	Genome-wide association study identifies novel genetic variants contributing to variation in blood metabolite levels.
26098866	Loss-of-function variants in ATM confer risk of gastric cancer.
26098869	Common variation at 2p13.3, 3q29, 7p13 and 17q25.1 associated with susceptibility to pancreatic cancer.
26124090	Origin and dynamics of admixture in Brazilians and its effect on the pattern of deleterious mutations.
26151821	Genome-wide association study of colorectal cancer identifies six new susceptibility loci.
26176920	Sparse whole-genome sequencing identifies two loci for major depressive disorder.
26188009	Genome-wide association analysis on normal hearing function identifies PCDH20 and SLC28A3 as candidates for hearing function and loss.
26237428	Genome-wide meta-analysis identifies five new susceptibility loci for cutaneous malignant melanoma.
26244058	Genomic prediction of celiac disease targeting HLA-positive individuals.
26250998	Usefulness of Low-Density Lipoprotein Cholesterol and Non-High-Density Lipoprotein Cholesterol as Predictors of Cardiovascular Disease in Chinese.
26291059	Reducing overdiagnosis by polygenic risk-stratified screening: findings from the Finnish section of the ERSPC.
26319774	Cohort profile: LifeLines DEEP, a prospective, general population cohort study in the northern Netherlands: study design and baseline characteristics.
26343387	A comprehensive 1,000 Genomes-based genome-wide association meta-analysis of coronary artery disease.
26352532	Lung Cancer Risk Prediction Using Common SNPs Located in GWAS-Identified Susceptibility Regions.
26363033	Identification of lung cancer histology-specific variants applying Bayesian framework variant prioritization approaches within the TRICL and ILCCO consortia.
26366554	Genome sequencing elucidates Sardinian genetic architecture and augments association analyses for lipid and blood inflammatory markers.
26387087	The effects of height and BMI on prostate cancer incidence and mortality: a Mendelian randomization study in 20,848 cases and 20,214 controls from the PRACTICAL consortium.
26390057	Trans-ancestry genome-wide association study identifies 12 genetic loci influencing blood pressure and implicates a role for DNA methylation.
26392438	Risk prediction by genetic risk scores for coronary heart disease is independent of self-reported family history.
26404086	A genome-wide association study for colorectal cancer identifies a risk locus in 14q23.1.
26406445	Targeted Sequencing of the Mitochondrial Genome of Women at High Risk of Breast Cancer without Detectable Mutations in BRCA1/2.
26407342	A Genome-Wide Association Study of a Biomarker of Nicotine Metabolism.
26420894	Genetic loci associated with renal function measures and chronic kidney disease in children: the Pediatric Investigation for Genetic Factors Linked with Renal Progression Consortium.
26432245	A global reference for human genetic variation.
26443449	Large-scale association analysis in Asians identifies new susceptibility loci for prostate cancer.
26503584	Identification of four new susceptibility loci for testicular germ cell tumour.
26540294	Metabolomic Quantitative Trait Loci (mQTL) Mapping Implicates the Ubiquitin Proteasome System in Cardiovascular Disease Pathogenesis.
26577414	A Type 1 Diabetes Genetic Risk Score Can Aid Discrimination Between Type 1 and Type 2 Diabetes in Young Adults.
26590902	Fine mapping of chromosome 5p15.33 based on a targeted deep sequencing and high density genotyping identifies novel lung cancer susceptibility loci.
26631737	Genome-wide Association Studies Identify Genetic Loci Associated With Albuminuria in Diabetes.
26690388	Exome-wide association analysis reveals novel coding sequence variants associated with lipid traits in Chinese.
26691988	A large genome-wide association study of age-related macular degeneration highlights contributions of rare and common variants.
26732427	Identification of a novel susceptibility locus at 13q34 and refinement of the 20p12.2 region as a multi-signal locus associated with bladder cancer risk in individuals of European ancestry.
26752265	Genome-wide association analysis identifies TXNRD2, ATXN2 and FOXC1 as susceptibility loci for primary open-angle glaucoma.
26806518	Genetic variants associated with response to lithium treatment in bipolar disorder: a genome-wide association study.
26840454	Germline polymorphisms in an enhancer of PSIP1 are associated with progression-free survival in epithelial ovarian cancer.
26868379	A variant at 9p21.3 functionally implicates CDKN2B in paediatric B-cell precursor acute lymphoblastic leukaemia aetiology.
26881390	A genetic study and meta-analysis of the genetic predisposition of prostate cancer in a Chinese population.
26908601	Genome-wide association analysis of self-reported events in 6135 individuals and 252 827 controls identifies 8 loci associated with thrombosis.
26940866	Health and population effects of rare gene knockouts in adult humans with related parents.
26950853	Genome-Wide Association Study for Incident Myocardial Infarction and Coronary Heart Disease in Prospective Cohort Studies: The CHARGE Consortium.
26956414	Meta-analysis of genome-wide association studies discovers multiple loci for chronic lymphocytic leukemia.
26965516	Identification of Susceptibility Loci and Genes for Colorectal Cancer Risk.
26997371	Genome-wide DNA methylation levels and altered cortisol stress reactivity following childhood trauma in humans.
27005424	Variation at 2q35 (PNKD and TMBIM1) influences colorectal cancer risk and identifies a pleiotropic effect with inflammatory bowel disease.
27005778	Genome-wide study for circulating metabolites identifies 62 loci and reveals novel systemic effects of LPA.
27008869	GWAS meta-analysis of 16 852 women identifies new susceptibility locus for endometrial cancer.
27023175	Genome-wide association study of lifetime cannabis use based on a large meta-analytic sample of 32 330 subjects from the International Cannabis Consortium.
27028160	Genome-wide Association Study of Cannabis Dependence Severity, Novel Risk Variants, and Shared Genetic Risks.
27030319	Genome-wide significant results identified for plasma apolipoprotein H levels in middle-aged and older adults.
27067890	Associations between neighbourhood greenness and asthma in preschool children in Kaunas, Lithuania: a case-control study.
27089181	Genetic variants associated with subjective well-being, depressive symptoms, and neuroticism identified through genome-wide analyses.
27135401	Five endometrial cancer risk loci identified through genome-wide association analysis.
27145994	Common genetic variation in ETV6 is associated with colorectal cancer susceptibility.
27151655	The PROFILE Feasibility Study: Targeted Screening of Men With a Family History of Prostate Cancer.
27174798	Development and Validation of a Model to Predict Absolute Vascular Risk Reduction by Moderate-Intensity Statin Therapy in Individual Patients With Type 2 Diabetes Mellitus: The Anglo Scandinavian Cardiac Outcomes Trial, Antihypertensive and Lipid-Lowering Treatment to Prevent Heart Attack Trial, and Collaborative Atorvastatin Diabetes Study.
27197191	Cross-Cancer Genome-Wide Analysis of Lung, Ovary, Breast, Prostate, and Colorectal Cancer Reveals Novel Pleiotropic Associations.
27207547	Type 1 Diabetes Genetic Risk Score: A Novel Tool to Discriminate Monogenic and Type 1 Diabetes.
27288692	Genetic variant in DNA repair gene GTF2H4 is associated with lung cancer risk: a large-scale analysis of six published GWAS datasets in the TRICL consortium.
27322543	Meta-analysis of 375,000 individuals identifies 38 susceptibility loci for migraine.
27329137	Rare disruptive mutations and their contribution to the heritable risk of colorectal cancer.
27329260	Genomewide meta-analysis identifies loci associated with IGF-I and IGFBP-3 levels with impact on age-related traits.
27340842	Evaluation of a Genetic Risk Score to Improve Risk Prediction for Alzheimer's Disease.
27346685	Exome Genotyping Identifies Pleiotropic Variants Associated with Red Blood Cell Traits.
27363682	Genome-wide association study identifies multiple susceptibility loci for multiple myeloma.
27387956	Genome-wide search identifies a gene-gene interaction between 20p13 and 2q14 in asthma.
27398621	The genetic architecture of type 2 diabetes.
27409342	Meta-dimensional data integration identifies critical pathways for susceptibility, tumorigenesis and progression of endometrial cancer.
27418945	High-risk HPV is not associated with epithelial ovarian cancer in a Caucasian population.
27432226	Genome-Wide Meta-Analyses of Breast, Ovarian, and Prostate Cancer Association Studies Identify Multiple New Susceptibility Loci Shared by at Least Two Cancer Types.
27445529	Identification of Susceptibility Genes of Adult Asthma in French Canadian Women.
27479909	Identification of 15 genetic loci associated with risk of major depression in individuals of European descent.
27500523	Variation in the glucose transporter gene SLC2A2 is associated with glycemic response to metformin.
27513194	Personalized risk prediction for type 2 diabetes: the potential of genetic risk scores.
27527254	Genome-wide association studies in oesophageal adenocarcinoma and Barrett's oesophagus: a large-scale meta-analysis.
27565998	Breast cancer risk prediction using a clinical risk model and polygenic risk score.
27579533	Three new pancreatic cancer susceptibility signals identified on chromosomes 1q32.1, 5p15.33 and 8q24.21.
27598322	Association between Adult Height and Risk of Colorectal, Lung, and Prostate Cancer: Results from Meta-analyses of Prospective Studies and Mendelian Randomization Analyses.
27618452	The genetics of blood pressure regulation and its target organs from association studies in 342,415 individuals.
27647854	The Genetic Landscape of Renal Complications in Type 1 Diabetes.
27649491	Prediction of Bone Mineral Density and Fragility Fracture by Genetic Profiling.
27655226	Genomic prediction of coronary heart disease.
27659466	52 Genetic Loci Influencing Myocardial Mass.
27694927	A genome-wide association study identifies risk loci for childhood acute lymphoblastic leukemia at 10q26.13 and 12q23.1.
27697780	The OncoArray Consortium: A Network for Understanding the Genetic Architecture of Common Cancers.
27749845	Genome-wide association analyses identify new susceptibility loci for oral cavity and pharyngeal cancer.
27760082	Age at natural menopause genetic risk score in relation to age at natural menopause and primary open-angle glaucoma in a US-based sample.
27814508	Host and Environmental Factors Influencing Individual Human Cytokine Responses.
27814519	The Human Functional Genomics Project: Understanding Generation of Diversity.
27825389	Maternal arsenic exposure and gestational diabetes and glucose intolerance in the New Hampshire birth cohort study.
27841877	Integrative genomic analysis implicates limited peripheral adipose storage capacity in the pathogenesis of human insulin resistance.
27869829	Contribution of copy number variants to schizophrenia from a genome-wide study of 41,321 subjects.
27899403	Meta-Analysis of Genome-Wide Association Studies for Abdominal Aortic Aneurysm Identifies Four New Disease-Specific Risk Loci.
27931260	Prediction of breast cancer risk based on common genetic variants in women of East Asian ancestry.
27956187	Trends in the burden of HIV mortality after roll-out of antiretroviral therapy in KwaZulu-Natal, South Africa: an observational community cohort study.
27959714	Genetic Risk, Adherence to a Healthy Lifestyle, and Coronary Disease.
28053049	Genome-wide association study with additional genetic and post-transcriptional analyses reveals novel regulators of plasma factor XI levels.
28056824	The emerging landscape of dynamic DNA methylation in early childhood.
28067908	Genome-wide association study implicates immune activation of multiple integrin genes in inflammatory bowel disease.
28093568	GWAS meta-analysis reveals novel loci and genetic correlates for general cognitive function: a report from the COGENT consortium.
28112199	Genome-wide association analysis of chronic lymphocytic leukaemia, Hodgkin lymphoma and multiple myeloma identifies pleiotropic risk loci.
28159758	Longitudinal study of weight, energy intake and physical activity change across two decades in older Scottish women.
28165464	Genome-wide association analysis implicates dysregulation of immunity genes in chronic lymphocytic leukaemia.
28170284	Genetic Association and Risk Scores in a Chronic Obstructive Pulmonary Disease Meta-analysis of 16,707 Subjects.
28195142	A genome-wide association study yields five novel thyroid cancer risk loci.
28209224	Systematic Evaluation of Pleiotropy Identifies 6 Further Loci Associated With Coronary Artery Disease.
28212542	Two-stage genome-wide association study identifies a novel susceptibility locus associated with melanoma.
28213371	Polygenic risk scores in familial Alzheimer disease.
28223407	Polygenic Risk Score Identifies Subgroup With Higher Burden of Atherosclerosis and Greater Relative Benefit From Statin Therapy in the Primary Prevention Setting.
28233817	Risk Model for Colorectal Cancer in Spanish Population Using Environmental and Genetic Factors: Results from the MCC-Spain study.
28240269	Connecting genetic risk to disease end points through the human blood plasma proteome.
28245255	Extending the use of GWAS data by combining data from different genetic platforms.
28254843	Genetics of Type 2 Diabetes in U.S. Hispanic/Latino Individuals: Results From the Hispanic Community Health Study/Study of Latinos (HCHS/SOL).
28302734	Time-dependent genetic effects on gene expression implicate aging processes.
28322283	Susceptibility to neurofibrillary tangles: role of the PTPRD locus and limited pleiotropy with other neuropathologies.
28323831	Genetic assessment of age-associated Alzheimer disease risk: Development and validation of a polygenic hazard score.
28334899	Association analyses of East Asian individuals and trans-ancestry analyses with European individuals reveal new loci associated with cholesterol and triglyceride levels.
28346442	Identification of 12 new susceptibility loci for different histotypes of epithelial ovarian cancer.
28346443	Genome-wide association study of glioma subtypes identifies specific differences in genetic susceptibility to glioblastoma and non-glioblastoma tumors.
28376175	Evaluation of Polygenic Risk Scores for Breast and Ovarian Cancer Risk Prediction in BRCA1 and BRCA2 Mutation Carriers.
28385611	Description of the EuroTARGET cohort: A European collaborative project on TArgeted therapy in renal cell cancer-GEnetic- and tumor-related biomarkers for response and toxicity.
28419249	Cohort Profile: African Collaborative Center for Microbiome and Genomics Research's (ACCME's) Human Papillomavirus (HPV) and Cervical Cancer Study.
28445112	Tracking the Evolution of Non-Small-Cell Lung Cancer.
28448241	Prediction of Breast and Prostate Cancer Risks in Male BRCA1 and BRCA2 Mutation Carriers Using Polygenic Risk Scores.
28456682	Polygenic risk score predicts prevalence of cardiovascular disease in patients with familial hypercholesterolemia.
28481548	Cross-Sectional Association of Salivary Proteins with Age, Sex, Body Mass Index, Smoking, and Education.
28498854	Single-trait and multi-trait genome-wide association analyses identify novel loci for blood pressure in African-ancestry populations.
28506689	Genetic Factors Interact With Tobacco Smoke to Modify Risk for Inflammatory Bowel Disease in Humans and Mice.
28530674	Fifteen new risk loci for coronary artery disease highlight arterial-wall-specific mechanisms.
28540026	Meta-analysis of GWAS of over 16,000 individuals with autism spectrum disorder highlights a novel locus at 10q24.32 and a significant overlap with schizophrenia.
28545128	Common variants upstream of MLF1 at 3q25 and within CPZ at 4p16 associated with neuroblastoma.
28557991	Socioeconomic indicators in epidemiologic research: A practical example from the LIFEPATH study.
28566273	An Expanded Genome-Wide Association Study of Type 2 Diabetes in Europeans.
28584231	Identification of 15 novel risk loci for coronary artery disease and genetic risk of recurrent events, atrial fibrillation and heart failure.
28588112	The Hoorn Diabetes Care System (DCS) cohort. A prospective cohort of persons with type 2 diabetes treated in primary care in the Netherlands.
28596592	Sequence variant at 4q25 near PITX2 associates with appendicitis.
28598434	Genome-wide association study identifies multiple risk loci for renal cell carcinoma.
28604728	Identification of 19 new risk loci and potential regulatory mechanisms influencing susceptibility to testicular germ cell tumor.
28604730	Large-scale association analysis identifies new lung cancer susceptibility loci and heterogeneity in genetic susceptibility across histological subtypes.
28604732	Meta-analysis of five genome-wide association studies identifies multiple new loci associated with testicular germ cell tumor.
28626626	Television viewing time among statin users and non-users. The Polish Norwegian Study (PONS).
28644415	Genome-Wide Association Study of Dietary Pattern Scores.
28654678	Genetic factors affecting EBV copy number in lymphoblastoid cell lines derived from the 1000 Genome Project samples.
28714974	Genetic analysis in UK Biobank links insulin resistance and transendothelial migration pathways to coronary artery disease.
28714976	Rare coding variants in PLCG2, ABI3, and TREM2 implicate microglial-mediated innate immunity in Alzheimer's disease.
28806749	Defining the genetic susceptibility to cervical neoplasia-A genome-wide association study.
28817493	DNA methylation of the glucocorticoid receptor gene promoter in the placenta is associated with blood pressure regulation in human pregnancy.
28832569	SweGen: a whole-genome data resource of genetic variability in a cross-section of the Swedish population.
28878392	Multivariate discovery and replication of five novel loci associated with Immunoglobulin G N-glycosylation.
28892062	Genome-wide association study identifies 112 new loci for body mass index in the Japanese population.
28898252	Impact of common genetic determinants of Hemoglobin A1c on type 2 diabetes risk and diagnosis in ancestrally diverse populations: A transethnic genome-wide meta-analysis.
28915241	The relative contribution of DNA methylation and genetic variants on protein biomarkers for human diseases.
28921760	Genome-wide association study of a nicotine metabolism biomarker in African American smokers: impact of chromosome 19 genetic influences.
28937204	J-Resolved 1H NMR 1D-Projections for Large-Scale Metabolic Phenotyping Studies: Application to Blood Plasma Analysis.
28960316	Genome-wide association study and meta-analysis in Northern European populations replicate multiple colorectal cancer risk loci.
28961250	Estimation of kinship coefficient in structured and admixed populations using sparse sequencing data.
29047167	The association between a genetic risk score for allergy and the risk of developing allergies in childhood-Results of the WHISTLER cohort.
29058716	Identification of ten variants associated with risk of estrogen-receptor-negative breast cancer.
29059683	Association analysis identifies 65 new breast cancer risk loci.
29083406	Shared genetic origin of asthma, hay fever and eczema elucidates allergic disease biology.
29083407	Exome chip meta-analysis identifies novel loci and East Asian-specific coding variants that contribute to lipid levels and coronary artery disease.
29117387	Two Novel Susceptibility Loci for Prostate Cancer in Men of African Ancestry.
29120361	Variation in Point-of-Care Testing of HbA1c in Diabetes Care in General Practice.
29129827	Genetic Predisposition, Clinical Risk Factor Burden, and Lifetime Risk of Atrial Fibrillation.
29141588	Parkinson disease polygenic risk score is associated with Parkinson disease status and age at onset but not with alpha-synuclein cerebrospinal fluid levels.
29187508	Relaxed Selection During a Recent Human Expansion.
29212778	Identification of 64 Novel Genetic Loci Provides an Expanded View on the Genetic Architecture of Coronary Artery Disease.
29212779	Longitudinal Analysis of Genetic Susceptibility and BMI Throughout Adult Life.
29263402	Genome-wide association study identifies a missense variant at APOA5 for coronary artery disease in Multi-Ethnic Cohorts from Southeast Asia.
29273806	Multiancestry association study identifies new asthma risk loci that colocalize with immune-cell enhancer marks.
29280273	Causal relationship of hepatic fat with liver damage and insulin resistance in nonalcoholic fatty liver.
29296818	Genetic association with B-cell acute lymphoblastic leukemia in allogeneic transplant patients differs by age and sex.
29321194	Polygenic hazard score to guide screening for aggressive prostate cancer: development and validation in large scale cohorts.
29340614	Association of Polygenic Risk Score With Cognitive Decline and Motor Progression in Parkinson Disease.
29378355	A Genome-wide Study of Common and Rare Genetic Variants Associated with Circulating Thrombin Activatable Fibrinolysis Inhibitor.
29403010	Genetic analysis of quantitative traits in the Japanese population links cell types to complex human diseases.
29422604	Genome-wide meta-analysis identifies five new susceptibility loci for pancreatic cancer.
29458155	Determining Risk of Colorectal Cancer and Starting Age of Screening Based on Lifestyle, Environmental, and Genetic Factors.
29462329	Association of job sectors with type 2 diabetes mellitus, hypercholesterolemia and obesity: a cross-sectional study from the Malaysian Cohort (TMC) project.
29489755	Pan-cancer genome and transcriptome analyses of 1,699 paediatric leukaemias and solid tumours.
29496485	DNA methylation in childhood asthma: an epigenome-wide meta-analysis.
29500382	Item-level analyses reveal genetic heterogeneity in neuroticism.
29531354	Multiancestry genome-wide association study of 520,000 subjects identifies 32 loci associated with stroke and stroke subtypes.
29540798	Application of a Genetic Risk Score to Racially Diverse Type 1 Diabetes Populations Demonstrates the Need for Diversity in Risk-Modeling.
29555425	The effect of APOE and other common genetic variants on the onset of Alzheimer's disease and dementia: a community-based cohort study.
29562163	A Protein-Truncating HSD17B13 Variant and Protection from Chronic Liver Disease.
29574091	Genetic Risk Score Is Associated With Prevalence of Advanced Neoplasms in a Colorectal Cancer Screening Population.
29593016	GCAT|Genomes for life: a prospective cohort study of the genomes of Catalonia.
29608257	Genetic overlap between endometriosis and endometrial cancer: evidence from cross-disease genetic correlation and GWAS meta-analyses.
29611518	3 versus 6 months of adjuvant oxaliplatin-fluoropyrimidine combination therapy for colorectal cancer (SCOT): an international, randomised, phase 3, non-inferiority trial.
29632299	Genome-wide association study identifies susceptibility loci for B-cell childhood acute lymphoblastic leukemia.
29632382	Refining the accuracy of validated target identification through coding variant fine-mapping in type 2 diabetes.
29662167	Sequencing of prostate cancers identifies new cancer genes, routes of progression and drug targets.
29674426	Association of polygenic risk score with the risk of chronic lymphocytic leukemia and monoclonal B-cell lymphocytosis.
29700475	Genome-wide association analyses identify 44 risk variants and refine the genetic architecture of major depression.
29730597	Evaluation of polygenic risk scores for ovarian cancer risk prediction in a prospective cohort study.
29752553	Influence of early-life parental severe life events on the risk of type 1 diabetes in children: the DiPiS study.
29777097	GWAS on family history of Alzheimer's disease.
29847083	Prenatal Mancozeb Exposure, Excess Manganese, and Neurodevelopment at 1 Year of Age in the Infants' Environmental Health (ISA) Study.
29875488	Genomic atlas of the human plasma proteome.
29890168	Assessing the Incremental Contribution of Common Genomic Variants to Melanoma Risk Prediction in Two Population-Based Studies.
29892013	Mixed-model association for biobank-scale datasets.
29892016	Association analyses of more than 140,000 men identify 63 new prostate cancer susceptibility loci.
29892050	Fine-mapping of prostate cancer susceptibility loci in a large meta-analysis identifies candidate causal variants.
29906448	Genomic Dissection of Bipolar Disorder and Schizophrenia, Including 28 Subphenotypes.
29908285	Evaluating the effect of multiple genetic risk score models on colorectal cancer risk prediction.
29917119	Novel Common Genetic Susceptibility Loci for Colorectal Cancer.
29924316	Genome-wide association study of familial lung cancer.
29925420	Hepatic steatosis risk is partly driven by increased de novo lipogenesis following carbohydrate consumption.
29926099	Association of LPA Variants With Risk of Coronary Disease and the Implications for Lipoprotein(a)-Lowering Therapies: A Mendelian Randomization Analysis.
29988082	Prediction of acute myeloid leukaemia risk in healthy individuals.
30006587	Dynamics of Plasma Lipidome in Progression to Islet Autoimmunity and Type 1 Diabetes - Type 1 Diabetes Prediction and Prevention Study (DIPP).
30011827	Association of Dietary Patterns with Metabolic Syndrome: Results from the Kardiovize Brno 2030 Study.
30044860	The genetic underpinnings of variation in ages at menarche and natural menopause among women from the multi-ethnic Population Architecture using Genomics and Epidemiology (PAGE) Study: A trans-ethnic meta-analysis.
30046033	PR interval genome-wide association meta-analysis identifies 50 loci associated with atrial and atrioventricular electrical activity.
30054594	Genome-wide association study of intraocular pressure uncovers new pathways to glaucoma.
30061737	Biobank-driven genomic discovery yields new insight into atrial fibrillation biology.
30093612	Identification of nine new susceptibility loci for endometrial cancer.
30103784	Exploring causality in the association between circulating 25-hydroxyvitamin D and colorectal cancer risk: a large Mendelian randomisation study.
30104761	Efficiently controlling for case-control imbalance and sample relatedness in large-scale genetic association studies.
30104762	Genome-wide polygenic scores for common diseases identify individuals with risk equivalent to monogenic mutations.
30124842	Meta-analysis of genome-wide association studies for height and body mass index in ∼700000 individuals of European ancestry.
30158200	Assessment of the genetic and clinical determinants of fracture risk: genome wide association and mendelian randomisation study.
30180161	Addition of a polygenic risk score, mammographic density, and endogenous hormones to existing breast cancer risk prediction models: A nested case-control study.
30185664	Polygenic risk score for predicting weight loss after bariatric surgery.
30199412	Observational Surveillance Approach to Detect Novel Work-Related Diseases and Hazards: An Application to a Belgian Occupational Health and Safety Database.
30206357	Exploring rare and low-frequency variants in the Saguenay-Lac-Saint-Jean population identified genes associated with asthma and allergy traits.
30218040	Autosomal genetic variation is associated with DNA methylation in regions variably escaping X-chromosome inactivation.
30224653	Genetic analysis of over 1 million people identifies 535 new loci associated with blood pressure traits.
30240442	Type 2 diabetes genetic loci informed by multi-trait associations point to disease mechanisms and subtypes: A soft clustering analysis.
30262460	Genetic Tools for Coronary Risk Assessment in Type 2 Diabetes: A Cohort Study From the ACCORD Clinical Trial.
30267046	Myocilin Gene Gln368Ter Variant Penetrance and Association With Glaucoma in Population-Based and Registry-Based Studies.
30275531	Genetics of blood lipids among ~300,000 multi-ethnic participants of the Million Veteran Program.
30297969	Fine-mapping type 2 diabetes loci to single-variant resolution using high-density imputation and islet-specific epigenome maps.
30305743	The UK Biobank resource with deep phenotyping and genomic data.
30309464	Genomic Risk Prediction of Coronary Artery Disease in 480,000 Adults: Implications for Primary Prevention.
30323197	The added value of genetic information in colorectal cancer risk prediction models: development and evaluation in the UK Biobank prospective cohort study.
30333627	Functional genomic landscape of acute myeloid leukaemia.
30336701	Genome-Wide Association Study Meta-Analysis of the Alcohol Use Disorders Identification Test (AUDIT) in Two Population-Based Cohorts.
30354305	Coronary Heart Disease Genetic Risk Score Predicts Cardiovascular Disease Risk in Men, Not Women.
30355576	Genetic risk, incident stroke, and the benefits of adhering to a healthy lifestyle: cohort study of 306 473 UK Biobank participants.
30397198	Germline variation at 8q24 and prostate cancer risk in men of European ancestry.
30405126	Cohort-wide deep whole genome sequencing and the allelic architecture of complex traits.
30442082	Use of polygenic risk scores of nicotine metabolism in predicting smoking behaviors.
30470734	Evidence for genetic contribution to the increased risk of type 2 diabetes in schizophrenia.
30482948	Transancestral GWAS of alcohol dependence reveals common genetic underpinnings with psychiatric disorders.
30510241	Discovery of common and rare genetic risk variants for colorectal cancer.
30529582	Large-Scale Genome-Wide Association Study of East Asians Identifies Loci Associated With Risk for Colorectal Cancer.
30531941	GWAS identifies 14 loci for device-measured physical activity and sleep duration.
30554720	Polygenic Risk Scores for Prediction of Breast Cancer and Breast Cancer Subtypes.
30578418	Trans-ethnic association study of blood pressure determinants in over 750,000 individuals.
30586733	Whole-Genome Sequencing to Characterize Monogenic and Polygenic Contributions in Patients Hospitalized With Early-Onset Myocardial Infarction.
30617256	Genome-wide meta-analysis identifies new loci and functional pathways influencing Alzheimer's disease risk.
30624603	Fine mapping of genome-wide association study signals to identify genetic markers of the plasma triglyceride response to an omega-3 fatty acid supplementation.
30642433	Genomics of 1 million parent lifespans implicates novel pathways and common diseases and distinguishes survival chances.
30643258	Genome-wide association analyses of risk tolerance and risky behaviors in over 1 million individuals identify hundreds of loci and shared genetic influences.
30648747	Anastrozole Aromatase Inhibitor Plasma Drug Concentration Genome-Wide Association Study: Functional Epistatic Interaction Between SLC38A7 and ALPPL2.
30655379	Development and Standardization of an Improved Type 1 Diabetes Genetic Risk Score for Use in Newborn Screening and Incident Diagnosis.
30659077	Type 1 Diabetes Risk in African-Ancestry Participants and Utility of an Ancestry-Specific Genetic Risk Score.
30677029	Genetic architecture of human thinness compared to severe obesity.
30696823	Genome-wide association analyses of chronotype in 697,828 individuals provides insights into circadian rhythms.
30718454	Genome-wide by environment interaction studies of depressive symptoms and psychosocial stress in UK Biobank and Generation Scotland.
30718926	Identification of 28 new susceptibility loci for type 2 diabetes in the Japanese population.
30787307	Association study in African-admixed populations across the Americas recapitulates asthma risk loci in non-African populations.
30796134	Genome-wide association meta-analysis of functional outcome after ischemic stroke.
30804558	Identification of common genetic risk variants for autism spectrum disorder.
30804560	New genetic signals for lung function highlight pathways and chronic obstructive pulmonary disease associations across multiple ancestries.
30815984	Evaluation of a weighted genetic risk score for the prediction of biomarkers of CYP2A6 activity.
30817158	A Novel Metabolic Signature To Predict the Requirement of Dialysis or Renal Transplantation in Patients with Chronic Kidney Disease.
30820047	Genetic meta-analysis of diagnosed Alzheimer's disease identifies new risk loci and implicates Aβ, tau, immunity and lipid processing.
30850646	Genome-wide association study in frontal fibrosing alopecia identifies four susceptibility loci including HLA-B*07:02.
30858532	Whole-Exome Sequencing in the Isolated Populations of Cilento from South Italy.
30887811	An Unbiased Lipid Phenotyping Approach To Study the Genetic Determinants of Lipids and Their Association with Coronary Heart Disease Risk Factors.
30911569	Polygenic risk and hazard scores for Alzheimer's disease prediction.
30929738	Genetic Architectures of Childhood- and Adult-Onset Asthma Are Partly Distinct.
30940143	Genetic overlap of chronic obstructive pulmonary disease and cardiovascular disease-related traits: a large-scale genome-wide cross-trait analysis.
30940813	Genome-wide association study of alcohol consumption and use disorder in 274,424 individuals from multiple populations.
30968590	Systematic evaluation of cancer-specific genetic risk score for 11 types of cancer in The Cancer Genome Atlas and Electronic Medical Records and Genomics cohorts.
31002795	Polygenic Prediction of Weight and Obesity Trajectories from Birth to Adulthood.
31015401	Genome-wide association study of medication-use and associated disease in the UK Biobank.
31038671	Colorectal cancer susceptibility variants and risk of conventional adenomas and serrated polyps: results from three cohort studies.
31043756	Genome-wide association study identifies 30 loci associated with bipolar disorder.
31048771	Genetic Predisposition Impacts Clinical Changes in a Lifestyle Coaching Program.
31049640	Genome-wide association study of type 2 diabetes in Africa.
31089142	Association analyses identify 31 new risk loci for colorectal cancer susceptibility.
31089300	GWAS of smoking behaviour in 165,436 Japanese people reveals seven new loci and shared genetic architecture.
31104941	Using a genetic risk score to calculate the optimal age for an individual to undergo coronary artery calcium screening.
31110091	Sociodemographic factors in relation to hypertension prevalence, awareness, treatment and control in a multi-ethnic Asian population: a cross-sectional study.
31118516	Exome sequencing of 20,791 cases of type 2 diabetes and 24,440 controls.
31145937	Genetic risk scores do not improve asthma prediction in childhood.
31152163	A catalog of genetic loci associated with kidney function from analyses of a million individuals.
31174203	Combined analysis of keratinocyte cancers identifies novel genome-wide loci.
31184202	Validation of Genome-Wide Polygenic Risk Scores for Coronary Artery Disease in French Canadians.
31186341	Addition of a 161-SNP polygenic risk score to family history-based risk prediction: impact on clinical management in non-BRCA1/2 breast cancer families.
31194742	Exploring various polygenic risk scores for skin cancer in the phenomes of the Michigan genomics initiative and the UK Biobank with a visual catalog: PRSWeb.
31220337	Genomewide Association Study of Statin-Induced Myopathy in Patients Recruited Using the UK Clinical Practice Research Datalink.
31226226	A genome-wide association study of prostate cancer in Latinos.
31250787	Genetic Contributions to Health Literacy.
31251818	A case-control evaluation of 143 single nucleotide polymorphisms for breast cancer risk stratification with classical factors and mammographic density.
31277774	Genome-wide Association Study for Tumour Stage, Grade, Size, and Age at Diagnosis of Non-muscle-invasive Bladder Cancer.
31302669	Association of Lifestyle and Genetic Risk With Incidence of Dementia.
31311600	GWAS and enrichment analyses of non-alcoholic fatty liver disease identify new trait-associated genes and pathways across eMERGE Network.
31322649	Genetic Risk Scores for Diabetes Diagnosis and Precision Medicine.
31326317	Identification of risk loci and a polygenic risk score for lung cancer: a large-scale prospective cohort study in Chinese populations.
31345425	Risk of Premature Atherosclerotic Disease in Patients With Monogenic Versus Polygenic Familial Hypercholesterolemia.
31346172	Non-coding variability at the APOE locus contributes to the Alzheimer's risk.
31349112	Association of PPP2R1A with Alzheimer's disease and specific cognitive domains.
31360760	Polygenetic risk for coronary artery disease increases hospitalization burden and mortality.
31416338	Penetrance and Pleiotropy of Polygenic Risk Scores for Schizophrenia in 106,160 Patients Across Four Health Care Systems.
31431621	A metabolic profile of all-cause mortality risk identified in an observational study of 44,168 individuals.
31436842	Association of a Primary Open-Angle Glaucoma Genetic Risk Score With Earlier Age at Diagnosis.
31441980	Differential associations of allergic disease genetic variants with developmental profiles of eczema, wheeze and rhinitis.
31451708	Mapping eGFR loci to the renal transcriptome and phenome in the VA Million Veteran Program.
31469419	Identification of novel epithelial ovarian cancer loci in women of African ancestry.
31504448	Predicting cardiac electrical response to sodium-channel blockade and Brugada syndrome using polygenic risk scores.
31511532	Genome-wide association meta-analyses and fine-mapping elucidate pathways influencing albuminuria.
31537649	Genome-Wide Association Study of Diabetic Kidney Disease Highlights Biology Involved in Glomerular Basement Membrane Collagen.
31537779	Depression genetic risk score is associated with anhedonia-related markers across units of analysis.
31551420	The transferability of lipid loci across African, Asian and European cohorts.
31553449	A Polygenic Risk Score for Breast Cancer in US Latinas and Latin American Women.
31564434	GWAS Identifies 44 Independent Associated Genomic Loci for Self-Reported Adult Hearing Difficulty in UK Biobank.
31578528	Target genes, variants, tissues and transcriptional pathways influencing human serum urate levels.
31604244	Multiple sclerosis genomic map implicates peripheral immune cells and microglia in susceptibility.
31607766	Frailty in older adults and their association with social determinants of Health. The SABE Colombia Study.
31638273	The cardiovascular risk profile of middle-aged women with polycystic ovary syndrome.
31649740	The Challenge of Stratifying Obesity: Attempts in the Quebec Family Study.
31675503	Uganda Genome Resource Enables Insights into Population History and Genomic Discovery in Africa.
31676865	Genome-wide association analysis of venous thromboembolism identifies new risk loci and genetic overlap with arterial vascular disease.
31684996	Genetic regulation of gene expression and splicing during a 10-year period of human aging.
31694394	Causal Inference for Genetically Determined Levels of High-Density Lipoprotein Cholesterol and Risk of Infectious Disease.
31697830	Genetic Modifiers of Cystic Fibrosis-Related Diabetes Have Extensive Overlap With Type 2 Diabetes and Related Traits.
31701892	Identification of novel risk loci, causal insights, and heritable risk for Parkinson's disease: a meta-analysis of genome-wide association studies.
31707363	Age-associated changes in human CD4+ T cells point to mitochondrial dysfunction consequent to impaired autophagy.
31707849	Predicting Benefit From Evolocumab Therapy in Patients With Atherosclerotic Disease Using a Genetic Risk Score: Results From the FOURIER Trial.
31747047	Does polygenic risk influence associations between sun exposure and melanoma? A prospective cohort analysis.
31748747	Genetic predisposition to mosaic Y chromosome loss in blood.
31771638	Low coverage whole genome sequencing enables accurate assessment of common variants and calculation of genome-wide polygenic scores.
31784700	A bird's-eye view of Italian genomic variation through whole-genome sequencing.
31792337	A Weighted Genetic Risk Score of Adult Glioma Susceptibility Loci Associated with Pediatric Brain Tumor Risk.
31802016	The GenomeAsia 100K Project enables genetic discoveries across Asia.
31812162	Prenatal tobacco exposure and ADHD symptoms at pre-school age: the Hokkaido Study on Environment and Children's Health.
31816882	Public Health Insurance, Non-Farm Labor Supply, and Farmers' Income: Evidence from New Rural Cooperative Medical Scheme.
31844061	Insights into malaria susceptibility using genome-wide data on 17,000 individuals from Africa, Asia and Oceania.
31862893	Genomic risk score offers predictive performance comparable to clinical risk factors for ischaemic stroke.
31866242	Cumulative Burden of Colorectal Cancer-Associated Genetic Variants Is More Strongly Associated With Early-Onset vs Late-Onset Cancer.
31884074	Circulating Levels of Insulin-like Growth Factor 1 and Insulin-like Growth Factor Binding Protein 3 Associate With Risk of Colorectal Cancer Based on Serologic and Mendelian Randomization Analyses.
31899501	Genetic Factors, Adherence to Healthy Lifestyle Behavior, and Risk of Invasive Breast Cancer Among Women in the UK Biobank.
31919107	Large-Scale Whole-Genome Sequencing Reveals the Genetic Architecture of Primary Membranoproliferative GN and C3 Glomerulopathy.
31919934	Genetic risk and atrial fibrillation in patients with heart failure.
31959993	Multitrait analysis of glaucoma identifies new risk loci and enables polygenic prediction of disease susceptibility and progression.
31969693	Genome-wide gene-environment analyses of major depressive disorder and reported lifetime traumatic experiences in UK Biobank.
32005116	The incidence and characteristics of accelerated knee osteoarthritis among women: the Chingford cohort.
32049305	Association of Monogenic vs Polygenic Hypercholesterolemia With Risk of Atherosclerotic Cardiovascular Disease.
32049886	Polygenic Risk Scores and Physical Activity.
32054687	Excess of singleton loss-of-function variants in Parkinson's disease contributes to genetic risk.
32066700	Genome-wide study of immune biomarkers in cerebrospinal fluid and serum from patients with bipolar disorder and controls.
32068817	Predictive Accuracy of a Polygenic Risk Score Compared With a Clinical Risk Score for Incident Coronary Heart Disease.
32068818	Predictive Accuracy of a Polygenic Risk Score-Enhanced Prediction Model vs a Clinical Risk Score for Coronary Artery Disease.
32071038	The effect of training GPs in motivational interviewing on incident cardiovascular disease and mortality in people with screen-detected diabetes. Results from the ADDITION-Denmark randomised trial.
32077931	Genome-wide assessment of genetic risk for systemic lupus erythematosus and disease severity.
32081492	An Intraocular Pressure Polygenic Risk Score Stratifies Multiple Primary Open-Angle Glaucoma Parameters Including Treatment Intensity.
32098967	Regulatory sites for splicing in human basal ganglia are enriched for disease-relevant information.
32117730	The Association Between Cancer and Dementia: A National Cohort Study in Sweden.
32132206	Assessing thyroid cancer risk using polygenic risk scores.
32139696	Identification of novel breast cancer susceptibility loci in meta-analyses conducted among Asian and European descendants.
32150548	The influence of rare variants in circulating metabolic biomarkers.
32157176	Genome-wide association meta-analysis of nicotine metabolism and cigarette consumption measures in smokers of European descent.
32169310	Insulin-like growth factor-1, insulin-like growth factor-binding protein-3, and breast cancer risk: observational and Mendelian randomization analyses with ∼430 000 women.
32175396	Association between genetic risk scores and risk of narcolepsy: a case-control study.
32193507	Genome-wide association meta-analysis of corneal curvature identifies novel loci and shared genetic influences across axial length and refractive error.
32203203	Self-reported hearing loss questions provide a good measure for genetic studies: a polygenic risk score analysis from UK Biobank.
32231276	Minimal phenotyping yields genome-wide association signals of low specificity for major depression.
32242144	Genome-wide association study identifies 143 loci associated with 25 hydroxyvitamin D concentration.
32273609	Polygenic and clinical risk scores and their impact on age at onset and prediction of cardiometabolic diseases and common cancers.
32298765	Genome-wide association study of non-alcoholic fatty liver and steatohepatitis in a histologically characterised cohort☆.
32307928	A polygenic biomarker to identify patients with severe hypercholesterolemia of polygenic origin.
32321713	Genetic and Circulating Biomarker Data Improve Risk Prediction for Pancreatic Cancer in the General Population.
32341527	Genome-wide association meta-analyses combining multiple risk phenotypes provide insights into the genetic architecture of cutaneous melanoma susceptibility.
32376654	Use of genetic variation to separate the effects of early and later life adiposity on disease risk: mendelian randomisation study.
32382064	Analysis of cardiac magnetic resonance imaging in 36,000 individuals yields genetic insights into dilated cardiomyopathy.
32386537	Predictive Utility of Polygenic Risk Scores for Coronary Heart Disease in Three Major Racial and Ethnic Groups.
32393777	Protein-altering germline mutations implicate novel genes related to lung cancer development.
32414410	Long-term sickness absence in a working population: development and validation of a risk prediction model in a large Dutch prospective cohort.
32424353	Genome-wide association study identifies 32 novel breast cancer susceptibility loci from overall and subtype-specific analyses.
32429735	Transethnic Genome-Wide Association Study Provides Insights in the Genetic Architecture and Heritability of Long QT Syndrome.
32439431	Polygenic risk score for atopic dermatitis in the Canadian population.
32439900	Multi-ancestry GWAS of the electrocardiographic PR interval identifies 202 loci underlying cardiac conduction.
32451486	Genome-wide meta-analysis of problematic alcohol use in 435,563 individuals yields insights into biology and relationships with other traits.
32461333	Using genetics to prioritize diagnoses for rheumatology outpatients with inflammatory arthritis.
32492392	Exome Sequencing Identifies Genes and Gene Sets Contributing to Severe Childhood Obesity, Linking PHIP Variants to Repressed POMC Transcription.
32498804	Limitations of Contemporary Guidelines for Managing Patients at High Genetic Risk of Coronary Artery Disease.
32499647	Identification of type 2 diabetes loci in 433,540 East Asian individuals.
32511779	A Polygenic Risk Score as a Risk Factor for Medication-Associated Fractures.
32514006	Polygenic analysis of the effect of common and low-frequency genetic variants on serum uric acid levels in Korean individuals.
32514122	Large-scale genome-wide association study in a Japanese population identifies novel susceptibility loci across different diseases.
32517536	Use of a Polygenic Risk Score Improves Prediction of Myocardial Injury After Non-Cardiac Surgery.
32525877	Exclusive breastfeeding can attenuate body-mass-index increase among genetically susceptible children: A longitudinal study from the ALSPAC cohort.
32527150	Genetic Risk Scores for Complex Disease Traits in Youth.
32534439	Orthogonal Proteomic Platforms and Their Implications for the Stable Classification of High-Grade Serous Ovarian Cancer Subtypes.
32541925	Discovery of 318 new risk loci for type 2 diabetes and related vascular outcomes among 1.4 million participants in a multi-ancestry meta-analysis.
32555147	Using polygenic scores for identifying individuals at increased risk of substance use disorders in clinical and population samples.
32561361	Genome-Wide Association Study for Alcohol-Related Cirrhosis Identifies Risk Loci in MARC1 and HNRNPUL1.
32579418	Genetic Associations of Chronotype in the Finnish General Population.
32585557	Expression of let-7i and miR-192 is associated with resistance to cisplatin-based chemoradiotherapy in patients with larynx and hypopharynx cancer.
32587327	Analysis of genetically independent phenotypes identifies shared genetic factors associated with chronic musculoskeletal pain conditions.
32588423	Evaluating polygenic risk scores in assessing risk of nine solid and hematologic cancers in European descendants.
32591343	Polygenic and multifactorial scores for pancreatic ductal adenocarcinoma risk prediction.
32596635	Evaluating the Utility of Polygenic Risk Scores in Identifying High-Risk Individuals for Eight Common Cancers.
32603359	Age-of-onset information helps identify 76 genetic variants associated with allergic disease.
32614825	Development of a polygenic risk score to improve screening for fracture risk: A genetic risk prediction study.
32624175	Family history and polygenic risk of cardiovascular disease: Independent factors associated with secondary cardiovascular events in patients undergoing carotid endarterectomy.
32624571	Validation of the BOADICEA model and a 313-variant polygenic risk score for breast cancer risk prediction in a Dutch prospective cohort.
32649712	Association of ionizing radiation dose from common medical diagnostic procedures and lymphoma risk in the Epilymph case-control study.
32649918	Chronic obstructive pulmonary disease and related phenotypes: polygenic risk scores in population-based and case-control cohorts.
32665703	Polygenic risk scores and breast and epithelial ovarian cancer risks for carriers of BRCA1 and BRCA2 pathogenic variants.
32679392	Description and determinants of the faecal resistome and microbiome of farmers and slaughterhouse workers: A metagenome-wide cross-sectional study.
32692746	The role of polygenic susceptibility to obesity among carriers of pathogenic mutations in MC4R in the UK Biobank population.
32716505	Multiplex melanoma families are enriched for polygenic risk.
32721520	Placental genomic and epigenomic signatures associated with infant birth weight highlight mechanisms involved in collagen and growth factor signaling.
32737321	European polygenic risk score for prediction of breast cancer shows similar performance in Asian women.
32758450	Genome-wide Modeling of Polygenic Risk Score in Colorectal Cancer Risk.
32758451	Combined Utility of 25 Disease and Risk Factor Polygenic Risk Scores for Stratifying Risk of All-Cause Mortality.
32762905	Validation of a Genome-Wide Polygenic Score for Coronary Artery Disease in South Asians.
32770166	A combined risk score enhances prediction of type 1 diabetes among susceptible children.
32775599	Genetic and polygenic risk score analysis for Alzheimer's disease in the Chinese population.
32785646	Common Susceptibility Loci for Male Breast Cancer.
32790217	A single nucleotide polymorphism genetic risk score to aid diagnosis of coeliac disease: a pilot study in clinical care.
32820175	Polygenic background modifies penetrance of monogenic variants for tier 1 genomic conditions.
32843070	Genome-wide association meta-analysis for early age-related macular degeneration highlights novel loci and insights for advanced disease.
32873964	Sex-specific genetic effects across biomarkers.
32887683	Genomic risk scores for juvenile idiopathic arthritis and its subtypes.
32887874	Chromosome 1q21.2 and additional loci influence risk of spontaneous coronary artery dissection and myocardial infarction.
32887889	Pan-cancer study detects genetic risk variants and shared genetic basis in two large cohorts.
32888493	Trans-ethnic and Ancestry-Specific Blood-Cell Genetics in 746,667 Individuals from 5 Global Populations.
32888494	The Polygenic and Monogenic Basis of Blood Traits and Diseases.
32912153	Risk prediction for coronary heart disease by a genetic risk score - results from the Heinz Nixdorf Recall study.
32915819	Investigation of gene-gene interactions in cardiac traits and serum fatty acid levels in the LURIC Health Study.
32929287	Complex genetic signatures in immune cells underlie autoimmunity and inform therapy.
32930425	African-specific improvement of a polygenic hazard score for age at diagnosis of prostate cancer.
32936915	Genome-Wide Association for HbA1c in Malay Identified Deletion on SLC4A1 that Influences HbA1c Independent of Glycemia.
32944759	Genome-Wide Association Analysis of Pancreatic Beta-Cell Glucose Sensitivity.
32957805	Genome-Wide Polygenic Score, Clinical Risk Factors, and Long-Term Trajectories of Coronary Artery Disease.
32968074	Risk prediction of late-onset Alzheimer's disease implies an oligogenic architecture.
32969204	Interactions Between Genome-Wide Genetic Factors and Smoking Influencing Risk of Systemic Lupus Erythematosus.
32981348	Genetic Architecture of Abdominal Aortic Aneurysm in the Million Veteran Program.
32986714	Multi-ethnic transcriptome-wide association study of prostate cancer.
32986727	Biological insights from multi-omic analysis of 31 genomic risk loci for adult hearing difficulty.
32991828	Cancer PRSweb: An Online Repository with Polygenic Risk Scores for Major Cancer Traits and Their Evaluation in Two Independent Biobanks.
32994281	Association between a 46-SNP Polygenic Risk Score and melanoma risk in Dutch patients with familial melanoma.
33004331	Genomic Risk Score impact on susceptibility to systemic sclerosis.
33006196	Genome-wide postnatal changes in immunity following fetal inflammatory response.
33012170	Polygenic Score for β-Blocker Survival Benefit in European Ancestry Patients With Reduced Ejection Fraction Heart Failure.
33020668	Population-specific and trans-ancestry genome-wide analyses identify distinct and shared genetic risk loci for coronary artery disease.
33021622	Clinical Utility of Lipoprotein(a) and LPA Genetic Risk Score in Risk Prediction of Incident Atherosclerotic Cardiovascular Disease.
33022221	Breast Cancer Polygenic Risk Score and Contralateral Breast Cancer Risk.
33038086	Severe hypertension in China: results from the China PEACE million persons project.
33051487	Prostate cancer risk prediction using a polygenic risk score.
33055079	Genome-wide association of phenotypes based on clustering patterns of hand osteoarthritis identify WNT9A as novel osteoarthritis gene.
33067605	Genomic and drug target evaluation of 90 cardiovascular proteins in 30,931 individuals.
33079599	Polygenic Contribution to Low-Density Lipoprotein Cholesterol Levels and Cardiovascular Risk in Monogenic Familial Hypercholesterolemia.
33097823	The genetic architecture of appendicular lean mass characterized by association analysis in the UK Biobank study.
33098885	Prevalence and Effect of Genetic Risk of Thromboembolic Disease in Inflammatory Bowel Disease.
33137338	Meta-analysis uncovers genome-wide significant variants for rapid kidney function decline.
33170024	Population Bias in Polygenic Risk Prediction Models for Coronary Artery Disease.
33171599	Dietary Patterns and Their Association with Body Composition and Cardiometabolic Markers in Children and Adolescents: Genobox Cohort.
33185476	Clinical Application of a Novel Genetic Risk Score for Ischemic Stroke in Patients With Cardiometabolic Disease.
33194723	Evaluation of Polygenic Risk Scores for Prediction of Prostate Cancer in Korean Men.
33194979	Predictors of Seatbelt Use Among Saudi Adults: Results From the National Biobank Project.
33209044	Identification of Genetic Variants for Female Obesity and Evaluation of the Causal Role of Genetically Defined Obesity in Polycystic Ovarian Syndrome.
33216869	Polygenic Risk Score of Longevity Predicts Longer Survival Across an Age Continuum.
33230300	Discovery of rare variants associated with blood pressure regulation through meta-analysis of 1.3 million individuals.
33239696	Genetic predisposition to hypertension is associated with preeclampsia in European and Central Asian women.
33247094	Pan-cancer analysis demonstrates that integrating polygenic risk scores with modifiable risk factors improves risk prediction.
33248170	Non-invasive stratification of hepatocellular carcinoma risk in non-alcoholic fatty liver using polygenic risk scores.
33253581	Multiplatform Approach for Plasma Proteomics: Complementarity of Olink Proximity Extension Assay Technology to Mass Spectrometry-Based Protein Profiling.
33258481	Validation of a prostate cancer polygenic risk score.
33276378	Separating the genetics of childhood and adult obesity: a validation study of genetic scores for body mass index in adolescence and adulthood in the HUNT Study.
33277321	Simplified Breast Risk Tool Integrating Questionnaire Risk Factors, Mammographic Density, and Polygenic Risk Score: Development and Validation.
33284643	Transethnic Transferability of a Genome-Wide Polygenic Score for Coronary Artery Disease.
33300144	Transferability of Ancestry-Specific and Cross-Ancestry CYP2A6 Activity Genetic Risk Scores in African and European Populations.
33303219	Genetic variants in glutamate-, Aβ-, and tau-related pathways determine polygenic risk for Alzheimer's disease.
33303764	Whole-genome sequencing analysis of the cardiometabolic proteome.
33310085	Association of Genetic Variation With Cirrhosis: A Multi-Trait Genome-Wide Association and Gene-Environment Interaction Study.
33315864	Genetic associations with temporal shifts in obesity and severe obesity during the obesity epidemic in Norway: A longitudinal population-based cohort (the HUNT Study).
33318493	The role of polygenic risk and susceptibility genes in breast cancer over the course of life.
33332181	Sexual Differences in Genetic Predisposition of Coronary Artery Disease.
33372680	Performance of Breast Cancer Polygenic Risk Scores in 760 Female CHEK2 Germline Mutation Carriers.
33398198	Trans-ancestry genome-wide association meta-analysis of prostate cancer identifies new susceptibility loci and informs genetic risk prediction.
33407552	Prenatal metal mixtures and child blood pressure in the Rhea mother-child cohort in Greece.
33408166	Joint association between education and polygenic risk score for incident coronary heart disease events: a longitudinal population-based study of 26 203 men and women.
33418499	Whole genome sequence analyses of eGFR in 23,732 people representing multiple ancestries in the NHLBI trans-omics for precision medicine (TOPMed) consortium.
33420020	Disease risk scores for skin cancers.
33420416	Additional SNPs improve risk stratification of a polygenic hazard score for prostate cancer.
33430342	A Whole-Genome Sequencing Association Study of Low Bone Mineral Density Identifies New Susceptibility Loci in the Phase I Qatar Biobank Cohort.
33433237	Interactions Between Enhanced Polygenic Risk Scores and Lifestyle for Cardiovascular Disease, Diabetes, and Lipid Levels.
33436325	Rare Germline Variants in ATM Predispose to Prostate Cancer: A PRACTICAL Consortium Study.
33444330	Polygenic risk scores in cardiovascular risk prediction: A cohort study and modelling analyses.
33454274	Targeted Coronary Artery Calcium Screening in High-Risk Younger Individuals Using Consumer Genetic Screening Results.
33462484	Genetics of 35 blood and urine biomarkers in the UK Biobank.
33462485	Large-scale association analyses identify host factors influencing human gut microbiome composition.
33472890	Assessing Lung Cancer Absolute Risk Trajectory Based on a Polygenic Risk Model.
33495596	Shared genetic pathways contribute to risk of hypertrophic and dilated cardiomyopathies with opposite directions of effect.
33495597	Common genetic variants and modifiable risk factors underpin hypertrophic cardiomyopathy susceptibility and expressivity.
33510174	Genome-wide meta-analysis of muscle weakness identifies 15 susceptibility loci in older men and women.
33517887	A multilayered post-GWAS assessment on genetic susceptibility to pancreatic cancer.
33522245	Genetic Predictor to Identify Individuals With High Lipoprotein(a) Concentrations.
33532541	Polygenic risk scores for Alzheimer's disease are related to dementia risk in APOE ɛ4 negatives.
33536041	Improved prediction of fracture risk leveraging a genome-wide polygenic risk score.
33536631	A genome-wide meta-analysis yields 46 new loci associating with biomarkers of iron homeostasis.
33539413	Polygenic risk score validation using Korean genomes of 265 early-onset acute myocardial infarction patients and 636 healthy controls.
33545268	Performance of common genetic variants in risk prediction for colorectal cancer in Chinese: A two-stage and multicenter study.
33563654	Comparisons of Polyexposure, Polygenic, and Clinical Risk Scores in Risk Prediction of Type 2 Diabetes.
33574263	Rare genetic variants affecting urine metabolite levels link population variation to inborn errors of metabolism.
33575800	Genetically regulated expression underlies cellular sensitivity to chemotherapy in diverse populations.
33579919	Cross-cancer evaluation of polygenic risk scores for 16 cancer types in two large cohorts.
33583074	Common X-Chromosome Variants Are Associated with Parkinson Disease Risk.
33590662	The Heidelberg Five personality dimensions: Genome-wide associations, polygenic risk for neuroticism, and psychopathology 20 years after assessment.
33603002	Trans-ethnic meta-analysis identifies new loci associated with longitudinal blood pressure traits.
33605984	The Role of Genetic Ancestry as a Risk Factor for Primary Open-angle Glaucoma in African Americans.
33608049	Development of genome-wide polygenic risk scores for lipid traits and clinical applications for dyslipidemia, subclinical atherosclerosis, and diabetes cardiovascular complications among East Asians.
33611940	Polygenic Risk Scores Predict Hypertension Onset and Cardiovascular Risk.
33613619	Serum Urate Polygenic Risk Score Can Improve Gout Risk Prediction: A Large-Scale Cohort Study.
33619548	Genetic and Metabolic Determinants of Plasma Levels of ANGPTL8.
33623009	Whole genome sequencing in the Middle Eastern Qatari population identifies genetic associations with 45 clinically relevant traits.
33623038	Polygenic hazard score is associated with prostate cancer in multi-ethnic populations.
33634849	Intrauterine device use and risk of ovarian cancer: Results from the New England Case-Control study and Nurses' Health Studies.
33654092	Ethnic and trans-ethnic genome-wide association studies identify new loci influencing Japanese Alzheimer's disease risk.
33679876	Whole-Exome Sequencing and hiPSC Cardiomyocyte Models Identify MYRIP, TRAPPC11, and SLC27A6 of Potential Importance to Left Ventricular Hypertrophy in an African Ancestry Population.
33693786	An Asian-specific MPL genetic variant alters JAK-STAT signaling and influences platelet count in the population.
33704450	Genome-wide polygenic risk score for retinopathy of type 2 diabetes.
33713768	Genome-wide association study of asthma, total IgE, and lung function in a cohort of Peruvian children.
33717105	Common and Rare Variants Genetic Association Analysis of Circulating Neutrophil Extracellular Traps.
33723363	Common genetic and clinical risk factors: association with fatal prostate cancer in the Cohort of Swedish Men.
33742194	Exercise, diet, and cognition in a 4-year randomized controlled trial: Dose-Responses to Exercise Training (DR's EXTRA).
33766035	New susceptibility alleles associated with severe coronary artery stenosis in the Lebanese population.
33769540	Evaluating Polygenic Risk Scores for Breast Cancer in Women of African Ancestry.
33784435	Sclerostin Downregulation Globally by Naturally Occurring Genetic Variants, or Locally in Atherosclerotic Plaques, Does Not Associate With Cardiovascular Events in Humans.
33788949	A Polygenic Risk Score to Predict Future Adult Short Stature Among Children.
33792693	Evaluation of a Multiethnic Polygenic Risk Score Model for Prostate Cancer.
33803340	Pre-Diagnostic Circulating Metabolites and Colorectal Cancer Risk in the Cancer Prevention Study-II Nutrition Cohort.
33823024	Relationships between sleep traits and lung cancer risk: a prospective cohort study in UK Biobank.
33830302	Analysis of overlapping genetic association in type 1 and type 2 diabetes.
33837773	Genomic Risk Score for Melanoma in a Prospective Study of Older Individuals.
33844929	Heterogeneity of the Predictive Polygenic Risk Scores for Coronary Heart Disease Age-at-Onset in Three Different Coronary Heart Disease Family-Based Ascertainments.
33888571	Novel recessive locus for body mass index in childhood asthma.
33893285	The impact of non-additive genetic associations on age-related complex diseases.
33923870	Pharmacogenetic Polygenic Risk Score for Bronchodilator Response in Children and Adolescents with Asthma: Proof-of-Concept.
33941403	Combined Effect of a Polygenic Risk Score and Rare Genetic Variants on Prostate Cancer Risk.
33952246	Associations between neighborhood violence during pregnancy and birth outcomes: evidence from São Paulo's Western Region Birth Cohort.
33956350	Association of prostate cancer polygenic risk score with number and laterality of tumor cores in active surveillance patients.
33958783	Genome-wide survival study identifies a novel synaptic locus and polygenic score for cognitive progression in Parkinson's disease.
33972514	Genetic analysis in European ancestry individuals identifies 517 loci associated with liver enzymes.
33977795	Pleiotropy of systemic lupus erythematosus risk alleles and cardiometabolic disorders: A phenome-wide association study and inverse-variance weighted meta-analysis.
34008864	Genetic landscape of Gullah African Americans.
34029116	Combining Clinical and Polygenic Risk Improves Stroke Prediction Among Individuals With Atrial Fibrillation.
34031205	Development and Validation of a Polygenic Risk Score for Stroke in the Chinese Population.
34039022	<i>APOL1</i> Genetic Variants Are Associated With Increased Risk of Coronary Atherosclerotic Plaque Rupture in the Black Population.
34039031	Predictive Performance of a Polygenic Risk Score for Incident Ischemic Stroke in a Healthy Older Population.
34041846	Effect of APOE and a polygenic risk score on incident dementia and cognitive decline in a healthy older population.
34046850	Prenatal and postnatal exposure to acetaminophen in relation to autism spectrum and attention-deficit and hyperactivity symptoms in childhood: Meta-analysis in six European population-based cohorts.
34047840	Novel loci and Mapuche genetic ancestry are associated with pubertal growth traits in Chilean boys.
34050765	Joint Genome-Wide Association Analyses Identified 49 Novel Loci For Age at Natural Menopause.
34059833	The trans-ancestral genomic architecture of glycemic traits.
34082474	Comparison of genetic risk prediction models to improve prediction of coronary heart disease in two large cohorts of the MONICA/KORA study.
34088990	Contribution of common risk variants to multiple sclerosis in Orkney and Shetland.
34091049	A Polygenic Risk Score to Refine Risk Stratification and Prediction for Severe Liver Disease by Clinical Fibrosis Scores.
34091660	Coronary Artery Disease-Associated and Longevity-Associated Polygenic Risk Scores for Prediction of Coronary Artery Disease Events in Persons Living With Human Immunodeficiency Virus: The Swiss HIV Cohort Study.
34099642	Common variants in Alzheimer's disease and risk stratification by polygenic risk scores.
34099659	Genetic variation associated with thyroid autoimmunity shapes the systemic immune response to PD-1 checkpoint blockade.
34101481	Risk of Breast Cancer Among Carriers of Pathogenic Variants in Breast Cancer Predisposition Genes Varies by Polygenic Risk Score.
34103471	Genome wide study of tardive dyskinesia in schizophrenia.
34108613	The genetic architecture of age-related hearing impairment revealed by genome-wide association analysis.
34127860	Fine-mapping, trans-ancestral and genomic analyses identify causal variants, cells, genes and drug targets for type 1 diabetes.
34137022	Generalization of a genetic risk score for time to first albuminuria in children with sickle cell anaemia: SCCRIP cohort study results.
34140684	A unified framework identifies new links between plasma lipids and diseases from electronic medical records across large-scale cohorts.
34143812	Insulin resistance genetic risk score and burden of coronary artery disease in patients referred for coronary angiography.
34162658	Identification of a Locus Near ULK1 Associated With Progression-Free Survival in Ovarian Cancer.
34169730	Three genes associated with anterior and posterior cruciate ligament injury : a genome-wide association analysis.
34184762	Genome-wide association analysis of serum alanine and aspartate aminotransferase, and the modifying effects of BMI in 388k European individuals.
34187551	Genome-wide association studies identify 137 genetic loci for DNA methylation biomarkers of aging.
34197840	A genome-wide association study suggests correlations of common genetic variants with peritoneal solute transfer rates in patients with kidney failure receiving peritoneal dialysis.
34211149	Identification of 371 genetic variants for age at first sex and birth linked to externalising behaviour.
34214236	The BARCODE1 Pilot: a feasibility study of using germline single nucleotide polymorphisms to target prostate cancer screening.
34220922	Genome-Wide Association Analyses Identify Variants in IRF4 Associated With Acute Myeloid Leukemia and Myelodysplastic Syndrome Susceptibility.
34226506	Genome-wide association study of stimulant dependence.
34237774	Mapping the human genetic architecture of COVID-19.
34244291	Immunotherapy-Mediated Thyroid Dysfunction: Genetic Risk and Impact on Outcomes with PD-1 Blockade in Non-Small Cell Lung Cancer.
34247186	A genome-wide association study of the longitudinal course of executive functions.
34257407	A randomized controlled trial testing the efficacy of a Nurse Home Visiting Program for Pregnant Adolescents.
34262104	TCERG1L allelic variation is associated with cisplatin-induced hearing loss in childhood cancer, a PanCareLIFE study.
34272381	Discovery and prioritization of variants and genes for kidney function in >1.2 million individuals.
34283174	A polygenic score for acute vaso-occlusive pain in pediatric sickle cell disease.
34285341	Polygenic risk score and risk of monoclonal B-cell lymphocytosis in caucasians and risk of chronic lymphocytic leukemia (CLL) in African Americans.
34298747	Genomic Risk Prediction for Breast Cancer in Older Women.
34309201	A comprehensive analysis of SNPs and CNVs identifies novel markers associated with disease outcomes in colorectal cancer.
34315907	Association between genes regulating neural pathways for quantitative traits of speech and language disorders.
34320204	Breast and Prostate Cancer Risks for Male BRCA1 and BRCA2 Pathogenic Variant Carriers Using Polygenic Risk Scores.
34329319	Genome-wide association study of pancreatic fat: The Multiethnic Cohort Adiposity Phenotype Study.
34339498	Elevated plasma concentration of complement factor C5 is associated with risk of future venous thromboembolism.
34347061	Generalizability of Polygenic Risk Scores for Breast Cancer Among Women With European, African, and Latinx Ancestry.
34359758	Non-Lynch Familial and Early-Onset Colorectal Cancer Explained by Accumulation of Low-Risk Genetic Variants.
34374755	Long-term night shift work is associated with the risk of atrial fibrillation and coronary heart disease.
34376657	The evolution of hematopoietic cells under cancer therapy.
34397277	Sex Differences in Genetic Risk for Hypertension.
34402545	Polygenic Risk Scores in a Prospective Parkinson's Disease Cohort.
34407845	Association of germline genetic variants with breast cancer-specific survival in patient subgroups defined by clinic-pathological variables related to tumor biology and type of systemic treatment.
34413389	Genetics of PlGF plasma levels highlights a role of its receptors and supports the link between angiogenesis and immunity.
34431594	A genome-wide association study of the frailty index highlights brain pathways in ageing.
34433621	Effect of Diet Quality and Genetic Predisposition on Hemoglobin A<sub>1c</sub> and Type 2 Diabetes Risk: Gene-Diet Interaction Analysis of 357,419 Individuals.
34435564	Pre- and early post-natal exposure to phthalates and DINCH in a new type of mother-child cohort relying on within-subject pools of repeated urine samples.
34440402	Hearing Function: Identification of New Candidate Genes Further Explaining the Complexity of This Sensory Ability.
34440451	Prediction of Parkinson's Disease Risk Based on Genetic Profile and Established Risk Factors.
34442380	Identification of ROBO2 as a Potential Locus Associated with Inhaled Corticosteroid Response in Childhood Asthma.
34446064	Whole-genome association analyses of sleep-disordered breathing phenotypes in the NHLBI TOPMed program.
34450027	Deciphering osteoarthritis genetics across 826,690 individuals from 9 populations.
34454985	Uniting biobank resources reveals novel genetic pathways modulating susceptibility for atopic dermatitis.
34459047	A polygenic risk score for asthma in a large racially diverse population.
34463125	Predictive Accuracy of a Clinical and Genetic Risk Model for Atrial Fibrillation.
34463132	Polygenic Risk Score to Identify Subclinical Coronary Heart Disease Risk in Young Adults.
34465587	Polygenic Risk Score Improves Risk Stratification and Prediction of Subsequent Thyroid Cancer after Childhood Cancer.
34490096	SNAP25 Inhibits Glioma Progression by Regulating Synapse Plasticity via GLS-Mediated Glutaminolysis.
34493870	A genome-wide association study with 1,126,563 individuals identifies new risk loci for Alzheimer's disease.
34497075	Long-term exposure to particulate air pollution and black carbon in relation to natural and cause-specific mortality: a multicohort study in Sweden.
34503513	Genome-wide analysis of blood lipid metabolites in over 5000 South Asians reveals biological insights at cardiometabolic disease loci.
34523676	Blood copper and risk of cardiometabolic diseases: a Mendelian randomization study.
34525106	Ability of known colorectal cancer susceptibility SNPs to predict colorectal cancer risk: A cohort study within the UK Biobank.
34528705	Genome-wide association studies of survival in 1520 cancer patients treated with bevacizumab-containing regimens.
34536413	Multiethnic genome-wide and HLA association study of total serum IgE level.
34541285	Risk of dementia in APOE ε4 carriers is mitigated by a polygenic risk score.
34548389	Polygenic Risk Scores for Kidney Function and Their Associations with Circulating Proteome, and Incident Kidney Diseases.
34563731	Metabolomic architecture of obesity implicates metabolonic lactone sulfate in cardiometabolic disease.
34563919	Genetic and demographic predisposing factors associated with pediatric sleepwalking in the Philadelphia Neurodevelopmental Cohort.
34568709	Genome-wide Association Study of Lipid Traits in Youth With Type 2 Diabetes.
34572793	Combination of a 15-SNP Polygenic Risk Score and Classical Risk Factors for the Prediction of Breast Cancer Risk in Cypriot Women.
34581777	G protein-coupled receptor kinase 5 regulates thrombin signaling in platelets via PAR-1.
34593009	Genomic risk prediction of coronary artery disease in women with breast cancer: a prospective cohort study.
34594039	A cross-population atlas of genetic associations for 220 human phenotypes.
34601942	Genome-Wide Association Study of Peripheral Artery Disease.
34604815	Genetic discovery and risk characterization in type 2 diabetes across diverse populations.
34607834	Genome-Wide Meta-analysis Identifies Genetic Variants Associated With Glycemic Response to Sulfonylureas.
34616010	Bevacizumab-induced hypertension and proteinuria: a genome-wide study of more than 1000 patients.
34620218	Genome-wide analyses of multiple obesity-related cytokines and hormones informs biology of cardiometabolic traits.
34642315	Germline determinants of humoral immune response to HPV-16 protect against oropharyngeal cancer.
34642666	Mutation signatures of pediatric acute myeloid leukemia and normal blood progenitors associated with differential patient outcomes.
34650201	The role of family factors in the association between early adulthood BMI and risk of cardiovascular disease. An intergenerational study of BMI in early adulthood and cardiovascular mortality in parents, aunts and uncles.
34654805	Genetic investigation of fibromuscular dysplasia identifies risk loci and shared genetics with common cardiovascular diseases.
34656649	A genetic risk score and diabetes predict development of alcohol-related cirrhosis in drinkers.
34662357	Non-linear interaction between physical activity and polygenic risk score of body mass index in Danish and Russian populations.
34662886	Exome sequencing and analysis of 454,787 UK Biobank participants.
34668383	Genetic Profile of Endotoxemia Reveals an Association With Thromboembolism and Stroke.
34670400	Polygenic Risk Score for Coronary Artery Disease Improves the Prediction of Early-Onset Myocardial Infarction and Mortality in Men.
34706928	Associations between age of menarche and genetic variation in women of African descent: genome-wide association study and polygenic score analysis.
34725413	Prediction of primary venous thromboembolism based on clinical and genetic factors within the U.K. Biobank.
34728798	Genome-wide association study of problematic opioid prescription use in 132,113 23andMe research participants of European ancestry.
34732054	Identification of Functional Genetic Determinants of Cardiac Troponin T and I in a Multiethnic Population and Causal Associations With Atrial Fibrillation.
34733494	A genome-wide association study on meat consumption in a Japanese population: the Japan Multi-Institutional Collaborative Cohort study.
34734193	Multi-Ancestry Genome-wide Association Study Accounting for Gene-Psychosocial Factor Interactions Identifies Novel Loci for Blood Pressure Traits.
34737425	Genome-wide association analyses highlight etiological differences underlying newly defined subtypes of diabetes.
34737426	A generalized linear mixed model association tool for biobank-scale data.
34750571	Integrative analysis of the plasma proteome and polygenic risk of cardiometabolic diseases.
34754074	CYP11B1 variants influence skeletal maturation via alternative splicing.
34758156	Colorectal cancer risk susceptibility loci in a Swedish population.
34780722	Integrative Analysis of the Inflammatory Bowel Disease Serum Metabolome Improves Our Understanding of Genetic Etiology and Points to Novel Putative Therapeutic Targets.
34782712	Genome-wide interaction study with major depression identifies novel variants associated with cognitive function.
34791242	Genetic architecture of orbital telorism.
34794066	A genome-wide search for determinants of survival in 1926 patients with advanced colorectal cancer with follow-up in over 22,000 patients.
34804013	Genetic Analyses of Common Infections in the Avon Longitudinal Study of Parents and Children Cohort.
34813871	Multi-Trait Genetic Analysis Identifies Autoimmune Loci Associated with Cutaneous Melanoma.
34815255	Clonal Hematopoiesis Mutations in Patients with Lung Cancer Are Associated with Lung Cancer Risk Factors.
34822396	Sex-Specific Causal Relations between Steroid Hormones and Obesity-A Mendelian Randomization Study.
34827661	Genetic and Metabolic Determinants of Atrial Fibrillation in a General Population Sample: The CHRIS Study.
34834492	Role of Sex on the Genetic Susceptibility to Childhood Asthma in Latinos and African Americans.
34836252	Genomics of Postprandial Lipidomics in the Genetics of Lipid-Lowering Drugs and Diet Network Study.
34836419	Salicylic Acid and Risk of Colorectal Cancer: A Two-Sample Mendelian Randomization Study.
34837083	Deep learning enables genetic analysis of the human thoracic aorta.
34847907	Genome-wide association study of periodontal pocketing in Finnish adults.
34857519	Impact of adiposity on risk of female gout among those genetically predisposed: sex-specific prospective cohort study findings over >32 years.
34857772	Mapping the serum proteome to neurological diseases using whole genome sequencing.
34861174	Phenome risk classification enables phenotypic imputation and gene discovery in developmental stuttering.
34861974	Dissecting the Shared Genetic Architecture of Suicide Attempt, Psychiatric Disorders, and Known Risk Factors.
34864974	Are polygenic risk scores for systolic blood pressure and LDL-cholesterol associated with treatment effectiveness, and clinical outcomes among those on treatment?
34887591	The power of genetic diversity in genome-wide association studies of lipids.
34897183	Public Access to Summary Statistics for Genome-wide Association Studies of Body Mass Index, Weight, and Height Among Healthy Japanese Individuals: The Japanese Consortium of Genetic Epidemiology Studies.
34909561	Human exposome assessment platform.
34921685	Independent evaluation of melanoma polygenic risk scores in UK and Australian prospective cohorts.
34926279	Identification of Recessively Inherited Genetic Variants Potentially Linked to Pancreatic Cancer Risk.
34946808	Validity and Prognostic Value of a Polygenic Risk Score for Parkinson's Disease.
34957434	Machine learning enables new insights into genetic contributions to liver fat accumulation.
34957435	GWAS of stool frequency provides insights into gastrointestinal motility and irritable bowel syndrome.
34982741	Risk of Revision After Arthroplasty Associated with Specific Gene Loci: A Genomewide Association Study of Single-Nucleotide Polymorphisms in 1,130 Twins Treated with Arthroplasty.
34989438	Genome-wide pleiotropy analysis identifies novel blood pressure variants and improves its polygenic risk scores.
34992631	Genetic Contributors of Incident Stroke in 10,700 African Americans With Hypertension: A Meta-Analysis From the Genetics of Hypertension Associated Treatments and Reasons for Geographic and Racial Differences in Stroke Studies.
34995502	Portability of 245 polygenic scores when derived from the UK Biobank and applied to 9 ancestry groups from the same cohort.
34996099	Genetic associations with immune-mediated outcomes after allogeneic hematopoietic cell transplantation.
34996992	Genome-wide association study identifies tumor anatomical site-specific risk variants for colorectal cancer survival.
34999890	Prospective evaluation of a breast-cancer risk model integrating classical risk factors and polygenic risk in 15 cohorts from six countries.
35012447	Polygenic risk prediction based on singular value decomposition with applications to alcohol use disorder.
35016652	Interaction of obesity polygenic score with lifestyle risk factors in an electronic health record biobank.
35026030	Risk Stratification for Early-Onset Colorectal Cancer Using a Combination of Genetic and Environmental Risk Scores: An International Multi-Center Study.
35027648	Polygenic risk modeling for prediction of epithelial ovarian cancer risk.
35043139	Prediction of Major Adverse Cardiovascular Events From Retinal, Clinical, and Genomic Data in Individuals With Type 2 Diabetes: A Population Cohort Study.
35048562	Association of Polygenic Risk Scores With Radiographic Progression in Patients With Rheumatoid Arthritis.
35050183	Metabolome Genome-Wide Association Study Identifies 74 Novel Genomic Regions Influencing Plasma Metabolites Levels.
35051171	Genome-wide association study identifies genetic risk loci for adiposity in a Taiwanese population.
35055391	Integration of Genomic Risk Scores to Improve the Prediction of Childhood Asthma Diagnosis.
35060941	Variation of Positive Predictive Values of Fecal Immunochemical Tests by Polygenic Risk Score in a Large Screening Cohort.
35065983	Predicting Pancreatic Cancer in the UK Biobank Cohort Using Polygenic Risk Scores and Diabetes Mellitus.
35069183	The Pharmacogenetics of Statin Therapy on Clinical Events: No Evidence that Genetic Variation Affects Statin Response on Myocardial Infarction.
35070447	Intake of Animal Protein and Dietary Sources in the Colombian Population: Results of the National Nutrition Survey (ENSIN-2015).
35072137	Machine learning optimized polygenic scores for blood cell traits identify sex-specific trajectories and genetic correlations with disease.
35078996	A genome-wide association study of serum proteins reveals shared loci with common diseases.
35086473	Genome-Wide association study of quantitative biomarkers identifies a novel locus for alzheimer's disease at 12p12.1.
35094092	Association with HLA-DRβ1 position 37 distinguishes juvenile dermatomyositis from adult-onset myositis.
35097025	Genetic Determinants of Serum Calcification Propensity and Cardiovascular Outcomes in the General Population.
35115341	A polygenic risk score and age of diagnosis of COPD.
35115690	Effect of host genetics on the gut microbiome in 7,738 participants of the Dutch Microbiome Project.
35120996	Trans-ethnic genome-wide association study of blood metabolites in the Chronic Renal Insufficiency Cohort (CRIC) study.
35121771	Leveraging deep phenotyping from health check-up cohort with 10,000 Korean individuals for phenome-wide association study of 136 traits.
35126453	Shared Genetic Architecture and Causal Relationship Between Asthma and Cardiovascular Diseases: A Large-Scale Cross-Trait Analysis.
35131881	Genetic Analysis in African American Children Supports Ancestry-Specific Neuroblastoma Susceptibility.
35138370	Genome-wide interaction analysis identified low-frequency variants with sex disparity in lung cancer risk.
35147171	Polygenic risk impacts PDGFRA mutation penetrance in non-syndromic cleft lip and palate.
35149155	Photoreceptor Layer Thinning Is an Early Biomarker for Age-Related Macular Degeneration: Epidemiologic and Genetic Evidence from UK Biobank OCT Data.
35150601	Genetic predisposition to cancer across people of different ancestries in Qatar: a population-based, cohort study.
35152271	Prostate cancer risk stratification improvement across multiple ancestries with new polygenic hazard score.
35165267	Genetic associations with carotid intima-media thickness link to atherosclerosis with sex-specific effects in sub-Saharan Africans.
35167808	A functional genomics approach in Tanzanian population identifies distinct genetic regulators of cytokine production compared to European population.
35170738	The Promise of Polygenic Risk Prediction in Smoking Cessation: Evidence From Two Treatment Trials.
35172313	Genetic Analyses of Enamel Hypoplasia in Multiethnic Cohorts.
35186008	Multi-Trait Genome-Wide Association Study of Atherosclerosis Detects Novel Pleiotropic Loci.
35194190	Association of smoking and polygenic risk with the incidence of lung cancer: a prospective cohort study.
35195259	A polygenic risk score improves risk stratification of coronary artery disease: a large-scale prospective Chinese cohort study.
35197564	Integration of questionnaire-based risk factors improves polygenic risk scores for human coronary heart disease and type 2 diabetes.
35210625	Genome-wide association analyses identify new Brugada syndrome risk loci and highlight a new mechanism of sodium channel regulation in disease susceptibility.
35220425	Multi-ancestry genome-wide association study of gestational diabetes mellitus highlights genetic links with type 2 diabetes.
35226188	Uterine fibroid polygenic risk score (PRS) associates and predicts risk for uterine fibroid.
35227251	GWAS in people of Middle Eastern descent reveals a locus protective of kidney function-a cross-sectional study.
35234888	Genetic and clinical determinants of abdominal aortic diameter: genome-wide association studies, exome array data and Mendelian randomization study.
35240980	Innovative computational approaches shed light on genetic mechanisms underlying cognitive impairment among children born extremely preterm.
35241739	Unveiling genetic variants for age-related sarcopenia by conducting a genome-wide association study on Korean cohorts.
35241825	Genome-wide analysis provides genetic evidence that ACE2 influences COVID-19 risk and yields risk scores associated with severe disease.
35245370	Genome-wide association study reveals novel genetic loci: a new polygenic risk score for mitral valve prolapse.
35247066	Young-onset diabetes in Asian Indians is associated with lower measured and genetically determined beta cell function.
35252394	Dissecting the Polygenic Basis of Primary Hypertension: Identification of Key Pathway-Specific Components.
35253861	Polygenic risk score association with multiple sclerosis susceptibility and phenotype in Europeans.
35255492	Whole-genome sequencing reveals host factors underlying critical COVID-19.
35261807	Prognostic significance of circulating insulin growth-like factor 1 and insulin growth-like factor binding protein 3 in renal cell carcinoma patients.
35267208	Evaluating risk for alcohol use disorder: Polygenic risk scores and family history.
35267517	A Swedish Genome-Wide Haplotype Association Analysis Identifies a Novel Breast Cancer Susceptibility Locus in 8p21.2 and Characterizes Three Loci on Chromosomes 10, 11 and 16.
35272364	Integrated GWAS and Gene Expression Suggest ORM1 as a Potential Regulator of Plasma Levels of Cell-Free DNA and Thrombosis Risk.
35274129	Genome-wide association study meta-analysis identifies three novel loci for circulating anti-Müllerian hormone levels in women.
35275946	Genetic variants associated with sepsis.
35278270	Genetic and phenotypic profiling of supranormal ejection fraction reveals decreased survival and underdiagnosed heart failure.
35285134	Multi-phenotype analyses of hemostatic traits with cardiovascular events reveal novel genetic associations.
35289444	Genetic and observational evidence: No independent role for cholesterol efflux over static high-density lipoprotein concentration measures in coronary heart disease risk assessment.
35293152	Interactions of physical activity, muscular fitness, adiposity, and genetic risk for NAFLD.
35301180	A genome-wide association study of outcome from traumatic brain injury.
35311964	Incorporating Polygenic Risk Scores and Nongenetic Risk Factors for Breast Cancer Risk Prediction Among Asian Women.
35312098	Secondary analyses for genome-wide association studies using expression quantitative trait loci.
35312757	Utility of Diabetes Type-Specific Genetic Risk Scores for the Classification of Diabetes Type Among Multiethnic Youth.
35315439	Characterization of the genetic architecture of infant and early childhood body mass index.
35317921	Genetic variants associated with low-density lipoprotein cholesterol and systolic blood pressure and the risk of recurrent cardiovascular disease in patients with established vascular disease.
35324888	Significant sparse polygenic risk scores across 813 traits in UK Biobank.
35331647	Colocalization analysis of pancreas eQTLs with risk loci from alcoholic and novel non-alcoholic chronic pancreatitis GWAS suggests potential disease causing mechanisms.
35331942	Polygenic Risk Score for Defining Personalized Surveillance Intervals After Adenoma Detection and Removal at Colonoscopy.
35332118	Genetic regulation of post-translational modification of two distinct proteins.
35347128	Genome-wide association studies of metabolites in Finnish men identify disease-relevant loci.
35348614	A genome-wide association study in autoimmune neurological syndromes with anti-GAD65 autoantibodies.
35353984	Polygenic risk for prostate cancer: Decreasing relative risk with age but little impact on absolute risk.
35363857	Genetic Risk Score for Plasma Uric Acid Levels Is Associated With Early Rapid Kidney Function Decline in Type 2 Diabetes.
35368071	Genetic risk factors and COVID-19 severity in Brazil: results from BRACOVID study.
35369713	Association of Polygenic Risk Score With Blood Pressure and Adverse Cardiovascular Outcomes in Individuals With Type II Diabetes: Insights From the ACCORD Trial.
35377426	Association of Genetic Variants Linked to Late-Onset Alzheimer Disease With Cognitive Test Performance by Midlife.
35378236	Genome-wide Association Meta-analysis of Childhood and Adolescent Internalizing Symptoms.
35379992	New insights into the genetic etiology of Alzheimer's disease and related dementias.
35383335	Genetic variants associated with longitudinal changes in brain structure across the lifespan.
35383826	Plasma biomarkers and genetics in the diagnosis and prediction of Alzheimer's disease.
35385482	Genetics of osteopontin in patients with chronic kidney disease: The German Chronic Kidney Disease study.
35385699	Polygenic transcriptome risk scores for COPD and lung function improve cross-ethnic portability of prediction in the NHLBI TOPMed program.
35386118	Genome-Wide Association Study of Alzheimer's Disease Brain Imaging Biomarkers and Neuropsychological Phenotypes in the European Medical Information Framework for Alzheimer's Disease Multimodal Biomarker Discovery Dataset.
35387486	Genetic Landscape of the ACE2 Coronavirus Receptor.
35387493	A Family and a Genome-Wide Polygenic Risk Score Are Independently Associated With Stroke in a Population-Based Study.
35389749	Monogenic and Polygenic Contributions to QTc Prolongation in the Population.
35393395	Genome-wide association analyses of symptom severity among clozapine-treated patients with schizophrenia spectrum disorders.
35393526	An Amish founder population reveals rare-population genetic determinants of the human lipidome.
35393596	Leveraging fine-mapping and multipopulation training data to improve cross-population polygenic risk scores.
35396534	Prostate cancer polygenic risk score and prediction of lethal prostate cancer.
35396579	Rare coding variants in ten genes confer substantial risk for schizophrenia.
35398288	The age-dependent association of risk factors with pancreatic cancer.
35399580	Ancestral diversity improves discovery and fine-mapping of genetic loci for anthropometric traits-The Hispanic/Latino Anthropometry Consortium.
35409976	Prenatal Exposure to Metals and Neurodevelopment in Infants at Six Months: Rio Birth Cohort Study of Environmental Exposure and Childhood Development (PIPA Project).
35410376	Exome sequencing in bipolar disorder identifies AKAP11 as a risk gene shared with schizophrenia.
35414113	Genome-wide and transcriptome-wide association studies of mammographic density phenotypes reveal novel loci.
35418701	Genome-wide interaction analysis of menopausal hormone therapy use and breast cancer risk among 62,370 women.
35420468	Genome-Wide Association Study of Campylobacter-Positive Diarrhea Identifies Genes Involved in Toxin Processing and Inflammatory Response.
35427684	Associations of combined lifestyle and genetic risks with incident psoriasis: A prospective cohort study among UK Biobank participants of European ancestry.
35432461	LDL-C Concentrations and the 12-SNP LDL-C Score for Polygenic Hypercholesterolaemia in Self-Reported South Asian, Black and Caribbean Participants of the UK Biobank.
35437332	Development of a clinical polygenic risk score assay and reporting workflow.
35446358	Association of Novel Loci With Keratoconus Susceptibility in a Multitrait Genome-Wide Association Study of the UK Biobank Database and Canadian Longitudinal Study on Aging.
35446786	Genome-wide studies reveal factors associated with circulating uromodulin and its relationships to complex diseases.
35449187	Genome-wide association study of actinic keratosis identifies new susceptibility loci implicated in pigmentation and immune regulation pathways.
35459240	Genetic analysis of over half a million people characterises C-reactive protein loci.
35467766	Genetic variation in ST6GAL1 is a determinant of capecitabine and oxaliplatin induced hand-foot syndrome.
35470676	Weak Association Between Genetic Markers of Hyperuricemia and Cardiorenal Outcomes: Insights From the STANISLAS Study Cohort With a 20-Year Follow-Up.
35484537	Healthy lifestyle counteracts the risk effect of genetic factors on incident gout: a large population-based longitudinal study.
35487478	Contribution of rare variants in monogenic diabetes-genes to early-onset type 2 diabetes.
35501403	Genome-wide association and Mendelian randomization study of blood copper levels and 213 deep phenotypes in humans.
35506208	Genomic Risk Score for Advanced Osteoarthritis in Older Adults.
35507331	Comparative Genetic Analysis of Psoriatic Arthritis and Psoriasis for the Discovery of Genetic Risk Factors and Risk Prediction Modeling.
35511172	Genetic Analysis of Lung Cancer and the Germline Impact on Somatic Mutation Burden.
35512135	Pharmacogenetics of Dolutegravir Plasma Exposure Among Southern Africans With Human Immunodeficiency Virus.
35512400	Genome-Wide Interaction Analysis of Genetic Variants With Menopausal Hormone Therapy for Colorectal Cancer Risk.
35522175	Blood Pressure Polygenic Scores Are Associated With Apparent Treatment-Resistant Hypertension.
35534559	Within-sibship genome-wide association analyses decrease bias in estimates of direct genetic effects.
35546142	Meta-analysis of sub-Saharan African studies provides insights into genetic architecture of lipid traits.
35551307	Multi-ancestry genetic study of type 2 diabetes highlights the power of diverse populations for discovery and translation.
35554533	Polygenic risk scores for prediction of breast cancer risk in women of African ancestry: a cross-ancestry approach.
35580588	Genome-wide association meta-analysis identifies 48 risk variants and highlights the role of the stria vascularis in hearing loss.
35583889	Rare and Common Genetic Variation Underlying the Risk of Hypertrophic Cardiomyopathy in a National Biobank.
35591975	Genome-wide risk prediction of common diseases across ancestries in one million people.
35595084	Multiancestral polygenic risk score for pediatric asthma.
35598204	Genetically predicted on-statin LDL response is associated with higher intracerebral haemorrhage risk.
35602235	Understanding genetic risk factors for common side effects of antidepressant medications.
35606148	Association of <i>APOE</i>-Independent Alzheimer Disease Polygenic Risk Score With Brain Amyloid Deposition in Asymptomatic Older Adults.
35621206	Genetic Architecture of Plasma Alpha-Aminoadipic Acid Reveals a Relationship With High-Density Lipoprotein Cholesterol.
35624665	Genome-Wide Association Study of Fluorescent Oxidation Products Accounting for Tobacco Smoking Status in Adults from the French EGEA Study.
35627254	Genetic Variants Associated with Neuropeptide Y Autoantibody Levels in Newly Diagnosed Individuals with Type 1 Diabetes.
35637384	High heritability of ascending aortic diameter and trans-ancestry prediction of thoracic aortic disease.
35641005	Differences in mortality between temporary and permanent workers: results from the Rome Longitudinal Study.
35644035	Risk Assessment for Hip and Knee Osteoarthritis Using Polygenic Risk Scores.
35653140	Identification of Two Genetic Loci Associated with Leukopenia after Chemotherapy in Patients with Breast Cancer.
35654908	Transferability of genetic risk scores in African populations.
35654975	A multiancestry genome-wide association study of unexplained chronic ALT elevation as a proxy for nonalcoholic fatty liver disease with histological and radiological validation.
35655252	Combined exome and transcriptome sequencing of non-muscle-invasive bladder cancer: associations between genomic changes, expression subtypes, and clinical outcomes.
35668104	Comprehensive genetic analysis of the human lipidome identifies loci associated with lipid homeostasis with links to coronary artery disease.
35670608	The genetic etiology of periodic limb movement in sleep.
35675159	Association of Genome-Wide Polygenic Risk Score for Body Mass Index With Cardiometabolic Health From Childhood Through Midlife.
35679356	Combined Performance of Fecal Immunochemical Tests and a Genetic Risk Score for Advanced Neoplasia Detection.
35693796	Impact of Human Genetic Variation on C-Reactive Protein Concentrations and Acute Appendicitis.
35703291	Association between genetic risk of high SBP and hypertension control: the CoLaus|PsyColaus study.
35710995	Genome-wide polygenic score to predict chronic kidney disease across ancestries.
35712048	Identifying the Common Genetic Basis of Antidepressant Response.
35718050	Glaucoma Genetic Risk Scores in the Million Veteran Program.
35729114	A multi-ethnic polygenic risk score is associated with hypertension prevalence and progression throughout adulthood.
35730595	Genetic risk, metabolic syndrome, and gastrointestinal cancer risk: A prospective cohort study.
35736394	Pharmacogenomic study of heart failure and candesartan response from the CHARM programme.
35739095	Advancing our understanding of genetic risk factors and potential personalized strategies for pelvic organ prolapse.
35740506	Genome-Wide Meta-Analysis Identifies Variants in DSCAM and PDLIM3 That Correlate with Efficacy Outcomes in Metastatic Renal Cell Carcinoma Patients Treated with Sunitinib.
35748965	Identification of healthspan-promoting genes in Caenorhabditis elegans based on a human GWAS study.
35751453	Early prediction of prostate cancer risk in younger men using polygenic risk scores and electronic health records.
35751511	Polygenic risk score for ACE-inhibitor-associated cough based on the discovery of new genetic loci.
35754128	Multi-ancestry genome-wide association study of asthma exacerbations.
35761208	Polygenic risk scores indicate extreme ages at onset of breast cancer in female BRCA1/2 pathogenic variant carriers.
35763870	Gene expression-based prediction of pazopanib efficacy in sarcoma.
35765100	Development and validation of a trans-ancestry polygenic risk score for type 2 diabetes in diverse populations.
35765848	Developing and validating polygenic risk scores for colorectal cancer risk prediction in East Asians.
35769078	A Genome-Wide Association Study of Prediabetes Status Change.
35769418	A genome-wide association study of bronchodilator response in participants of European and African ancestry from six independent cohorts.
35773277	Inherited basis of visceral, abdominal subcutaneous and gluteofemoral fat depots.
35790736	Gene-based polygenic risk scores analysis of alcohol use disorder in African Americans.
35793639	Smoking-Interaction Loci Affect Obesity Traits: A Gene-Smoking Stratified Meta-Analysis of 545,131 Europeans.
35793981	Genetic Variants Associated with Supernormal Coronary Arteries.
35803233	Investigating the shared genetic architecture of uterine leiomyoma and breast cancer: A genome-wide cross-trait analysis.
35831902	Your height affects your health: genetic determinants and health-related outcomes in Taiwan.
35836215	Polygenic risk for type 2 diabetes, lifestyle, metabolic health, and cardiovascular disease: a prospective UK Biobank study.
35841873	Genome-wide association meta-analysis of 88,250 individuals highlights pleiotropic mechanisms of five ocular diseases in UK Biobank.
35842105	High Polygenic Risk Is Associated with Earlier Trabeculectomy in Patients with Primary Open-Angle Glaucoma.
35862449	Polygenic Risk Score and Statin Relative Risk Reduction for Primary Prevention of Myocardial Infarction in a Real-World Population.
35870639	Identification of 969 protein quantitative trait loci in an African American population with kidney disease attributed to hypertension.
35876483	Genome-wide association study of handgrip strength in the Northern Chinese adult twins.
35879306	Polygenic resilience scores capture protective genetic effects for Alzheimer's disease.
35880530	Predictive Utility of a Validated Polygenic Risk Score for Long-Term Risk of Coronary Heart Disease in Young and Middle-Aged Adults.
35881107	Polygenic risk score as a determinant of risk of keratinocyte cancer in an Australian population-based cohort.
35886039	Genome-Wide Association Study of Airway Wall Thickening in a Korean Chronic Obstructive Pulmonary Disease Cohort.
35898629	Shared Genetics and Causality Between Decaffeinated Coffee Consumption and Neuropsychiatric Diseases: A Large-Scale Genome-Wide Cross-Trait Analysis and Mendelian Randomization Analysis.
35915156	Large-scale genome-wide association study of coronary artery disease in genetically diverse populations.
35915169	Cross-ancestry genome-wide meta-analysis of 61,047 cases and 947,237 controls identifies new susceptibility loci contributing to lung cancer.
35922517	A first update on mapping the human genetic architecture of COVID-19.
35925860	A genome-wide association study for rheumatoid arthritis replicates previous HLA and non-HLA associations in a cohort from South Africa.
35927272	Genetic associations with healthy ageing among Chinese adults.
35931775	A systems immunology approach to investigate cytokine responses to viruses and bacteria and their association with disease.
35953101	Zinc finger protein 33B demonstrates sex interaction with atopy-related markers in childhood asthma.
35953715	GAWMerge expands GWAS sample size and diversity by combining array-based genotyping and whole-genome sequencing.
35960396	Red blood cell omega-3 fatty acids and attention scores in healthy adolescents.
35965108	Polygenic Liability to Depression Is Associated With Multiple Medical Conditions in the Electronic Health Record: Phenome-wide Association Study of 46,782 Individuals.
35970579	Genome-wide Association and Meta-analysis of Age at Onset in Parkinson Disease: Evidence From the COURAGE-PD Consortium.
35978138	Applying a genetic risk score for prostate cancer to men with lower urinary tract symptoms in primary care to predict prostate cancer diagnosis: a cohort study in the UK Biobank.
35980763	A polygenic risk score predicts atrial fibrillation in cardiovascular disease.
35995766	Whole Genome Association Study of the Plasma Metabolome Identifies Metabolites Linked to Cardiometabolic Disease in Black Individuals.
35996327	Application of European-specific polygenic risk scores for predicting prostate cancer risk in different ancestry populations.
35998220	Genome-wide analyses of individual differences in quantitatively assessed reading- and language-related skills in up to 34,000 people.
36006149	Glyphosate and AMPA in Human Urine of HBM4EU Aligned Studies: Part A Children.
36028495	Sex-specific genetic association between psychiatric disorders and cognition, behavior and brain imaging in children and adults.
36034645	Broad clinical manifestations of polygenic risk for coronary artery disease in the Women's Health Initiative.
36050321	Genetic analyses of the electrocardiographic QT interval and its components identify additional loci and pathways.
36064556	Higher polygenic risk for melanoma is associated with improved survival in a high ultraviolet radiation setting.
36066633	Genome-wide meta-analysis for Alzheimer's disease cerebrospinal fluid biomarkers.
36085083	Leveraging genomic diversity for discovery in an electronic health record linked biobank: the UCLA ATLAS Community Health Initiative.
36100952	Testing the generalizability of ancestry-specific polygenic risk scores to predict prostate cancer in sub-Saharan Africa.
36103261	Family History of Prostate and Breast Cancer Integrated with a Polygenic Risk Score Identifies Men at Highest Risk of Dying from Prostate Cancer before Age 75 Years.
36111372	Genetic risk and incident venous thromboembolism in middle-aged and older adults following COVID-19 vaccination.
36114231	Association between arterial hypertension and liver outcomes using polygenic risk scores: a population-based study.
36126957	Association of Prostate-Specific Antigen Levels with Prostate Cancer Risk in a Multiethnic Population: Stability Over Time and Comparison with Polygenic Risk Score.
36143338	Exome-Wide Association Study Reveals Host Genetic Variants Likely Associated with the Severity of COVID-19 in Patients of European Ancestry.
36150907	Genome-wide Association Study Shows That Executive Functioning Is Influenced by GABAergic Processes and Is a Neurocognitive Genetic Correlate of Psychiatric Disorders.
36151579	Chronic air pollution-induced subclinical airway inflammation and polygenic susceptibility.
36152628	ExPRSweb: An online repository with polygenic risk scores for common health-related exposures.
36154123	Cross-Ancestry Investigation of Venous Thromboembolism Genomic Predictors.
36163213	Self-reported walking pace, polygenic risk scores and risk of coronary artery disease in UK biobank.
36167494	Genome-wide association analyses of common infections in a large practice-based biobank.
36174398	Genetic determinants of cardiometabolic and pulmonary phenotypes and obstructive sleep apnoea in HCHS/SOL.
36175048	Aspirin for Primary Prevention of Cardiovascular Events in Relation to Lipoprotein(a) Genotypes.
36178051	Chronic aflatoxin exposure during pregnancy is associated with lower fetal growth trajectories: a prospective cohort from the Butajira Nutrition, Mental Health, and Pregnancy (BUNMAP) Study in rural Ethiopia.
36180795	Stroke genetics informs drug discovery and risk prediction across ancestries.
36187959	Identifying shared genetic loci between coronavirus disease 2019 and cardiovascular diseases based on cross-trait meta-analysis.
36191030	Unintentional injuries and potential determinants of falls in young children: Results from the Piccolipiù Italian birth cohort.
36191651	Meta-GWAS identifies the heritability of acute radiation-induced toxicities in head and neck cancer.
36192519	ANGPTL7, a therapeutic target for increased intraocular pressure and glaucoma.
36207451	Multi-trait genome-wide association study of opioid addiction: OPRM1 and beyond.
36220816	Whole genome sequence analysis of blood lipid levels in >66,000 individuals.
36224396	A saturated map of common genetic variants associated with human height.
36240095	Contribution of Common Genetic Variants to Risk of Early-Onset Ischemic Stroke.
36246171	Genome-wide Association Study of Axial Length in Population-based Cohorts in Japan: The Tohoku Medical Megabank Organization Eye Study.
36252120	Validation of Polygenic Risk Scores for Coronary Heart Disease in a Middle Eastern Cohort Using Whole Genome Sequencing.
36265503	Association of the interaction between mosaic chromosomal alterations and polygenic risk score with the risk of lung cancer: an array-based case-control association and prospective cohort study.
36267918	Genome-wide analyses identify SCN5A as a susceptibility locus for premature atrial contraction frequency.
36271417	PredictCBC-2.0: a contralateral breast cancer risk prediction model developed and validated in ~ 200,000 patients.
36271874	A large genome-wide association study of QT interval length utilizing electronic health records.
36273105	Distinct germline genetic susceptibility profiles identified for common non-Hodgkin lymphoma subtypes.
36275420	Reclassification of coronary artery disease risk using genetic risk score among subjects with borderline or intermediate clinical risk.
36281732	Association of Gout Polygenic Risk Score With Age at Disease Onset and Tophaceous Disease in European and Polynesian Men With Gout.
36285626	The Finnish genetic heritage in 2022 - from diagnosis to translational research.
36286845	Common Germline Risk Variants Impact Somatic Alterations and Clinical Features across Cancers.
36300346	Association of Vascular Risk Factors and Genetic Factors With Penetrance of Variants Causing Monogenic Stroke.
36303976	Polygenic Risk Score Prediction for Endometriosis.
36305391	Body weight changes and bipolar disorder: a molecular pathway analysis.
36305680	Polygenic risk of any, metastatic, and fatal prostate cancer in the Million Veteran Program.
36314488	Circulating Soluble CD163, Associations With Cardiovascular Outcomes and Mortality, and Identification of Genetic Variants in Older Individuals: The Cardiovascular Health Study.
36316463	Interaction between blood pressure and genetic risk score for bladder cancer, and risk of urothelial carcinoma in men.
36324662	Genome-wide by Environment Interaction Study of Stressful Life Events and Hospital-Treated Depression in the iPSYCH2012 Sample.
36327219	Exome-wide association study to identify rare variants influencing COVID-19 outcomes: Results from the Host Genetics Initiative.
36329474	Assessing the genetic burden of familial hypercholesterolemia in a large middle eastern biobank.
36333282	The contribution of common and rare genetic variants to variation in metabolic traits in 288,137 East Asians.
36333501	Multi-ancestry genome-wide association analyses identify novel genetic mechanisms in rheumatoid arthritis.
36334310	Association of a Multiancestry Genome-Wide Blood Pressure Polygenic Risk Score With Adverse Cardiovascular Events.
36343017	Polygenic risk scores for prediction of breast cancer in Korean women.
36347157	Cardiometabolic diseases, polygenic risk score, APOE genotype, and risk of incident dementia: A population-based prospective cohort study.
36347255	Systematic comparison of family history and polygenic risk across 24 common diseases.
36348503	Association between the LRP1B and APOE loci and the development of Parkinson's disease dementia.
36349687	Identifying causal serum protein-cardiometabolic trait relationships using whole genome sequencing.
36351667	Integrating genome-wide polygenic risk scores and non-genetic risk to predict colorectal cancer diagnosis using UK Biobank data: population based cohort study.
36353656	Reliability of Ancestry-specific Prostate Cancer Genetic Risk Score in Four Racial and Ethnic Populations.
36355370	Association of High Polygenic Risk With Visual Field Worsening Despite Treatment in Early Primary Open-Angle Glaucoma.
36357675	Rare and common genetic determinants of metabolic individuality and their effects on human health.
36370000	GALC variants affect galactosylceramidase enzymatic activity and risk of Parkinson's disease.
36372681	Quantifying the phenome-wide disease burden of obesity using electronic health records and genomics.
36376295	Genome-wide association and multi-trait analyses characterize the common genetic architecture of heart failure.
36376304	Pleiotropic genetic architecture and novel loci for C-reactive protein levels.
36383734	Questionnaire-Based Polyexposure Assessment Outperforms Polygenic Scores for Classification of Type 2 Diabetes in a Multiancestry Cohort.
36395887	Genome-wide metabolite quantitative trait loci analysis (mQTL) in red blood cells from volunteer blood donors.
36400179	Genome-wide admixture and association analysis identifies African ancestry-specific risk loci of eosinophilic esophagitis in African Americans.
36410544	Polygenic risk in Type III hyperlipidaemia and risk of cardiovascular disease: An epidemiological study in UK Biobank and Oxford Biobank.
36412575	The genetic risk of gestational diabetes in South Asian women.
36416830	Risk Factors Associated With First and Second Primary Melanomas in a High-Incidence Population.
36450729	Whole-exome sequencing study identifies rare variants and genes associated with intraocular pressure and glaucoma.
36459520	Polygenic risk scores for cardiovascular diseases and type 2 diabetes.
36462503	Functional proteomic profiling links deficient DNA clearance with increased mortality in individuals with severe COVID-19 pneumonia.
36470867	Genome-wide association study of REM sleep behavior disorder identifies polygenic risk and brain expression effects.
36474045	Discovery and systematic characterization of risk variants and genes for coronary artery disease in over a million participants.
36477264	Genetic risk scores and dementia risk across different ethnic groups in UK Biobank.
36477530	Genetic diversity fuels gene discovery for tobacco and alcohol use.
36481179	A polygenic score for reduced kidney function and adverse outcomes in a cohort with chronic kidney disease.
36493335	CanRisk-Prostate: A Comprehensive, Externally Validated Risk Model for the Prediction of Future Prostate Cancer.
36494783	PRState: Incorporating genetic ancestry in prostate cancer risk scores for men of African ancestry.
36496446	A multi-phenotype analysis reveals 19 susceptibility loci for basal cell carcinoma and 15 for squamous cell carcinoma.
36503897	A combined clinical and genetic model for predicting risk of ovarian cancer.
36508215	Association Between Genetic Risk, Adherence to Healthy Lifestyle Behavior, and Thyroid Cancer Risk.
36508697	Genome-Wide Association Study Identifies ROBO2 as a Novel Susceptibility Gene for Anthracycline-Related Cardiomyopathy in Childhood Cancer Survivors.
36517512	Genetic architecture of heart failure with preserved versus reduced ejection fraction.
36520433	Transferability of Alzheimer Disease Polygenic Risk Score Across Populations and Its Association With Alzheimer Disease-Related Phenotypes.
36522743	Amyloid-β and APOE genotype predict memory decline in cognitively unimpaired older individuals independently of Alzheimer's disease polygenic risk score.
36528340	A new 165-SNP low-density lipoprotein cholesterol polygenic risk score based on next generation sequencing outperforms previously published scores in routine diagnostics of familial hypercholesterolemia.
36528349	Pharmacogenomics of GLP-1 receptor agonists: a genome-wide analysis of observational data and large randomised controlled trials.
36538246	Development and validation of genome-wide polygenic risk scores for predicting breast cancer incidence in Japanese females: a population-based case-cohort study.
36539618	Deciphering colorectal cancer genetics through multi-omic analysis of 100,204 cases and 154,587 controls of European and east Asian ancestries.
36543923	African ancestry GWAS of dementia in a large military cohort identifies significant risk loci.
36551779	A Genome-Wide Association Study into the Aetiology of Congenital Solitary Functioning Kidney.
36551856	Identification of Novel Metabolic Subtypes Using Multi-Trait Limited Mixed Regression in the Chinese Population.
36575460	Implicating genes, pleiotropy, and sexual dimorphism at blood lipid loci through multi-ancestry meta-analysis.
36576811	Predictive Utility of a Coronary Artery Disease Polygenic Risk Score in Primary Prevention.
36576985	Genome-wide Interaction Study with Smoking for Colorectal Cancer Risk Identifies Novel Genetic Loci Related to Tumor Suppression, Inflammation, and Immune Response.
36580335	Association of Inherited Genetic Factors With Drug-Induced Hepatic Damage Among Children With Acute Lymphoblastic Leukemia.
36581621	Genomics and phenomics of body mass index reveals a complex disease network.
36581944	Device-measured physical activity and sedentary time in a national sample of Luxembourg residents: the ORISCAV-LUX 2 study.
36596879	Rare variant analyses across multiethnic cohorts identify novel genes for refractive error.
36599956	Genetic factors associated with serum amylase in a Japanese population: combined analysis of copy-number and single-nucleotide variants.
36601007	Progression of metabolic syndrome and associated cardiometabolic risk factors from prepuberty to puberty in children: The PUBMEP study.
36602125	Genome-wide association study of early ischaemic stroke risk in Brazilian individuals with sickle cell disease implicates ADAMTS2 and CDK18 and uncovers novel loci.
36606461	Exploring the Genetic Association between Obesity and Serum Lipid Levels Using Bivariate Methods.
36622766	Validation of a Genetic-Enhanced Risk Prediction Model for Colorectal Cancer in a Large Community-Based Cohort.
36623684	Identification of Novel Genetic Risk Factors for Focal Segmental Glomerulosclerosis in Children: Results From the Chronic Kidney Disease in Children (CKiD) Cohort.
36624241	Genome-wide association study of school grades identifies genetic overlap between language ability, psychopathology and creativity.
36635386	Genomic atlas of the plasma metabolome prioritizes metabolites implicated in human diseases.
36651198	Lifestyle, genetic risk and incidence of cancer: a prospective cohort study of 13 cancer types.
36652418	Combining European and U.S. risk prediction models with polygenic risk scores to refine cardiovascular prevention: the CoLaus|PsyCoLaus Study.
36653562	FinnGen provides genetic insights from a well-phenotyped isolated population.
36653681	Cross-ancestry genome-wide analysis of atrial fibrillation unveils disease biology and enables cardioembolic risk prediction.
36655558	Genetic Risk Score for Intracranial Aneurysms: Prediction of Subarachnoid Hemorrhage and Role in Clinical Heterogeneity.
36658081	Genome-wide association study of executive function in a multi-ethnic cohort implicates LINC01362: Results from the northern Manhattan study.
36658437	Genome-wide meta-analysis identifies 93 risk loci and enables risk prediction equivalent to monogenic forms of venous thromboembolism.
36658456	The Impact of Acute Nutritional Interventions on the Plasma Proteome.
36660475	Sex differences in the oral microbiome, host traits, and their causal relationships.
36662732	Characterization of the external exposome and its contribution to the clinical respiratory and early biological effects in children: The PROMESA cohort study protocol.
36672800	Association of Early Childhood Caries with Bitter Taste Receptors: A Meta-Analysis of Genome-Wide Association Studies and Transcriptome-Wide Association Study.
36672803	Exome Array Analysis of 9721 Ischemic Stroke Cases from the SiGN Consortium.
36672889	Skin Phototype and Disease: A Comprehensive Genetic Approach to Pigmentary Traits Pleiotropy Using PRS in the GCAT Cohort.
36674414	Mendelian Randomisation Confirms the Role of Y-Chromosome Loss in Alzheimer's Disease Aetiopathogenesis in Men.
36681271	Genetic regulators of cytokine responses upon BCG vaccination in children from West Africa.
36689693	Associations of a Breast Cancer Polygenic Risk Score With Tumor Characteristics and Survival.
36690452	Polygenic Susceptibility to Hypertension and Blood Pressure Control in Stroke Survivors.
36694225	Risk assessment for colorectal cancer via polygenic risk score and lifestyle exposure: a large-scale association study of East Asian and European populations.
36699085	Genome-wide analyses of platinum-induced ototoxicity in childhood cancer patients: Results of GO-CAT and United Kingdom MAGIC consortia.
36716319	Prediction of venous thromboembolism incidence in the general adult population using two published genetic risk scores.
36723444	Cognitive trajectories diverge by genetic risk in a preclinical longitudinal cohort.
36739632	Prognostic evaluation of polygenic risk score underlying pan-cancer analysis: evidence from two large-scale cohorts.
36745605	Polygenic Scores Help Reduce Racial Disparities in Predictive Accuracy of Automated Type 1 Diabetes Classification Algorithms.
36756894	Genetic Risk Score Improves Risk Stratification for Anticoagulation-Related Intracerebral Hemorrhage.
36774100	Investigating Genetic Determinants of Plasma Inositol Status in Adult Humans.
36777179	Global Biobank analyses provide lessons for developing polygenic risk scores across diverse cohorts.
36777645	Mapping gene by early life stress interactions on child subcortical brain structures: A genome-wide prospective study.
36777996	Global Biobank Meta-analysis Initiative: Powering genetic discovery across human disease.
36777999	Genome-wide study on 72,298 individuals in Korean biobank data for 76 traits.
36778051	Multi-ancestry meta-analysis of asthma identifies novel associations and highlights the value of increased power and diversity.
36778599	Candidate loci shared among periodontal disease, diabetes and bone density.
36785929	Associations of genetic and infectious risk factors with coronary heart disease.
36786746	Genetic Associations Between Smoking- and Glaucoma-Related Traits.
36797788	Genome-wide polygenic risk score for major osteoporotic fractures in postmenopausal women using associated single nucleotide polymorphisms.
36804072	Pharmacokinetics and pharmacogenomics of clozapine in an ancestrally diverse sample: a longitudinal analysis and genome-wide association study using UK clinical monitoring data.
36804406	Atopic Polygenic Risk Score Is Associated with Paradoxical Eczema Developing in Patients with Psoriasis Treated with Biologics.
36810050	Genetic susceptibility and lifestyle modify the association of long-term air pollution exposure on major depressive disorder: a prospective study in UK Biobank.
36814324	Investigating associations between blood metabolites, later life brain imaging measures, and genetic risk for Alzheimer's disease.
36821788	Evaluation of polygenic risk scores to differentiate between type 1 and type 2 diabetes.
36826816	Association of Frequent Aspirin Use With Ovarian Cancer Risk According to Genetic Susceptibility.
36839222	Lifestyle Factors, Genetic Risk, and Cardiovascular Disease Risk among Breast Cancer Survivors: A Prospective Cohort Study in UK Biobank.
36857917	Association of air pollution and genetic risks with incidence of elderly-onset atopic dermatitis: A prospective cohort study.
36862161	The utility of a type 2 diabetes polygenic score in addition to clinical variables for prediction of type 2 diabetes incidence in birth, youth and adult cohorts in an Indigenous study population.
36862830	Validation of an Abridged Breast Cancer Risk Prediction Model for the General Population.
36864135	Genome-wide analysis identifies genetic effects on reproductive success and ongoing natural selection at the FADS locus.
36866666	Validation of a Polygenic Score for Beta-Blocker Survival Benefit in Patients With Heart Failure Using the United Kingdom Biobank.
36869222	Association of accelerometer-derived circadian abnormalities and genetic risk with incidence of atrial fibrillation.
36869385	Identification of specific susceptibility loci for the early-onset colorectal cancer.
36869765	Vascular endothelial growth factor-D plasma levels and VEGFD genetic variants are independently associated with outcomes in patients with cardiovascular disease.
36870957	Association of laxatives use with incident dementia and modifying effect of genetic susceptibility: a population-based cohort study with propensity score matching.
36872133	Evidence of Novel Susceptibility Variants for Prostate Cancer and a Multiancestry Polygenic Risk Score Associated with Aggressive Disease in Men of African Ancestry.
36872334	Clinically relevant combined effect of polygenic background, rare pathogenic germline variants, and family history on colorectal cancer incidence.
36877498	A Polygenic Risk Score for Prostate Cancer Risk Prediction.
36881318	Integrating polygenic and clinical risks to improve stroke risk stratification in prospective Chinese cohorts.
36882501	Genome-wide significant risk loci for mood disorders in the Old Order Amish founder population.
36882748	Associations of risk factor burden and genetic predisposition with the 10-year risk of atrial fibrillation: observations from a large prospective study of 348,904 participants.
36895094	Genetic propensity for cerebral amyloidosis and risk of mild cognitive impairment and Alzheimer's disease within a cognitive reserve framework.
36912851	Physical Frailty, Genetic Predisposition, and Incident Parkinson Disease.
36913237	Association of Combined Exposure to Ambient Air Pollutants, Genetic Risk, and Incident Rheumatoid Arthritis: A Prospective Cohort Study in the UK Biobank.
36914875	Multi-ancestry genome-wide association analyses improve resolution of genes and pathways influencing lung function and chronic obstructive pulmonary disease risk.
36915130	Mediterranean diet adherence is associated with lower dementia risk, independent of genetic predisposition: findings from the UK Biobank prospective cohort study.
36917487	A Gene-Acculturation Study of Obesity Among US Hispanic/Latinos: The Hispanic Community Health Study/Study of Latinos.
36921087	Genetic Modifiers of Cystic Fibrosis Lung Disease Severity: Whole-Genome Analysis of 7,840 Patients.
36922633	Genome-wide meta-analysis identifies novel loci conferring risk of acne vulgaris.
36926049	Assessing the performance of genetic risk score for stratifying risk of post-sepsis cardiovascular complications.
36928559	A genome-wide association study of frailty identifies significant genetic correlation with neuropsychiatric, cardiovascular, and inflammation pathways.
36929174	GWAS meta-analyses clarify the genetics of cervical phenotypes and inform risk stratification for cervical cancer.
36938749	Associations of serum uric acid levels with liver disease-related morbidity and mortality: A prospective cohort study of the UK Biobank.
36944631	Clinical and genetic associations of deep learning-derived cardiac magnetic resonance-based left ventricular mass.
36947680	Associations of polygenic risk scores for preeclampsia and blood pressure with hypertensive disorders of pregnancy.
36959271	A polygenic and family risk score are both independently associated with risk of type 2 diabetes in a population-based study.
36960684	Association of blood pressure with incident diabetic microvascular complications among diabetic patients: Longitudinal findings from the UK Biobank.
36970523	Evidence of polygenic regulation of the physiological presence of neurofilament light chain in human serum.
36971353	Polygenic risk scores for the prediction of common cancers in East Asians: A population-based prospective cohort study.
36973338	Genome-wide association study of population-standardised cognitive performance phenotypes in a rural South African community.
36986074	Healthy Diet, Polygenic Risk Score, and Upper Gastrointestinal Cancer Risk: A Prospective Study from UK Biobank.
36988954	Age and Genetic Risk Score and Rates of Blood Lipid Changes in China.
36989840	Genome-wide association study of obstructive sleep apnoea in the Million Veteran Program uncovers genetic heterogeneity by sex.
37001602	Association of polygenic scores with chronic kidney disease phenotypes in a longitudinal study of older adults.
37003050	The sulfur microbial diet and increased risk of obesity: Findings from a population-based prospective cohort study.
37011137	Genetic and clinical factors underlying a self-reported family history of heart disease.
37012456	Genetic effects on the timing of parturition and links to fetal birth weight.
37013595	Identifying the potential causal role of insomnia symptoms on 11,409 health-related outcomes: a phenome-wide Mendelian randomisation analysis in UK Biobank.
37055258	A new polygenic score for refractive error improves detection of children at risk of high myopia but not the prediction of those at risk of myopic macular degeneration.
37057096	Association of genetic risk and lifestyle with incident adult-onset asthma in the UK Biobank cohort.
37060189	Leveraging related health phenotypes for polygenic prediction of impulsive choice, impulsive action, and impulsive personality traits in 1534 European ancestry community adults.
37062910	Development and validation of a simple prostate cancer risk prediction model based on age, family history, and polygenic risk.
37069360	Genomics of perivascular space burden unravels early mechanisms of cerebral small vessel disease.
37076872	Genome-wide association analyses identified novel susceptibility loci for pulmonary embolism among Han Chinese population.
37080133	Association of air pollution, genetic risk, and lifestyle with incident adult-onset asthma: A prospective cohort study.
37085245	Socioeconomic Deprivation, Genetic Risk, and Incident Dementia.
37087533	Potential utility of risk stratification for multicancer screening with liquid biopsy tests.
37087737	Saturated fatty acid intake, genetic risk and colorectal cancer incidence: A large-scale prospective cohort study.
37096546	Lowering of Circulating Sclerostin May Increase Risk of Atherosclerosis and Its Risk Factors: Evidence From a Genome-Wide Association Meta-Analysis Followed by Mendelian Randomization.
37096571	Melanoma risk prediction based on a polygenic risk score and clinical risk factors.
37096581	Phenotype Risk Score but Not Genetic Risk Score Aids in Identifying Individuals With Systemic Lupus Erythematosus in the Electronic Health Record.
37097752	Multiancestry sex-stratified genomic associations with HIV viral load and controller status from the ICGH.
37101235	Large multi-ethnic genetic analyses of amyloid imaging identify new genes for Alzheimer disease.
37108169	Genome-Wide Meta-Analysis Identifies Multiple Novel Rare Variants to Predict Common Human Infectious Diseases Risk.
37110199	Identification of Genetic Markers Linked to The Activity of Indoleamine 2,3-Dioxygenase and Kidney Function.
37117635	The Newfoundland and Labrador mosaic founder population descends from an Irish and British diaspora from 300 years ago.
37125963	Identification of a Common Variant for Coronary Heart Disease at PDE1A Contributes to Individualized Treatment Goals and Risk Stratification of Cardiovascular Complications in Chinese Patients With Type 2 Diabetes.
37129545	Ultraprocessed food consumption, genetic predisposition, and the risk of gout: the UK Biobank study.
37133828	Cardiovascular Disease Risk Assessment Using Traditional Risk Factors and Polygenic Risk Scores in the Million Veteran Program.
37143928	Association of oxidative stress, programmed cell death, GSTM1 gene polymorphisms, smoking and the risk of lung carcinogenesis: A two-step Mendelian randomization study.
37148359	The power of TOPMed imputation for the discovery of Latino-enriched rare variants associated with type 2 diabetes.
37151110	A polygenic risk score to help discriminate primary adrenal insufficiency of different etiologies.
37154150	Validation of lung cancer polygenic risk scores in a high-risk case-control cohort.
37156940	Automatic landmarking identifies new loci associated with face morphology and implicates Neanderthal introgression in human nasal shape.
37165447	Sex differences in the polygenic architecture of hearing problems in adults.
37174278	Regulator of G-Protein Signalling 9: A New Candidate Gene for Sweet Food Liking?
37178517	Transdiagnostic behavioral and genetic contributors to repetitive negative thinking: A machine learning approach.
37181462	Secondhand smoke, genetic susceptibility, and incident chronic kidney disease in never smokers: A prospective study of a selected population from the UK Biobank.
37188791	Development and testing of a polygenic risk score for breast cancer aggressiveness.
37196047	Multi-ancestry genome- and phenome-wide association studies of diverticular disease in electronic health records with natural language processing enriched phenotyping algorithm.
37196097	Sexually Transmitted Infections and Risk of Epithelial Ovarian Cancer: Results From the Finnish Maternity Cohort.
37198259	Multi-ancestry meta-analysis and fine-mapping in Alzheimer's disease.
37198491	Polygenic scoring accuracy varies across the genetic ancestry continuum.
37201819	Association of time spent in outdoor light and genetic susceptibility with the risk of type 2 diabetes.
37210288	Genome-wide Association Study of Bladder Cancer Reveals New Biological and Translational Insights.
37211199	Shared Genetic Risk Variants in Both Male and Female Frontal Fibrosing Alopecia.
37212302	Genetic correlation, causal relationship, and shared loci between vitamin D and COVID-19: A genome-wide cross-trait analysis.
37217678	Genetic predisposition to macronutrient preference and workplace food choices.
37227431	A meta-analysis of genome-wide association studies of childhood wheezing phenotypes identifies ANXA1 as a susceptibility locus for persistent wheezing.
37233759	Genome-wide association analysis identifies ancestry-specific genetic variation associated with acute response to metformin and glipizide in SUGAR-MGH.
37236969	Genome-wide association study of lung adenocarcinoma in East Asia and comparison with a European population.
37239075	Association of TP53 Single Nucleotide Polymorphisms with Prostate Cancer in a Racially Diverse Cohort of Men.
37243694	Prediction of breast cancer risk for sisters of women attending screening.
37244070	Sleep patterns, genetic susceptibility, and risk of new-onset gout: The UK Biobank prospective cohort study.
37245863	A Polygenic Risk Score for Predicting Racial and Genetic Susceptibility to Prurigo Nodularis.
37248299	Polygenic prediction of preeclampsia and gestational hypertension.
37248441	Genome-wide association meta-analysis of spontaneous coronary artery dissection identifies risk variants and genes related to artery integrity and tissue-mediated coagulation.
37250466	Multivariate genome-wide association meta-analysis of over 1 million subjects identifies loci underlying multiple substance use disorders.
37255673	The genetic and phenotypic correlates of mtDNA copy number in a multi-ancestry cohort.
37264206	Genetically adjusted PSA levels for prostate cancer screening.
37264683	Association of genetic risk and outcomes in patients with atrial fibrillation: interactions with early rhythm control in the EAST-AFNET4 trial.
37268629	Evaluating the use of blood pressure polygenic risk scores across race/ethnic background groups.
37272255	A single measurement of fecal hemoglobin concentration outperforms polygenic risk score in colorectal cancer risk assessment.
37273234	Genome-wide Association Study for AKI.
37276697	Gene-environment interaction in long-term effects of polychlorinated biphenyls exposure on glucose homeostasis and type 2 diabetes: The modifying effects of genetic risk and lifestyle.
37277158	Accelerometer-measured intensity-specific physical activity, genetic risk and incident type 2 diabetes: a prospective cohort study.
37277652	Genetic studies of paired metabolomes reveal enzymatic and transport processes at the interface of plasma and urine.
37278238	Genetic Susceptibility to Atrial Fibrillation Identified via Deep Learning of 12-Lead Electrocardiograms.
37280435	Genetic evidence that high BMI in childhood has a protective effect on intermediate diabetes traits, including measures of insulin sensitivity and secretion, after accounting for BMI in adulthood.
37284538	Predicting Breast Cancer Risk for Women Veterans of African Ancestry in the Million Veteran Program.
37286573	Elevated plasma complement factor H related 5 protein is associated with venous thromboembolism.
37291194	Genome-wide association study and functional characterization identifies candidate genes for insulin-stimulated glucose uptake.
37308106	Common and Distinct Genetic Architecture of Age at Diagnosis of Diabetes in South Indian and European Populations.
37326842	Genome-wide investigation of persistence with methotrexate treatment in early rheumatoid arthritis.
37337106	Cross-ancestry genome-wide association meta-analyses of hippocampal and subfield volumes.
37337639	Trans-ethnic polygenic risk scores for body mass index: An international hundred K+ cohorts consortium study.
37340002	Pan-cancer and cross-population genome-wide association studies dissect shared genetic backgrounds underlying carcinogenesis.
37340842	Functional Annotation and Gene Set Analysis of Gastric Cancer Risk Loci in a Korean Population.
37344610	Genomic risk for post-traumatic stress disorder in families densely affected with alcohol use disorders.
37349795	A genome-wide search for pleiotropy in more than 100,000 harmonized longitudinal cognitive domain scores.
37352370	Genetic regulators of sputum mucin concentration and their associations with COPD phenotypes.
37353344	Type 2 Diabetes Polygenic Score Predicts the Risk of Glucocorticoid-Induced Hyperglycemia in Patients Without Diabetes.
37373966	Development and Replication of a Genome-Wide Polygenic Risk Score for Chronic Back Pain.
37384397	Multi-ancestry genome-wide analysis identifies shared genetic effects and common genetic variants for self-reported sleep duration.
37386247	Large-scale multitrait genome-wide association analyses identify hundreds of glaucoma risk loci.
37399103	Genome-wide association study identifies multiple HLA loci for sarcoidosis susceptibility.
37402774	Bone mineral density loci specific to the skull portray potential pleiotropic effects on craniosynostosis.
37409455	Contemporary Polygenic Scores of Low-Density Lipoprotein Cholesterol and Coronary Artery Disease Predict Coronary Atherosclerosis in Adolescents and Young Adults.
37414299	Low-level ambient sulfur dioxide exposure and genetic susceptibility associated with incidence of idiopathic pulmonary fibrosis: A national prospective cohort study.
37414900	A multi-ancestry polygenic risk score improves risk prediction for coronary artery disease.
37419004	Cancer-associated thrombosis by cancer sites and inherited factors in a prospective population-based cohort.
37420130	Genetic associations vary across the spectrum of fasting serum insulin: results from the European IDEFICS/I.Family children's cohort.
37429843	Genome-wide association analysis and Mendelian randomization proteomics identify drug targets for heart failure.
37432247	Polygenic Risk Score, Lifestyles, and Type 2 Diabetes Risk: A Prospective Chinese Cohort Study.
37446387	Albuminuria-Related Genetic Biomarkers: Replication and Predictive Evaluation in Individuals with and without Diabetes from the UK Biobank.
37450379	Trans-ethnic genomic informed risk assessment for Alzheimer's disease: An International Hundred K+ Cohorts Consortium study.
37453087	Associations of Clinical Risk Factors and Novel Biomarkers With Age at Onset of Type 2 Diabetes.
37453101	Association of Polygenic Score With Tumor Molecular Subtypes in Papillary Thyroid Carcinoma.
37459583	Polygenic Risk and Chemotherapy-Related Subsequent Malignancies in Childhood Cancer Survivors: A Childhood Cancer Survivor Study and St Jude Lifetime Cohort Study Report.
37468507	Biobank-scale methods and projections for sparse polygenic prediction from machine learning.
37485795	Combined use of the ELF test and CLivD score improves prediction of liver-related outcomes in the general population.
37492107	150 risk variants for diverticular disease of intestine prioritize cell types and enable polygenic prediction of disease susceptibility.
37492417	Genetic variants associated with spontaneous preterm birth in women from India: a prospective cohort study.
37492423	Polygenic scores of diabetes-related traits in subgroups of type 2 diabetes in India: a cohort study.
37494057	Genetic Variants Associated With Hidradenitis Suppurativa.
37494631	Abdominal Obesity Genetic Variants Predict Waist Circumference Regain After Weight Loss.
37497783	Genome-wide association study of Helicobacter pylori serological status in Latin American children.
37500827	Trans-ancestry meta-analysis of genome wide association studies of inhibitory control.
37504220	Association between antibiotic use during early life and early-onset colorectal cancer risk overall and according to polygenic risk and FUT2 genotypes.
37523535	Air pollution, genetic susceptibility, and the risk of atrial fibrillation: A large prospective cohort study.
37524447	Novel loci for ocular axial length identified through extreme-phenotype genome-wide association study in Chinese populations.
37530217	Genetic determinants of thyroid function in children.
37532928	Africa-specific human genetic variation near CHD1L associates with HIV-1 load.
37533684	Associations of Migration, Socioeconomic Position and Social Relations With Depressive Symptoms - Analyses of the German National Cohort Baseline Data.
37536150	Polygenic risk score in comparison with C-reactive protein for predicting incident coronary heart disease.
37536512	Integrated proteomics and genomics analysis of paradoxical eczema in psoriasis patients treated with biologics.
37539667	Genome-wide study of genetic polymorphisms predictive for outcome from first-line oxaliplatin-based chemotherapy in colorectal cancer patients.
37555839	Germline Genetic Variants Associated with Somatic TMPRSS2:ERG Fusion Status in Prostate Cancer: A Genome-Wide Association Study.
37560120	Genome-wide Analysis of Motor Progression in Parkinson Disease.
37563310	Genetics of circulating inflammatory proteins identifies drivers of immune-mediated disease risk and therapeutic targets.
37565938	GWASs Identify Genetic Loci Associated with Human Scalp Hair Whorl Direction.
37568739	Predicting Hearing Loss in Testicular Cancer Patients after Cisplatin-Based Chemotherapy.
37578347	Assessing a Polygenic Risk Score for Lung Cancer Susceptibility in Non-Hispanic White and Black Populations.
37582857	Polygenic contributions to performance on the Balloon Analogue Risk Task.
37589995	Deep Ocular Phenotyping Across Primary Open-Angle Glaucoma Genetic Burden.
37601966	Genotyping and population characteristics of the China Kadoorie Biobank.
37601967	Cystatin C is glucocorticoid responsive, directs recruitment of Trem2+ macrophages, and predicts failure of cancer immunotherapy.
37601974	Multi-ancestry meta-analysis identifies 5 novel loci for ischemic stroke and reveals heterogeneity of effects between sexes and ancestries.
37603226	Associations of polygenic inheritance of physical activity with aerobic fitness, cardiometabolic risk factors and diseases: the HUNT study.
37611509	Polygenic risk score for Parkinson's disease and olfaction among middle-aged to older women.
37614046	Replacing device-measured sedentary time with physical activity is associated with lower risk of coronary heart disease regardless of genetic risk.
37619450	The identification of distinct protective and susceptibility mechanisms for hip osteoarthritis: findings from a genome-wide association study meta-analysis of minimum joint space width and Mendelian randomisation cluster analyses.
37633302	Identification of genetic risk loci and causal insights associated with Parkinson's disease in African and African admixed populations: a genome-wide association study.
37636041	A large-scale genome-wide cross-trait analysis for the effect of COVID-19 on female-specific cancers.
37639712	Genome-Wide Association Study Identifies Pharmacogenomic Variants Associated With Metformin Glycemic Response in African American Patients With Type 2 Diabetes.
37649099	A polygenic risk score for Alzheimer's disease constructed using APOE-region variants has stronger association than APOE alleles with mild cognitive impairment in Hispanic/Latino adults in the U.S.
37652906	Genetic meta-analysis of levodopa induced dyskinesia in Parkinson's disease.
37653029	GWAS meta-analysis of over 29,000 people with epilepsy identifies 26 risk loci and subtype-specific genetic architecture.
37656714	Socio-economic differences among low-birthweight infants in Hungary. Results of the Cohort '18 -Growing Up in Hungary birth cohort study.
37659638	Joint associations between established genetic susceptibility loci, pesticide exposures, and risk of prostate cancer.
37671773	Association between serum urea concentrations and the risk of colorectal cancer, particularly in individuals with type 2 diabetes: A cohort study.
37676847	Ethnic differences of genetic risk and smoking in lung cancer: two prospective cohort studies.
37679419	GWAS of random glucose in 476,326 individuals provide insights into diabetes pathophysiology, complications and treatment stratification.
37681503	Does genetic risk modify the effect of skin screening on melanoma detection rates?
37683082	Thyroid Cancer Polygenic Risk Score Improves Classification of Thyroid Nodules as Benign or Malignant.
37688361	A pilot genome-wide association study meta-analysis of gastroparesis.
37700353	APOE-ε4 and BIN1 increase risk of Alzheimer's disease pathology but not specifically of Lewy body pathology.
37703277	Genetic Predisposition, Sedentary Behavior, and Incident Coronary Artery Disease: A Prospective Chinese Cohort Study.
37709864	Genome-wide association meta-analysis identifies 17 loci associated with nonalcoholic fatty liver disease.
37710962	Evaluating genomic polygenic risk scores for childhood acute lymphoblastic leukemia in Latinos.
37721739	Genetic Risk Score Analysis Supports a Joint View of Two Classification Systems for Age-Related Macular Degeneration.
37728483	Evaluating interactions of polygenic risk scores and NAT2 genotypes with tobacco smoking in bladder cancer risk.
37731490	Toxin exposure and HLA alleles determine serum antibody binding to toxic shock syndrome toxin 1 (TSST-1) of <i>Staphylococcus aureus</i>.
37749244	A new method for multiancestry polygenic prediction improves performance across diverse populations.
37770476	Genome-wide association studies and cross-population meta-analyses investigating short and long sleep duration.
37770635	Multi-ancestry genome-wide study identifies effector genes and druggable pathways for coronary artery calcification.
37781157	Incident cancers attributable to using opium and smoking cigarettes in the Golestan cohort study.
37783704	Combining Asian and European genome-wide association studies of colorectal cancer improves risk prediction across racial and ethnic populations.
37793743	Egg consumption and risk of coronary artery disease, potential amplification by high genetic susceptibility: a prospective cohort study.
37794016	European and multi-ancestry genome-wide association meta-analysis of atopic dermatitis highlights importance of systemic immune regulation.
37794183	Rare variant associations with plasma protein levels in the UK Biobank.
37796845	Assessing the associations between known genetic variants and substance use in people with HIV in the United States.
37798380	Genome-wide association study of placental weight identifies distinct and shared genetic influences between placental and fetal growth.
37800621	Genetic risk of glaucoma is associated with vascular and retinal nerve fibre wedge defects.
37807951	Sex Differences in the Association of Genome-Wide Systolic Blood Pressure Polygenic Risk Score With Hypertension.
37813642	Influence of Diabetes Family History on the Associations of Combined Genetic and Lifestyle Risks with Diabetes in the Tohoku Medical Megabank Community-Based Cohort Study.
37821706	Mexican Biobank advances population and medical genomics of diverse ancestries.
37822511	Genome-wide association study of hippocampal blood-oxygen-level-dependent-cerebral blood flow correlation in Chinese Han population.
37834292	Apolipoprotein-CIII O-Glycosylation, a Link between GALNT2 and Plasma Lipids.
37838044	Occurrence of pesticide residues in indoor dust of farmworker households across Europe and Argentina.
37841410	Genetic determinants of Vitamin D deficiency in the Middle Eastern Qatari population: a genome-wide association study.
37845283	Recurrent DNMT3B rearrangements are associated with unfavorable outcome in dicentric (9;20)-positive pediatric BCP-ALL.
37845353	Genome-wide association meta-analysis identifies risk loci for abdominal aortic aneurysm and highlights PCSK9 as a therapeutic target.
37846527	Metabolic syndrome, genetic susceptibility, and risk of chronic obstructive pulmonary disease: The UK Biobank Study.
37846649	Development and evaluation of a polygenic risk score for lung cancer in never-smoking women: A large-scale prospective Chinese cohort study.
37855447	Alzheimer's polygenic risk scores are associated with cognitive phenotypes in Down syndrome.
37859345	A cross-ancestry genome-wide meta-analysis, fine-mapping, and gene prioritization approach to characterize the genetic architecture of adiponectin.
37862240	Large-scale meta-genome-wide association study reveals common genetic factors linked to radiation-induced acute toxicities across cancer types.
37865044	Clinical consequences of a genetic predisposition toward higher benign prostate-specific antigen levels.
37890495	Power of inclusion: Enhancing polygenic prediction with admixed individuals.
37893103	Risk Prediction of Chronic Rhinosinusitis with or without Nasal Polyps in Taiwanese Population Using Polygenic Risk Score for Nasal Polyps.
37900992	Risk assessment of venous thromboembolism in inflammatory bowel disease by inherited risk in a population-based incident cohort.
37907536	Genome-wide association analysis of plasma lipidome identifies 495 genetic associations.
37918457	Digestive System Diseases, Genetic Risk, and Incident Dementia: A Prospective Cohort Study.
37919891	Genome-wide association study and fine-mapping on Korean biobank to discover renal trait-associated variants.
37923752	Immunological and clinicopathological features predict HER2-positive breast cancer prognosis in the neoadjuvant NeoALTTO and CALGB 40601 randomized trials.
37929782	Genome-Wide Association Study of Cardiovascular Resilience Identifies Protective Variation in the CETP Gene.
37933522	Risk and resilience in Syrian refugee children: A multisystem analysis.
37940980	The association between telomere length and non-alcoholic fatty liver disease: a prospective study.
37945807	Genome-wide meta-analysis, functional genomics and integrative analyses implicate new risk genes and therapeutic targets for anxiety disorders.
37945903	Characterizing prostate cancer risk through multi-ancestry genome-wide discovery of 187 novel risk variants.
37949852	A large meta-analysis identifies genes associated with anterior uveitis.
37955902	Polygenic Risk Score, Environmental Tobacco Smoke, and Risk of Lung Adenocarcinoma in Never-Smoking Women in Taiwan.
37966923	Polysocial and Polygenic Risk Scores and All-Cause Dementia, Alzheimer's Disease, and Vascular Dementia.
37970759	The interaction and mediation effects between the host genetic factors and Epstein-Barr virus VCA-IgA in the risk of nasopharyngeal carcinoma.
37973980	Joint multi-ancestry and admixed GWAS reveals the complex genetics behind human cranial vault shape.
37984853	Sex-specific genetic architecture of late-life memory performance.
37985413	The first genome-wide association study in the Argentinian and Chilean populations identifies shared genetics with Europeans in Alzheimer's disease.
37989062	Meta-GWAS on PCSK9 concentrations reveals associations of novel loci outside the PCSK9 locus in White populations.
38002962	Genome-Wide Association Study of Beta-Blocker Survival Benefit in Black and White Patients with Heart Failure with Reduced Ejection Fraction.
38007706	Polygenic risk scores associate with blood pressure traits across the lifespan.
38014556	The Genetic Drivers of Juvenile, Young, and Early-Onset Parkinson's Disease in India.
38014910	Polygenic Risk Score Modifies Prostate Cancer Risk of Pathogenic Variants in Men of African Ancestry.
38016806	Interaction of genetic risk and lifestyle on the incidence of atrial fibrillation.
38018286	The value of genetic data from 665,460 individuals in managing iron deficiency anaemia and suitability to donate blood.
38025163	Six-Year Incidence of Visual Impairment in a Multiethnic Asian Population: The Singapore Epidemiology of Eye Diseases Study.
38032963	High polygenic risk score is a risk factor associated with colorectal cancer based on data from the UK Biobank.
38036866	Utilize polygenic risk score to enhance fracture risk estimation and improve the performance of FRAX in patients with osteoporosis.
38038215	Chromosome 10q24.32 Variants Associate With Brain Arterial Diameters in Diverse Populations: A Genome-Wide Association Study.
38049803	A low-inflammatory diet is associated with a lower incidence of diabetes: role of diabetes-related genetic risk.
38052102	Genome-wide association study meta-analysis of dizygotic twinning illuminates genetic regulation of female fecundity.
38057558	Plant-based dietary patterns and genetic susceptibility to obesity in the CARTaGENE cohort.
38060535	Single-nucleotide polymorphisms link gout with health-related lifestyle factors in Korean cohorts.
38062070	Assessing household lifestyle exposures from consumer purchases, the My Purchases cohort.
38064665	Genetic basis of pregnancy-associated decreased platelet counts and gestational thrombocytopenia.
38071311	Smokeless and combustible tobacco use among 148,944 South Asian adults: a cross-sectional study of South Asia Biobank.
38075701	Trans-ancestry polygenic models for the prediction of LDL blood levels: an analysis of the United Kingdom Biobank and Taiwan Biobank.
38094903	Genomic risk scores and oral contraceptive-associated ischemic stroke risk: a call for collaboration.
38097541	Binge-pattern alcohol consumption and genetic risk as determinants of alcohol-related liver disease.
38102185	A genome-wide association, polygenic risk score and sex study on opioid use disorder treatment outcomes.
38102678	Genetic and observational associations of lung function with gastrointestinal tract diseases: pleiotropic and mendelian randomization analysis.
38109351	Reduced Ejection Fraction in Elite Endurance Athletes: Clinical and Genetic Overlap With Dilated Cardiomyopathy.
38116116	Analysis across Taiwan Biobank, Biobank Japan, and UK Biobank identifies hundreds of novel loci for 36 quantitative traits.
38134266	Genetic Susceptibility Modifies Relationships Between Air Pollutants and Stroke Risk: A Large Cohort Study.
38136945	Genome-Wide Association Study of Blood Mercury in European Pregnant Women and Children.
38141771	A Genome-Wide Interaction Study of Erythrocyte ω-3 Polyunsaturated Fatty Acid Species and Memory in the Framingham Heart Study Offspring Cohort.
38141912	Uncommon Protein-Coding Variants Associated With Suicide Attempt in a Diverse Sample of U.S. Army Soldiers.
38153744	The Potential of Genetics in Identifying Women at Lower Risk of Breast Cancer.
38154569	Residential greenness and incident idiopathic pulmonary fibrosis: A prospective study.
38155185	Citrullinated and MMP-degraded vimentin is associated with chronic pulmonary diseases and genetic variants in PADI3/PADI4 and CFH in postmenopausal women.
38172110	A genome-wide association meta-analysis implicates Hedgehog and Notch signaling in Dupuytren's disease.
38172535	Genome-wide polygenic risk scores for colorectal cancer have implications for risk-based screening.
38172606	Associations between screen viewing at 2 and 3.5 years and drawing ability at 3.5 years among children from the French nationwide Elfe birth cohort.
38172904	Proteo-genomics of soluble TREM2 in cerebrospinal fluid provides novel insights and identifies novel modulators for Alzheimer's disease.
38177345	Multi-ancestry genome-wide association study of major depression aids locus discovery, fine mapping, gene prioritization and causal inference.
38181303	Modifiable Lifestyle Factors, Genetic Risk, and Incident Peripheral Artery Disease Among Individuals With Type 2 Diabetes: A Prospective Study.
38182742	Distinct and shared genetic architectures of gestational diabetes mellitus and type 2 diabetes.
38184787	Genome-wide association studies identify novel loci in rapidly progressive Alzheimer's disease.
38190104	Genome-wide study investigating effector genes and polygenic prediction for kidney function in persons with ancestry from Africa and the Americas.
38200428	Polygenic risk score model for renal cell carcinoma in the Korean population and relationship with lifestyle-associated factors.
38218525	Air pollutants, genetic susceptibility, and the risk of incident gastrointestinal diseases: A large prospective cohort study.
38220043	High-Resolution Genotyping of Formalin-Fixed Tissue Accurately Estimates Polygenic Risk Scores in Human Diseases.
38223675	Association between urinary arsenic concentration and genetic polymorphisms in Korean adults.
38224499	Multi-ancestry meta-analysis of host genetic susceptibility to tuberculosis identifies shared genetic architecture.
38224531	Use of a type 1 genetic risk score for classification of diabetes type in young Australian adults: the Fremantle Diabetes Study Phase II.
38225649	Associations between long-term night shift work and incidence of chronic obstructive pulmonary disease: a prospective cohort study of 277,059 UK Biobank participants.
38228779	A genome-wide association study of social trust in 33,882 Danish blood donors.
38238290	Polygenic scores for tobacco use provide insights into systemic health risks in a diverse EHR-linked biobank in Los Angeles.
38239805	Genomic risk prediction of cardiovascular diseases among type 2 diabetes patients in the UK Biobank.
38241289	Air pollutants, genetic susceptibility, and abdominal aortic aneurysm risk: a prospective study.
38242088	A multi-cohort genome-wide association study in African ancestry individuals reveals risk loci for primary open-angle glaucoma.
38261344	A high-resolution PheWAS approach to alcohol-related polygenic risk scores reveals mechanistic influences of alcohol reinforcing value and drinking motives.
38263039	A genome-wide association study of contralateral breast cancer in the Women's Environmental Cancer and Radiation Epidemiology Study.
38277453	Genetic architecture of alcohol consumption identified by a genotype-stratified GWAS and impact on esophageal cancer risk in Japanese people.
38297123	The Born in Guangzhou Cohort Study enables generational genetic discoveries.
38317187	Novel functional insights into ischemic stroke biology provided by the first genome-wide association study of stroke in indigenous Africans.
38320993	Genome-wide association study implicates the role of TBXAS1 in the pathogenesis of depressive symptoms among the Korean population.
38326779	Sex-biased genetic regulation of inflammatory proteins in the Dutch population.
38336841	Genome-wide association study implicates lipid pathway dysfunction in antipsychotic-induced weight gain: multi-ancestry validation.
38351177	Integration of risk factor polygenic risk score with disease polygenic risk score for disease prediction.
38365752	Genome-wide association study and polygenic risk scores of retinal thickness across the cognitive continuum: data from the NORFACE cohort.
38366150	Using clinical and genetic risk factors for risk prediction of 8 cancers in the UK Biobank.
38367033	Metabolomic and genetic architecture of gestational diabetes subtypes.
38374065	Genetic influences on circulating retinol and its relationship to human health.
38374256	Genetic drivers of heterogeneity in type 2 diabetes pathophysiology.
38380516	Multi-Ancestry Polygenic Risk Score for Coronary Heart Disease Based on an Ancestrally Diverse Genome-Wide Association Study and Population-Specific Optimization.
38380866	Whole genome-wide sequence analysis of long-lived families (Long-Life Family Study) identifies MTUS2 gene associated with late-onset Alzheimer's disease.
38381478	An Updated Evaluation of Atrazine-Cancer Incidence Associations among Pesticide Applicators in the Agricultural Health Study Cohort.
38398418	Genetic Susceptibility to Arrhythmia Phenotypes in a Middle Eastern Cohort of 14,259 Whole-Genome Sequenced Individuals.
38408508	Genome-wide association studies and Mendelian randomization analyses provide insights into the causes of early-onset colorectal cancer.
38413574	Nightmares share genetic risk factors with sleep and psychiatric traits.
38418465	Applying a genetic risk score model to enhance prediction of future multiple sclerosis diagnosis at first presentation with optic neuritis.
38422475	Comprehensive Inherited Risk Estimation for Risk-Based Breast Cancer Screening in Women.
38426188	Joint Exposure to Multiple Air Pollutants, Genetic Susceptibility, and Incident Dementia: A Prospective Analysis in the UK Biobank Cohort.
38443389	Genome-wide association analyses of ovarian cancer patients undergoing primary debulking surgery identify candidate genes for residual disease.
38453145	A multi-ancestry genome-wide association study in type 1 diabetes.
38454124	Polygenic risk scores, radiation treatment exposures and subsequent cancer risk in childhood cancer survivors.
38458077	Diabetes status, genetic susceptibility, and incident arrhythmias: A prospective cohort study of 457,151 participants.
38460828	Bone health index in the assessment of bone health: The Generation R Study.
38470993	Polygenic Risk for Type 2 Diabetes in African Americans.
38486201	Polygenic risk score-based phenome-wide association study of head and neck cancer across two large biobanks.
38489667	Genome-Wide Genetic Analysis of Dropout in a Controlled Exercise Intervention in Sedentary Adults With Overweight or Obesity and Cardiometabolic Disease.
38490347	Comprehensive Association Analyses of Extraintestinal Manifestations in Inflammatory Bowel Disease.
38491043	Polygenic risk score-based prediction of breast cancer risk in Taiwanese women with dense breast using a retrospective cohort study.
38491344	Correlates of suicidal behaviors and genetic risk among United States veterans with schizophrenia or bipolar I disorder.
38494474	Integrative genomic analyses identify candidate causal genes for calcific aortic valve stenosis involving tissue-specific regulation.
38506636	Dementias Platform UK: Bringing genetics into life.
38508198	Integrative polygenic risk score improves the prediction accuracy of complex traits and diseases.
38509478	Genome-wide association study of nausea and vomiting during pregnancy in Japan: the TMM BirThree Cohort Study.
38514700	Risk prediction and interaction analysis using polygenic risk score of type 2 diabetes in a Korean population.
38517939	Canadian COVID-19 host genetics cohort replicates known severity associations.
38525495	Assessing the Role of Cortisol in Anxiety, Major Depression, and Neuroticism: A Mendelian Randomization Study Using <i>SERPINA6</i>/<i>SERPINA1</i> Variants.
38528230	Integration of polygenic and gut metagenomic risk prediction for common diseases.
38528394	Association of hospital-treated infectious diseases and infection burden with cardiovascular diseases and life expectancy.
38531883	Polygenic risk score for ulcerative colitis predicts immune checkpoint inhibitor-mediated colitis.
38533953	Polygenic Scores and Preclinical Cardiovascular Disease in Individuals With HIV: Insights From the REPRIEVE Trial.
38548025	Genetic risk, adherence to healthy lifestyle behaviors, and risk of cholelithiasis: A population-based cohort study.
38548946	Exome sequencing and genome-wide association analyses unveils the genetic predisposition in hydroxychloroquine retinopathy.
38550279	Investigating the Association of Polygenic Risk Scores With Thyroid Cancer Susceptibility in a Han Chinese Population.
38555957	Genome-wide association study of early-onset and late-onset postpartum depression: the IGEDEPP prospective study.
38561434	Genetic risk impacts the association of menopausal hormone therapy with colorectal cancer risk.
38586381	Exploring ethnic and racial differences in intraocular pressure and glaucoma: The Canadian Longitudinal Study on aging.
38587023	Motor Complications in Parkinson's Disease: Results from 3343 Patients Followed for up to 12 Years.
38589358	Integration of pathologic characteristics, genetic risk and lifestyle exposure for colorectal cancer survival assessment.
38589402	Social isolation and the risk of Parkinson disease in the UK biobank study.
38608262	Type 1 Diabetes Genetic Risk in 109,954 Veterans With Adult-Onset Diabetes: The Million Veteran Program (MVP).
38622117	An ensemble penalized regression method for multi-ancestry polygenic risk prediction.
38626723	Korea4K: whole genome sequences of 4,157 Koreans with 107 phenotypes derived from extensive health check-ups.
38630618	Genetics of immune response to Epstein-Barr virus: prospects for multiple sclerosis pathogenesis.
38632276	Polygenic scores for cardiovascular risk factors improve estimation of clinical outcomes in CCB treatment compared to pharmacogenetic variants alone.
38632349	Integrative common and rare variant analyses provide insights into the genetic architecture of liver cirrhosis.
38637617	Genome-wide association analyses identify 95 risk loci and provide insights into the neurobiology of post-traumatic stress disorder.
38643935	Rome III Criteria Capture Higher Irritable Bowel Syndrome SNP-Heritability and Highlight a Novel Genetic Link With Cardiovascular Traits.
38652672	Time-to-Event Genome-Wide Association Study for Incident Cardiovascular Disease in People With Type 2 Diabetes.
38652878	Trans-Ancestral Genetic Risk Factors for Treatment-Related Type 2 Diabetes Mellitus in Survivors of Childhood Cancer.
38664626	Germline genetic regulation of the colorectal tumor immune microenvironment.
38665804	Plasma microRNA expression in adolescents and young adults with endometriosis: the importance of hormone use.
38671141	GWAS meta-analysis reveals key risk loci in essential tremor pathogenesis.
38671320	Multi-ancestry genome-wide association study of kidney cancer identifies 63 susceptibility regions.
38671457	Polygenic scores for longitudinal prediction of incident type 2 diabetes in an ancestrally and medically diverse primary care physician network: a patient cohort study.
38672660	Breast Cancer Polygenic Risk Score Validation and Effects of Variable Imputation.
38678821	Ultra-processed food consumption, genetic susceptibility, and the risk of hip/knee osteoarthritis.
38685053	Genome-wide association study and trans-ethnic meta-analysis identify novel susceptibility loci for type 2 diabetes mellitus.
38689001	Genome-wide analysis in over 1 million individuals of European ancestry yields improved polygenic risk scores for blood pressure traits.
38697272	Alcohol is neither a risk factor nor a protective factor for sudden cardiac death and/or fatal ventricular arrhythmia: A population-based study with genetic traits and alcohol consumption in the UK Biobank.
38704641	Generalizability of PGS<sub>313</sub> for breast cancer risk in a Los Angeles biobank.
38704818	Excess Weight, Polygenic Risk Score, and Findings of Colorectal Neoplasms at Screening Colonoscopy.
38714679	A comprehensive genetic map of cytokine responses in Lyme borreliosis.
38714703	Determinants of mosaic chromosomal alteration fitness.
38714721	Genetic polymorphisms associated with adverse pregnancy outcomes in nulliparas.
38714835	Exploring the relationship between admixture and genetic susceptibility to attention deficit hyperactivity disorder in two Latin American cohorts.
38727677	A polygenic risk score for alcohol-associated cirrhosis among heavy drinkers with European ancestry.
38729340	Interindividual variation in ovarian reserve after gonadotoxic treatment in female childhood cancer survivors - a genome-wide association study: results from PanCareLIFE.
38741014	Genome-wide association analyses of breast cancer in women of African ancestry identify new susceptibility loci and improve risk prediction.
38745123	Common variation in a long non-coding RNA gene modulates variation of circulating TGF-β2 levels in metastatic colorectal cancer patients (Alliance).
38749303	Genome-wide interaction study of dietary intake of fibre, fruits, and vegetables with risk of colorectal cancer.
38767907	Association of Novel Loci With Keratoconus Susceptibility in a Chinese Genome-Wide Association Study.
38769351	A genome-wide association study identifies a locus associated with knee extension strength in older Japanese individuals.
38773223	The Gly82Ser polymorphism in the receptor for advanced glycation endproducts increases the risk for coronary events in the general population.
38784964	Genetic associations with psychosis and affective disturbance in Alzheimer's disease.
38809553	Helicobacter pylori Treatment and Gastric Cancer Risk Among Individuals With High Genetic Risk for Gastric Cancer.
38811555	A polygenic score method boosted by non-additive models.
38812969	Genetic association and transferability for urinary albumin-creatinine ratio as a marker of kidney disease in four Sub-Saharan African populations and non-continental individuals of African ancestry.
38815935	A genome-wide meta-analysis of palmoplantar pustulosis implicates TH2 responses and cigarette smoking in disease pathogenesis.
38815977	Circulating anti-Müllerian hormone levels in pre-menopausal women: novel genetic insights from a genome-wide association meta-analysis.
38816834	Variability of polygenic prediction for body mass index in Africa.
38820320	Association between muscle strength and depression in a cohort of young adults.
38820342	Polygenic risk score for acute rejection based on donor-recipient non-HLA genotype mismatch.
38826077	Association between whole-grain consumption, tryptophan metabolism and psychological distress: a secondary analysis of a randomised controlled trial.
38832928	Case-Case Genome-Wide Analyses Identify Subtype-Informative Variants That Confer Risk for Breast Cancer.
38836758	Association of ESR1 Germline Variants with TP53 Somatic Variants in Breast Tumors in a Genome-wide Study.
38839884	Genome-wide meta-analyses of restless legs syndrome yield insights into genetic architecture, disease biology and risk prediction.
38849413	Genome-wide determinants of mortality and motor progression in Parkinson's disease.
38859703	Association of Occupational Dysfunction and Hospital Admissions With Different Polygenic Profiles in Bipolar Disorder.
38862855	Body mass index stratification optimizes polygenic prediction of type 2 diabetes in cross-biobank analyses.
38866767	A unified framework for estimating country-specific cumulative incidence for 18 diseases stratified by polygenic risk.
38869494	Genome-Wide Analysis to Assess if Heavy Alcohol Consumption Modifies the Association between SNPs and Pancreatic Cancer Risk.
38872215	Developing an optimal stratification model for colorectal cancer screening and reducing racial disparities in multi-center population-based studies.
38898991	Unraveling interindividual variation of trimethylamine N-oxide and its precursors at the population level.
38908374	Evaluation of polygenic scoring methods in five biobanks shows larger variation between biobanks than methods and finds benefits of ensemble learning.
38912597	Childhood maltreatment, genetic risk, and subsequent risk of arrhythmias: a prospective cohort study.
38919119	Towards Personalized TSH Reference Ranges: A Genetic and Population-Based Approach in Three Independent Cohorts.
38926497	Genome-wide association study identifies host genetic variants influencing oral microbiota diversity and metabolic health.
38929788	Evaluation of Polygenic Risk Scores for Prediction of Coronary Artery Disease in a Greek Case-Control Study.
38938516	Genome-wide association study and polygenic score assessment of insulin resistance.
38938725	Polygenic Background Modifies Risk of Coronary Artery Disease Among Individuals With Heterozygous Familial Hypercholesterolemia.
38939477	Polygenic Risk, Rare Variants, and Family History: Independent and Additive Effects on Coronary Heart Disease.
38958117	Extended genome-wide association study employing the African genome resources panel identifies novel susceptibility loci for Alzheimer's disease in individuals of African ancestry.
38970920	Polygenic inheritance and its interplay with smoking history in predicting lung cancer diagnosis: a French-Canadian case-control cohort.
38971891	Novel genomic variants related to visceral adiposity index (VAI) and body adiposity index (BAI) in Indian sib-pairs.
38974956	Association of Mosaic Chromosomal Alterations and Genetic Factors with the Risk of Cirrhosis.
38987358	Joint impact of polygenic risk score and lifestyles on early- and late-onset cardiovascular diseases.
38987751	Evidence of gene-nutrient interaction association with waist circumference, cross-sectional analysis.
38991416	The role of sex hormone binding globulin levels in the association of surgical and natural premature menopause with incident type 2 diabetes.
39010980	The association between hypoalbuminemia and risk of death due to cancer and vascular disease in individuals aged 65 years and older: findings from the prospective Moli-sani cohort study.
39024449	Diversity and scale: Genetic architecture of 2068 traits in the VA Million Veteran Program.
39042486	Hemoglobin A1c Genetics and Disparities in Risk of Diabetic Retinopathy in Individuals of Genetically Inferred African American/African British and European Ancestries.
39046104	A genome-wide association meta-analysis of all-cause and vascular dementia.
39053885	Vitamin D and heart failure risk among individuals with type 2 diabetes: observational and Mendelian randomization studies.
39057616	Association of PHACTR1 with Coronary Artery Calcium Differs by Sex and Cigarette Smoking.
39062192	Developing a Polygenic Risk Score with Age and Sex to Identify High-Risk Myopia in Taiwan.
39073889	Single-Ancestry versus Multi-Ancestry Polygenic Risk Scores for CKD in Black American Populations.
39079071	Genetic Associations With an Amyotrophic Lateral Sclerosis Reversal Phenotype.
39103364	Deciphering the genetics and mechanisms of predisposition to multiple myeloma.
39103650	Genetic risk factors for COVID-19 and influenza are largely distinct.
39112778	A meta-analysis of genome-wide studies of resilience in the German population.
39132902	Dopamine Pathway and Parkinson's Risk Variants Are Associated with Levodopa-Induced Dyskinesia.
39132911	The AORTA Gene score for detection and risk stratification of ascending aortic dilation.
39134668	A Genomics England haplotype reference panel and imputation of UK Biobank.
39141363	Exploring the Germline Genetics of In Situ and Invasive Cutaneous Melanoma: A Genome-Wide Association Study Meta-Analysis.
39144724	Effect modification by sex of genetic associations of vitamin C related metabolites in the Canadian Longitudinal study on aging.
39150951	Validity of self-reported sleep duration in the Cancer Prevention Study- 3.
39163621	Meta-analysis of genome-wide association studies of stable warfarin dose in patients of African ancestry.
39174808	Healthy lifestyle practice correlates with decreased obesity prevalence in individuals with high polygenic risk: TMM CommCohort study.
39189922	Genetic variants in canonical Wnt signaling pathway associated with pediatric immune thrombocytopenia.
39192244	Genome-wide association meta-analysis identifies two novel loci associated with dental caries.
39218908	Polygenic risk score portability for common diseases across genetically diverse populations.
39251807	Genome-wide association study meta-analysis of neurofilament light (NfL) levels in blood reveals novel loci related to neurodegeneration.
39258169	Genome-wide association reveals a locus in neuregulin 3 associated with gabapentin efficacy in women with chronic pelvic pain.
39260370	Genetic modifiers of body mass index in individuals with cystic fibrosis.
39264897	Mutational spectrum of breast cancer by shallow whole-genome sequencing of cfDNA and tumor gene panel analysis.
39271666	NOTCH3 p.Arg1231Cys is markedly enriched in South Asians and associated with stroke.
39277617	Evaluating the cost-effectiveness of polygenic risk score-stratified screening for abdominal aortic aneurysm.
39280063	Large-scale exome array summary statistics resources for glycemic traits to aid effector gene prioritization.
39282516	Dataset: A consolidated and harmonised Verbal Autopsy dataset from Health and Demographic Surveillance Sites in South Africa.
39286457	Evidence of survival bias in the association between APOE-Є4 and age at ischemic stroke onset.
39302385	Genetic association study of preterm birth and gestational age in a population-based case-control study in Peru.
39323095	Comparison of methods for building polygenic scores for diverse populations.
39343441	Sex disparities in gallstone disease: insights from the MAUCO prospective population-based cohort study.
39348659	Using a Polygenic Risk Score to Improve the Risk Prediction of Non-Small Cell Lung Cancer in Taiwan.
39349457	Prenatal exposure to undernutrition is associated with a specific lipid profile predicting future brain aging.
39349682	Genome-wide association studies for pelvic organ prolapse in the Japanese population.
39349817	Multivariate genomic analysis of 5 million people elucidates the genetic architecture of shared components of the metabolic syndrome.
39358599	Heterogeneous genetic architectures of prostate cancer susceptibility in sub-Saharan Africa.
39361370	Novel risk loci for COVID-19 hospitalization among admixed American populations.
39364016	GWAS and polygenic risk score of severe COVID-19 in Eastern Europe.
39366959	Multi-ancestry GWAS meta-analyses of lung cancer reveal susceptibility loci and elucidate smoking-independent genetic risk.
39380081	Leveraging large-scale datasets and single cell omics data to develop a polygenic score for cisplatin-induced ototoxicity.
39406924	A genome-wide association analysis reveals new pathogenic pathways in gout.
39424413	Genome-Wide Search for Nonadditive Allele Effects Identifies <i>PSKH2</i> as Involved in the Variability of Factor V Activity.
39428694	Whole-genome sequencing study in Koreans identifies novel loci for Alzheimer's disease.
39462804	Association Between Delay to First Shock and Successful First-Shock Ventricular Fibrillation Termination in Patients With Witnessed Out-of-Hospital Cardiac Arrest.
39483246	Genetic risk score for coronary artery calcification and its predictive ability for coronary artery disease.
39500766	Fecal tryptophan metabolite profiling in newborns in relation to microbiota and antibiotic treatment.
39516835	Exploring multi-omics and clinical characteristics linked to accelerated biological aging in Asian women of reproductive age: insights from the S-PRESTO study.
39528825	Proteogenomic analysis of human cerebrospinal fluid identifies neurologically relevant regulation and implicates causal proteins for Alzheimer's disease.
39528826	Genetic architecture of cerebrospinal fluid and brain metabolite levels and the genetic colocalization of metabolites with human traits.
39537608	Multi-trait association analysis reveals shared genetic loci between Alzheimer's disease and cardiovascular traits.
39548300	Assessing the predictive efficacy of European-based systolic blood pressure polygenic risk scores in diverse Brazilian cohorts.
39549270	Evaluating Performance and Agreement of Coronary Heart Disease Polygenic Risk Scores.
39556808	Genetics of C-Peptide and Age at Diagnosis in Type 1 Diabetes.
39572783	Genome-wide association analysis provides insights into the molecular etiology of dilated cardiomyopathy.
39572784	Genome-wide association study reveals mechanisms underlying dilated cardiomyopathy and myocardial resilience.
39574169	The genetic architecture of hip shape and its role in the development of hip osteoarthritis and fracture.
39603580	Abbreviated Duke Activity Status Index for Risk Stratification in Heart Failure.
39621102	Metabolomics profiling in multi-ancestral individuals with type 2 diabetes in Singapore identified metabolites associated with renal function decline.
39622794	Syndrome-informed phenotyping identifies a polygenic background for achondroplasia-like facial variation in the general population.
39623103	Genome-wide association analyses identify distinct genetic architectures for age-related macular degeneration across ancestries.
39633006	X-chromosome-wide association study for Alzheimer's disease.
39643614	Novel loci and biomedical consequences of iron homoeostasis variation.
39644095	Genome-wide association study reveals shared and distinct genetic architecture of fatty acids and oxylipins in the Hispanic Community Health Study/Study of Latinos.
39679959	A Longitudinal Analysis Comparing the Mental Health of Children By Level of Young Carer Status.
39715278	Systematic assessment of COVID-19 host genetics using whole genome sequencing data.
39746953	Genome-wide characterization of 54 urinary metabolites reveals molecular impact of kidney function.
39753771	Refining breast cancer genetic risk and biology through multi-ancestry fine-mapping analyses of 192 risk regions.
39808632	Maternal occupational exposures during early stages of pregnancy and adverse birth outcomes in the NINFEA birth-cohort.
39862296	rs762855 single nucleotide polymorphism modulates the risk for diffuse-type gastric cancer in females: a genome-wide association study in the Korean population.
39875632	Associations between common genetic variants and income provide insights about the socio-economic health gradient.
39885523	Multi-ancestry genome-wide meta-analysis with 472,819 individuals identifies 32 novel risk loci for psoriasis.
39885687	Trans-ancestry genome-wide association study of childhood body mass index identifies novel loci and age-specific effects.
39886913	Lynch syndrome screening in colorectal and endometrial cancers in Iceland.
39909172	A multi-ancestry genome-wide association study and evaluation of polygenic scores of LDL-C levels.
39930085	Genome-wide association study of prostate-specific antigen levels in 392,522 men identifies new loci and improves prediction across ancestry groups.
39934197	Early life factors and variation in adult kidney function in the Swedish LifeGene cohort.
39948438	Comparative analysis of the Mexico City Prospective Study and the UK Biobank identifies ancestry-specific effects on clonal hematopoiesis.
39966645	Evaluation of polygenic scores for hypertrophic cardiomyopathy in the general population and across clinical settings.
39966646	Large-scale genome-wide association analyses identify novel genetic loci and mechanisms in hypertrophic cardiomyopathy.
39972214	Plasma proteome variation and its genetic determinants in children and adolescents.
39998322	Identification of 16 novel Alzheimer's disease loci using multi-ancestry meta-analyses.
40010489	Comprehensive Profiling of Genetic and Nongenetic Factors that Influence Skin Traits in Asian Women from 4 Countries.
40011692	Endothelial cell-related genetic variants identify LDL cholesterol-sensitive individuals who derive greater benefit from aggressive lipid lowering.
40018598	Understanding the demographic and socioeconomic determinants of morbidity in Eastern Uganda: a retrospective analysis of the Iganga-Mayuge health and demographic surveillance data.
40019942	Polygenic risk scores for pan-cancer risk prediction in the Chinese population: A population-based cohort study based on the China Kadoorie Biobank.
40021644	GWAS meta-analysis of psoriasis identifies new susceptibility alleles impacting disease mechanisms and therapeutic targets.
40021830	Quantitative trait loci mapping of circulating metabolites in cerebrospinal fluid to uncover biological mechanisms involved in brain-related phenotypes.
40025045	FLT1 and other candidate fetal haemoglobin modifying loci in sickle cell disease in African ancestries.
40032831	Identification of plasma proteomic markers underlying polygenic risk of type 2 diabetes and related comorbidities.
40038546	Genome-wide association study meta-analysis provides insights into the etiology of heart failure and its subtypes.
40042063	Sex-stratified genome-wide meta-analysis identifies novel loci for cognitive decline in older adults.
40042447	Polygenic score integrating neurodegenerative and vascular risk informs dementia risk stratification.
40045046	Assessment of polygenic risk score performance in East Asian populations for ten common diseases.
40045203	A genome-wide association study identifies a novel East Asian-specific locus for dementia with Lewy bodies in Japanese subjects.
40050429	Meta-analysis of genome-wide associations and polygenic risk prediction for atrial fibrillation in more than 180,000 cases.
40050615	Genome-wide meta-analysis identifies novel risk loci for uterine fibroids within and across multiple ancestry groups.
40067807	Lung cancer associated autoantibody responses are detectable years before clinical presentation.
40071514	Genome-Wide Scan of Fifth Finger Clinodactyly.
40072435	Polygenic Scores of Cardiometabolic Risk Factors in American Indian Adults.
40094665	Interaction Between Traffic-Related Air Pollution and Parkinson Disease Polygenic Risk Score.
40101186	A Swedish genome-wide haplotype association analysis identifies novel candidate loci associated with endometrial cancer risk.
40111762	Novel modelling approaches to elucidate the genetic architecture of resilience to Alzheimer's disease.
40133288	Leveraging large-scale biobank EHRs to enhance pharmacogenetics of cardiometabolic disease medications.
40136285	Genome-Wide Association Study to Identify Genetic Variants Associated With Diabetic Maculopathy.
40141198	Genetic Polymorphisms in MHC Classes I and II Predict Outcomes in Metastatic Colorectal Cancer.
40164604	Integration of GWAS, QTLs and keratinocyte functional assays reveals molecular mechanisms of atopic dermatitis.
40181193	A large-scale genome-wide study of gene-sleep duration interactions for blood pressure in 811,405 individuals from diverse populations.
40195560	Common-variant and rare-variant genetic architecture of heart failure across the allele-frequency spectrum.
40205036	Translational genomics of osteoarthritis in 1,962,069 individuals.
40205852	HPV-KITE: sequence analysis software for rapid HPV genotype detection.
40216759	Whole genome sequencing analysis of body mass index identifies novel African ancestry-specific risk allele.
40222985	Genome-wide association study of common side effects following COVID-19 booster vaccination in a cohort of corporate employees in Japan.
40229280	Genome-wide association study identifies common variants associated with breast cancer in South African Black women.
40232348	German longevity study reveals novel rare pro-longevity alleles clustering in mTOR signaling pathway.
40249915	Genome-wide association study of somatic GATA1s mutations in newborns with Down syndrome.
40263456	Extensive modulation of the circulating blood proteome by hormonal contraceptive use across two population studies.
40280976	Deciphering distinct genetic risk factors for FTLD-TDP pathological subtypes via whole-genome sequencing.
40335489	Genome-wide analyses of variance in blood cell phenotypes provide new insights into complex trait biology and prediction.
40335706	Genome-wide association meta-analysis of age at onset of walking in over 70,000 infants of European ancestry.
40341939	Genome-wide association study for lung cancer in 6531 African Americans reveals new susceptibility loci.
40360725	Deciphering the influence of socioeconomic status on brain structure: insights from Mendelian randomization.
40397457	Polygenic Prediction of Peripheral Artery Disease and Major Adverse Limb Events.
40399555	Genome-wide association study of long COVID.
40402478	Detection of Cancers Three Years prior to Diagnosis Using Plasma Cell-Free DNA.
40410244	Genome-wide association study identified novel loci and gene-environment interaction for refractive error in children.
40436827	Genome-wide association studies in a large Korean cohort identify quantitative trait loci for 36 traits and illuminate their genetic architectures.
40465716	Diversity and longitudinal records: Genetic architecture of disease associations and polygenic risk in the Taiwanese Han population.
40468860	Genetic risk and polygenic risk score assessment of prediabetes and progression to type 2 diabetes.
40472801	Polygenic scores for obstructive sleep apnoea reveal pathways contributing to cardiovascular disease.
40494901	Genetics of monozygotic twins reveals the impact of environmental sensitivity on psychiatric and neurodevelopmental phenotypes.
40495383	Meta-analysis of uveal melanoma genome-wide association studies identifies novel risk loci and population effect size heterogeneity.
40510537	Exposure to fine particulate matter in adults is associated with immune cell gene expression related to inflammation, the electron transport chain, and cell cycle regulation.
40533518	Transferability of European-derived Alzheimer's disease polygenic risk scores across multiancestry populations.
40537477	Multi-ancestry genome-wide association analyses incorporating SNP-by-psychosocial interactions identify novel loci for serum lipids.
40567118	Comparative Effectiveness of Abatacept Versus Adalimumab in Shared Epitope Positive and Negative Patients With Rheumatoid Arthritis.
40570042	Robust pleiotropy-decomposed polygenic scores identify distinct contributions to elevated coronary artery disease polygenic risk.
40593539	A genome-wide association study in 10,000 individuals links plasma N-glycome to liver disease and anti-inflammatory proteins.
40629691	Polygenic risk scores for prostate cancer: Comparative evaluations in UK and Australian cohorts.
40633141	GWAS meta-analysis identifies five susceptibility loci for endometrial cancer.
40645996	Cross-population GWAS and proteomics improve risk prediction and reveal mechanisms in atrial fibrillation.
40646133	A genome-wide association study identifies an African-specific locus on chromosome 21q22.12 associated with Burkitt lymphoma risk and survival.
40671462	Diagnostics of Autoimmune Hepatitis Enabled by Non-Invasive Clinical Proteomics.
40675087	Evaluating sex-specific prediction models for colorectal cancer risk using a genome-wide polygenic risk score and lifestyle factors in a Japanese population.
40676597	Multi-ancestry genome-wide meta-analysis of 56,241 individuals identifies known and novel cross-population and ancestry-specific associations as novel risk loci for Alzheimer's disease.
40691366	Polygenic prediction of body mass index and obesity through the life course and across ancestries.
40695273	Genetic predisposition for immunoglobulin E production explains atopic risk in children: Tohoku Medical Megabank cohort study.
40696436	Impact of genetic risk and lifestyles on cardiovascular disease-free and total life expectancy: a cohort study.
40709894	Four Pharmacogenomic Variants Strongly Linked to Corticosteroid-Induced Avascular Necrosis in Children with Cancer.
40728933	Whole-genome Sequence Analysis Revealed Novel Subjective Cognitive Decline-associated Genes in 10,763 Chinese.
40759756	Uncovering the multivariate genetic architecture of frailty with genomic structural equation modeling.
40777557	Urinary pesticide biomarkers from adolescence to young adulthood in an agricultural setting in Ecuador: Study of secondary exposure to pesticides among children, adolescents, and adults (ESPINA) 2016 and 2022 examination data.
40778152	Multi-ancestry polygenic risk scores for the prediction of type 2 diabetes and complications in diverse ancestries.
40796553	Modeling the genomic architecture of adiposity and anthropometrics across the lifespan.
40811855	Molecular determinants of thrombosis recurrence risk across venous thromboembolism subtypes.
40814824	Associations between home gardening and obstructive sleep apnoea: role of behavioural factors in the COMmunity-based Behaviour and Attitude Study in Tuvalu (COMBAT).
40829600	Genetic analysis in African ancestry populations reveals genetic contributors to lung cancer susceptibility.
40838581	Association of blood-based neurodegenerative biomarkers with cognitive functioning and dementia in India (LASI-DAD) and the United States (HRS).
40858613	Sex-stratified genome-wide association meta-analysis of major depressive disorder.
40877534	A genome-wide association between foveal thickness and arrhythmia.
40879407	Incidence of dementia among individuals 70 years and older in Norway: A HUNT study.
40883583	Efficient candidate drug target discovery through proteogenomics in a Scottish cohort.
40887045	European-based polygenic risk score and genome-wide association study of B-cell non-Hodgkin lymphoma subtypes in Israeli Jews and Palestinian Arabs.
40914105	Prenatal exposure to per- and polyfluoroalkyl substances: Association with child behavior in the environmental influences on child health outcomes (ECHO) Cohort.
40926231	Extreme MetaboHealth scores in three cohort studies associate with plasma protein markers for inflammation and cholesterol transport.
40956996	Association of Genetic Predisposition to Inflammation With Cancer-Related Cognitive Impairment and Fatigue in Women Who Received Chemotherapy for Nonmetastatic Breast Cancer.
40962958	Genome-wide association meta-analysis of childhood ADHD symptoms and diagnosis identifies new loci and potential effector genes.
40973091	Boosting the Power of Rare Variant Association Studies by Imputation Using Large-scale Sequencing Population.
40993182	Association of genetic scores related to insulin resistance with neurological outcomes in ancestrally diverse cohorts from the Trans-Omics for Precision Medicine (TOPMed) program.
40998812	Genome-wide association study of REM sleep behavior disorder in Parkinson's disease.
40999017	Obstructive sleep apnea mediates genetic risk of Diabetes Mellitus in Hispanic and Latino communities.
41022758	Genetic analyses across cardiovascular traits: leveraging genetic correlations to empower locus discovery and prediction in common cardiovascular diseases.
41033104	Genome-wide association study of susceptibility to acute respiratory distress syndrome.
41034193	Polygenic risk score for type 2 diabetes shows context-dependent effects across populations.
41047337	Association Between Women's Birth Weight and Reproductive Characteristics in Adulthood: The JPHC-NEXT Study.
41075272	Genetic heterogeneity and homogeneity among orofacial cleft subtypes: genome-wide association studies in the cleft collective.
41092961	The Taiwan Precision Medicine Initiative provides a cohort for large-scale studies.
41094136	Population-specific polygenic risk scores for people of Han Chinese ancestry.
41096749	Rare-Variant Genome-Wide Association and Polygenic Score Assessment of Vitamin D Status in a Middle Eastern Population.
41125582	Genome-wide association study of childhood B-cell acute lymphoblastic leukemia reveals novel African ancestry-specific susceptibility loci.
41151026	Plasma proteomic biomarkers underlying polygenic risk of idiopathic pulmonary fibrosis.
41159539	"""I Put a Lot of Emphasis on Work Because I Want to Keep My Job"": A Population-Based Interview Study of Long Covid and Employment Changes in England."
41184235	Genome-wide analysis of heart failure yields insights into disease heterogeneity and enables prognostic prediction in the Japanese population.
41196593	Cord Blood Appetite Hormones and Early-Life Growth and Childhood Adiposity in the ENVIRONAGE Cohort.
41231729	Polygenic prediction of coronary heart disease among 130 000 Mexican adults.
41233554	Genome-wide association analyses identify distinct genetic architectures for early-onset and late-onset depression.
41238958	Genome-wide association study and polygenic risk prediction of hypothyroidism.
41266372	Genome-wide association study of 398,238 women unveils seven loci associated with high-grade serous ovarian cancer.
41298473	Genetics and context for precision health in Greater Boston.
41325371	Genetic determinants of zinc homeostasis and its role in cardiometabolic diseases.
41325697	Genome-wide gene-sleep interaction study identifies novel lipid loci in 732,564 participants.
41350806	A genome-wide association study identifies the GPM6A locus associated with age at onset in ALS.
41361163	HTRA1/lncRNA HTRA1-AS1 dominates in age-related macular degeneration reticular pseudodrusen genetic risk with no complement involvement.
41393571	Association Between the Creatinine-to-Body Weight Ratio and All-Cause Mortality in a Rural Japanese Community.
41402580	Genome and transcriptome-wide association studies identify multiple novel loci for dementia with grain in Japanese.
41406505	A genome- and phenome-wide association study of plasma procalcitonin concentrations in individuals of European ancestry.
41408349	Genetic liability to psoriasis predicts severe disease outcomes.
41419685	Multitrait analyses identify genetic variants associated with aortic valve function and aortic stenosis risk.
41419686	Genomic and transcriptomic analyses of aortic stenosis enhance therapeutic target discovery and disease prediction.
41444967	Adverse childhood experiences and adolescent externalizing and internalizing problems in the ELSPAC-CZ cohort.
41456820	Deciphering tissue-specific protein regulation for insights into cardiometabolic disease.
41469377	The Health for Life in Singapore (HELIOS) Study: delivering precision medicine research for Asian populations.
41495267	Trans-ancestry GWAS of hot flashes reveals potent treatment target and overlap with psychiatric disorders.
41520650	Genetic dissection of serum pro-neurotensin suggests potential causal impact on brain structure.
41526671	Performance of different polygenic risk scores for breast cancer risk prediction: in-depth evaluations across large UK and Australian cohorts.
41544563	Genome-wide interaction analysis of long-term trihalomethane exposure in drinking water and colorectal cancer risk in a Spanish Multicenter Case-Control Study (MCC-Spain).
41550966	Maternal thyroid function in the first half of pregnancy and neurodevelopmental outcomes in early adolescence in the Amsterdam Born Children and their Development (ABCD) cohort.
41554961	Meta-analyses of genome-wide association studies identify novel loci influencing Japanese white matter hyperintensities.
41558814	Genetic dissection of stool frequency implicates vitamin B1 metabolism and other actionable pathways in the modulation of gut motility.
41606232	The association of Alzheimer's disease-related SNPs with mild cognitive impairment susceptibility in the Chinese population.
41606319	Human and bacterial genetic variation shape oral microbiomes and health.
41609390	A Genome-Wide Association Study of Colorectal Cancer Mortality Outcomes Among Individuals of African and Admixture Ancestry.
41629673	Improved polygenic risk prediction models for breast cancer subtypes in women of African ancestry.
41640362	Multiancestry Genome-Wide Association Study Identifies Variants in a Zinc Finger Gene Cluster as Novel Regulators of HIV Control.
41644669	Global multi-ancestry genome-wide analyses identify genes and biological pathways associated with thyroid cancer and benign thyroid diseases.
41645906	Genome and Transcriptome-Wide Analyses Identify Multiple Candidate Genes and a Significant Polygenic Contribution in Bicuspid Aortic Valve.
41659846	<i>CMTM8</i> variants influence BNT162b2 COVID-19 vaccination response by regulating granulocytic/polymorphonuclear myeloid-derived suppressor cell activity.
41661118	Genomic Insights Into Inflammatory Bowel Disease in United States Hispanic Participants: An Ancestry-Focused Study.
41664457	Serum ferritin levels in a sample of older participants in the Greek HYDRIA survey: associations with sociodemographic and lifestyle parameters including dietary iron intake and Mediterranean diet score.
41688637	The HUNT study identifies host genetic factors reproducibly associated with human gut microbiota composition.
41688638	Genome-wide association analyses highlight the role of the intestinal molecular environment in human gut microbiota variation.
41715922	Genome-wide investigation of prosody perception: Shared genetic influences between speech rhythm, musical rhythm, and reading traits.
41724362	Sex specific genomic insights into type 1 diabetes through GWAS and single cell transcriptome analysis.
41724405	Meta-analysis of genome-wide association studies of food allergy and IgE sensitization.
41748071	Polygenic risk scores and HLA class II variants are biomarkers of corticosteroid response in childhood nephrotic syndrome.
41755704	Matching heterogeneous cohorts by projected principal components reveals two novel Alzheimer's disease-associated genes in the Hispanic population.
41762673	Pregnancy-specific Reference Intervals for TSH and FT4: Novel Insights From Preconception-gestation Longitudinal Data.
41775864	Early-life immunological and microbial differences between East African and North European children.
41781022	Prevalence, spatial and temporal distribution of tungiasis in the Kilifi Health and Demographic Surveillance System (KHDSS) in Kenya.
41791023	Genetic Determinants of Multiple Sclerosis Susceptibility in People From Diverse Ancestral Backgrounds.
41795035	Development and validation of a trans-ancestry polygenic risk score for type 1 diabetes.
41800596	Leveraging pleiotropy to improve genetic risk prediction across diseases.
41804841	Genetic architecture of plasma pTau217 and related biomarkers in Alzheimer's disease via genome-wide association studies.
41810385	Genetic risk loci for Parkinson's disease and dementia in a large-scale population-based Taiwanese cohort (TPMI).
41844147	Metabolic polygenic risk scores for prediction of obesity, type 2 diabetes, and related morbidities.
41851747	Optimizing colorectal cancer screening through polygenic risk score-based risk stratification: evidence from a population-based cohort and screening trial.
41857591	Baseline epigenetic clock measures in the Northern Ireland Cohort for the Longitudinal Study of Ageing (NICOLA).
41864285	Genome-wide association study reveals two novel genetic loci associated with chronic lung allograft dysfunction.
41874644	Trajectories of appetitive traits and dietary patterns from childhood to adolescence: findings from the Generation XXI birth cohort.
41888514	An integrated germline and somatic genomic model for coronary artery disease.
41912496	Genetic study identifies novel genes in developmental dysplasia of the hip.
41913744	Polygenic risk score and phenome-wide association study of the Epstein-Barr virus antibody response.
41917433	Large-scale exome analyses reveal new rare variant contributions in amyotrophic lateral sclerosis.
41963194	Genome wide association analysis and association of genetic risk and lifestyle with upper gastrointestinal cancer among an endoscopy-screened cohort in China.
41968088	Genetics versus clinical risk scores for melanoma prediction.
41990546	Clinical usefulness of polygenic risk scores in risk prediction models for lung cancer screening and lung nodule management.
42005644	Measuring Environmental Noise for Babies in Special Care Nurseries and Neonatal Intensive Care Units on a Large Scale: Research Methods.
42006753	Prevalence and profiles of adverse childhood experiences: a French nationwide study using the CONSTANCES cohort.
42009823	Multi-ancestry genome-wide association analyses of refractive error augment genetic discovery and polygenic prediction.
42014397	GWAS meta-analysis of cerebrospinal fluid Alzheimer's biomarkers reveals loci regulating lipids, brain volume and autophagy.
42017882	Body Mass Index, Clinical Outcomes, and Mortality in Heart Failure: A Mendelian Randomization Study.
42020658	Multi ancestry genome wide association meta analysis of urinary aMT6s levels.
42036355	Genetic determinants of childhood blood pressure and heart rate in relation to adult health outcomes: the consortium of childhood blood pressure.
42044183	Designing a children's health exposomics study protocol: The CHILDREN_FIRST multi-country prospective cohort using multi-omics and personalized prevention approaches.
42051041	Maternal Chrono-Nutrition and Placental DNA Methylation: The BiSC Study.
42054495	Low overlap of plasma and CSF protein quantitative trait loci affects protein discovery for neurological disease.
42056605	Multi-ancestry genome-wide association and integrated multi-omics analyses of endometriosis and its clinical manifestations.
42062286	Admixture-informed polygenic risk reporting using the ePRS framework.
42062540	Genetic association and machine learning improve the prediction of type 1 diabetes risk.
42069741	Population-based genome-wide association study of plasma complex lipid species.
42081549	Genetic variants and polygenic risk scores associated with paroxysmal atrial fibrillation in the Japanese population.
42086565	Multi-trait polygenic risk scores improve genomic prediction of atrial fibrillation across diverse ancestries.
42098873	African ancestry and risk variants associated with triple-negative breast cancer susceptibility in African American women.
42127933	Identification of genetic modifiers of autosomal dominant Alzheimer's disease: a genome-wide association study.
42152146	Genome-wide meta-analysis across East Asian and European populations provides insights into the molecular basis of lung cancer.
42152175	Improving Genetic Risk Prediction of CAD in Chinese by Multi-ancestry and Multi-trait GWAS Integration.
42167794	Risk factors for multimorbidity of cardiovascular diseases in the prospective Million Women Study.
42176242	Genetic associations with longevity in a Calabrian cohort: an exploratory genome-wide study.
42221328	Large-scale meta- and cross-trait analyses uncover shared genetic risk factors for IBS and psychiatric disorders.
42225636	Multi-ancestry, trans-generational GWAS meta-analysis of gestational diabetes and glycaemic traits during pregnancy reveals limited evidence of pregnancy-specific genetic effects.
42225914	Inhibitory control mediates the association between perinatal PM2.5 exposure and childhood obesity in children in the PROGRESS cohort, Mexico City.
42229218	Genome-wide association study and polygenic risk score analysis for bipolar disorder in the Korean population.
42230966	Genetics of major depressive disorder in a homogeneous population with uniform phenotyping.
42231601	Liver Injury From Medications Used for Treating Inflammatory Bowel Disease: The Drug-Induced Liver Injury Network Experience.
42237039	Consensus meta-analysis of genome-wide association studies for Alzheimer's disease and related dementias.
42241480	Prognostic Factors for Adulthood Psychosis in Adolescent Psychiatry Services: A Longitudinal Total Birth Cohort Study.
42241732	Genome-wide association study of paediatric bacteraemia and sepsis.
42251497	Social vulnerability shapes deep clinical phenotypes and brain health in aging and dementia across Latin America.
42265311	MIXPRS enables multi-population and multi-method polygenic risk scores using summary statistics.
42320430	Comprehensive genome-wide association study into multiple recurrence and progression risk in non-muscle invasive bladder cancer.
42365137	Ovarian cancer tumor immune profiles associated with intrauterine device and oral contraceptive use.
42373625	Hundreds of cardiac MRI traits derived using 3D diffusion autoencoders share a common genetic architecture.
42378311	Genetic survey of biomarkers at early and mid-pregnancy identifies pregnancy-specialized immune regulation.
42425734	Cross-definition GWAS of IBS in 2.8 million individuals reveals cardiometabolic and triglyceride-linked mechanisms.
42426908	Genome-wide association studies of missing metabolite measures from two population-based studies.
42467699	Epidemiology and determinants of dyslipidemia in Iranian population: Results from the PERSIAN cohort.
42473435	The prospective incidence of treatment-resistant schizophrenia: analysis of the CATIE trial using the TRRIP consensus.
42479672	Using Polygenic Risk Scores to Evaluate Definitions of Self-Reported Sleep Phenotypes Across Cohorts.
42509442	Validation of fracture-derived polygenic scores with FRAX for fracture risk prediction in postmenopausal women.
42521817	The genetic architecture of fibromyalgia across 2.5 million individuals.
42528938	The relationship between resistance exercise and cardiometabolic health: a cross-sectional analysis of the 1970 British cohort study.
42620341	A Whole-Genome Sequence Genome-Wide Association Study in All of Us Identifies a Novel Glaucoma Risk Locus in African Individuals.
42634071	Genome-wide association study of image-based emphysema scoring in the Swedish CArdioPulmonary bioImage Study (SCAPIS) suggests two new risk loci in smokers.
42661068	A multiancestry polygenic risk score for Alzheimer's disease is associated with cognitive decline and neuropathological hallmarks in diverse populations.
42721579	Polygenic predisposition modifies the associations of fish oil supplementation with circulating omega-3 fatty acids: A cross-sectional gene-diet interaction study.
42724639	Visceral adipose tissue and incident cardiovascular disease among individuals without diabetes: an analysis of 15 prospective cohorts from 7 countries in Latin America.
