child,child label,parent,parent label,relation,verdict,quote,URL,note,batch
COHO:0001004,European Prospective Investigation into Cancer and Nutrition–Cardiovascular Disease Study,COHO:0000176,UK Biobank,,rejected,,,"Mere comparison: the paper (PMC7618008) analyses women from the EPIC-CVD random sub-cohort side by side with UK Biobank women; 'sub-cohort' refers to EPIC-CVD's own case-cohort subcohort, not to UK Biobank. EPIC-CVD is nested in EPIC (already linked to COHO:0000065).",s001
COHO:0000431,Genetic Epidemiology Research on Adult Health and Aging,COHO:0000541,Kaiser Permanente Research Bank,,rejected,,,"Name clash: the sentences say GERA is a subsample of / part of the Kaiser Permanente Research Program on Genes, Environment and Health (RPGEH, COHO:0000473), matched here through the synonyms 'Kaiser Permanente'/'KP' of the Kaiser Permanente Research Bank. GERA isSubCohortOf RPGEH is already asserted; nothing in the cached text links GERA to the Research Bank itself.",s001
COHO:0000020,Breast Cancer Association Consortium,COHO:0000731,Collaborative Oncological Gene-environment Study,memberOf,confirmed,"Recently, new risk-associated variants have been identified in a large-scale replication study conducted by the Breast Cancer Association Consortium (BCAC) as part of the Collaborative Oncological Gene-Environment Study (COGS).",https://www.ncbi.nlm.nih.gov/research/bionlp/RESTful/pmcoa.cgi/BioC_xml/PMC4754625/unicode,"Consortium of consortia: BCAC took part in COGS as its breast-cancer consortium, as the COGS definition already says; both are typed cohort aggregation, so COGS hasCohort BCAC. The ng.3562 supplement also says BCAC is 'part of the iCOGS initiative'.",s001
COHO:0000710,Genetics of Overweight Young Adults,COHO:0000748,Danish National Birth Cohort,isSubCohortOf,confirmed,"The Genomics of overweight in Young Adults (GOYA) study is a nested study within the DNBC, and conducted in collaboration with the MRC Integrative Epidemiology Unit at the University of Bristol (MC_UU_12013/1-9).",https://media.springernature.com/original/springer-static/esm/art%3A10.1038%2Fs41588-023-01343-9/MediaObjects/41588_2023_1343_MOESM1_ESM.pdf,"Stated directly; the same document says GOYA participants 'were drawn from the 67,863 women within the DNBC'. Caveat for the curator: the COHO definition of GOYA also includes men from a Danish draft-board cohort, who are not DNBC participants, so strictly only the women's arm is a sub-cohort of the DNBC.",s001
COHO:0000900,NIHR Cambridge BioResource,COHO:0000611,Prostate Cancer Association Group to Investigate Cancer-Associated Alterations in the Genome,,rejected,,,"Name clash: the acknowledgement sentence is about the 'APBC BioResource' (Australian Prostate Cancer BioResource) forming part of PRACTICAL; the synonym 'BioResource' matched the NIHR Cambridge BioResource, which is not mentioned in that sentence.",s001
COHO:0000525,ADDITION-PRO Study,COHO:0000614,Anglo-Danish-Dutch Study of Intensive Treatment in People with Screen Detected Diabetes in Primary Care,,rejected,,,"The cached text (PMC3583712) says 'The ADDITION-PRO study is nested within the Danish arm (ADDITION-DK) of the ADDITION-Europe study', so the direct parent is ADDITION-Denmark (COHO:0000613), already asserted from this very sentence, and ADDITION-Denmark isSubCohortOf ADDITION-Europe is also already asserted. A direct link would be redundant; moreover ADDITION-PRO was drawn from people at diabetes risk found by the screening programme, not from the trial's screen-detected diabetes patients that the ADDITION-Europe term describes.",s001
COHO:0001222,Karolinska Mammography Project for Risk Prediction of Breast Cancer - Case-Control Study,COHO:0000731,Collaborative Oncological Gene-environment Study,memberOf,confirmed,We constructed celiac disease PRS profiles (celiac-PRS) using individual level genotype data for subjects in the pKARMA study genotyped as part of the iCOGS initiative.,https://pmc.ncbi.nlm.nih.gov/articles/PMC5517429/,"The text refers to the iCOGS initiative (the collaboration), not just the array, and PMC4754625 also contrasts 'All studies in iCOGS excluding pKARMA'. pKARMA took part through BCAC (pKARMA memberOf BCAC already asserted; BCAC memberOf COGS is pair 3 of this batch), so the curator may prefer to leave the direct COGS hasCohort pKARMA out as implied.",s001
COHO:0000125,Netherlands Twin Registry,COHO:0000131,Norwegian Mother and Child Cohort study,,rejected,,,"Mere listing: a figure caption naming the cohorts analysed ('the five MoBa subsamples, Lifelines, NSHD, NTR ...'). The Netherlands Twin Registry is not part of MoBa.",s001
COHO:0000108,LifeLines,COHO:0000131,Norwegian Mother and Child Cohort study,,rejected,,,"Mere listing: a figure caption naming the cohorts analysed ('the five MoBa subsamples, Lifelines, NSHD, NTR ...'). Lifelines is a Dutch cohort, not part of MoBa.",s001
COHO:0000882,SEARCH for Diabetes in Youth,COHO:0000705,DIAGEN Study,,rejected,,,"Name clash: 'Diabetes Genetics' (a synonym of DIAGEN) matched inside 'Progress in Diabetes Genetics in Youth (ProDiGY) consortium'. The text says TODAY and SEARCH participants were studied as part of ProDiGY; DIAGEN is not mentioned. (If COHO had a ProDiGY aggregation term, SEARCH would be a member of it.)",s001
COHO:0001026,MRC National Survey of Health and Development,COHO:0000131,Norwegian Mother and Child Cohort study,,rejected,,,"Mere listing: a figure caption naming the cohorts analysed ('the five MoBa subsamples, Lifelines, NSHD, NTR ...'). The 1946 British birth cohort (NSHD) is not part of MoBa.",s001
COHO:0000457,Penn Medicine BioBank,COHO:0001170,Global Biobank Meta-analysis Initiative,memberOf,confirmed,PMBB and CCPM are part of the GBMI that joined the consortium after initial analysis of the data and have been previously described and use same phenotyping and GWAS protocols as other GBMI biobanks.,https://www.ncbi.nlm.nih.gov/research/bionlp/RESTful/pmcoa.cgi/BioC_xml/PMC10897632/unicode,Stated directly: Penn Medicine Biobank joined GBMI (a later-joining member biobank). GBMI is typed cohort aggregation.,s001
COHO:0000482,Colorado Center for Personalized Medicine Biobank,COHO:0001170,Global Biobank Meta-analysis Initiative,memberOf,confirmed,PMBB and CCPM are part of the GBMI that joined the consortium after initial analysis of the data and have been previously described and use same phenotyping and GWAS protocols as other GBMI biobanks.,https://www.ncbi.nlm.nih.gov/research/bionlp/RESTful/pmcoa.cgi/BioC_xml/PMC10897632/unicode,"The GBMI POAG paper (PMC10897632) says CCPM (Colorado Center for Personalized Medicine) is part of GBMI and joined the consortium later. The previous sentence spells out CCPM, so the name matches this term.",s002
COHO:0000416,Amish Complex Disease Research Program,COHO:0000985,Trans-Omics for Precision Medicine Program,memberOf,confirmed,"NHLBI TOPMed: Genetics of Cardiometabolic Health in the Amish (Amish) The TOPMed component of the Amish Research Program was supported by NIH grants R01 HL121007, U01 HL072515, and R01 AG18728.",https://media.springernature.com/original/springer-static/esm/art%3A10.1038%2Fs41467-025-58420-2/MediaObjects/41467_2025_58420_MOESM1_ESM.pdf,"The proposed direction is wrong: TOPMed is not part of the Amish programme. The Amish programme ('Genetics of Cardiometabolic Health in the Amish', a synonym of COHO:0000416) is one of the studies in TOPMed. It appears in the supplement's list of 'NHLBI TOPMed: <study>' acknowledgements, and PMC8665111 names its dbGaP accession 'NHLBI TOPMed: Genetics of Cardiometabolic Health in the Amish' (phs000956). So the Amish programme is a member of TOPMed, which makes this a consortium inside a consortium, since both terms are aggregations. Strictly, only the TOPMed component of the programme takes part.",s002
COHO:0001004,European Prospective Investigation into Cancer and Nutrition–Cardiovascular Disease Study,COHO:0000587,EPIC-InterAct Study,,rejected,,,"EPIC-CVD and EPIC-InterAct are two separate case-cohort studies, both nested in EPIC (COHO:0000065); both terms already link to EPIC. The texts say EPIC-CVD is 'analogous to' InterAct and 'shared the random subcohort with the EPIC-InterAct for eight participating countries'. That means the two studies overlap, not that EPIC-CVD was drawn from InterAct. The existing links to EPIC are correct.",s002
COHO:0000744,Brisbane Longitudinal Twin Study,COHO:0001499,Australian Twin Eye Study,memberOf,confirmed,"BATS The Brisbane Adolescent Twins Study (BATS) is a part of the Australian Twin Eye Study, which was described elsewhere 3 .",https://media.springernature.com/original/springer-static/esm/art%3A10.1038%2Fs42003-020-0802-y/MediaObjects/42003_2020_802_MOESM1_ESM.pdf,"The text states the link directly, and it fits the COHO definition of ATES, which combines the eye-examined twins of TEST and BATS. Caveat from the ATR review (Cambridge, doc 30a19d884e35da8cef023e7863672e65): only 'In total, 463 twin pairs from the BATS were recruited into the ATES', so only BATS's eye-study arm is in ATES, as with consortium members that contribute part of their participants. The same review says 'The ATES (also known as the Twins Eye Study in Tasmania [TEST])'. The curator may want to reconcile that with the placeholder COHO:0002450 (Twins Eye Study in Tasmania).",s002
COHO:0000677,Drug Interaction With Genes in Parkinson's Disease,COHO:0001127,Tracking Parkinson's,,rejected,,,"The sentence only says that participants from DIGPD and a subset of TPD (Tracking Parkinson's) were Sanger sequenced for GBA. It is about the two studies' sequencing, not a sub-cohort link. DIGPD is a French cohort and Tracking Parkinson's is a UK cohort, so they are independent.",s002
COHO:0000403,FinnGen,COHO:0000916,International Glaucoma Genetics Consortium,memberOf,confirmed,"We combined the European-specific IGGC meta-analysis data (GCST90011767), the GLADD meta-analysis (GCST009245), and the GBMI data in which we excluded FinnGen (a subset present in IGGC of European ancestry), BioME from African ancestry (a subset present in GGLAD), and UKBB-Africa (a subset present in GGLAD) cohorts.",https://www.ncbi.nlm.nih.gov/research/bionlp/RESTful/pmcoa.cgi/BioC_xml/PMC10897632/unicode,"This link is weaker than a direct membership statement. The GBMI paper says FinnGen data are part of the IGGC European meta-analysis (GCST90011767), and in its methods it excludes FinnGen as overlapping with IGGC. That makes FinnGen a contributor to an IGGC meta-analysis, not necessarily a member of the consortium, and the source is second-hand: a GBMI paper describing IGGC. The IGGC meta-analysis paper itself (GCST90011767, Gharahkhani et al. 2021) would confirm it, but it is not in the cache as a mention of FinnGen.",s002
COHO:0000452,Corogene Study,COHO:0000071,FINRISK,,rejected,,,"COROGENE is made up of angiography patients from Helsinki University Central Hospital. Only its controls were sampled from FINRISK 1997/2002/2007 participants ('The controls for COROGENE cases were selected from the Helsinki-Vantaa region participants of FINRISK'). COROGENE is therefore not a FINRISK survey cohort, and the reverse does not hold either. The third sentence only says a FINRISK replication sample did not overlap with COROGENE.",s002
COHO:0000203,The Cooperative Health Research in South Tyrol,COHO:0000834,Microisolates in South Tyrol Study,,rejected,,,"CHRIS is a newer and larger study (2011 onward) run in the same area. MICROS (2002/03 and 2007) covered 'three of the municipalities included in the CHRIS study', and 'All former living MICROS participants still resident in the area are now being invited into the CHRIS study' (PMC4635524). CHRIS is not drawn from MICROS. MICROS is not a sub-sample of CHRIS either, because it predates CHRIS; the two only overlap, because CHRIS re-recruits MICROS participants.",s002
COHO:0001312,Dental Strategies Concentrating on Risk Evaluation,COHO:0001440,Center for Oral Health Research in Appalachia cohort 1,,rejected,,,"The sentence is about genotyping chips: Dental SCORE and a subset of COHRA1 were genotyped on the MEGA chip. The 'subset' is part of COHRA1, not Dental SCORE. Dental SCORE is a sub-study of Heart SCORE in Pittsburgh adults that only followed COHRA1's dental protocols; it is not drawn from COHRA1.",s002
COHO:0000456,Nurses' Health Study,COHO:0001300,Cancer Genetic Markers of Susceptibility,memberOf,confirmed,"We initially genotyped 1183 cases of postmenopausal invasive breast cancer and 1185 individually-matched controls from the Nurses’ Health Study (NHS) cohort, using the Illumina HumanHap500 array, as part of the National Cancer Institute CGEMS (Cancer Genetic Markers of Susceptibility) Project.",https://pmc.ncbi.nlm.nih.gov/articles/PMC3493132/,"The CGEMS breast cancer GWAS was a case-control set nested in the NHS ('The CGEMS nested case-control study is derived from 32,826 participants who provided a blood sample'). NHS is therefore one of the studies CGEMS drew on, in line with the CGEMS definition. PMC3298855 says the same: 'NHS (part of the CGEMS)'.",s002
COHO:0000063,Erasmus Rucphen Family Study,COHO:0000081,Genetic Research in Isolated,memberOf,confirmed,ERF - Erasmus Rucphen Family Study The Erasmus Rucphen Family study is comprised of a family-based cohort embedded in the Genetic Research in Isolated Populations (GRIP) program in the southwest of the Netherlands.,https://static-content.springer.com/esm/art%3A10.1038%2Fs41467-022-32821-z/MediaObjects/41467_2022_32821_MOESM1_ESM.pdf,"ERF is embedded in the GRIP programme, and EGAS00001001134 says so too ('ERF is embedded in the Genetic Research in Isolated Population (GRIP) program'). ERF's COHO definition already says 'as part of the Genetic Research in Isolated Populations programme'. Side issue: COHO:0000081's label 'Genetic Research in Isolated' looks truncated (its definition says Genetic Research in Isolated Populations), and its synonym is 'GRIso', not the 'GRIP' the sources use. Worth a label fix and adding GRIP as an acronym.",s002
COHO:0000619,Nurses' Health Study II,COHO:0000527,Health Professionals Follow-up Study,,rejected,,,"The papers only name NHS II and HPFS side by side (both used for replication, genome-wide data taken from both, participants thanked together). NHS II is a cohort of female nurses and HPFS a cohort of male health professionals; neither is part of the other.",s003
COHO:0000901,Consortium of Investigators of Modifiers of BRCA1 and BRCA2,COHO:0000731,Collaborative Oncological Gene-environment Study,memberOf,confirmed,Women diagnosed with EOC and unaffected women from the general population ascertained through the Ovarian Cancer Association Consortium (OCAC)14 and BRCA1 and BRCA2 mutation carriers from the Consortium of Investigators of Modifiers of BRCA1/2 (CIMBA)15 were genotyped as part of the Collaborative Oncological Gene-environment Study (COGS) using the iCOGS custom array.,https://pmc.ncbi.nlm.nih.gov/articles/PMC4445140/,"CIMBA mutation carriers were genotyped as part of COGS. This fits the COGS definition: CIMBA is the BRCA1/2 carrier consortium among the four consortia that COGS brings together. Both terms are typed cohort aggregation, so this is a consortium of consortia.",s003
COHO:0000669,National Institute on Aging Late Onset Alzheimer's Disease Family Study,COHO:0000685,International Genomics of Alzheimer's Project,memberOf,confirmed,"Participants from the NIA-LOAD study were part of the IGAP meta-analysis, although the contribution consisted of a single individual from each family.",https://pmc.ncbi.nlm.nih.gov/articles/PMC5373783/,"The paper says outright that NIA-LOAD was part of IGAP, with one individual from each family ('the IGAP meta-analysis, which included the NIA-LOAD study'). IGAP's direct members are four consortia, and NIA-LOAD most likely came in through ADGC (COHO:0000518), which NIA-LOAD is already a member of. The curator may prefer to keep only the ADGC link and let the IGAP link follow through ADGC.",s003
COHO:0001615,Assessment of Risk for Colorectal Tumors in Canada,COHO:0000610,Genetics and Epidemiology of Colorectal Cancer Consortium,memberOf,confirmed,"GECCO and CCFR Study Descriptions Ontario Familial Colorectal Cancer Registry (OFCCR): In GECCO, a subset of the Assessment of Risk in Colorectal Tumors in Canada (ARCTIC) from the Ontario Registry for Studies of Familial Colorectal Cancer (OFCCR) was used.",https://media.springernature.com/original/springer-static/esm/art%3A10.1038%2Fng.2505/MediaObjects/41588_2013_BFng2505_MOESM12_ESM.pdf,"The link runs the other way: GECCO, a consortium, used a subset of ARCTIC, so ARCTIC is one of GECCO's contributing studies (ARCTIC memberOf GECCO). GECCO is typed cohort aggregation. The same sentence appears in three more GECCO supplements. The study is listed there under the OFCCR heading.",s003
COHO:0000011,Atherosclerosis Risk in Communities Study,COHO:0000688,METASTROKE collaboration,memberOf,confirmed,ARIC analyses performed as part of the METASTROKE project were supported by grant HL-093029 to M Fornage.,https://www.ebi.ac.uk/europepmc/webservices/rest/PMC3490334/fullTextXML,"This is the first METASTROKE paper, which describes the collaboration's constituent cohorts. Table 1 lists ARIC as one of the 15 discovery cohorts, and the funding sentence confirms that ARIC analyses were part of METASTROKE. The table text is too garbled to quote, so the funding sentence is the quote.",s003
COHO:0000118,Monitoring of Trends and Determinants in Cardiovascular Disease,COHO:0000927,Northern Sweden Health and Disease Study,,rejected,,,"Wrong cohort. The 'MONICA' sub-cohort of NSHDS is the expanded Northern Sweden MONICA study (Norrbotten and Västerbotten). COHO:0000118 is the multinational WHO MONICA project across 26 countries, which is not part of NSHDS. The paper says instead that the two regions 'joined the multinational WHO Monitoring of Trends and Determinants of Cardiovascular Disease (MONICA) Study', so Northern Sweden MONICA would be a sub-cohort of NSHDS and a member of WHO MONICA. That needs its own term if the curator wants it, and the NSHDS definition already names it.",s003
COHO:0000169,The Pakistan Risk Of Myocardial Infarction Study,COHO:0000691,Risk Assessment of Cerebrovascular Events Study,,rejected,,,"The RACE dbGaP page says RACE uses PROMIS controls as common controls for its young-onset stroke substudy ('Control participants for this subset of young onset stroke were individuals enrolled in the Pakistan Risk of Myocardial Infarction Study (PROMIS)'). RACE's stroke cases are its own recruits, so neither study is a sub-cohort of the other; they only share controls. The other sentences just list PROMIS and RACE together as replication studies.",s003
COHO:0001453,Two Sister Study,COHO:0000660,Sister Study,isSubCohortOf,confirmed,The Two Sister Study is an offshoot of the Sister Study that focuses on young-onset breast cancer and is based on families.,https://sisterstudy.niehs.nih.gov/English/2sis.htm,"The Sister Study website lists the Two Sister Study under 'Ancillary Studies'. It enrolled women with young-onset breast cancer who had a sister in the Sister Study, together with about 1,700 of those Sister Study sisters and their parents. It is an ancillary study built on Sister Study participants. Its young-onset cases were not themselves enrolled in the Sister Study, so the curator may want to mention that in the note.",s003
COHO:0000119,Multi-Ethnic Study of Atherosclerosis,COHO:0001586,Candidate Gene Association Resource,memberOf,confirmed,"In addition, a genome wide association study using a 1,000K SNP Chip was conducted on approximately 8,900 African American participants drawn from five CARe cohorts: ARIC, CARDIA, CFS, JHS, and MESA.",https://www.ncbi.nlm.nih.gov/projects/gap/cgi-bin/study.cgi?study_id=phs000283.v6.p3,"The 'substudy of MESA' in the dbGaP record is the MESA CARe genotype dataset, which is part of MESA. CARe itself is the NHLBI resource that collects nine cohorts, MESA among them, so the link runs the other way: MESA memberOf CARe. CARe is typed cohort aggregation. The other sentence is only an acknowledgement.",s003
COHO:0000176,UK Biobank,COHO:0000136,Oxford Biobank,,rejected,,,"The paper meta-analyses results from UK Biobank and the Oxford BioBank and compares the two (the UK Biobank imaging participants were about 20 years older). They are separate cohorts, and neither is part of the other.",s003
COHO:0001001,Diabetes Genetics Initiative,COHO:0000703,Botnia Study,,unresolved,,,"A 2025 Nature Medicine supplement (doc 2a1d3415d113f7f02d66e4862bc92050) says 'DGI (nested in the Botnia Study)'. Other cached sources describe DGI as a 'case-control study of Swedish and Finnish individuals' (nature10405 supplement), list its origin as 'Finland, Sweden' (PMC5034897), and thank 'the Botnia and Skara research teams'. So only DGI's Finnish samples appear to come from Botnia, and its Swedish samples (Skara) do not. The original DGI paper (Science 2007) describing how samples were drawn would settle whether all of DGI lies within Botnia; it does not seem to be in the cache.",s003
COHO:0000197,Singapore Diabetic Cohort Study,COHO:0001116,Asian Indian Diabetic Heart Study/Sikh Diabetes Study,,rejected,,,"Wrong cohort. The sentence speaks of 'a Punjabi Sikh diabetic cohort as part of the Asian Indian diabetic heart study (AIDHS)', a generic phrase for the AIDHS diabetic participants. It matched the synonym 'Diabetic Cohort' of the Singapore Diabetic Cohort Study, which is not meant here.",s003
COHO:0000744,Brisbane Longitudinal Twin Study,COHO:0000428,deCODE genetics Icelandic cohort,,rejected,,,"deCODE genetics appears only as the company that genotyped the BATS samples (""contracted to deCODE genetics (Reykjavik, Iceland)""); it is a genotyping provider here, not the Icelandic cohort. BATS participants are Australian twins, not part of deCODE's cohort.",s004
COHO:0000672,Australian Genetics of Depression Study,COHO:0000574,QSkin Sun and Health Study,,rejected,,,"AGDS and QSkin are separate Australian cohorts whose nevus-count GWAS were meta-analysed together; the 'subset' in the sentence is a subset of QSkin I, not AGDS. Nothing says AGDS is drawn from QSkin.",s004
COHO:0000176,UK Biobank,COHO:0000164,The Fenland Study,,rejected,,,The paper uses UK Biobank and a subset (the OMICS subset) of the Fenland Study side by side for GRS analyses; UK Biobank is not part of Fenland. Mention only.,s004
COHO:0000118,Monitoring of Trends and Determinants in Cardiovascular Disease,COHO:0000045,Cooperative Health Research in the Region of Augsburg,,rejected,,,"The text describes a case-cohort study within the MONICA/KORA Augsburg studies: the Augsburg MONICA surveys S1-S3 followed within the KORA framework. COHO:0000118 is the whole 26-country WHO MONICA project, which is not a member of KORA; if anything the Augsburg MONICA centre is shared by both. No link between these two terms as proposed. (A term for MONICA Augsburg, or the MONICA/KORA Augsburg case-cohort study, would be the right child of KORA, and MONICA Augsburg a sub-cohort of MONICA.)",s004
COHO:0000392,Malmö Offspring Study,COHO:0000296,Malmö Diet and Cancer Study,,rejected,,,"The text states MOS participants are children and grandchildren of MDC-Cardiovascular Cohort participants (""includes participants aged >=18 who are children or grandchildren of participants from the Malmö Diet and Cancer Study (MDC)-Cardiovascular Cohort, a subset of the larger MDC""). They are relatives of MDC participants, not MDC participants themselves, so isSubCohortOf (child's participants part of the parent's) does not hold. It is a family/offspring extension; the curator may want a different relation if COHO has one.",s004
COHO:0000637,Utah residents (CEPH) with Northern and Western European ancestry,COHO:0000638,"Yoruba in Ibadan, Nigeria",,rejected,,,CEU and YRI are two separate HapMap population samples (siblings under HapMap); the sentences mention them together as genotyping controls and ancestry components. Neither is part of the other.,s004
COHO:0000176,UK Biobank,COHO:0001004,European Prospective Investigation into Cancer and Nutrition–Cardiovascular Disease Study,,rejected,,,The sentence compares follow-up and event counts in the EPIC-CVD sub-cohort and in UK Biobank; two separate studies analysed side by side. UK Biobank is not part of EPIC-CVD.,s004
COHO:0000125,Netherlands Twin Registry,COHO:0000440,Netherlands Study of Depression and Anxiety,,rejected,,,The text says the combined NTR/NESDA sample 'includes participants of the Netherlands Twin Registry (NTR) and the Netherlands Study of Depression and Anxiety (NESDA)': a pooled analysis sample of two separate cohorts. NTR is not part of NESDA.,s004
COHO:0000792,Religious Orders Study,COHO:0000810,Rush Memory and Aging Project,,rejected,,,"ROS and MAP are two sister cohorts of the Rush Alzheimer's Disease Center, analysed jointly as ROSMAP; the sentences name them together. ROS is not part of MAP (both already memberOf COHO:0000400).",s004
COHO:0000456,Nurses' Health Study,COHO:0000527,Health Professionals Follow-up Study,,rejected,,,"NHS and HPFS are separate Harvard cohorts (women nurses vs male health professionals) mentioned together; the nested case-control sets are nested within each, not one within the other. No link.",s004
COHO:0000773,Colorectal Transdisciplinary Study,COHO:0000752,Elucidating Loci Involved in Prostate Cancer Susceptibility,,rejected,,,"CORECT and ELLIPSE are both listed as GAME-ON consortia (sibling members, already both memberOf COHO:0000774). CORECT is a colorectal cancer consortium, not a member of the prostate cancer consortium ELLIPSE.",s004
COHO:0000527,Health Professionals Follow-up Study,COHO:0000456,Nurses' Health Study,,rejected,,,"The sentences cite a melanoma nested case-control study 'within Nurses' Health Study (NHS) and Health Professionals Follow-up Study (HPFS)' and pooled NHS/HPFS samples; HPFS is a separate cohort of male health professionals, not a sub-cohort of NHS.",s004
COHO:0001588,China Multi-Center Collaborative Study of Cardiovascular Epidemiology 1998,COHO:0001594,Community Intervention of Metabolic Syndrome in China and Chinese Family Health Study,,rejected,,,"China MUCA 1998 and CIMIC are named as two of the three sibling subcohorts of China-PAR (with InterASIA); neither is part of the other. The text supports both as sub-cohorts of China-PAR, not this link.",s005
COHO:0001213,Northern Finland Birth Cohort 1966,COHO:0000420,Cardiovascular Risk in Young Finns Study,,rejected,,,NFBC1966 and the Young Finns Study are two separate Finnish cohorts from which subsets with childhood height were analysed; no containment.,s005
COHO:0000176,UK Biobank,COHO:0000371,Million Veteran Program,,rejected,,,UK Biobank and the Million Veteran Program are independent biobanks analysed or meta-analysed together; neither is part of the other.,s005
COHO:0000530,Ansan and Ansung Study,COHO:0000629,Cardiovascular Disease Association Study,,rejected,,,KARE (Ansan and Ansung) and CAVAS are sibling KoGES cohorts listed together with HEXA; neither is part of the other (both already memberOf KoGES).,s005
COHO:0001003,"Discovery, Biology, and Risk of Inherited Variants in Breast Cancer",COHO:0000752,Elucidating Loci Involved in Prostate Cancer Susceptibility,,rejected,,,"DRIVE (breast cancer) and ELLIPSE (prostate cancer) are sibling GAME-ON consortia; the paper says each is a subset of its own disease's summary-statistic GWAS, not that DRIVE belongs to ELLIPSE.",s005
COHO:0000773,Colorectal Transdisciplinary Study,COHO:0000800,Transdisciplinary Research in Cancer of the Lung,,rejected,,,CORECT and TRICL are listed as sibling GAME-ON projects; CORECT is not a member of TRICL (both already memberOf GAME-ON).,s005
COHO:0000505,WHI Genomics and Randomized Trials Network,COHO:0000603,Women's Health Initiative Memory Study,,rejected,,,WHI-GARNET and WHIMS+ are sibling WHI sub-studies listed together as sources of participants; neither is part of the other (both already isSubCohortOf WHI).,s005
COHO:0000011,Atherosclerosis Risk in Communities Study,COHO:0000385,Framingham Heart Study,,rejected,,,ARIC findings were replicated in Framingham Heart Study participants; two independent cohorts.,s005
COHO:0001329,Follow-up of Ovarian Cancer Genetic Association and Interaction Studies,COHO:0000901,Consortium of Investigators of Modifiers of BRCA1 and BRCA2,,rejected,,,"FOCI-OncoArray, FOCI-Exome Chip and CIMBA are listed as three separate ovarian cancer SNP array datasets; FOCI is not stated to be a member of CIMBA.",s005
COHO:0000637,Utah residents (CEPH) with Northern and Western European ancestry,COHO:0000809,"Japanese in Tokyo, Japan",,rejected,,,"CEU and JPT are separate HapMap population panels, compared or used side by side; neither is part of the other (both already isSubCohortOf HapMap and 1000 Genomes).",s005
COHO:0000284,International HapMap Project,COHO:0000002,1000 Genomes,,rejected,,,The sentence only says control samples were genotyped as part of HapMap and 1000 Genomes; it does not state HapMap is a sub-cohort of 1000 Genomes.,s005
COHO:0000610,Genetics and Epidemiology of Colorectal Cancer Consortium,COHO:0000547,Colon Cancer Family Registry,,rejected,,,"GECCO and CCFR are named as two data sources pooled into one CRC GWAS dataset; the text does not state either is part of the other (and GECCO is an aggregation, so isSubCohortOf would be wrong in any case).",s005
COHO:0000134,Ovarian Cancer Association Consortium,COHO:0000901,Consortium of Investigators of Modifiers of BRCA1 and BRCA2,,rejected,,,"OCAC and CIMBA are named side by side as separate consortia that collaborated in the COGS/iCOGS genotyping initiative (together with BCAC). Neither text says OCAC is part of CIMBA: OCAC collects ovarian cancer case-control studies, while CIMBA collects BRCA1/2 mutation carriers.",s006
COHO:0001038,Vitamin Intervention for Stroke Prevention,COHO:0000505,WHI Genomics and Randomized Trials Network,,rejected,,,"Name clash. The sentences say the VISP GWAS was funded by NHGRI as part of the Genomics and Randomized Trials Network (GARNET), which is the NHGRI funding programme that ran across several trials. COHO:0000505 is the WHI-specific GARNET nested case-control sub-study of the WHI hormone therapy trials. VISP participants are not WHI participants.",s006
COHO:0000800,Transdisciplinary Research in Cancer of the Lung,COHO:0000560,International Lung Cancer Consortium,,rejected,,,"PMC5008248 says only that the TRICL consortium was 'established in 2008 and associated with the International Lung Cancer Consortium (ILCCO)'. The other hit names the two consortia side by side ('within the TRICL and ILCCO consortia'). Neither text says TRICL is a member of ILCCO, and searching the other cached documents that mention TRICL found no sentence that does. The two consortia work together, which COHO's TRICL definition already records.",s006
COHO:0000367,Alzheimer's Disease Neuroimaging Initiative,COHO:0000405,"Australian Imaging, Biomarker & Lifestyle Flagship Study of Ageing",,rejected,,,"A figure legend lists correlation matrices for separate samples: the ADNI sample, an ADNI subsample, and the AIBL validation cohort. ADNI (North America) and AIBL (Australia) are separate cohorts, and neither is drawn from the other.",s006
COHO:0001426,Taizhou Longitudinal Study,COHO:0001384,National Survey of Physical Traits,,rejected,,,PMC10351707 treats TZL and NSPT as two separate East Asian cohorts with separate ethics approvals and separate sample counts. TZL is described as Han Chinese sampled in Taizhou in 2014. NSPT is a separate National Science & Technology Basic Research Project that has its own Taizhou sub-cohorts (2015 and 2019). The paper does not say that either cohort is drawn from the other.,s006
COHO:0000708,German Infant Study on the Influence of Nutrition Intervention plus Air pollution and Genetics on Allergy Development,COHO:0000831,Influence of Life-style factors on Development of the Immune System and Allergies in East and West Germany plus Air Pollution and Genetics on Allergy Development,,rejected,,,GINIplus and LISAplus are two separate German birth cohorts that are analysed side by side (the combined 'GINI/LISA South' study area). The sentences only compare how data were collected and pool exposure analyses across the two. Neither cohort is a sub-cohort of the other.,s006
COHO:0000752,Elucidating Loci Involved in Prostate Cancer Susceptibility,COHO:0000800,Transdisciplinary Research in Cancer of the Lung,,rejected,,,"ELLIPSE and TRICL are sibling projects, both listed as GAME-ON consortia (COHO:0000774, which both terms already link to). ELLIPSE is a prostate cancer consortium and is not a member of TRICL, which is a lung cancer consortium.",s006
COHO:0000022,Cancer and Leukemia Group B,COHO:0000595,SWOG Cancer Research Network,,rejected,,,"CALGB and SWOG are separate cooperative groups that ran joint trials (CALGB/SWOG 80405) or took part in the same trial. The text says CALGB is now part of the Alliance for Clinical Trials in Oncology, not SWOG.",s006
COHO:0000176,UK Biobank,COHO:0000002,1000 Genomes,,rejected,,,"1000 Genomes phase 3 was used as an imputation reference panel for UK Biobank. That makes it a reference panel, not a parent cohort.",s006
COHO:0000762,Singapore Chinese Eye Study,COHO:0000764,Singapore Indian Eye Study,,rejected,,,"SCES and SINDI are sibling ethnic-specific sub-studies of the Singapore Epidemiology of Eye Diseases study (SEED, COHO:0000763), which both terms already link to. Neither is part of the other.",s006
COHO:0000453,Health 2000 GenMets Study,COHO:0000445,Helsinki Birth Cohort Study,,rejected,,,"In the ng.3097 supplementary acknowledgements, 'GenMets subcohort' ends the Health 2000 GenMets entry and 'HBCS (Helsinki Birth Cohort Study)' begins the next cohort's entry. The sweep read the two entries as one sentence. HBCS (births 1934-44 in Helsinki) is not a sub-cohort of GenMets, and GenMets is not a sub-cohort of HBCS. GenMets is already linked to Health 2000.",s006
COHO:0000020,Breast Cancer Association Consortium,COHO:0000134,Ovarian Cancer Association Consortium,,rejected,,,"The controls were selected from those genotyped by BCAC 'or' by OCAC in the iCOGS projects, so the two are named as separate consortia. BCAC is not a member of OCAC.",s006
COHO:0000659,Singapore Chinese Health Study,COHO:0000481,Singapore Prospective Study Program,,rejected,,,"SCHS and SP2 are two separate Singapore Chinese data sets analysed side by side ('two adult Chinese populations'); SCHS is a 1993-1998 cohort, SP2 re-visits earlier cross-sectional surveys. Neither is part of the other.",s007
COHO:0001094,Kathleen Cuningham Foundation Consortium for Research into Familial Breast Cancer,COHO:0000668,Breast Cancer Family Registry,,rejected,,,"The BCFR paper (PMC468645) describes kConFab families as recruited 'in addition to families presented in Table 4' by kConFab, which used the same questionnaires and blood protocol as the BCFR and whose families 'are available to be used in conjunction with' BCFR resources through kConFab. That is a separate resource with harmonised protocols, not part of the BCFR. The other sentence only compares follow-up schedules.",s007
COHO:0000176,UK Biobank,COHO:0000403,FinnGen,,rejected,,,UK Biobank and FinnGen are separate biobanks that are meta-analysed or compared together. Neither is part of the other.,s007
COHO:0000176,UK Biobank,COHO:0000916,International Glaucoma Genetics Consortium,,rejected,,,"All the sentences combine UK Biobank data with 'previously published data from the International Glaucoma Genetic Consortium' (and CLSA, MGB Biobank) as separate sources in an MTAG or meta-analysis. They do not say that UK Biobank is a member of IGGC.",s007
COHO:0000296,Malmö Diet and Cancer Study,COHO:0000392,Malmö Offspring Study,,rejected,,,"MOS enrols the children and grandchildren of participants in the MDC Cardiovascular Cohort (itself 'a subset of the larger MDC'). Its participants are not MDC participants, and MDC is not part of MOS, so neither direction holds. The link MDC-CC isSubCohortOf MDC is stated in doc e75eb9bf..., if COHO has an MDC-CC term.",s007
COHO:0000773,Colorectal Transdisciplinary Study,COHO:0000610,Genetics and Epidemiology of Colorectal Cancer Consortium,,rejected,,,"This is a funding acknowledgement that lists the GAME-ON consortia (CORECT, TRICL-ILCCO, FOCI, ELLIPSE) and GECCO with their grants. CORECT and GECCO are sibling consortia, and CORECT is not stated to be a member of GECCO.",s007
COHO:0000403,FinnGen,COHO:0000176,UK Biobank,,rejected,,,FinnGen and UK Biobank are listed together as separate sources of GWAS summary statistics. Neither is part of the other.,s007
COHO:0001468,University of Manchester Longitudinal Study of Cognition in Normal Healthy Old Age,COHO:0001527,Brains for Dementia Research,,rejected,,,"PMC7029329 compares two distinct brain-donation cohorts: the UoM study (begun 1983, 6,542 recruits) and the Manchester arm of BDR (begun 2009), which have different recruitment and times on study. The UoM study is not part of BDR.",s007
COHO:0000997,Biobanque québécoise de la COVID-19,COHO:0001189,HostSeq initiative,memberOf,confirmed,"For the leave-one-out study subsets we chose the BQC19 and GenOMICC studies to be sequentially excluded, because BQC19 is the largest study within HostSeq and accounts for more than half of the cases in HostSeq, and GenOMICC is the most restricted study in terms of recruitment and predominantly consists of hospitalized cases.",https://www.ncbi.nlm.nih.gov/research/bionlp/RESTful/pmcoa.cgi/BioC_xml/PMC10990181/unicode,The HostSeq paper (PMC10990181) describes HostSeq as consisting 'of several independent studies' and names BQC19 as 'the largest study within HostSeq'. It also names BQC19 and CGEN as 'two studies from HostSeq'. HostSeq is typed cohort aggregation.,s007
COHO:0000916,International Glaucoma Genetics Consortium,COHO:0001263,Genetics of Glaucoma in People of African Descent Consortium,,rejected,,,"The sentence combines the IGGC European meta-analysis, the GGLAD meta-analysis and GBMI as separate data sets. The only 'subset present in' statements say that FinnGen is in IGGC and that BioME and UKBB-Africa are in GGLAD, not that IGGC is in GGLAD.",s007
COHO:0000024,Cancer Prevention Study,COHO:0000485,"Prostate, Lung, Colorectal, and Ovarian Cancer Screening Trial",,rejected,,,"CPS-II and PLCO are listed side by side as separate source studies of cases, or of genotyping batches. Neither is part of the other.",s007
COHO:0000774,Genetic Associations and Mechanisms in Oncology,COHO:0000560,International Lung Cancer Consortium,,rejected,,,"The sentence says the TRICL research team is part of GAME-ON and is associated with ILCCO. It does not make GAME-ON a member of ILCCO, or ILCCO a member of GAME-ON; the link it supports is TRICL memberOf GAME-ON, which COHO already has among GAME-ON's five members.",s008
COHO:0000121,Multiethnic Cohort Study of Diet and Health,COHO:0000485,"Prostate, Lung, Colorectal, and Ovarian Cancer Screening Trial",,rejected,,,"MEC and PLCO are listed side by side as studies contributing to PanScan III, GECCO and an endometrial cancer pooled analysis. They are separate cohorts; neither is drawn from the other.",s008
COHO:0000184,INTERVAL study,COHO:0000123,National Health Service Blood and Transplant,,rejected,,,"The sentence says INTERVAL embedded its research in the operational framework of NHSBT. NHSBT is a special health authority, the institution that ran the donor centres, not a cohort, so there is no sub-cohort link. (The NHSBT term is typed cohort although its definition describes the authority; the curator may want to look at that.)",s008
COHO:0000383,Mass General Brigham Biobank,COHO:0000065,European Prospective Investigation into Cancer,,rejected,,,Name clash: the synonym 'Partners' of the Mass General Brigham Biobank matched 'consortium partners' in a sentence about the InterAct case-cohort nested in EPIC. The paper (PMC4222062) does not mention the MGB/Partners Biobank.,s008
COHO:0000827,Human Early Life Exposome,COHO:0000131,Norwegian Mother and Child Cohort study,,unresolved,,,"HELIX is not a sub-cohort of MoBa alone: PMC6144482 says 'The HELIX study represents a collaborative project across six established and ongoing longitudinal population-based birth cohort studies in Europe' (BiB, EDEN, INMA, KANC, MoBa, RHEA). The HELIX subcohort includes 272 MoBa children, but the rest come from the five other cohorts. The link the text supports runs the other way: MoBa as one of the cohorts HELIX collects (memberOf/hasCohort). HELIX is typed cohort, not cohort aggregation, so the curator has to decide on the type, or on isSubCohortOf links to all six cohorts, before a link can be asserted. The sweep sentence itself only says the child panel study excluded MoBa.",s008
COHO:0000207,1958 British Birth Cohort,COHO:0000347,UK Blood Service Control Group,,rejected,,,The 1958 Birth Cohort and the UK Blood Services donors are named as the two separate sources of WTCCC controls. Neither is drawn from the other; both are already members of WTCCC (COHO:0000182).,s008
COHO:0001300,Cancer Genetic Markers of Susceptibility,COHO:0001218,Pancreatic Cancer Cohort Consortium,,unresolved,,,"The proposed direction (CGEMS a member of PanScan) is wrong. Many cached papers (for example ncomms5613 and PMC4687971) name the data set 'CGEMS pancreatic cancer scan (PanScan)' only as a dbGaP source of controls. At most this suggests the reverse: the PanScan GWAS was run or distributed under CGEMS, which is a relationship between projects, not a cohort being collected. The CGEMS definition covers only prostate and breast cancer. A source describing PanScan as part of the CGEMS initiative would settle it, for example Amundadottir et al. 2009 Nat Genet (PMID 19648918), of which only the abstract record is cached.",s008
COHO:0000603,Women's Health Initiative Memory Study,COHO:0000505,WHI Genomics and Randomized Trials Network,,rejected,,,"The WHIMS+ GWAS sub-study and WHI-GARNET are disjoint siblings. The WHIMS sub-study took 'WHI Memory Study (WHIMS) participants who were not in WHI-GARNET', and every consenting WHIMS participant has GWAS data 'in either this substudy or GARNET'. Both are already isSubCohortOf the WHI hormone trials (COHO:0000409).",s008
COHO:0000134,Ovarian Cancer Association Consortium,COHO:0000731,Collaborative Oncological Gene-environment Study,memberOf,confirmed,"The Illumina™ “iCOGS” custom genotyping chip (28) was designed as a collaborative project, principally involving four international consortia; the Breast Cancer Association Consortium (BCAC) (29) (http://ccge.medschl.cam.ac.uk/consortia/bcac/), the Ovarian Cancer Association Consortium (OCAC) (30)",https://www.ebi.ac.uk/europepmc/webservices/rest/PMC3836481/fullTextXML,"The sweep sentences only say 'OCAC iCOGS project'. PMC3836481 (PMID 23900074) names OCAC as one of the four consortia of COGS/iCOGS, which matches the COGS definition. PMC3693183 also describes OCAC's 43 studies being genotyped on the COGS iCOGS array. Both terms are typed cohort aggregation, so this is an aggregation within an aggregation (hasCohort).",s008
COHO:0000459,Ludwigshafen Risk and Cardiovascular Health Study,COHO:0000477,Stabilization of Atherosclerotic Plaque by Initiation of Darapladib Therapy Trial,,rejected,,,"LURIC is an independent observational replication cohort; the study's initial cohort was a biomarker sub-study of STABILITY. LURIC is not drawn from STABILITY (it enrolled patients in 1997–2002, and STABILITY ran in 2008–2010).",s008
COHO:0000422,China Kadoorie Biobank,COHO:0001250,WeGene cohort,,rejected,,,"CKB and the WeGene cohort are listed as two independent Chinese Han replication cohorts. 'as part of' refers to a CKB subset, not to WeGene.",s008
COHO:0000668,Breast Cancer Family Registry,COHO:0001094,Kathleen Cuningham Foundation Consortium for Research into Familial Breast Cancer,,rejected,,,"BCFR and kConFab are separate family registries whose female participants were pooled into the Prospective Family Study Cohort (ProF-SC), which is drawn from both. The paper says they were designed so that their data could be pooled; neither is part of the other.",s008
COHO:0000125,Netherlands Twin Registry,COHO:0000108,LifeLines,,rejected,,,Lifelines and NTR are listed side by side as separate cohorts in a polygenic score analysis (and as separate C19HG cohorts); nothing says NTR participants are drawn from Lifelines.,s009
COHO:0002604,Finnish HPV vaccination cohort,COHO:0002610,Finnish Maternity Cohort,,rejected,,,"Name clash: 'HPV' in these sentences is human papillomavirus (HPV antibodies measured in a Finnish Maternity Cohort nested case-control study), not the Finnish HPV vaccination cohort.",s009
COHO:0000011,Atherosclerosis Risk in Communities Study,COHO:0000384,Cardiovascular Health Study,,rejected,,,"ARIC and CHS are both parent cohorts that contributed subsets to the Sleep Heart Health Study (PMC3498243: 'Three of the six parent cohorts contributing to SHHS, ARIC, FHS, and CHS'); ARIC is not part of CHS.",s009
COHO:0001581,Connecticut Endometrial Cancer Study,COHO:0000485,"Prostate, Lung, Colorectal, and Ovarian Cancer Screening Trial",,rejected,,,"CECS is listed as a population-based case-control study and PLCO among the prospective cohorts with nested case-control studies, all pooled in one endometrial cancer analysis; CECS is not drawn from PLCO.",s009
COHO:0000467,Genetics of Opioid Addiction Study,COHO:0001028,Pharmacogenetics of Opioid Substitution Treatment Response,,rejected,,,"GENOA (2013-2016) and POST (2018-present) are separate prospective studies run by the same group with similar methods and separately recruited participants ('participants (nGENOA = 1536, nPOST = 3319)'); POST extends GENOA as a programme but neither is a sub-sample of the other.",s009
COHO:0000380,Canadian Longitudinal Study on Aging,COHO:0000916,International Glaucoma Genetics Consortium,,rejected,,,"CLSA, UK Biobank and IGGC are listed as separate data sources in MTAG/GWAS analyses; nothing says CLSA is a member of the International Glaucoma Genetics Consortium.",s009
COHO:0000108,LifeLines,COHO:0000125,Netherlands Twin Registry,,rejected,,,Same sentences as pair COHO:0000125|COHO:0000108: Lifelines and NTR are separate cohorts in one polygenic score analysis; Lifelines is not part of NTR.,s009
COHO:0000176,UK Biobank,COHO:0000457,Penn Medicine BioBank,,rejected,,,UK Biobank and Penn Medicine BioBank are separate biobanks used for PRS validation; no sub-cohort relation.,s009
COHO:0000311,NeoALTTO,COHO:0000227,CALGB 40601,,rejected,,,NeoALTTO and CALGB 40601 are two separate phase III trials used as discovery and validation cohorts; no sub-cohort relation.,s009
COHO:0000176,UK Biobank,COHO:0000064,Estonian Biobank,,rejected,,,UK Biobank subsamples and an Estonian Biobank sample are separate PRS test samples; UK Biobank is not part of the Estonian Biobank.,s009
COHO:0000434,Genetic Epidemiology Network of Arteriopathy,COHO:0001028,Pharmacogenetics of Opioid Substitution Treatment Response,,rejected,,,"Name clash: GENOA in these sentences is the GENetics of Opioid Addiction study (COHO:0000467), not the Genetic Epidemiology Network of Arteriopathy; and in any case the two studies are only pooled side by side.",s009
COHO:0000457,Penn Medicine BioBank,COHO:0000482,Colorado Center for Personalized Medicine Biobank,,rejected,,,"PMBB and CCPM are separate biobanks, both described as part of GBMI and used side by side for replication; neither is part of the other.",s009
COHO:0002645,Harmonized Diagnostic Assessment of Dementia for the Longitudinal Aging Study in India,COHO:0000089,Health and Retirement Study,,rejected,,,"LASI-DAD and HRS are analysed side by side with their own sample weights (a cross-national comparison); LASI-DAD is a sub-sample of LASI, not of the Health and Retirement Study. No link stated.",s010
COHO:0000176,UK Biobank,COHO:0000985,Trans-Omics for Precision Medicine Program,,rejected,,,"UK Biobank is only the source of external PRS weights, and TOPMed is the imputation reference for REPRIEVE / the sequencing programme for GACRS and CAMP. Nothing says UK Biobank is a TOPMed study.",s010
COHO:0000006,Africa Wits-INDEPTH partnership for Genomics studies,COHO:0000176,UK Biobank,,rejected,,,The sentence contrasts a study sample with the Agincourt sub-cohort of AWI-Gen and then introduces UK Biobank participants as a separate dataset. AWI-Gen is not part of UK Biobank.,s010
COHO:0000045,Cooperative Health Research in the Region of Augsburg,COHO:0000118,Monitoring of Trends and Determinants in Cardiovascular Disease,,rejected,,,"The paper describes a case-cohort study within the MONICA/KORA Augsburg studies: the Augsburg MONICA surveys S1-S3 were followed up in the KORA framework. KORA extends the Augsburg MONICA centre; it is not one of the populations collected by the WHO MONICA project, so neither KORA memberOf MONICA nor the reverse is stated. (A MONICA Augsburg term, if COHO had one, would be the member of MONICA.)",s010
COHO:0000503,UCLA ATLAS Community Health Initiative,COHO:0000002,1000 Genomes,,rejected,,,1000 Genomes phase 3 is merged with ATLAS genotypes as an ancestry reference panel; ATLAS is not part of 1000 Genomes.,s010
COHO:0000629,Cardiovascular Disease Association Study,COHO:0000600,Health Examinees Study,,rejected,,,"KARE, CAVAS and HEXA are listed as three sibling KoGES cohorts; CAVAS is not drawn from HEXA. Both are already members of KoGES.",s010
COHO:0001178,German Multicenter Allergy Study,COHO:0001502,Asthma UK Genetics of Severe Asthma,,rejected,,,"MAS (German Multicenter Allergy Study) and AUGOSA are sibling case-only sub-studies of the GABRIEL Consortium (PMC4936310, Table 1: MAS Germany, AUGOSA United Kingdom). MAS is not part of AUGOSA.",s010
COHO:0000071,FINRISK,COHO:0000064,Estonian Biobank,,rejected,,,"A list of Finnish and Estonian cohorts measured on the same platform (EGCUT, FINRISK 1997 subsample, PredictCVD, EGCUT sub-cohort PROTE, etc.); FINRISK is Finnish and has nothing to do with the Estonian Biobank.",s010
COHO:0001367,Lung Oncology Research & Discovery,COHO:0000031,"CARTaGENE cohort (CHU Sainte-Justine, Quebec, Canada)",,rejected,,,"LORD/CARTaGENE is a case-control dataset combining lung cancer cases from LORD (hospital-based, IUCPQ-UL) with ethnically matched population controls from CARTaGENE. LORD is not drawn from CARTaGENE.",s010
COHO:0001177,Gene-Lifestyle Interactions and Complex Traits Involved in Elevated Disease Risk Study,COHO:0002549,Västerbotten Intervention Project,isSubCohortOf,confirmed,The GLACIER study is a nested study within the Northern Sweden Health and Disease Study; phenotyping was conducted as part of the Västerbotten Intervention Project.,https://pmc.ncbi.nlm.nih.gov/articles/PMC3679547/,"GLACIER participants were phenotyped in the Västerbotten Intervention Programme health examinations, i.e. GLACIER is a sub-sample of VIP participants (consistent with GLACIER's own definition in COHO and with both terms being subCohorts of NSHDS). The quote states the nesting in NSHDS explicitly and the VIP link through phenotyping; the same wording is in the Nat Genet supplement (doc f5a45a4d7b92616d585da7acae47c819). A curator may prefer a GLACIER cohort-profile quote saying 'participants of the VIP' if one is cached.",s010
COHO:0000610,Genetics and Epidemiology of Colorectal Cancer Consortium,COHO:0000773,Colorectal Transdisciplinary Study,,rejected,,,"GECCO, CORECT and CCFR are named as three separate colorectal cancer genetic consortia whose studies are pooled; GECCO is not a member of CORECT.",s010
COHO:0000131,Norwegian Mother and Child Cohort study,COHO:0002626,Kaunas cohort,,rejected,,,MoBa and KANC are two sibling HELIX cohorts compared in the subcohort results; MoBa is not part of the Kaunas cohort.,s010
COHO:0000433,Generation Scotland: Scottish Family Health Study,COHO:0000175,UK Adult Twin Register,,rejected,,,"Generation Scotland and TwinsUK are two separate cohorts whose exome data both came from the UK10K project; the text only lists them side by side (cases from each), it does not make one part of the other.",s011
COHO:0000626,Physicians' Health Study,COHO:0001521,Belfast Elderly Longitudinal Free-living Ageing Study,,rejected,,,The Physicians Health Study is only cited as related evidence in a paper on the BELFAST study; two unrelated cohorts (US male physicians vs Belfast octogenarians).,s011
COHO:0000148,Rotterdam Study,COHO:0000063,Erasmus Rucphen Family Study,,rejected,,,"The Rotterdam Study and the Erasmus Rucphen Family Study are listed as independent Dutch cohorts combined for discovery (""4 large, independent population-based cohort studies""); neither is part of the other.",s011
COHO:0001234,Shanxi Upper Gastrointestinal Cancer Genetics Project,COHO:0001214,Linxian General Population Nutrition Intervention Trial,,rejected,,,"GWAS participants were drawn from two separate studies, the Shanxi UGI Cancer Genetics Project (a hospital case-control study in Shanxi) and the Linxian NIT (a prospective cohort in Henan); the text pools them, it does not nest one in the other.",s011
COHO:0000544,Rotterdam Study I,COHO:0002607,Rotterdam Study III,,rejected,,,"RS-I and RS-III are sibling sub-cohorts of the Rotterdam Study (""divided into 3 subcohorts from different enrolment periods, namely RS-I, RS-II and RS-III""); both already have isSubCohortOf COHO:0000148, and neither is part of the other.",s011
COHO:0000420,Cardiovascular Risk in Young Finns Study,COHO:0001213,Northern Finland Birth Cohort 1966,,rejected,,,NFBC1966 and the Young Finns Study are two separate Finnish cohorts analysed in parallel (a subset of individuals from each); no nesting.,s011
COHO:0000541,Kaiser Permanente Research Bank,COHO:0000431,Genetic Epidemiology Research on Adult Health and Aging,,rejected,,,"The sentence says GERA is a component of the Kaiser Permanente Research Program on Genes, Environment, and Health (RPGEH), not of the Kaiser Permanente Research Bank; the match is the shared synonym 'KP'. GERA already has isSubCohortOf COHO:0000473 (RPGEH). The cached texts do not mention the Research Bank at all, so no link either way between KPRB and GERA.",s011
COHO:0000989,African American Breast Cancer Consortium,COHO:0001483,African American Breast Cancer Epidemiology and Risk Consortium,,rejected,,,"AABC and AMBER are separate consortia analysed side by side (""AMBER, ROOT, and AABC consortia""); the sentence only says two studies (WCHS, CBCS) took part in both, with their samples counted under AMBER. Neither consortium is a member of the other.",s011
COHO:0000078,Genetic Epidemiology of Asthma in Costa Rica,COHO:0000998,Childhood Asthma Management Program,,rejected,,,GACRS (Costa Rica families) and CAMP (a US/Canada childhood asthma trial) are separate studies whose WGS was produced by TOPMed and which were analysed together; the text does not make one part of the other.,s011
COHO:0000449,23andMe research cohort,COHO:0000176,UK Biobank,,rejected,,,23andMe and UK Biobank are separate cohorts combined or compared in meta-analyses and risk-score validation; no sentence makes 23andMe part of UK Biobank.,s011
COHO:0000182,Wellcome Trust Case Control Consortium,COHO:0001176,German Myocardial Infarction Family Study,,rejected,,,WTCCC and the German MI Family Study are separate case collections (WTCCC controls and the GerMIFS cases described in adjacent paragraphs; WTCCC data cited as an online resource); the WTCCC is not a member of GerMIFS nor the reverse.,s011
COHO:0000391,Swedish CArdioPulmonary bioImage Study,COHO:0000392,Malmö Offspring Study,,rejected,,,"SCAPIS and MOS are listed side by side as separate discovery studies (with SIMPLER) in a figure legend; nothing says SCAPIS was drawn from MOS. The same paper's supplement says MOS participants who were also in SCAPIS were excluded, which shows the two overlap, not that one is a sub-cohort of the other.",s012
COHO:0001218,Pancreatic Cancer Cohort Consortium,COHO:0001387,Pancreatic Cancer Case-Control Consortium,,rejected,,,PanScan (Pancreatic Cancer Cohort Consortium) and PanC4 are named as two distinct consortia whose GWAS phases were pooled or meta-analysed together ('drawn from the Pancreatic Cancer Cohort Consortium and the Pancreatic Cancer Case-Control Consortium (PanC4)'). Neither is a member of the other.,s012
COHO:0001048,Australian Breast Cancer Family Study,COHO:0001003,"Discovery, Biology, and Risk of Inherited Variants in Breast Cancer",memberOf,confirmed,Members of DRIVE DRIVE acknowledges the following GWASs and investigators that shared genome-wide summary data as part of the breast-cancer GWAS meta-analysis: the Australian Breast Cancer Family Study (ABCFS),https://journals.plos.org/plosmedicine/article?id=10.1371/journal.pmed.1002118,"DRIVE is the consortium (typed cohort aggregation) and ABCFS is one of the GWAS that shared summary data with its meta-analysis, listed under 'Members of DRIVE'. So the link is ABCFS memberOf DRIVE (DRIVE hasCohort ABCFS), not DRIVE isSubCohortOf ABCFS. The same wording appears in PMC5766533 (doc c0f4cc3cdd97c2e85a1eddbb6dd29028).",s012
COHO:0001222,Karolinska Mammography Project for Risk Prediction of Breast Cancer - Case-Control Study,COHO:0001093,Karolinska Mammography Project for Risk Prediction of Breast Cancer,,rejected,,,"pKARMA is a case-control study whose controls come from the KARMA cohort but whose cases come from the LIBRO-1 study ('pKARMA is made up of 5,002 invasive breast cancer cases (from the Linne-Brost 1 (Libro1) study) and 5,433 controls (from the Karolinska Mammography Project for Risk Prediction of Breast Cancer (KARMA60))', PMC5517429). Only its controls are KARMA participants, so it is not a sub-cohort of KARMA as a whole. The curator may want to mention the KARMA control source in the pKARMA definition, as it already does.",s012
COHO:0000392,Malmö Offspring Study,COHO:0000391,Swedish CArdioPulmonary bioImage Study,,rejected,,,"The supplement says 'MOS: Participants who were also part of the SCAPIS cohort were excluded from the MOS data', i.e. some people took part in both, and elsewhere lists SCAPIS, SIMPLER and MOS as separate cohorts with their own recruitment. An overlap is not a sub-cohort relation; MOS was recruited as offspring of MDC-CC participants, not from SCAPIS.",s012
COHO:0000856,ASPirin in Reducing Events in the Elderly,COHO:0000176,UK Biobank,,rejected,,,ASPREE is the discovery trial cohort and a subgroup of UK Biobank participants was selected as a separate replication sample. The 'subgroup ... from the UK Biobank' is not ASPREE; no link between the two terms.,s012
COHO:0000997,Biobanque québécoise de la COVID-19,COHO:0000730,Genetics Of Mortality In Critical Care,,rejected,,,BQC19 and GenOMICC are named as two separate studies within HostSeq (leave-one-out subsets); BQC19 is not part of GenOMICC. Both are already members of COHO:0000238.,s012
COHO:0000113,Marseille Thrombosis Association Study,COHO:0000845,Riesgo de Enfermedad TROmboembólica VEnosa,,rejected,,,"MARTHA and RETROVE are listed as separate venous thrombosis studies in a multi-study analysis; MARTHA is a subsample 'derived from case/control study' of its own, not of RETROVE.",s012
COHO:0000927,Northern Sweden Health and Disease Study,COHO:0000118,Monitoring of Trends and Determinants in Cardiovascular Disease,,rejected,,,"The sentence says the Northern Sweden MONICA project is one of the cohorts within NSHDS. That makes the Northern Sweden MONICA centre (not a COHO term) part of both NSHDS and WHO MONICA; NSHDS as a whole is not a member of MONICA. If anything, a Northern Sweden MONICA term would be a sub-cohort of NSHDS and a member of MONICA.",s012
COHO:0000176,UK Biobank,COHO:0000108,LifeLines,,rejected,,,"UK Biobank and Lifelines are only mentioned together (as separate samples in an analysis, as sources of biobank workflows, as separate cohorts in a meta-analysis). No link.",s012
COHO:0001440,Center for Oral Health Research in Appalachia cohort 1,COHO:0001444,Center for Oral Health Research in Appalachia cohort 2,,rejected,,,COHRA1 and COHRA2 are two distinct cohorts of the Center for Oral Health Research in Appalachia listed side by side (phenotypes 'drawn from the last possible dental exam' in each; genotyped on different chips). Neither is drawn from the other.,s012
COHO:0000626,Physicians' Health Study,COHO:0000527,Health Professionals Follow-up Study,,rejected,,,"PHS and HPFS are listed as two of three separate source studies ('The study participants were part of the Physicians' Health Study (PHS), Health Professionals Follow-up Study (HPFS), and ...'). They are distinct cohorts.",s012
COHO:0000002,1000 Genomes,COHO:0000284,International HapMap Project,,rejected,,,"Both are used only as reference resources: the markers were derived from 1000 Genomes and HapMap phases, and LD scores from 1000 Genomes were subset to HapMap 3 variants. Neither sentence says 1000 Genomes participants are drawn from HapMap.",s013
COHO:0000002,1000 Genomes,COHO:0000422,China Kadoorie Biobank,,rejected,,,1000 Genomes Phase 3 is used as an ancestry and allele-frequency reference panel for CKB genotype QC. It is not part of CKB.,s013
COHO:0000078,Genetic Epidemiology of Asthma in Costa Rica,COHO:0000985,Trans-Omics for Precision Medicine Program,memberOf,confirmed,"WGS data for GACRS and CAMP were generated as part of the National Heart, Lung, and Blood Institute Trans-Omics for Precision Medicine (TOPMed) WGS Program.",https://www.ncbi.nlm.nih.gov/research/bionlp/RESTful/pmcoa.cgi/BioC_xml/PMC8531156/unicode,"GACRS (Genetic Epidemiology of Asthma in Costa Rica Study) is a TOPMed study: its WGS was generated within TOPMed. PMC10124713 (doc 5c1422078197a3cf406ed68370f6a2fc) also names the dbGaP study ""NHLBI TOPMed: Genetic Epidemiology of Asthma in Costa Rica"" (phs000988).",s013
COHO:0000731,Collaborative Oncological Gene-environment Study,COHO:0000284,International HapMap Project,,rejected,,,HapMap 2 and HapMap 3 genotypes are combined with iCOGS data only as ancestry reference populations for outlier detection and principal components. iCOGS is not drawn from HapMap.,s013
COHO:0000567,London Life Sciences Prospective Population Study,COHO:0000169,The Pakistan Risk Of Myocardial Infarction Study,,rejected,,,"LOLIPOP and PROMIS are separate South Asian studies that are both listed as contributors, for example to the C4D consortium and a GWAS lookup. Neither is part of the other.",s013
COHO:0000427,Cleveland Family Study,COHO:0000385,Framingham Heart Study,,rejected,,,"The Cleveland Family Study is listed alongside subsets of ARIC, CHS and FHS that took part in the Sleep Heart Health Study, within the CARe project. CFS is not drawn from Framingham. The FHS subset belongs to the SHHS, not to CFS.",s013
COHO:0000064,Estonian Biobank,COHO:0000176,UK Biobank,,rejected,,,"The Estonian Biobank and UK Biobank are independent biobanks, used together as replication or heritability samples. Neither is part of the other.",s013
COHO:0000595,SWOG Cancer Research Network,COHO:0000022,Cancer and Leukemia Group B,,rejected,,,"SWOG and CALGB are separate cooperative groups that ran joint trials (CALGB 40502, CALGB/SWOG 80405). The text says that CALGB and NCCTG are now part of the Alliance, not that SWOG belongs to CALGB.",s013
COHO:0000459,Ludwigshafen Risk and Cardiovascular Health Study,COHO:0000113,Marseille Thrombosis Association Study,,rejected,,,LURIC and a MARTHA subsample are two of the four independent study populations from the CHARGE Consortium used in one analysis. LURIC is not drawn from MARTHA.,s013
COHO:0000459,Ludwigshafen Risk and Cardiovascular Health Study,COHO:0000845,Riesgo de Enfermedad TROmboembólica VEnosa,,rejected,,,"LURIC and RETROVE are two of the four independent study populations, all part of CHARGE, used in one analysis. LURIC is not drawn from RETROVE.",s013
COHO:0000392,Malmö Offspring Study,COHO:0000758,Malmö Diet and Cancer Study–Cardiovascular Cohort,,rejected,,,"The Malmö Offspring Study recruits the adult children and grandchildren of MDC-CC participants. It is not a sub-sample of the MDC-CC's own participants. The text says: 'The study participants of MOS consists of invited adult children and grandchildren to participants in the Malmö Diet and Cancer Study—Cardiovascular Cohort (MDCS-CC, n = 6103)' (doc 3f606ad80ba6d8de86b3205d1fe69d7d). MDC-CC is MOS's index generation (G1). This family relation is already stated in the MOS definition and does not fit isSubCohortOf.",s013
COHO:0000150,Sahlgrenska Academy Study on Ischemic Stroke,COHO:0000296,Malmö Diet and Cancer Study,,rejected,,,SAHLSIS (Gothenburg stroke case-control) and MDC (a Malmö prospective cohort) are separate sources pooled in one analysis. SAHLSIS is not drawn from MDC.,s013
COHO:0000184,INTERVAL study,COHO:0000066,European Prospective Investigation of Cancer-Norfolk,,rejected,,,"The 'nested within' cue belongs to EPIC-Norfolk within EPIC (see the next pair), not INTERVAL. The paper (PMC9671801) uses INTERVAL and EPIC-Norfolk as two separate UK cohorts in a metabolomics GWAS. INTERVAL is nested within a trial of blood donors, not within EPIC-Norfolk.",s014
COHO:0000066,European Prospective Investigation of Cancer-Norfolk,COHO:0000065,European Prospective Investigation into Cancer,isSubCohortOf,confirmed,"EPIC-Norfolk , one of the UK arms of EPIC, recruited and examined 25,639 participants aged 40-79 years between 1993 and 1997 for the baseline examination9 .",https://media.springernature.com/original/springer-static/esm/art%3A10.1038%2Fs42003-020-0802-y/MediaObjects/42003_2020_802_MOESM1_ESM.pdf,"In the same document, the sentence just before this one defines EPIC as 'The European Prospective Investigation into Cancer (EPIC) study is a pan-European prospective cohort study'. EPIC-Norfolk is the Norfolk arm of EPIC. PMC9671801 (doc 594a93f602bd09a674f5a9d3078c9e94) supports the same link: 'The EPIC-Norfolk study ... is a population-based prospective cohort study, nested within the European Prospective Investigation of Cancer (EPIC) study'.",s014
COHO:0000176,UK Biobank,COHO:0000527,Health Professionals Follow-up Study,,rejected,,,The sentences only name the two cohorts together in acknowledgements and among data sources (PMC10173489). UK Biobank is not part of HPFS.,s014
COHO:0000121,Multiethnic Cohort Study of Diet and Health,COHO:0000456,Nurses' Health Study,,rejected,,,"MEC and NHS are only listed side by side as separate contributing studies of consortia (PanScan III, GECCO and a pooled breast cancer analysis). Neither cohort is part of the other.",s014
COHO:0000346,British Heart Foundation Family Heart Study,COHO:0000182,Wellcome Trust Case Control Consortium,,rejected,,,"BHF-FHS as a whole is not a member of the WTCCC. The text says the WTCCC coronary artery disease cases were collected in the BHF Family Heart Study and genotyped 'as part of the WTCCC'. COHO already has that case collection as the WTCCC member COHO:0000358 (WTCCC case-control study for Coronary Artery Disease). A new pair is supported instead: COHO:0000358 isSubCohortOf COHO:0000346. The quote is 'CAD-WTCCC (WTCCC Coronary Artery Disease cases) - Collection of the CAD-WTCCC cases (BHF Family Heart Study) was funded by the British Heart Foundation and the Medical Research Council and genotyping by the Wellcome Trust as part of the WTCCC.' It comes from doc e8d9a85023bfe3e49a00a4c9cabb78b7, https://media.springernature.com/original/springer-static/esm/art%3A10.1038%2Fng.686/MediaObjects/41588_2010_BFng686_MOESM13_ESM.pdf. Strictly, this makes the WTCCC CAD cases (not their controls) a sub-sample of BHF-FHS.",s014
COHO:0000367,Alzheimer's Disease Neuroimaging Initiative,COHO:0001145,Berkeley Aging Cohort Study,,rejected,,,ADNI and BACS are listed as separate cohorts pooled in a harmonisation analysis (PMC10369372). ADNI is not part of the Berkeley Aging Cohort Study.,s014
COHO:0000581,European Medical Information Framework for Alzheimer's Disease Multimodal Biomarker Discovery study,COHO:0001468,University of Manchester Longitudinal Study of Cognition in Normal Healthy Old Age,,rejected,,,"The paper (PMC6091034) describes the EMIF-AD PreclinAD study. PreclinAD is a prospective EMIF-AD sub-study that recruited 81 cognitively normal participants from ACPRC in Manchester and monozygotic twins from the Netherlands Twin Register. It is not the retrospective EMIF-AD Multimodal Biomarker Discovery dataset that COHO:0000581 defines. The text does not say that ACPRC is one of the MBD's 11 cohorts, so there is no support for either direction or for memberOf. COHO has no PreclinAD term. If one were minted, it would be isSubCohortOf both ACPRC and NTR, citing 'Within this study, cognitively normal elderly individuals are recruited from the Manchester and Newcastle Age and Cognitive Performance Research Cohort (ACPRC) in Manchester [26] and the Netherlands Twin Register (NTR) in Amsterdam [27].' from the same doc.",s014
COHO:0000136,Oxford Biobank,COHO:0000312,NIHR BioResource,isSubCohortOf,confirmed,The Oxford Biobank is supported by the Oxford Biomedical Research Centre and part of the National NIHR Bioresource.,https://www.ebi.ac.uk/europepmc/webservices/rest/PMC4307976/fullTextXML,"The statement is in the acknowledgements, but it is explicit: the Oxford Biobank is part of the NIHR BioResource, so its volunteers are BioResource participants. NIHR BioResource (COHO:0000312) is typed cohort. The BioResource gathers several recallable panels, so the curator may prefer to retype it as an aggregation and assert memberOf. This text does not by itself show that.",s014
COHO:0000457,Penn Medicine BioBank,COHO:0000423,All of Us Research Program,,rejected,,,"PMBB and All of Us are two of three separate biobanks used for replication (PMC10897632). The sentence says PMBB and CCPM are part of the GBMI, not of All of Us. PMBB already has a memberOf link to COHO:0000238.",s014
COHO:0000482,Colorado Center for Personalized Medicine Biobank,COHO:0000423,All of Us Research Program,,rejected,,,"CCPM and All of Us are separate replication biobanks (PMC10897632). The sentence says CCPM is part of the GBMI ('PMBB and CCPM are part of the GBMI that joined the consortium after initial analysis'), not of All of Us. A CCPM memberOf GBMI link may be worth checking separately.",s014
COHO:0000121,Multiethnic Cohort Study of Diet and Health,COHO:0000735,San Francisco Bay Area Breast Cancer Study,,rejected,,,MEC and SFBCS are both listed as separate contributing studies of AABC (PMC5445618). Neither is part of the other.,s014
COHO:0000121,Multiethnic Cohort Study of Diet and Health,COHO:0000667,Northern California Breast Cancer Family Registry,,rejected,,,MEC and the Northern California site of the Breast Cancer Family Registry are both listed as separate contributing studies of AABC (PMC5445618). Neither is part of the other.,s014
COHO:0000377,BioBank Japan,COHO:0001275,Asian Genetic Epidemiology Network,,rejected,,,"No source puts BioBank Japan inside AGEN. In PMC3636649 BioBank Japan and RIKEN are listed as a replication set separate from the 18,817 AGEN individuals. In PMC4274808 the discovery stage 1 is the 13 AGEN GWA studies, and BBJ is in the de novo replication stage 2, described as 'independent East Asian populations'. The overall row of the table is labelled AGEN-FPG, but that names the analysis, not BBJ's membership.",s015
COHO:0000427,Cleveland Family Study,COHO:0000011,Atherosclerosis Risk in Communities Study,,rejected,,,"The sentence lists the Cleveland Family Study alongside subsets of ARIC, CHS and FHS that took part in the Sleep Heart Health Study. CFS is a separate family study and is not drawn from ARIC.",s015
COHO:0000176,UK Biobank,COHO:0001025,Genomic Health Initiative,,rejected,,,UK Biobank and the NorthShore Genomic Health Initiative are two independent sources of study subjects in PMC12149594. Neither is part of the other.,s015
COHO:0000065,European Prospective Investigation into Cancer,COHO:0000421,Study of Colorectal Cancer in Scotland,,rejected,,,EPIC and a set of SOCCS controls are two independent replication data sets in PMC5772647. EPIC is not part of SOCCS.,s015
COHO:0000390,Swedish Infrastructure for Medical Population-Based Life-Course and Environmental Research,COHO:0000391,Swedish CArdioPulmonary bioImage Study,,rejected,,,"The supplementary sentence says that MOS participants who were also in SCAPIS were excluded from the MOS data. It says nothing about SIMPLER being part of SCAPIS, and SIMPLER is built on the Cohort of Swedish Men and the Swedish Mammography Cohort.",s015
COHO:0000487,Leipzig Research Center for Civilization Diseases-Heart Study,COHO:0001366,Leipzig Childhood Obesity cohort,,rejected,,,"Name clash. The 'Leipzig' in the sentences is LIFE, the Leipzig Research Center for Civilization Diseases at Universität Leipzig (an institution or research programme), not the Leipzig Childhood Obesity cohort. LIFE-Heart is an adult cardiology cohort.",s015
COHO:0001060,BiDirect Study,COHO:0000858,Austrian Stroke Prevention Family Study,,rejected,,,The sentence is only a consent statement covering both cohorts. BiDirect (Münster) and ASPS-Fam (Graz) are unrelated studies.,s015
COHO:0000296,Malmö Diet and Cancer Study,COHO:0002549,Västerbotten Intervention Project,,rejected,,,The Malmö Diet and Cancer cohort and the Västerbotten Intervention Project nested case-control set are two separate cohorts analysed side by side in the prostate cancer PRS paper. Neither is part of the other.,s015
COHO:0000121,Multiethnic Cohort Study of Diet and Health,COHO:0002563,Wake Forest University Breast Cancer Study,,rejected,,,"The Multiethnic Cohort and the Wake Forest Breast Cancer Study are both listed as contributing studies of the AABC consortium. They are siblings, and neither is part of the other.",s015
COHO:0001179,Genetic Modifier Study,COHO:0001301,Canadian Cystic Fibrosis Gene Modifier Study,,rejected,,,"The US Genetic Modifier Study and the Canadian Gene Modifier Study are separate cystic fibrosis modifier studies that were analysed together (GMS, CGS and TSS as separate subsets). Neither is part of the other.",s015
COHO:0000024,Cancer Prevention Study,COHO:0000486,Korean Cancer Prevention Study-II Biobank,,rejected,,,"Name clash. The sentences are about the Korean Cancer Prevention Study-II Biobank alone. 'Cancer Prevention Study' matched as a substring of its name, and the American Cancer Society's Cancer Prevention Study is not mentioned.",s015
COHO:0000176,UK Biobank,COHO:0000345,Uganda General Population Cohort,,rejected,,,UK Biobank and the Uganda General Population Cohort (GPC-UGR) are listed side by side as independent validation populations for a polygenic score; neither is part of the other.,s016
COHO:0000417,BioVU,COHO:0000442,Michigan Genomics Initiative,,rejected,,,"The paper studies two separate hospital cohorts, a Vanderbilt cohort and a Michigan cohort linked to the Michigan Genomics Initiative; BioVU is not drawn from MGI.",s016
COHO:0001527,Brains for Dementia Research,COHO:0001468,University of Manchester Longitudinal Study of Cognition in Normal Healthy Old Age,,rejected,,,Brains for Dementia Research and the University of Manchester longitudinal study are two distinct cohorts compared in a demographics table; no part-of relation is stated.,s016
COHO:0000475,Danish Blood Donor Study,COHO:0000176,UK Biobank,,rejected,,,"DBDS (with CHB-CID) and UK Biobank primary-care data are separate datasets meta-analysed together for TSH and fT4 GWAS; 'the subset' refers to a UK Biobank subset, not DBDS.",s016
COHO:0000185,CONVERGE,COHO:0000383,Mass General Brigham Biobank,,rejected,,,Name clash: the sweep matched the Mass General Brigham Biobank synonym 'Partners' in 'support of all partners in hospitals across China' in the CONVERGE acknowledgements; the Partners/MGB biobank is not meant.,s016
COHO:0000581,European Medical Information Framework for Alzheimer's Disease Multimodal Biomarker Discovery study,COHO:0000551,European Alzheimer & Dementia Biobank,,rejected,,,"The sentence says the 366 EMIF-AD MBD individuals with CSF proteomics are a 'subset of Amsterdam Dementia Cohort within EADB': it is the Amsterdam Dementia Cohort that is within EADB, not the EMIF-AD MBD study (itself drawn from 11 European cohorts). Nothing states that EMIF-AD MBD is a member of EADB.",s016
COHO:0000731,Collaborative Oncological Gene-environment Study,COHO:0000901,Consortium of Investigators of Modifiers of BRCA1 and BRCA2,,rejected,,,"The sentences are author contributions ('QC and Genotyping coordinating group of iCOGS (BCAC and CIMBA)') and a sample table where iCOGS is a genotyping array; iCOGS/COGS is not a member of CIMBA. The reverse (CIMBA as one of the four consortia collected by COGS, as the COHO COGS definition says) is plausible, but no cached sentence in these documents states it; a source such as the COGS project description would be needed to assert CIMBA memberOf COGS.",s016
COHO:0000527,Health Professionals Follow-up Study,COHO:0000371,Million Veteran Program,,rejected,,,HPFS (with UKB and NHS) formed the discovery meta-analysis and MVP was an independent replication sample; the acknowledgement merely lists them together.,s016
COHO:0000558,Genetic Investigation of ANthropometric Traits consortium,COHO:0000176,UK Biobank,,rejected,,,GIANT consortium GWAS were meta-analysed with new UK Biobank GWAS; GIANT is not a sub-cohort of UK Biobank (and UK Biobank is not stated to be a GIANT member in these sentences).,s016
COHO:0000422,China Kadoorie Biobank,COHO:0000002,1000 Genomes,,rejected,,,1000 Genomes Phase 3 EAS is used only as an allele-frequency and recombination reference for China Kadoorie Biobank data; no part-of relation.,s016
COHO:0001581,Connecticut Endometrial Cancer Study,COHO:0000121,Multiethnic Cohort Study of Diet and Health,,rejected,,,CECS is listed as one of five population-based case-control studies and MEC as one of four prospective cohorts with nested case-control studies in the same endometrial cancer pooled analysis; CECS is not drawn from MEC.,s016
COHO:0001581,Connecticut Endometrial Cancer Study,COHO:0000456,Nurses' Health Study,,rejected,,,"The sentence lists CECS among five population-based case-control studies and NHS among four case-control studies nested within prospective cohorts in the same pooled analysis (E2C2). CECS is a separate Connecticut case-control study, not drawn from the Nurses' Health Study.",s017
COHO:0000148,Rotterdam Study,COHO:0000175,UK Adult Twin Register,,rejected,,,Rotterdam Study and TwinsUK are only listed side by side as separate replication/analysis cohorts; neither is part of the other.,s017
COHO:0000656,Manchester Asthma and Allergy Study,COHO:0000016,Avon Longitudinal Study of Parents and Children,,rejected,,,"MAAS and ALSPAC are two separate UK birth cohorts compared in the same paper; 'part of the meta-analysis by Ferreira et al' refers to ALSPAC, not a MAAS-ALSPAC link.",s017
COHO:0001210,Carolina Breast Cancer Study,COHO:0001297,Chicago Cancer Prone Study,,rejected,,,"The sentences are an abbreviation list in a table footnote naming several separate breast cancer studies (CBCS, CCPS, BWHS, ...); no link between them.",s017
COHO:0000480,National Alzheimer's Coordinating Center,COHO:0000838,NPDPSC pathology-confirmed rpAD,,rejected,,,"NACC and the NPDPSC pathology-confirmed rpAD set are separate case sources analysed in the same paper (NACC clinical rpAD/tAD; NPDPSC autopsy brains); the NPDPSC samples are from the prion surveillance center, not NACC, and NACC is not drawn from NPDPSC.",s017
COHO:0001433,Warfarin Anticoagulation in Patients in sub-Saharan Africa,COHO:0001361,International Warfarin Pharmacogenetics Consortium,,rejected,,,"War-PATH cohorts (Uganda, South Africa, Zimbabwe) and the IWPC African American cohort (recruited in the USA by IWPC members) are separate cohorts combined in the analysis; War-PATH is not part of IWPC.",s017
COHO:0000182,Wellcome Trust Case Control Consortium,COHO:0000489,Center for Applied Genomics Biobank,,rejected,,,"The UK controls were genotyped as part of WTCCC, and a separate US JIA cohort came from CHOP/CAG; the two are distinct sources, and WTCCC is not part of the CHOP biobank.",s017
COHO:0000176,UK Biobank,COHO:0000695,SpiroMeta Consortium,,rejected,,,In Shrine et al. 2019 UK Biobank and the SpiroMeta Consortium are two separate discovery resources meta-analysed together; a UK Biobank subset was used only as the LD reference for SpiroMeta. The paper does not state UK Biobank is a SpiroMeta member.,s017
COHO:0001149,Biomarkers and Stratification To Optimise outcomes in Psoriasis,COHO:0000176,UK Biobank,,rejected,,,"BSTOP is a separate psoriasis-only cohort whose PRS distribution is compared with UK Biobank sub-cohorts; the 'UK Biobank sub-cohorts' are subsets of UK Biobank, not BSTOP.",s017
COHO:0000730,Genetics Of Mortality In Critical Care,COHO:0001189,HostSeq initiative,memberOf,confirmed,"For the leave-one-out study subsets we chose the BQC19 and GenOMICC studies to be sequentially excluded, because BQC19 is the largest study within HostSeq and accounts for more than half of the cases in HostSeq, and GenOMICC is the most restricted study in terms of recruitment and predominantly consists of hospitalized cases.",https://www.ncbi.nlm.nih.gov/research/bionlp/RESTful/pmcoa.cgi/BioC_xml/PMC10990181/unicode,"HostSeq (typed cohort aggregation) collects 15 independent Canadian studies; GenOMICC is one of them, here the Ontario arm of the international GenOMICC study (328 samples). The HostSeq resource paper (PMC10152008, Table 1 'Status of DNA sample sequencing') lists 'The Genetics of Mortality in Critical Care GenOMICC 328 331' among the contributing studies. Curator may prefer to note that only GenOMICC's Canadian participants are in HostSeq.",s017
COHO:0000484,Hypertension Genetic Epidemiology Network,COHO:0000985,Trans-Omics for Precision Medicine Program,memberOf,confirmed,"NHLBI TOPMed: Hypertension Genetic Epidemiology Network (HyperGEN) The HyperGEN Study is part of the National Heart, Lung, and Blood Institute (NHLBI) Family Blood Pressure Program; collection of the data represented here was supported by grants U01 HL054472 (MN Lab), U01 HL054473 (DCC), U01 HL054495 (AL FC), and U01 HL054509 (NC FC).",https://media.springernature.com/original/springer-static/esm/art%3A10.1038%2Fs41467-025-58420-2/MediaObjects/41467_2025_58420_MOESM1_ESM.pdf,"TOPMed is the aggregation, not a sub-cohort of HyperGEN. The supplement's study acknowledgements list each TOPMed study under a heading 'NHLBI TOPMed: <study>' (Amish, ARIC, MESA, SAFS, WHI and others), and HyperGEN has one, followed by 'with whole-genome sequencing made possible by supplement -18S1'. So HyperGEN is a TOPMed study: HyperGEN memberOf TOPMed. The evidence is a heading, not a sentence; no other cached document names HyperGEN with TOPMed.",s018
COHO:0001038,Vitamin Intervention for Stroke Prevention,COHO:0000438,Healthy Aging in Neighborhoods of Diversity across the Life Span,,rejected,,,"HANDLS participants were used as stroke-free controls for the African-ancestry VISP cases. The two studies were combined in one analysis. VISP is a separate trial, not drawn from HANDLS.",s018
COHO:0000176,UK Biobank,COHO:0000905,Consortium for Refractive Error and Myopia,,rejected,,,"The sentences name UK Biobank and the CREAM Consortium side by side as separate GWAS sources for a PGS, or run separate analyses in each. None says UK Biobank is a CREAM member cohort.",s018
COHO:0000732,Kentucky Case-Control Study,COHO:0000024,Cancer Prevention Study,,rejected,,,"The Kentucky case-control study and the American Cancer Society CPS II nested case-control study are listed as two separate CORECT studies. The Kentucky study is population-based, with controls from random-digit dialling, and is not drawn from CPS-II.",s018
COHO:0000089,Health and Retirement Study,COHO:0002645,Harmonized Diagnostic Assessment of Dementia for the Longitudinal Aging Study in India,,rejected,,,The paper compares biomarker samples from HRS (the 2016 VBS subsample) and LASI-DAD (a sub-sample of LASI). Neither is part of the other; they are sister studies analysed in parallel.,s018
COHO:0000649,San Antonio Family Study,COHO:0000344,Type 2 Diabetes Genetic Exploration by Next-generation sequencing in multi-Ethnic Samples,memberOf,confirmed,"From the SAFS families, 20 large pedigrees, consisting of 1043 individuals, were selected for T2D-GENES Project 2 by focusing on large lineages to maximize the number of potential copies of founder alleles and to get an optimal ratio of sequencing efficiency and number of individuals with type 2 diabetes.",https://www.ncbi.nlm.nih.gov/research/bionlp/RESTful/pmcoa.cgi/BioC_xml/PMC4145406/unicode,"The GAW18 paper describes the T2D-GENES Consortium (Methods, 'T2D-GENES study'). It says its Project 2 family data 'were drawn from two San Antonio-based family studies: SAFHS and SAFDGS', and that 20 SAFS pedigrees were selected for sequencing. So SAFS is a contributing cohort of the T2D-GENES consortium.",s018
COHO:0001213,Northern Finland Birth Cohort 1966,COHO:0000071,FINRISK,,rejected,,,"The sentence lists the cohorts analysed on one metabolomics platform. NFBC 1966 and the FINRISK 1997 subsample appear as separate items. NFBC1966 is a birth cohort, not a FINRISK survey.",s018
COHO:0000162,TEENs of Attica: Genes and Environment,COHO:0000166,The MANOLIS cohort,,rejected,,,TEENAGE (Athens adolescents) and HELIC-MANOLIS (Cretan isolate) are separate Greek cohorts analysed side by side in an MDS plot and in the cohort descriptions. Neither is drawn from the other.,s018
COHO:0000119,Multi-Ethnic Study of Atherosclerosis,COHO:0000409,Women's Health Initiative,,rejected,,,MESA and WHI appear only in a list of acknowledged studies and as separate Asian American subsets in an ancestry comparison. MESA is not part of WHI.,s018
COHO:0001072,FIN-D2D 2007,COHO:0000393,Metabolic Syndrome in Men Study,,rejected,,,FIN-D2D 2007 and METSIM are listed as separate Finnish samples pooled for one variance calculation. Neither is part of the other.,s018
COHO:0000527,Health Professionals Follow-up Study,COHO:0000740,Agricultural Health Study,,rejected,,,HPFS and AHS are listed as separate stage II case-control sources for a prostate cancer study. HPFS is not part of AHS.,s018
COHO:0001170,Global Biobank Meta-analysis Initiative,COHO:0000784,MEGASTROKE consortium,,rejected,,,"The GBMI ischemic stroke meta-analysis 'further combined the results with previously published MegaStroke'. That is a combination of results, not membership: GBMI is not a member of MEGASTROKE (MEGASTROKE predates it).",s018
COHO:0000989,African American Breast Cancer Consortium,COHO:0001033,Genome-Wide Association Study of Breast Cancer in the African Diaspora,,rejected,,,AABC and ROOT are two separate consortia whose results were combined in an 'AABC/ROOT meta-analysis' (PMC5975608) or analysed side by side with AMBER (PMC5445618). PMC5445618 lists ROOT's six studies and AABC's own studies separately; AABC is not a member of ROOT.,s019
COHO:0001179,Genetic Modifier Study,COHO:0001158,US Cystic Fibrosis Twin and Sibling Study,,rejected,,,"The Genetic Modifier Study (UNC/CWRU case-control study) and the US CF Twin and Sibling Study (JHU) are listed as separate contributing cohorts (PMC9136666 compares UNC, UW and JHU cohorts; PMC2995003 acknowledgements name them side by side). Neither is part of the other.",s019
COHO:0001339,Genetics of Childhood Cancer Treatment,COHO:0000537,Molecular Genetics of Adverse Drug Reactions in Childhood Study,,rejected,,,GO-CAT and United Kingdom MAGIC are two separate cohorts analysed together in PMC9870026 ('the GO-CAT and United Kingdom MAGIC study cohort'); nothing says GO-CAT was drawn from MAGIC.,s019
COHO:0000296,Malmö Diet and Cancer Study,COHO:0000985,Trans-Omics for Precision Medicine Program,,rejected,,,TOPMed is mentioned only as the imputation reference panel used for the Malmo Diet and Cancer Study genotypes (PMC10638276); this does not make MDC a TOPMed member study.,s019
COHO:0000066,European Prospective Investigation of Cancer-Norfolk,COHO:0000123,National Health Service Blood and Transplant,,rejected,,,"The sentence (PMC9671801) says INTERVAL, not EPIC-Norfolk, was recruited at centres of NHS Blood and Transplant; NHSBT is an institution, not a cohort. EPIC-Norfolk is simply the other cohort in the analysis.",s019
COHO:0001300,Cancer Genetic Markers of Susceptibility,COHO:0000527,Health Professionals Follow-up Study,,rejected,,,"PMC3298855 says 'NHS (part of the CGEMS)', i.e. the Nurses' Health Study breast cancer GWAS, not HPFS. In PMC3374121, HPFS is a Stage II replication study of that paper, while the CGEMS samples are the Stage I studies (CPS-II, ATBC, CeRePP, PLCO); HPFS is not described as part of CGEMS, and CGEMS is not a sub-cohort of HPFS.",s019
COHO:0000002,1000 Genomes,COHO:0000176,UK Biobank,,rejected,,,1000 Genomes appears only as an imputation reference panel for UK Biobank data and as an ancestry reference dataset alongside UKBB; no sub-cohort relation.,s019
COHO:0001026,MRC National Survey of Health and Development,COHO:0000125,Netherlands Twin Registry,,rejected,,,NSHD and NTR are separate cohorts listed side by side in a polygenic score analysis of age at onset of walking (PMC12283345); no link between them.,s019
COHO:0000916,International Glaucoma Genetics Consortium,COHO:0001170,Global Biobank Meta-analysis Initiative,,rejected,,,"PMC10897632 combines the IGGC meta-analysis with GBMI data (excluding FinnGen, 'a subset present in IGGC'). IGGC and GBMI are separate consortia that share some studies; IGGC is not a member of GBMI.",s019
COHO:0000512,iPSYCH case-cohort study,COHO:0001624,Copenhagen Lung Cancer Study,,rejected,,,"Name clash: the match on the synonym 'Copenhagen' is the city (genotyping 'at Statens Serum Institut, Copenhagen DK'), not the Copenhagen Lung Cancer Study. iPSYCH has nothing to do with that study.",s019
COHO:0001126,Treatment Options for Type 2 Diabetes in Adolescents and Youth,COHO:0000882,SEARCH for Diabetes in Youth,,rejected,,,TODAY and SEARCH are two separate studies whose youth with T2D were genotyped together as part of the ProDiGY consortium (PMC8459445). TODAY is not a sub-cohort of SEARCH; both would be members of ProDiGY if COHO has that aggregation.,s019
COHO:0001126,Treatment Options for Type 2 Diabetes in Adolescents and Youth,COHO:0000705,DIAGEN Study,,rejected,,,"Name clash: the synonym 'Diabetes Genetics' of the DIAGEN Study matched inside 'Progress in Diabetes Genetics in Youth (ProDiGY) consortium' (PMC8459445). DIAGEN, a German study, is not mentioned.",s019
COHO:0000115,MIRAGE,COHO:0001172,Genetic and Environmental Risk Factors for Alzheimer's Disease Among African Americans Study,,rejected,,,"PMC3356921 uses two separate African American samples: MIRAGE Study families, and 'a second group of primarily unrelated individuals' from the GenerAAtions Study, identified through the Henry Ford Health System. They are two distinct studies analysed together. Neither is part of the other.",s020
COHO:0001483,African American Breast Cancer Epidemiology and Risk Consortium,COHO:0001033,Genome-Wide Association Study of Breast Cancer in the African Diaspora,,rejected,,,"PMC5445618 runs 'a fixed effects meta-analysis ... using data from AMBER and ROOT'. The two consortia are pooled side by side, and nothing says AMBER is a member of ROOT.",s020
COHO:0001570,Childhood Asthma Research and Education Network,COHO:0000604,WHI SNP Health Association Resource,,rejected,,,"Name clash. In PMC3390407 'SHARe' is the NHLBI SNP Health Association Resource Asthma Resource project (SHARP), which takes in CARE and ACRN trials. It is not WHI-SHARe (COHO:0000604), the Women's Health Initiative genotyping sub-study. CARE participants are children and are not part of WHI.",s020
COHO:0000731,Collaborative Oncological Gene-environment Study,COHO:0000002,1000 Genomes,,rejected,,,"In PMC5995836, 1000 Genomes phase 3 is only the imputation reference panel for the GWAS meta-analysis that includes iCOGS. It is not a parent cohort.",s020
COHO:0001597,California Men's Health Study,COHO:0000121,Multiethnic Cohort Study of Diet and Health,,rejected,,,"Name clash. In PMC1569841, 'multiethnic cohort' describes the CMHS itself ('a multiethnic cohort of 84 170 men ... members of ... Kaiser Permanente'). It is not the Multiethnic Cohort Study of Diet and Health (MEC, Hawaii/Los Angeles). CMHS was recruited from Kaiser Permanente members, not from MEC.",s020
COHO:0001597,California Men's Health Study,COHO:0000541,Kaiser Permanente Research Bank,,rejected,,,"In PMC1569841, 'Kaiser Permanente' is the health plan and managed care organisation whose members were recruited into CMHS in 2002-2003. The parent is an institution, not the Kaiser Permanente Research Bank (COHO:0000541), which was launched in 2016. The text does not say CMHS is part of KPRB.",s020
COHO:0000822,Etude des Déterminants/Interaction de la Thrombose veineuse,COHO:0000929,Prolonged Anticoagulation During eighteen months vs placebo after Initial Six-month treatment for a first episode of idiopathic Pulmonary Embolism,,rejected,,,"PMC13240746 and the medRxiv preprint say that EDITH, MARTHA and PADIS-PE 'are part of the French Clinical Research Infrastructure Network on Venous Thrombo-Embolism (F-CRIN INNOVTE)' and share GENMED funding. EDITH is a Brest hospital case-control study and PADIS-PE a randomised trial, and neither is part of the other. F-CRIN INNOVTE is a research network, not a COHO term here.",s020
COHO:0000829,International Network Against Venous Thrombosis Consortium,COHO:0000176,UK Biobank,,rejected,,,"PMC9006276 and PMC10506044 cite associations found separately in UK Biobank, in the INVENT consortium and in MVP, and use INVENT summary statistics alongside UKB. Nothing says INVENT is part of UK Biobank.",s020
COHO:0000748,Danish National Birth Cohort,COHO:0000639,Copenhagen Prospective Study on Asthma in Childhood,,rejected,,,"PMC11367328 compares baseline characteristics of the DNBC 18-year follow-up with those of COPSAC2000 at age 18. They are two independent Danish birth cohorts that are compared, and neither is nested in the other.",s020
COHO:0000374,Amsterdam Dementia Cohort,COHO:0001452,100-plus Study,,rejected,,,"The sentence comes from the acknowledgements of PMC8087277, which thanks the ADC and the 100-plus Study separately. Both are run at the Alzheimer Center Amsterdam, but the ADC is a memory clinic cohort and 100-plus a centenarian cohort. Neither is part of the other.",s020
COHO:0000193,TwinGene Study,COHO:0000650,Swedish Adoption/Twin Study of Aging,,rejected,,,"In PMC8441299, TwinGene and SATSA are described one after the other as separate studies. Both draw on the Swedish Twin Registry (COHO:0000160, which each already links to as parent), but neither is part of the other.",s020
COHO:0001138,23Mofang cohort,COHO:0000371,Million Veteran Program,,rejected,,,"PMC13175889 uses 23Mofang customers as one East Asian cohort and adds summary statistics from the separate MVP cohort (and All of Us). They are independent cohorts combined in a meta-analysis, and 23Mofang is not part of MVP.",s020
COHO:0000371,Million Veteran Program,COHO:0000423,All of Us Research Program,,rejected,,,The text only lists MVP and All of Us side by side as separate sources of myopia GWAS summary statistics; neither is part of the other.,s021
COHO:0000175,UK Adult Twin Register,COHO:0000433,Generation Scotland: Scottish Family Health Study,,rejected,,,"Quality-control text comparing call rates between Generation Scotland cases and TwinsUK cases; two separate case sets, no sub-cohort link.",s021
COHO:0000111,Lothian Birth Cohorts,COHO:0001319,Scottish AMD study,,rejected,,,"Name clash: the synonym 'Edinburgh' of the Scottish AMD study matched the University of Edinburgh in acknowledgements; the sentences say where the Lothian Birth Cohorts work was done, nothing about the AMD study.",s021
COHO:0001123,Siblings With Ischemic Stroke Study,COHO:0001092,Ischemic Stroke Genetics Study,,rejected,,,The sentence says SWISS and ISGS both used BLSA participants as controls; it does not make SWISS part of ISGS.,s021
COHO:0000985,Trans-Omics for Precision Medicine Program,COHO:0000608,Family Blood Pressure Program,,rejected,,,"The text says HyperGEN (a TOPMed study) is part of the Family Blood Pressure Program, and SAPPHIRe is part of FBPP; TOPMed itself is not a member of FBPP. HyperGEN memberOf FBPP is the supported link if not already asserted.",s021
COHO:0000984,Rare Variants for Hypertension in Taiwan Chinese,COHO:0000608,Family Blood Pressure Program,,rejected,,,"The dbGaP text says THRV includes 1,271 subjects previously recruited in the SAPPHIRe Network, which is part of FBPP; THRV itself (which also includes two Taiwanese hospital cohorts) is not an FBPP member. The supported link is SAPPHIRe memberOf FBPP, if not already asserted.",s021
COHO:0000730,Genetics Of Mortality In Critical Care,COHO:0000206,"100,000 Genomes Project",,rejected,,,"The text says a restricted GenOMICC dataset is available through the Genomics England data service, and that 100,000 Genomes participants served as population controls; data access and control use, not a sub-cohort link.",s021
COHO:0001116,Asian Indian Diabetic Heart Study/Sikh Diabetes Study,COHO:0000049,Diabetes Genetics in Pakistan,,rejected,,,AIDHS/SDS (stage 3a replication) and DGP (stage 3b) are listed as separate replication studies; no sub-cohort link.,s021
COHO:0000764,Singapore Indian Eye Study,COHO:0000049,Diabetes Genetics in Pakistan,,rejected,,,SINDI and DGP are listed together as separate stage 3b replication studies; no sub-cohort link.,s021
COHO:0001275,Asian Genetic Epidemiology Network,COHO:0000641,Diabetes Genetics Replication and Meta-analysis Consortium,,rejected,,,AGEN (East Asian replication) and DIAGRAM (European in silico results) are separate replication sources in the same paper; AGEN is not a DIAGRAM member.,s021
COHO:0000063,Erasmus Rucphen Family Study,COHO:0000175,UK Adult Twin Register,,rejected,,,ERF and TwinsUK are listed together as separate replication or study cohorts; no sub-cohort link.,s021
COHO:0000031,"CARTaGENE cohort (CHU Sainte-Justine, Quebec, Canada)",COHO:0001367,Lung Oncology Research & Discovery,,rejected,,,The paper combines LORD lung cancer cases with ethnically matched CARTaGENE controls into a case-control dataset it calls 'LORD/CARTaGENE'. Neither cohort is part of the other; CARTaGENE only supplies the controls.,s022
COHO:0002549,Västerbotten Intervention Project,COHO:0000118,Monitoring of Trends and Determinants in Cardiovascular Disease,,rejected,,,"Name clash: here 'MONICA' is the Northern Sweden MONICA subcohort of the NSHDS, not the international WHO MONICA aggregation. The paper says VIP and MONICA are separate NSHDS subcohorts, so VIP is not a member of MONICA. Northern Sweden MONICA may need a term of its own, as a sub-cohort of NSHDS (COHO:0000927).",s022
COHO:0000133,Outcome Reduction With Initial Glargine Intervention Trial,COHO:0001465,Action to Control Cardiovascular Risk in Diabetes,,rejected,,,ORIGIN and ACCORD are separate trials. The paper uses ORIGIN only to replicate the ACCORD results.,s022
COHO:0000176,UK Biobank,COHO:0000558,Genetic Investigation of ANthropometric Traits consortium,,rejected,,,"The two are cited only as separate sources of GWAS effect estimates (evening preference in UK Biobank, BMI from the GIANT meta-analysis). The sentence does not say UK Biobank is a GIANT member.",s022
COHO:0000411,Korean Genome and Epidemiology Study,COHO:0000876,National Center for Geriatrics and Gerontology Biobank,,rejected,,,"Name clash: 'KBA' here is the Korea Biobank Array genotyping chip, not KoGES used as a cohort. NCGG is cited only as the source of Japanese GWAS summary statistics. No link is stated.",s022
COHO:0000442,Michigan Genomics Initiative,COHO:0000383,Mass General Brigham Biobank,,rejected,,,"MGI and MGB are listed side by side as independent replication biobanks, and in another paper as separate phenotyping sources. Neither is part of the other.",s022
COHO:0000442,Michigan Genomics Initiative,COHO:0000064,Estonian Biobank,,rejected,,,MGI and the Estonian Biobank are listed side by side as independent replication biobanks. Neither is part of the other.,s022
COHO:0000803,University of Pittsburgh Alzheimer's Disease Research Center,COHO:0000669,National Institute on Aging Late Onset Alzheimer's Disease Family Study,,rejected,,,"PITT ADRC and NIA-LOAD are two of the six separate 'source programs' in the paper, grouped here only because they used the same rating scale (CERAD). Neither is part of the other.",s022
COHO:0000669,National Institute on Aging Late Onset Alzheimer's Disease Family Study,COHO:0000258,Genome Research at Fundació ACE,,rejected,,,"NIA-LOAD and ACE/GR@ACE are separate source programs of the paper, named together in a list of assessment scales. Neither is part of the other.",s022
COHO:0000669,National Institute on Aging Late Onset Alzheimer's Disease Family Study,COHO:0001107,"Norwegian, Exeter and King's College Consortium for Genetics of Neuropsychiatric Symptoms in Dementia",,rejected,,,"NIA-LOAD and NEXGENS are listed as separate source programs of the paper. NEXGENS supplied only summary statistics, which were meta-analysed with the other five programs. The paper does not say NIA-LOAD belongs to NEXGENS.",s022
COHO:0000474,Africa America Diabetes Mellitus Study,COHO:0000284,International HapMap Project,,rejected,,,The sentence is from the acknowledgements: samples were collected in Eldoret 'as part of the AADM study and the International HapMap project'. These are two separate projects. AADM is not a sub-cohort of HapMap.,s022
COHO:0001486,Australian National Endometrial Cancer Study,COHO:0000731,Collaborative Oncological Gene-environment Study,,unresolved,,,"In this paper ANECS appears in the earlier GWAS stage (Illumina 610K), which is separate from the iCOGS stage. The iCOGS stage recruited through 11 ECAC studies, and the text does not name them, so it does not say whether ANECS was genotyped in iCOGS. The ECAC/iCOGS study list (the paper's supplementary material, or another endometrial iCOGS paper) would settle it. That list may also show that the ECAC endometrial studies, rather than iCOGS itself, are the right parent.",s022
COHO:0002604,Finnish HPV vaccination cohort,COHO:0000023,Cancer Genome Atlas,,rejected,,,The paper used a subset of TCGA RNA-Seq data and a separate subset of DNA sequence data from the Finnish HPV vaccination cohort to develop an HPV detection algorithm. These are two separate datasets that the paper lists side by side. The Finnish cohort is not part of TCGA.,s023
COHO:0000444,Cohorts for Heart and Aging Research in Genomic Epidemiology Consortium,COHO:0000544,Rotterdam Study I,,rejected,,,"The proposed direction is wrong: CHARGE is a consortium, not a sub-cohort of RS-I. The text (PMC3303225) names 'the Rotterdam Study (RS-I, n=5,169 and RS-II n=1,642)' as one of the original CHARGE cohorts. That membership is already in COHO: CHARGE hasCohort Rotterdam Study (COHO:0000148), and RS-I isSubCohortOf COHO:0000148. A direct RS-I memberOf CHARGE link would be redundant. The other hits say only that RS exome data are part of the CHARGE commons dataset.",s023
COHO:0000023,Cancer Genome Atlas,COHO:0000022,Cancer and Leukemia Group B,,rejected,,,"The paper's trials came from CALGB and ICON7, and TCGA data were used only for external validation. TCGA is not a member of CALGB.",s023
COHO:0000284,International HapMap Project,COHO:0000307,Multiple Tissue Human Expression Resource,,rejected,,,"GENEVAR combines separate datasets: HapMap LCLs, MuTHER twins and GenCord. HapMap is only listed next to MuTHER and is not part of it.",s023
COHO:0000046,Copenhagen Hospital Biobank,COHO:0000475,Danish Blood Donor Study,,rejected,,,'CHB-CVS DBDS' is a combined study heading. The text says CHB-CVS is a study of repository samples from CHB and that DBDS is a separate blood-donor cohort. The other hit lists the Copenhagen Hospital Biobank and DBDS as separate datasets analysed at deCODE. CHB is not part of DBDS.,s023
COHO:0001170,Global Biobank Meta-analysis Initiative,COHO:0001263,Genetics of Glaucoma in People of African Descent Consortium,,rejected,,,"The text says that GBMI, IGGC and GGLAD were meta-analysed together, with the overlapping cohorts (FinnGen, BioME, UKBB-Africa) excluded from GBMI. GBMI is not a member of GGLAD.",s023
COHO:0000403,FinnGen,COHO:0001263,Genetics of Glaucoma in People of African Descent Consortium,,rejected,,,"The text calls FinnGen 'a subset present in IGGC of European ancestry', not in GGLAD. Only BioME and UKBB-Africa are said to be present in GGLAD. The text does not make FinnGen a member of GGLAD.",s023
COHO:0000066,European Prospective Investigation of Cancer-Norfolk,COHO:0000387,European Prospective Investigation into Cancer and Nutrition-Potsdam,,rejected,,,"The hit is from the acknowledgements, where the EPIC-Norfolk and EPIC-Potsdam entries run together. The two are separate EPIC centres (UK and Germany), and neither is a sub-cohort of the other.",s023
COHO:0001123,Siblings With Ischemic Stroke Study,COHO:0000438,Healthy Aging in Neighborhoods of Diversity across the Life Span,,rejected,,,"A subset of HANDLS was used as stroke-free controls for the African-ancestry cases of SWISS. SWISS participants are not drawn from HANDLS, and HANDLS is only a source of controls in this analysis.",s023
COHO:0001092,Ischemic Stroke Genetics Study,COHO:0000438,Healthy Aging in Neighborhoods of Diversity across the Life Span,,rejected,,,"A subset of HANDLS was used as stroke-free controls for the African-ancestry cases of ISGS. ISGS participants are not drawn from HANDLS, and HANDLS is only a source of controls in this analysis.",s023
COHO:0000372,Chinese Imaging Genetics study,COHO:0000176,UK Biobank,,rejected,,,"CHIMGEN (Chinese) and UKBB are compared: they serve as the EAS and EUR LD references, and effect sizes are compared against 1,000 random UKBB subsets. CHIMGEN is not part of UK Biobank.",s023
COHO:0000986,Umeå Fracture and Osteoporosis Study,COHO:0000409,Women's Health Initiative,,rejected,,,"The sentence is a row of a supplementary table (Estrada et al. 2012, ng.2249) listing replication studies one after another: UFO-1, UFO-2, then WHI GeCHIP-BMD. They are separate studies. The same supplement says UFO is a nested case-control study in the Northern Sweden Health and Disease Study cohort (NSHDS), not in WHI.",s024
COHO:0001392,Primary Open-Angle African American Glaucoma Genetics Study,COHO:0001388,UPenn Local TGCT Study,,rejected,,,"The names clash. The sweep matched the UPenn TGCT synonym 'UPenn' in 'UPenn Ophthalmology Department'. The sentence is about POAAGG and the Penn Medicine Biobank (PMBB), not the testicular germ cell tumour study.",s024
COHO:0000747,Diabetes Control and Complications Trial/Epidemiology of Diabetes Interventions and Complications Study,COHO:0000496,Finnish Diabetic Nephropathy Study,,rejected,,,"The paper cites DCCT and FinnDiane together as sources of data on HbA1c variability. They are two separate type 1 diabetes cohorts, and neither is part of the other.",s024
COHO:0000732,Kentucky Case-Control Study,COHO:0000601,Newfoundland Colorectal Cancer Registry,,rejected,,,"Kentucky and Newfoundland are listed side by side as two of the six CORECT studies. They are sibling members of CORECT, and both terms already have memberOf links to it. Neither is part of the other.",s024
COHO:0001439,International Cannabis Consortium,COHO:0000449,23andMe research cohort,,rejected,,,"The source describes ICC, 23andMe and UK Biobank as three separate cohorts or subsamples in one cannabis GWAS meta-analysis. ICC is an aggregation of its own cohorts and is not drawn from 23andMe.",s024
COHO:0000399,China Medical University Hospital Biobank,COHO:0000002,1000 Genomes,,rejected,,,"1000 Genomes is used only as a reference panel for PCA: HiGenome participants were aligned with, and clustered within, the 1000 Genomes EAS population. It is not a sub-cohort link.",s024
COHO:0000731,Collaborative Oncological Gene-environment Study,COHO:0001093,Karolinska Mammography Project for Risk Prediction of Breast Cancer,,rejected,,,"iCOGS is a genotyping initiative, typed as an aggregation. The text says pKARMA (Libro1 cases plus KARMA controls) was genotyped as part of iCOGS, so iCOGS is not a sub-cohort of KARMA. The KARMA link is indirect, through pKARMA. The same paper supports two other links that the curator could consider: pKARMA controls as a subset of KARMA ('Controls were breast cancer-free participants recruited between 2010 and 2011 from Helsingborg and Stockholm in Sweden, a subset of the KARMA study.'), and pKARMA memberOf iCOGS.",s024
COHO:0000639,Copenhagen Prospective Study on Asthma in Childhood,COHO:0001624,Copenhagen Lung Cancer Study,,rejected,,,The names clash. The sweep matched the synonym 'Copenhagen' of the Copenhagen Lung Cancer Study in author affiliations ('University of Copenhagen') in the COPSAC2000 18-year follow-up paper. That study has nothing to do with the COPSAC birth cohort.,s024
COHO:0000587,EPIC-InterAct Study,COHO:0001004,European Prospective Investigation into Cancer and Nutrition–Cardiovascular Disease Study,,rejected,,,"The source calls EPIC-InterAct and EPIC-CVD 'two nested case-control studies' within EPIC. They are siblings, both nested in EPIC (both terms already have isSubCohortOf COHO:0000065), and neither is part of the other.",s024
COHO:0000587,EPIC-InterAct Study,COHO:0000421,Study of Colorectal Cancer in Scotland,,rejected,,,"SOCCS is a separate replication set ('additionally collected as part of the SOCCS'), listed alongside EPIC-InterAct in the same sentence. EPIC-InterAct is nested in EPIC, not in SOCCS.",s024
COHO:0001004,European Prospective Investigation into Cancer and Nutrition–Cardiovascular Disease Study,COHO:0000421,Study of Colorectal Cancer in Scotland,,rejected,,,"SOCCS is a separate replication set, listed alongside EPIC-CVD in the same sentence. EPIC-CVD is nested in EPIC, not in SOCCS.",s024
COHO:0000731,Collaborative Oncological Gene-environment Study,COHO:0001486,Australian National Endometrial Cancer Study,,rejected,,,"The source lists the OncoArray, iCOGS and ANECS/SEARCH/NSECG GWAS as separate genotyping projects that were compared to remove duplicates. iCOGS is not part of ANECS.",s024
COHO:0000560,International Lung Cancer Consortium,COHO:0000371,Million Veteran Program,,rejected,,,"The sentence uses ILCCO GWAS summary statistics to build a polygenic risk score tested in MVP European-ancestry participants; the two are only used together, and ILCCO is a consortium of lung cancer studies, not a sub-sample of MVP.",s025
COHO:0000175,UK Adult Twin Register,COHO:0000900,NIHR Cambridge BioResource,,rejected,,,"Name clash: 'BioResource' in the sentences is TwinsUK's own 'TwinsUK BioResource' or the NIHR-funded BioResource named as a funder, not the NIHR Cambridge BioResource. Nothing says TwinsUK participants are drawn from the Cambridge BioResource.",s025
COHO:0000730,Genetics Of Mortality In Critical Care,COHO:0000176,UK Biobank,,rejected,,,GenOMICC cases are critically ill ICU patients; UK Biobank individuals are used only as ancestry-matched controls or an LD reference panel. The two are separate cohorts analysed together.,s025
COHO:0000893,African Ancestry Anthropometry Genetics Consortium,COHO:0000176,UK Biobank,,rejected,,,AAAGC meta-analysis results and a UK Biobank British subsample GWAS are compared (replication); the consortium is not part of UK Biobank.,s025
COHO:0000176,UK Biobank,COHO:0000046,Copenhagen Hospital Biobank,,rejected,,,UK Biobank primary care data and CHB-CID/DBDS (Copenhagen Hospital Biobank) are meta-analysed together; UK Biobank is not a sub-cohort of the Copenhagen Hospital Biobank.,s025
COHO:0000637,Utah residents (CEPH) with Northern and Western European ancestry,COHO:0000808,"Han Chinese in Beijing, China",,rejected,,,CEU and CHB are two separate HapMap reference populations listed side by side; neither is part of the other (both already link to HapMap).,s025
COHO:0001521,Belfast Elderly Longitudinal Free-living Ageing Study,COHO:0000626,Physicians' Health Study,,rejected,,,"A discussion sentence cites findings from the BELFAST nonagenarian study and, separately, the Physicians' Health Study; they are only cited together.",s025
COHO:0001392,Primary Open-Angle African American Glaucoma Genetics Study,COHO:0000457,Penn Medicine BioBank,,rejected,,,"PMC5512952 shows POAAGG recruited part of its participants (2073 of 7959, mostly controls) by sampling the Penn Medicine Biobank, alongside clinic enrolment, community outreach, in-reach screening and external sites. The overlap is partial, so POAAGG as a whole is not a sub-cohort of PMBB (and PMBB is not part of POAAGG). The curator may note the recruitment overlap in POAAGG's definition.",s025
COHO:0000457,Penn Medicine BioBank,COHO:0001388,UPenn Local TGCT Study,,rejected,,,"Name clash: 'UPenn' in the sentence is the University of Pennsylvania (its Ophthalmology Department), not the UPenn Local TGCT Study. The paper (POAAGG recruitment) never mentions the testicular germ cell tumour study.",s025
COHO:0000077,Genetic Consortium for Anorexia Nervosa,COHO:0000182,Wellcome Trust Case Control Consortium,memberOf,confirmed,"we established the Genetic Consortium for Anorexia Nervosa (GCAN) in 2007—a worldwide collaboration combining existing DNA samples of AN patients into a single resource. As part of the Wellcome Trust Case Control Consortium 3 (WTCCC3), we have conducted the largest GWAS for AN to date.",https://www.ncbi.nlm.nih.gov/research/bionlp/RESTful/pmcoa.cgi/BioC_xml/PMC4325090/unicode,"PMC4325090 (Boraska et al.): GCAN's anorexia nervosa sample collection was genotyped and analysed as the anorexia nervosa study of WTCCC3, so GCAN is one of the collections WTCCC brings together (a consortium within a consortium, like the WTCCC2 Parkinson's disease member COHO:0001133). GCAN was founded independently in 2007, and the paper calls the work a GCAN/WTCCC3 collaboration. If the curator reads that as a collaboration rather than membership, reject instead.",s025
COHO:0000371,Million Veteran Program,COHO:0000772,Collaborative Study on the Genetics of Alcoholism,,rejected,,,A PTSD polygenic risk score derived from MVP GWAS is tested in COGA sub-samples; MVP is not part of COGA (the direction is also wrong).,s025
COHO:0000124,National Study of Colorectal Cancer Genetics,COHO:0000207,1958 British Birth Cohort,,rejected,,,NSCCG supplied colorectal cancer cases and the 1958 Birth Cohort supplied population controls for the same exome-sequencing study; the cases are not drawn from the 1958 Birth Cohort.,s025
COHO:0000028,Cardiogenics Study,COHO:0000182,Wellcome Trust Case Control Consortium,,rejected,,,"The WTCCC sentence concerns the male controls from the UK Blood Service collection of common controls, which is part of WTCCC; the Cardiogenics Study (a separate European collaboration used for the transcriptomic analysis) is only mentioned in the preceding sentence. Nothing states Cardiogenics is a WTCCC member.",s026
COHO:0000002,1000 Genomes,COHO:0000166,The MANOLIS cohort,,rejected,,,"1000 Genomes phase 3 genotypes were combined with MANOLIS data for quality control and used as reference populations; a reference panel, not a sub-cohort relation.",s026
COHO:0000427,Cleveland Family Study,COHO:0000384,Cardiovascular Health Study,,rejected,,,"The sentence lists the Cleveland Family Study alongside subsets of ARIC, CHS and FHS that took part in the Sleep Heart Health Study; CFS is a separate family study, not drawn from CHS. (The subsets of CHS belong to SHHS, not CFS.)",s026
COHO:0000125,Netherlands Twin Registry,COHO:0000132,Orkney Complex Disease Study,,rejected,,,NTR and ORCADES are listed together as cohorts with ART and oral contraception data; no sub-cohort relation.,s026
COHO:0000641,Diabetes Genetics Replication and Meta-analysis Consortium,COHO:0000606,Starr County Health Studies,,rejected,,,"DIAGRAM+ is a European dataset used to follow up signals from the Mexico City and Starr County meta-analysis, and as a source of previously reported SNPs; Starr County is not part of DIAGRAM nor vice versa.",s026
COHO:0000458,Epidemiological Investigation of Rheumatoid Arthritis,COHO:0000182,Wellcome Trust Case Control Consortium,,rejected,,,"EIRA, NARAC and WTCCC are three separate RA collections analysed in the same paper; EIRA is Swedish and not part of the WTCCC.",s026
COHO:0001028,Pharmacogenetics of Opioid Substitution Treatment Response,COHO:0000434,Genetic Epidemiology Network of Arteriopathy,,rejected,,,"Name clash: GENOA in this paper is the GENetics of Opioid Addiction study (Ontario, Canada), not the Genetic Epidemiology Network of Arteriopathy (COHO:0000434). POST and the opioid GENOA are sibling studies; COHO has no term for the opioid GENOA as far as this pair shows.",s026
COHO:0000668,Breast Cancer Family Registry,COHO:0001127,Tracking Parkinson's,,rejected,,,Name clash: Tracking Parkinson's is not mentioned in the BCFR/kConFab paper; the match appears to be a spurious acronym hit (e.g. TP/FUP). No relation.,s026
COHO:0000525,ADDITION-PRO Study,COHO:0000614,Anglo-Danish-Dutch Study of Intensive Treatment in People with Screen Detected Diabetes in Primary Care,isSubCohortOf,confirmed,"To investigate these issues, we invited individuals at different levels of diabetes risk identified from the stepwise screening programme of the Danish arm of the ADDITION-Europe study [3] to take part in a longitudinal cohort study (ADDITION-PRO).",https://pmc.ncbi.nlm.nih.gov/articles/PMC3583712/,"Direction reversed: ADDITION-PRO participants were drawn from the screening programme of the Danish arm of ADDITION-Europe. ADDITION-PRO already isSubCohortOf ADDITION-Denmark (COHO:0000613), the Danish arm, which is the more precise parent; the same quote supports adding ADDITION-Denmark isSubCohortOf ADDITION-Europe instead of a direct link (ADDITION-Denmark currently has no link to ADDITION-Europe).",s026
COHO:0001072,FIN-D2D 2007,COHO:0000071,FINRISK,,rejected,,,FIN-D2D 2007 and FINRISK 2007 are listed side by side as separate Finnish sample sets; nothing states FIN-D2D 2007 is part of FINRISK.,s026
COHO:0000071,FINRISK,COHO:0000393,Metabolic Syndrome in Men Study,,rejected,,,FINRISK 2007 and METSIM are listed side by side as separate Finnish sample sets; no sub-cohort relation.,s026
COHO:0000424,BioMe Biobank,COHO:0001150,Black Women's Health Study,,rejected,,,"Name clash: 'Mount Sinai' here is Mount Sinai School of Medicine, one of the institutions whose IRB approved the Women's Circle of Health Study, not the BioMe Biobank; the next words start the separate description of the BWHS. No link between BioMe and BWHS is stated.",s027
COHO:0002330,Roswell Park Cancer Institute Data Bank and BioRepository,COHO:0001150,Black Women's Health Study,,rejected,,,"Name clash: 'Roswell Park Cancer Institute' here is an institution whose IRB approved the Women's Circle of Health Study (and a lab that builds TMAs), not the RPCI Data Bank and BioRepository; the BWHS is described separately. No link stated.",s027
COHO:0000207,1958 British Birth Cohort,COHO:0000489,Center for Applied Genomics Biobank,,rejected,,,The 1958 Birth Cohort supplied UK controls (via WTCCC); CHOP/CAG is a separate US cohort of JIA cases in the same paper. The two are only mentioned together; no sub-cohort relation.,s027
COHO:0000523,Melbourne Collaborative Cohort Study,COHO:0001148,National Cancer Institute Breast and Prostate Cancer Cohort Consortium,memberOf,confirmed,"In addition, the Melbourne Collaborative Cohort Study (MCCS) established in 1990–1994 [42] recently joined the consortium.",https://europepmc.org/api/getPdf?pmcid=PMC3044744,"BPC3 paper (PMC3044744): the preceding sentence 'In brief, the consortium combines resources from seven well-established cohort studies...' refers to BPC3; this sentence says MCCS joined it as the eighth cohort ('Together, these eight cohorts...'). BPC3 is typed cohort aggregation.",s027
COHO:0000176,UK Biobank,COHO:0000641,Diabetes Genetics Replication and Meta-analysis Consortium,,rejected,,,"UK Biobank and DIAGRAM are mentioned in separate acknowledgement/data-availability sentences, and in the other paper as independent sources of downloaded summary statistics. Nothing states UK Biobank is a DIAGRAM member.",s027
COHO:0000051,Diabetes Prevention Program,COHO:0001072,FIN-D2D 2007,,rejected,,,"Name clash: 'Diabetes Prevention Program' matched inside 'Finnish National Diabetes Prevention Program (FIN-D2D)' in a reference title; that is Finland's national programme, not the US DPP trial (COHO:0000051). No link.",s027
COHO:0000593,Italian Network of Genetic Isolates - Friuli Venezia Giulia,COHO:0001091,INGI-Val Borbera,,rejected,,,"INGI-FVG and INGI-Val Borbera are listed as sibling cohorts (FVG, VBI, CAR) with separate EGA accessions in a data availability statement; both are members of INGI. Neither is part of the other.",s027
COHO:0000065,European Prospective Investigation into Cancer,COHO:0000783,Japan Public Health Center-based Prospective Study,,rejected,,,EPIC and the JPHC case-cohort study are cited side by side as separate sources of nested case-control/case-cohort findings on 25(OH)D and liver cancer. No sub-cohort relation.,s027
COHO:0001029,PROCAM-2 Study,COHO:0000406,PopGen Biobank,,rejected,,,"PROCAM-2 and the PopGen Biobank are listed as separate, parallel control sources (with HNR and FOCUS) for a German GWAS; PROCAM-2 is from Münster, PopGen from Kiel. No sub-cohort relation.",s027
COHO:0000641,Diabetes Genetics Replication and Meta-analysis Consortium,COHO:0000504,Insulin Resistance Atherosclerosis Family Study,,rejected,,,DIAGRAM tested a SNP in silico; separately IRAS/IRASFS control samples were used for quantitative traits. Only co-mentioned; also a consortium cannot be a sub-cohort of a family study.,s027
COHO:0001626,COloRectal tumour Gene Identification study,COHO:0000124,National Study of Colorectal Cancer Genetics,,rejected,,,"The sentence describes 201 whole-genome sequenced samples drawn from both the CORGI and NSCCG studies for imputation checks; the two are separate studies, neither part of the other.",s027
COHO:0000063,Erasmus Rucphen Family Study,COHO:0000374,Amsterdam Dementia Cohort,,rejected,,,"Name clash: 'Amsterdam' in this funding acknowledgement is the city (Blindenpenning, Amsterdam), not the Amsterdam Dementia Cohort; ERF is mentioned as the funded study. No link.",s027
COHO:0000118,Monitoring of Trends and Determinants in Cardiovascular Disease,COHO:0000143,Pressioni Arteriose Monitorate E Loro Associazionie,,rejected,,,'MONICA/PAMELA populations' names the two Northern Italian studies together as validation samples (funding/acknowledgement sentence); nothing says the MONICA project is part of PAMELA.,s028
COHO:0000730,Genetics Of Mortality In Critical Care,COHO:0000997,Biobanque québécoise de la COVID-19,,rejected,,,"The sentence lists BQC19 and GenOMICC as two separate studies within HostSeq chosen for leave-one-out analyses; GenOMICC is not part of BQC19. (The same paper suggests GenOMICC's Canadian arm contributes to HostSeq, which is a different pair.)",s028
COHO:0000449,23andMe research cohort,COHO:0000701,National Longitudinal Study of Adolescent to Adult Health,,rejected,,,Data availability statement: 23andMe data access and 'Part of the ... Add Health data is publicly available'. 'Part of' refers to data availability; no link between the cohorts.,s028
COHO:0000002,1000 Genomes,COHO:0000558,Genetic Investigation of ANthropometric Traits consortium,,rejected,,,'1000G' here is the imputation reference panel for BioMe genotypes; GIANT is mentioned as the GWAS meta-analysis. 1000 Genomes is not a member of GIANT.,s028
COHO:0000331,Severe Childhood Onset Obesity Project,COHO:0000184,INTERVAL study,,rejected,,,SCOOP cases (sequenced as part of UK10K exomes) and INTERVAL controls are two separate studies used together; SCOOP is not a sub-cohort of INTERVAL.,s028
COHO:0000420,Cardiovascular Risk in Young Finns Study,COHO:0000071,FINRISK,,rejected,,,"The sentences list YFS alongside other Finnish studies; it is DILGOM (and FR97) that are described as an extension/subsample of FINRISK, not the Young Finns Study.",s028
COHO:0000066,European Prospective Investigation of Cancer-Norfolk,COHO:0001328,Finnish Twin Study on Aging,,rejected,,,"Funding acknowledgements for two separate studies in one consortium paper; 'part of the project' refers to EPIC-Norfolk participants, no link to FITSA.",s028
COHO:0000538,Raine Study,COHO:0000762,Singapore Chinese Eye Study,,rejected,,,Adjacent funding acknowledgements for the Raine Study and the Singapore eye studies; no link between them.,s028
COHO:0000538,Raine Study,COHO:0000796,Singapore Malay Eye Study,,rejected,,,Adjacent funding acknowledgements for the Raine Study and the Singapore eye studies; no link between them.,s028
COHO:0000538,Raine Study,COHO:0000764,Singapore Indian Eye Study,,rejected,,,Adjacent funding acknowledgements for the Raine Study and the Singapore eye studies; no link between them.,s028
COHO:0001179,Genetic Modifier Study,COHO:0001166,Early Pseudomonas Infection Control Observational Study,,rejected,,,GMS and EPIC Obs are listed as two of five separate cohorts recruited for the CF Genome Project; GMS is not drawn from EPIC Obs.,s028
COHO:0000730,Genetics Of Mortality In Critical Care,COHO:0001231,Spanish Coalition to Unlock Research on Host Genetics on COVID-19,,rejected,,,"GenOMICC and SCOURGE are separate studies meta-analysed together (GenOMICC, GenOMICC Brazil, HGI, SCOURGE, 23andMe); no text says GenOMICC is part of SCOURGE.",s029
COHO:0000527,Health Professionals Follow-up Study,COHO:0001220,University of Pennsylvania Catheterization Study,,rejected,,,HPFS and PennCATH are listed side by side as independent replication cohorts; neither is drawn from the other.,s029
COHO:0000148,Rotterdam Study,COHO:0000985,Trans-Omics for Precision Medicine Program,,rejected,,,TOPMed here is the imputation reference panel used for the other cohorts (the Rotterdam Study used HRC); nothing says the Rotterdam Study is a TOPMed study.,s029
COHO:0002549,Västerbotten Intervention Project,COHO:0000296,Malmö Diet and Cancer Study,,rejected,,,"MDC and VIP are two separate Swedish case-control cohorts analysed in parallel; VIP belongs to the Northern Sweden Health and Disease Study, not Malmo Diet and Cancer.",s029
COHO:0000482,Colorado Center for Personalized Medicine Biobank,COHO:0000457,Penn Medicine BioBank,,rejected,,,"PMBB and CCPM are two separate biobanks used for replication; the sentence says both are part of GBMI (COHO:0001170), which would support CCPM memberOf GBMI and PMBB memberOf GBMI, not CCPM isSubCohortOf PMBB.",s029
COHO:0000423,All of Us Research Program,COHO:0001170,Global Biobank Meta-analysis Initiative,,rejected,,,The sentence says only PMBB and CCPM are part of GBMI and describes All of Us separately as an NIH initiative; it does not state that All of Us is a GBMI member.,s029
COHO:0001170,Global Biobank Meta-analysis Initiative,COHO:0000423,All of Us Research Program,,rejected,,,"GBMI is a consortium of biobanks, not a sub-sample of All of Us; the text mentions the two separately.",s029
COHO:0001266,SweCovid study,COHO:0001267,COVID-19 Kohortenstudie am Klinikum München Rechts der Isar,,rejected,,,"""SweCovid / COMRI"" is one combined HGI contributor entry for two distinct cohorts (SweCovid at Uppsala, Sweden; COMRI at Klinikum rechts der Isar, Munich) with separate funding statements; neither is part of the other and they are not the same cohort. The shared synonym SweCovid-COMRI on both terms reflects the joint HGI label.",s029
COHO:0001240,Swedish Twin study of CHild and Adolescent Development,COHO:0000402,HOLBAEK Study,,rejected,,,"Acknowledgements/funding list: TCHAD (Swedish twins) and TDCOB (Danish childhood obesity biobank) are consecutive entries; 'is part of the research activities' refers to the Novo Nordisk Foundation Center, not a cohort link.",s029
COHO:0001165,Echinococcus Multilocularis and Internal Diseases in Leutkirch,COHO:0000065,European Prospective Investigation into Cancer,,rejected,,,"Consecutive funding entries in a consortium supplement; the 'nested within' cue concerns the EPIC-Norfolk diabetes case-cohort within EPIC-Norfolk, not EMIL, which is a Leutkirch (Germany) population study unrelated to EPIC.",s029
COHO:0001155,Childhood Cancer Survivor Study,COHO:0001120,St. Jude Lifetime Cohort Study,,rejected,,,"CCSS (multi-institutional survivor cohort) and SJLIFE (St. Jude survivors) are separate cohorts; the SJLIFE paper only says it uses protocols and questionnaire items similar to CCSS, and the PRS paper develops a model in SJLIFE and validates it in CCSS.",s029
COHO:0000998,Childhood Asthma Management Program,COHO:0001570,Childhood Asthma Research and Education Network,,rejected,,,"CAMP is listed as its own drug trial alongside LOCCS, LODO, a Sepracor trial and 'subsets of clinical trials within the CARE network'; CAMP is not described as a CARE network trial (the shared context is the SHARP resource).",s029
COHO:0000998,Childhood Asthma Management Program,COHO:0000604,WHI SNP Health Association Resource,,rejected,,,"Name clash: 'SHARe' in the sentences is the NHLBI SNP Health Association Resource (SHARe) Asthma Resource project (SHARP), which pooled asthma trials including CAMP; it is not the WHI SHARe sub-study of the Women's Health Initiative. CAMP is not part of WHI-SHARe.",s030
COHO:0000188,Diabetes Prediction and Prevention,COHO:0002435,Finnish Genetic Predisposition to Prostate Cancer Study,,rejected,,,"Name clash: 'Tampere' is the DIPP study centre in Tampere ('DIPP children from the Tampere study center'), not the Finnish Genetic Predisposition to Prostate Cancer Study. No link between DIPP and the prostate cancer study.",s030
COHO:0000016,Avon Longitudinal Study of Parents and Children,COHO:0000656,Manchester Asthma and Allergy Study,,rejected,,,"ALSPAC and MAAS are two separate UK birth cohorts analysed side by side; 'part of' refers to ALSPAC being part of the Ferreira et al meta-analysis, not of MAAS.",s030
COHO:0001093,Karolinska Mammography Project for Risk Prediction of Breast Cancer,COHO:0000935,Singapore and Sweden Breast Cancer Study,,rejected,,,"KARMA and SASBAC (CAHRES) are separate Swedish breast cancer studies analysed together; the cue is 'SASBAC is part of the MODE consortium', which concerns neither link between these two.",s030
COHO:0001056,Alcohol-Related Cancers and Genetic susceptibility in Europe,COHO:0000030,Carolina Head and Neck Cancer Epidemiology,,rejected,,,ARCAGE (European) and CHANCE (North Carolina) are separate case-control studies contributing to the same head and neck cancer GWAS; the text only lists them together.,s030
COHO:0001004,European Prospective Investigation into Cancer and Nutrition–Cardiovascular Disease Study,COHO:0000029,CARDIoGRAMplusC4D,memberOf,confirmed,A subset of the PROMIS study and EPIC-CVD consortium were contributed to the CARDIoGRAMplusC4D 2013 report.,https://www.ncbi.nlm.nih.gov/research/bionlp/RESTful/pmcoa.cgi/BioC_xml/PMC5555387/unicode,"EPIC-CVD samples (1,826 CAD cases and 449 controls per the same paper's figure legend) were contributed to the CARDIoGRAMplusC4D 2013 meta-analysis, so EPIC-CVD is a contributing study of the consortium (only a subset of its samples).",s030
COHO:0000527,Health Professionals Follow-up Study,COHO:0001218,Pancreatic Cancer Cohort Consortium,memberOf,confirmed,"Controls of ≥80% European ancestry were drawn from ten of the studies included in PanScan III (Alpha-Tocopherol, Beta-Carotene Lung Cancer Prevention Study (ATBC), American Cancer Society Cancer Prevention Study-II Cohort (CPS-II), European Prospective Investigation into Cancer and Nutrition (EPIC), Health Professionals Follow-Up Study (HPFS)",https://pmc.ncbi.nlm.nih.gov/articles/PMC4191666/,"The proposed direction is wrong: PanScan (the Pancreatic Cancer Cohort Consortium, typed cohort aggregation) collects cohorts, and HPFS is named among the studies included in PanScan III. So HPFS memberOf PanScan. The same sentence also names ATBC, CPS-II, EPIC, MCCS, MEC, NHS, PLCO, SPCS and WHI as PanScan III studies.",s030
COHO:0000065,European Prospective Investigation into Cancer,COHO:0000598,"Alpha-Tocopherol, Beta-Carotene Cancer Prevention Study",,rejected,,,EPIC and ATBC are cited together as separate cohorts in which nested case-control studies of 25(OH)D and liver cancer were done; neither is part of the other.,s030
COHO:0000598,"Alpha-Tocopherol, Beta-Carotene Cancer Prevention Study",COHO:0000783,Japan Public Health Center-based Prospective Study,,rejected,,,ATBC (Finland) and JPHC (Japan) are cited together as separate studies of 25(OH)D and cancer; no link.,s030
COHO:0000587,EPIC-InterAct Study,COHO:0000383,Mass General Brigham Biobank,,rejected,,,"Name clash: 'partners' in the sentences means the InterAct consortium partners, not the Partners (Mass General Brigham) Biobank. InterAct is nested in EPIC (already linked isSubCohortOf COHO:0000065), not in MGBB.",s030
COHO:0000065,European Prospective Investigation into Cancer,COHO:0000383,Mass General Brigham Biobank,,rejected,,,"Name clash: 'Interact partners' is the InterAct consortium's partners, not the Partners (Mass General Brigham) Biobank. EPIC has no link to MGBB here.",s030
COHO:0000344,Type 2 Diabetes Genetic Exploration by Next-generation sequencing in multi-Ethnic Samples,COHO:0000431,Genetic Epidemiology Research on Adult Health and Aging,,rejected,,,"T2D-GENES and GERA are listed as separate independent replication data sets; the Latino subsample is of GERA itself, and T2D-GENES is not drawn from GERA.",s030
COHO:0000578,Shanghai Men's Health Study,COHO:0000553,Shanghai Women's Health Study,,rejected,,,"SMHS and SWHS are two separate sister prospective cohorts (men recruited 2002-2006, women 1996-2000); the sentences describe them side by side and a metabolomics study nested within both. Neither is part of the other.",s031
COHO:0000873,Personalized Medicine Research Project,COHO:0000424,BioMe Biobank,,rejected,,,"The sentence names Marshfield and Mount Sinai as two eMERGE sites where a phenotyping algorithm was used; the PMRP and BioMe are separate biobanks, neither part of the other (both are already members of eMERGE).",s031
COHO:0000391,Swedish CArdioPulmonary bioImage Study,COHO:0000390,Swedish Infrastructure for Medical Population-Based Life-Course and Environmental Research,,rejected,,,"In PMC12987725 SCAPIS, SIMPLER (SIMPLER-V, SIMPLER-U) and MOS are separate discovery cohorts; the paper says SIMPLER includes data from the Cohort of Swedish Men and the Swedish Mammography Cohort, not SCAPIS. The sweep sentence only lists them in a sensitivity analysis.",s031
COHO:0001451,Amsterdam Born Children and their Development,COHO:0000374,Amsterdam Dementia Cohort,,rejected,,,Name clash: the sweep matched 'Amsterdam' (a synonym of the Amsterdam Dementia Cohort) in 'children born in Amsterdam'. The sentence only says the paper's data are part of the ABCD cohort; nothing links ABCD to the Amsterdam Dementia Cohort.,s031
COHO:0000431,Genetic Epidemiology Research on Adult Health and Aging,COHO:0000693,Selenium and Vitamin E Cancer Prevention Trial,,rejected,,,"Data-availability/funding text listing cohorts in turn: a GERA subset on dbGaP, then 'SELECT:' funding. GERA (Kaiser Permanente members) is not part of the SELECT trial.",s031
COHO:0000016,Avon Longitudinal Study of Parents and Children,COHO:0001147,Brain Development and Air Pollution Ultrafine Particles in School Children,,rejected,,,Figure legend listing separate cohorts of an asthma-exacerbation GWAS meta-analysis: ALSPAC (discovery) and a subset of BREATHE samples (replication). ALSPAC is not part of BREATHE.,s031
COHO:0000822,Etude des Déterminants/Interaction de la Thrombose veineuse,COHO:0000113,Marseille Thrombosis Association Study,,rejected,,,"The sentences say EDITH, MARTHA and PADIS-PE are part of the French F-CRIN INNOVTE network and were supported by GENMED; EDITH (Brest) and MARTHA (Marseille) are separate studies, neither part of the other.",s031
COHO:0001440,Center for Oral Health Research in Appalachia cohort 1,COHO:0001312,Dental Strategies Concentrating on Risk Evaluation,,rejected,,,"PMC9378791 treats COHRA1 and Dental SCORE as independent cohorts; Dental SCORE is a subset of Heart SCORE whose dental exam followed the COHRA1 protocols. The sweep sentence is about genotyping chips (a subset of COHRA1 genotyped on MEGA), not membership.",s031
COHO:0001444,Center for Oral Health Research in Appalachia cohort 2,COHO:0001312,Dental Strategies Concentrating on Risk Evaluation,,rejected,,,PMC9378791 treats COHRA2 and Dental SCORE as independent cohorts (Dental SCORE is a subset of Heart SCORE); the sweep sentence only says both were genotyped on the MEGA chip.,s031
COHO:0000131,Norwegian Mother and Child Cohort study,COHO:0000125,Netherlands Twin Registry,,rejected,,,"Figure legend listing separate cohorts of a polygenic score analysis (five MoBa subsamples, Lifelines, NSHD, NTR); MoBa is not part of the Netherlands Twin Registry.",s031
COHO:0000108,LifeLines,COHO:0001026,MRC National Survey of Health and Development,,rejected,,,"Same figure legend listing separate cohorts (MoBa subsamples, Lifelines, NSHD, NTR); Lifelines is not part of the MRC NSHD.",s031
COHO:0000311,NeoALTTO,COHO:0001182,GSK Munich recurrent major depression case-control study,,rejected,,,"Name clash: 'GSK'/'GlaxoSmithKline' in the sentences is the company that funded NeoALTTO and its RNA sequencing, not the GSK Munich recurrent major depression case-control study.",s031
COHO:0001180,Genetic Modifier Study of Severe CF Liver Disease,COHO:0001166,Early Pseudomonas Infection Control Observational Study,,rejected,,,PMC9606479 lists GMS CFLD (UNC) and EPIC Obs (University of Washington/Seattle Children's) as two of five separate cohorts pooled into the CF Genome Project; neither is part of the other.,s032
COHO:0000284,International HapMap Project,COHO:0000176,UK Biobank,,rejected,,,Figure legend in PMC9179018 only uses Phase II HapMap recombination rates; UK Biobank is not named in the sentence (likely a spurious match on 'UK'/'University'). No link between HapMap and UK Biobank.,s032
COHO:0000064,Estonian Biobank,COHO:0000383,Mass General Brigham Biobank,,rejected,,,EGCUT/EstBB and MGB appear only as separate contributing cohorts in lists (T2D meta-regression; POAG phenotyping); neither is part of the other.,s032
COHO:0000176,UK Biobank,COHO:0000949,Hong Kong Osteoporosis Study,,rejected,,,"Abstract compares two independent cohorts, UK Biobank and the Hong Kong Osteoporosis Study; no sub-cohort relation.",s032
COHO:0001003,"Discovery, Biology, and Risk of Inherited Variants in Breast Cancer",COHO:0000176,UK Biobank,,rejected,,,"PMC11322043 uses DRIVE and UK Biobank as separate genotype datasets; 'subsets' refers to DRIVE being part of the breast cancer summary-statistic GWAS, not UK Biobank.",s032
COHO:0000752,Elucidating Loci Involved in Prostate Cancer Susceptibility,COHO:0000176,UK Biobank,,rejected,,,"PMC11322043 uses ELLIPSE and UK Biobank as separate genotype datasets; 'subsets' refers to ELLIPSE being part of the prostate cancer summary-statistic GWAS, not UK Biobank.",s032
COHO:0000919,International Parkinson Disease Genomics Consortium,COHO:0000449,23andMe research cohort,,rejected,,,"IPDGC and 23andMe are listed side by side as separate data sources (GP2, IPDGC Africa, 23andMe; PD GWAS meta-analysis references); IPDGC is a consortium, not part of the 23andMe cohort.",s032
COHO:0001116,Asian Indian Diabetic Heart Study/Sikh Diabetes Study,COHO:0000764,Singapore Indian Eye Study,,rejected,,,PMC3636649: AIDHS/SDS was the stage 3a replication cohort; SINDI was one of the separate stage 3b South Asian replication studies. No sub-cohort relation.,s032
COHO:0000377,BioBank Japan,COHO:0000641,Diabetes Genetics Replication and Meta-analysis Consortium,,rejected,,,"PMC3636649: BioBank Japan contributed to the East Asian replication (stage 3c), while DIAGRAM (European) results were used separately in silico; BBJ is not a DIAGRAM member here.",s032
COHO:0000693,Selenium and Vitamin E Cancer Prevention Trial,COHO:0000595,SWOG Cancer Research Network,memberOf,confirmed,"SELECT was coordinated by SWOG, a national consortium of institutions and investigators that conducts multidisciplinary clinical trials to improve the practice of medicine in preventing, detecting, and treating cancer, and to enhance the quality of life for cancer survivors.",https://www.ebi.ac.uk/europepmc/webservices/rest/PMC4983010/fullTextXML,"SELECT was a SWOG trial (SWOG-S0000), coordinated/conducted by SWOG; SWOG is typed cohort aggregation and its definition already names SELECT among its trial cohorts. The abstract also says SELECT was 'conducted by SWOG (Southwest Oncology Group)'.",s032
COHO:0000917,International HIV Controllers Study,COHO:0001050,AIDS Clinical Trials Group,,rejected,,,"The sentence lists the International HIV Controllers Study and the AIDS Clinical Trials Group side by side as two sources of samples for a binary controller analysis; it does not say the Controllers Study is part of, or collected by, ACTG.",s033
COHO:0000429,PainOMICS Retrospective Study,COHO:0000418,Southall and Brent Revisited,,rejected,,,"PainOMICS and SABRE are named as separate study cohorts (glycan integration method, genotyping chips); nothing says PainOMICS participants come from SABRE.",s033
COHO:0000834,Microisolates in South Tyrol Study,COHO:0000203,The Cooperative Health Research in South Tyrol,,rejected,,,"The CHRIS cohort profile calls MICROS 'the prior MICROS study' (2002-3 and 2007, three villages) and notes that 667 CHRIS baseline participants had previously been enrolled in MICROS: the two cohorts overlap in participants but neither is recruited from the other, so no isSubCohortOf in either direction.",s033
COHO:0000207,1958 British Birth Cohort,COHO:0001176,German Myocardial Infarction Family Study,,rejected,,,The 1958 British Birth Cohort supplied controls for the WTCCC study; the German MI Family Study is a separate case collection in the same paper. No membership.,s033
COHO:0000514,Genetic Epidemiology of COPD,COHO:0000756,Heinz Nixdorf Recall Study,,rejected,,,COPDGene and the Heinz Nixdorf Recall Study are cited as two separate earlier studies of the PHACTR1 SNP-by-sex interaction; mere co-mention.,s033
COHO:0000731,Collaborative Oncological Gene-environment Study,COHO:0000295,Malaysian Breast Cancer cohort,,rejected,,,"The sentence says Asian case-control studies genotyped on the iCOGS array and 744 MyBrCa batch-1 samples were both used to develop an earlier PRS; iCOGS is not drawn from MyBrCa, and the text does not state that MyBrCa is a member of iCOGS either.",s033
COHO:0000411,Korean Genome and Epidemiology Study,COHO:0000284,International HapMap Project,,rejected,,,"'Korean HapMap data' is an imputation reference panel for KoGES genotypes, not a parent cohort; KoGES participants are not HapMap samples.",s033
COHO:0000041,COIN-B,COHO:0000347,UK Blood Service Control Group,,rejected,,,"COIN-B supplied colorectal cancer cases and the UK Blood Service Control Group supplied controls genotyped in WTCCC2 for the same GWAS; cases and controls from different sources, no sub-cohort relation.",s033
COHO:0000411,Korean Genome and Epidemiology Study,COHO:0000685,International Genomics of Alzheimer's Project,,rejected,,,The Korean study (with KBA genotyping) used published IGAP GWAS summary statistics from European samples; KoGES/KBA is not an IGAP member. 'KBA' here is the Korea Biobank Array chip.,s033
COHO:0000330,Schizophrenia Exome Sequencing Meta-analysis consortium,COHO:0000159,Sweden Bipolar Disorder Cohort,,rejected,,,"SCHEMA and SWEBIC appear in adjacent, unrelated methods paragraphs (SCHEMA Z-score meta-analysis; lithium response in SWEBIC subsets); the aggregation SCHEMA is not a sub-cohort of SWEBIC.",s033
COHO:0000803,University of Pittsburgh Alzheimer's Disease Research Center,COHO:0000258,Genome Research at Fundació ACE,,rejected,,,PITT ADRC and ACE/GR@ACE are listed as separate source programs using different rating scales; no sub-cohort relation.,s033
COHO:0000803,University of Pittsburgh Alzheimer's Disease Research Center,COHO:0001107,"Norwegian, Exeter and King's College Consortium for Genetics of Neuropsychiatric Symptoms in Dementia",,rejected,,,"PITT ADRC and NEXGENS are listed as separate source programs of the same psychosis GWAS, each with its own rating scale; the text does not make PITT ADRC a NEXGENS member.",s033
COHO:0000118,Monitoring of Trends and Determinants in Cardiovascular Disease,COHO:0002610,Finnish Maternity Cohort,,rejected,,,"The sentence is about the Västerbotten Intervention Programme (VHU) overlapping with the Northern Sweden MONICA study and the Northern Sweden Maternity Cohort; the 'Maternity Cohort' matched is the Northern Sweden one, not the Finnish Maternity Cohort, and MONICA is only listed alongside it, not part of it.",s034
COHO:0000169,The Pakistan Risk Of Myocardial Infarction Study,COHO:0001004,European Prospective Investigation into Cancer and Nutrition–Cardiovascular Disease Study,,rejected,,,PROMIS and EPIC-CVD are two separate studies each of which contributed a subset to CARDIoGRAMplusC4D; neither is part of the other.,s034
COHO:0000176,UK Biobank,COHO:0000915,Heart Failure Molecular Epidemiology for Therapeutic Targets Consortium,memberOf,confirmed,"Twenty-two cohorts participating in the Heart Failure Molecular Epidemiology for Therapeutic Targets (HERMES) Consortium, comprising 50,636 individuals with established HF of European ancestry, were included in the genetic study (Supplemental Table 2).27 Twelve were HF cohorts (trials or prospective research cohorts), 9 were nested HF cohorts within non-HF cardiovascular trials or cohorts, and 1 cohort was derived from individuals in the UK Biobank with genetic data.",https://www.ebi.ac.uk/europepmc/webservices/rest/PMC13211948/fullTextXML,"Direction reversed: HERMES is the aggregation and a UK Biobank-derived heart failure cohort is one of its participating cohorts, so UK Biobank memberOf HERMES. Strictly the member is the HF subset of UK Biobank; the curator may prefer to accept UK Biobank itself as the member, as is usual.",s034
COHO:0001060,BiDirect Study,COHO:0000857,Austrian Stroke Prevention Study,,rejected,,,BiDirect and the Austrian Stroke Prevention (Family) Study are described in consecutive paragraphs as separate cohorts of one analysis; the sentence joins the end of one description and the start of the next.,s034
COHO:0000455,Genetic Study of Atherosclerosis Risk,COHO:0000985,Trans-Omics for Precision Medicine Program,memberOf,confirmed,"In this example, we leverage eQTL information from platelets (PLTs) and megakaryocytes (MKs) to identify novel loci associated with platelet aggregation phenotypes using Whole Genome Sequencing (WGS) data from EAs and AAs from the GeneSTAR family‐based study, generated as part of the NHLBI's Trans‐Omics for Precision Medicine (TOPMed) program.",https://www.ncbi.nlm.nih.gov/research/bionlp/RESTful/pmcoa.cgi/BioC_xml/PMC9086181/unicode,GeneSTAR whole-genome sequences were generated as part of TOPMed; the methods also refer to 'the GeneSTAR samples in TOPMed Freeze 6'.,s034
COHO:0000176,UK Biobank,COHO:0000287,LifeLines-DEEP,,rejected,,,"The sentence joins the end of a UK Biobank paragraph and the start of the LifeLines-DEEP description; LifeLines-DEEP is a subcohort of LifeLines (already linked), and UK Biobank is unrelated to it.",s034
COHO:0000950,Study of Asthma Phenotypes and Pharmacogenomic Interactions by Race-Ethnicity,COHO:0000203,The Cooperative Health Research in South Tyrol,,rejected,,,"Name clash: 'SAPPHIRE' here is the Abbott CD Sapphire haematology instrument, not the asthma study; the sentence is about CHRIS participants alone.",s034
COHO:0000783,Japan Public Health Center-based Prospective Study,COHO:0000065,European Prospective Investigation into Cancer,,rejected,,,"The sentence lists nested studies from EPIC, ATBC and the JPHC case-cohort study as separate prior reports; JPHC is a Japanese cohort, not part of EPIC.",s034
COHO:0000783,Japan Public Health Center-based Prospective Study,COHO:0000598,"Alpha-Tocopherol, Beta-Carotene Cancer Prevention Study",,rejected,,,Same sentence as the EPIC pair: ATBC and the JPHC case-cohort study are cited as separate studies; JPHC is not part of ATBC.,s034
COHO:0001300,Cancer Genetic Markers of Susceptibility,COHO:0000740,Agricultural Health Study,,rejected,,,"In this Y-chromosome prostate cancer study, stage I was the CGEMS samples (CPS-II, ATBC, CeRePP, PLCO) and the Agricultural Health Study contributed stage II samples; AHS is neither part of CGEMS nor is CGEMS part of AHS.",s034
COHO:0000284,International HapMap Project,COHO:0000024,Cancer Prevention Study,,rejected,,,"HapMap is named only as a database used to design Y-chromosome assays; the 'subset of CPS-II' refers to CPS-II samples, unrelated to HapMap.",s034
COHO:0000082,Genetics of diabetes Audit and Research,COHO:0000182,Wellcome Trust Case Control Consortium,memberOf,confirmed,"As part of the WTCCC2 consortium, GoDARTS served as a discovery cohort for the GWAS of response to statins and metformin.",https://www.ebi.ac.uk/europepmc/webservices/rest/PMC5913637/fullTextXML,"The sweep's sentence (GoDARTS joined UKT2DGCC, the WTCCC replication cohort) is indirect; the same GoDARTS cohort profile states directly that GoDARTS took part in WTCCC2 as a discovery cohort. COHO:0000182 already covers WTCCC2 (its member COHO:0001133 is a WTCCC2 study). The profile also says GoDARTS2 was collected 'as part of the Wellcome Trust United Kingdom Type 2 Diabetes Case-Control Collection (WTCCC)', which is a collection rather than the consortium.",s034
COHO:0000023,Cancer Genome Atlas,COHO:0000002,1000 Genomes,,rejected,,,The sentence only uses the EUR samples of the 1000 Genomes Project as an LD reference for SNPs genotyped in TCGA; no link between the two.,s035
COHO:0000113,Marseille Thrombosis Association Study,COHO:0000929,Prolonged Anticoagulation During eighteen months vs placebo after Initial Six-month treatment for a first episode of idiopathic Pulmonary Embolism,,rejected,,,Acknowledgements say MARTHA and PADIS-PE are both part of the F-CRIN INNOVTE research network and both funded by GENMED; neither is part of the other.,s035
COHO:0000398,Systematic and Combined Analysis of Olink Proteins,COHO:0000176,UK Biobank,,rejected,,,"SCALLOP meta-analyses and UKBB proteogenomic analyses are two separate sub-studies of the paper, each with its own significance threshold; the sentence does not state that UK Biobank is part of SCALLOP or the reverse.",s035
COHO:0001586,Candidate Gene Association Resource,COHO:0000388,Hispanic Community Health Study/Study of Latinos,,rejected,,,"Acknowledgement text: the CARe genotyping funding belongs to the preceding study's acknowledgement, and HCHS/SOL's own acknowledgement starts afterwards. No link between CARe and HCHS/SOL is stated.",s035
COHO:0000533,Tohoku Medical Megabank Project,COHO:0000002,1000 Genomes,,rejected,,,"The paper used Tohoku Medical Megabank GWAS results and, separately, 1000 Genomes reference panels for LD; no link.",s035
COHO:0000623,Baependi Heart Study,COHO:0000729,Family Investigation of Nephropathy and Diabetes,,rejected,,,"Baependi Heart Study, the 1982 Pelotas cohort and the FIND Pima/Zuni substudy are listed as three separate stage 1 studies of a meta-analysis; Baependi is not part of FIND.",s035
COHO:0000739,1982 Pelotas (Brazil) Birth Cohort Study,COHO:0000729,Family Investigation of Nephropathy and Diabetes,,rejected,,,"The 1982 Pelotas Birth Cohort, Baependi and the FIND Pima/Zuni substudy are listed as three separate stage 1 studies of a meta-analysis; Pelotas is not part of FIND.",s035
COHO:0000381,Jackson Heart Study,COHO:0000011,Atherosclerosis Risk in Communities Study,,rejected,,,"The JHS supplement says JHS recruited four subsamples (random, volunteer, ARIC and family), and only the ARIC subsample continued from the ARIC Jackson field centre. That is a partial overlap: JHS as a whole is not a sub-cohort of ARIC, and ARIC is not part of JHS. The second sentence is just a joint acknowledgement.",s035
COHO:0000016,Avon Longitudinal Study of Parents and Children,COHO:0000827,Human Early Life Exposome,,rejected,,,The discussion compares the results of ALSPAC and HELIX (low power as a reason for discordance). ALSPAC is not one of the HELIX cohorts in this text.,s035
COHO:0000619,Nurses' Health Study II,COHO:0001220,University of Pennsylvania Catheterization Study,,rejected,,,NHS II/HPFS and PennCATH are listed as separate replication cohorts; no link between them.,s035
COHO:0000403,FinnGen,COHO:0001170,Global Biobank Meta-analysis Initiative,memberOf,confirmed,"We combined the European-specific IGGC meta-analysis data (GCST90011767), the GLADD meta-analysis (GCST009245), and the GBMI data in which we excluded FinnGen (a subset present in IGGC of European ancestry), BioME from African ancestry (a subset present in GGLAD), and UKBB-Africa (a subset present in GGLAD) cohorts.",https://www.ncbi.nlm.nih.gov/research/bionlp/RESTful/pmcoa.cgi/BioC_xml/PMC10897632/unicode,"FinnGen is one of the GBMI biobanks whose data had to be excluded from the GBMI data. The same paper also refers to 'the GBMI_FinnGen cohort' and lists FinnGen among the GBMI biobanks phenotyped by ICD codes. So FinnGen memberOf GBMI (an aggregation), not the reverse.",s035
COHO:0001170,Global Biobank Meta-analysis Initiative,COHO:0000916,International Glaucoma Genetics Consortium,,rejected,,,"The paper combines three separate glaucoma meta-analyses (IGGC, GGLAD and GBMI) and removes overlapping cohorts; FinnGen is described as a subset present in IGGC, but nothing says GBMI is part of IGGC. Both are independent aggregations.",s036
COHO:0000433,Generation Scotland: Scottish Family Health Study,COHO:0000064,Estonian Biobank,,rejected,,,"The LifeGen paper excludes Generation Scotland and, separately, EGCUT from its GWAS to build validation sets. The two cohorts are only mentioned together; neither is part of the other.",s036
COHO:0000082,Genetics of diabetes Audit and Research,COHO:0000277,IMI-RHAPSODY,memberOf,confirmed,We used data from two type 2 diabetes cohorts: Hoorn Diabetes Care System (DCS) and Genetics of Diabetes Audit and Research in Tayside Scotland (GoDARTS) within the RHAPSODY consortium.,https://www.frontiersin.org/journals/endocrinology/articles/10.3389/fendo.2024.1350796/full,"An IMI-RHAPSODY study paper names GoDARTS as a cohort within the RHAPSODY consortium, which federated 12 patient cohorts. The printed sentence begins with section text ('...2 Methods2.1 Study populations'); the quote is the continuous span from 'We used data'.",s036
COHO:0000371,Million Veteran Program,COHO:0000409,Women's Health Initiative,,rejected,,,"A supplement reports VTE PRS results in MVP and, separately, in WHI stratified by WHI sub-study. MVP (US veterans) is not part of WHI.",s036
COHO:0001119,Sisters in Breast Screening Study,COHO:0002386,Städtisches Klinikum Karlsruhe Deutsches Krebsforschungszentrum Study,,rejected,,,A BCAC supplementary table row: SIBS is named as the source of controls for a preceding UK study (the row before SKKDKFZ); the SKKDKFZ row follows it in the table. SIBS is not part of the Karlsruhe study.,s036
COHO:0000444,Cohorts for Heart and Aging Research in Genomic Epidemiology Consortium,COHO:0000081,Genetic Research in Isolated,,rejected,,,A GEFOS supplementary table cites the CHARGE design paper for one study and then lists the Erasmus Rucphen Family study in the next row. CHARGE is not a member of Genetic Research in Isolated populations; the sentence just runs table rows together.,s036
COHO:0000409,Women's Health Initiative,COHO:0000986,Umeå Fracture and Osteoporosis Study,,rejected,,,A supplementary table cites a WHI trial paper at the end of one row and then describes the UFO nested case-control study in the next. WHI is not part of UFO (which is nested in the Northern Sweden Health and Disease Study).,s036
COHO:0001587,Copenhagen General Population Study,COHO:0000024,Cancer Prevention Study,,rejected,,,"A PRACTICAL supplementary table: the Copenhagen General Population Study is the control source for Copenhagen prostate cancer studies, and the next row is CPS-II, described as a nested case-control from its own prospective cohort. CGPS is not part of CPS-II.",s036
COHO:0002240,Prostate Cancer study Medical University Sofia,COHO:0000626,Physicians' Health Study,,rejected,,,"Adjacent rows of a PRACTICAL supplementary table: the Sofia prostate cancer case-control study, then the Physicians' Health Study (nested case-control). The Bulgarian study is not part of the US Physicians' Health Study.",s036
COHO:0000561,Alzheimer's Disease Sequencing Project,COHO:0000423,All of Us Research Program,,rejected,,,"The paper analyses Hispanic ADSP participants together with All of Us sub-cohorts matched to them; the sub-cohorts are drawn from All of Us, not ADSP. ADSP is not part of All of Us.",s036
COHO:0000385,Framingham Heart Study,COHO:0000409,Women's Health Initiative,,rejected,,,A GWAS uses the Framingham Heart Study for discovery and WHI subsamples for replication. The 'subsample' cue refers to WHI's own subsamples; FHS is not part of WHI.,s036
COHO:0001120,St. Jude Lifetime Cohort Study,COHO:0001155,Childhood Cancer Survivor Study,,rejected,,,"A risk model developed in SJLIFE was validated in CCSS; these are two independent childhood cancer survivor cohorts, and neither is part of the other.",s036
COHO:0001221,"Pediatric Imaging, Neurocognition, and Genetics",COHO:0000367,Alzheimer's Disease Neuroimaging Initiative,,rejected,,,The sentence says the PING imaging protocol builds on methods developed as part of BIRN and ADNI. That is methodological reuse; PING participants (children aged 3-20) are not ADNI participants.,s037
COHO:0001343,Global Parkinson's Genetics Program,COHO:0000449,23andMe research cohort,,rejected,,,"GP2, IPDGC Africa and 23andMe are listed side by side as separate sources of individuals (Table 1 also gives separate GP2 and 23andMe datasets). Neither is part of the other.",s037
COHO:0001116,Asian Indian Diabetic Heart Study/Sikh Diabetes Study,COHO:0001638,Chennai Urban Rural Epidemiology Study,,rejected,,,AIDHS/SDS supplied the stage 3a Punjabi replication; CURES is one of several separate South Asian studies in stage 3b. The two are merely listed in the same sentence.,s037
COHO:0000764,Singapore Indian Eye Study,COHO:0001638,Chennai Urban Rural Epidemiology Study,,rejected,,,"SINDI and CURES are listed side by side among the stage 3b replication studies; neither is part of the other (SINDI is Singapore, CURES is Chennai).",s037
COHO:0002613,Generation R Next Study,COHO:0000446,Generation R Study,,rejected,,,"PMC13368358 says the study was embedded within Generation R Next, 'a population-based prospective cohort from preconception onward in Rotterdam, the Netherlands, and is part of the Generation R Study'. Here 'the Generation R Study' is the Erasmus MC research programme/group; Generation R Next recruits a new set of women from 2017, so its participants are not part of the 2002-2006 Generation R mothers and children that COHO:0000446 defines. isSubCohortOf does not hold as defined; the curator may prefer to note the shared programme rather than link the terms.",s037
COHO:0000024,Cancer Prevention Study,COHO:0000601,Newfoundland Colorectal Cancer Registry,,rejected,,,The American Cancer Society CPS II nested case-control study and the Newfoundland case-control study are listed as two of six separate studies genotyped by CORECT. Neither is part of the other (both already members of the consortia).,s037
COHO:0002628,European Longitudinal Study of Pregnancy and Childhood,COHO:0000383,Mass General Brigham Biobank,,rejected,,,Name clash: the synonym 'Partners' of the Mass General Brigham Biobank matched 'their partners' (the mothers' partners) in the ELSPAC cohort profile. The MGB Biobank is not mentioned.,s037
COHO:0000118,Monitoring of Trends and Determinants in Cardiovascular Disease,COHO:0002549,Västerbotten Intervention Project,,rejected,,,"The NSHDS cohort profile (PMC11790227) names three sibling sub-cohorts of NSHDS: the VIP, the expanded Northern Sweden MONICA study, and the MSP. The Northern Sweden MONICA is not part of the VIP; it is the Norrbotten/Västerbotten centre of the multinational WHO MONICA project ('the two northernmost regions in Sweden, Norrbotten and Västerbotten, joined the multinational WHO Monitoring of Trends and Determinants of Cardiovascular Disease (MONICA) Study'). COHO:0000118 is the international MONICA aggregation; a Northern Sweden MONICA term (sub-cohort of NSHDS, member of MONICA) may be worth minting separately.",s037
COHO:0000198,Ely Study,COHO:0000433,Generation Scotland: Scottish Family Health Study,,rejected,,,The Ely study and the Generation Scotland cohort are two separate studies whose physiological data were compared with the proteomic analysis; neither is part of the other.,s037
COHO:0001094,Kathleen Cuningham Foundation Consortium for Research into Familial Breast Cancer,COHO:0001127,Tracking Parkinson's,,rejected,,,Name clash: Tracking Parkinson's is not named in the sentence or anywhere in PMC5005937 (a cohort profile of the Breast Cancer Family Registry and kConFab); the match was spurious. kConFab and the BCFR are compared there as separate registries.,s037
COHO:0001127,Tracking Parkinson's,COHO:0000668,Breast Cancer Family Registry,,rejected,,,"Name clash: Tracking Parkinson's (TP/PRoBaND) is not named in PMC5005937, which is about the Breast Cancer Family Registry and kConFab; the match was spurious.",s037
COHO:0001127,Tracking Parkinson's,COHO:0001094,Kathleen Cuningham Foundation Consortium for Research into Familial Breast Cancer,,rejected,,,Name clash: the sweep matched the synonym PRoBaND against the word 'proband' in a description of BCFR and kConFab data collection. Tracking Parkinson's is not mentioned; no link.,s038
COHO:0000284,International HapMap Project,COHO:0000411,Korean Genome and Epidemiology Study,,rejected,,,"KoGES genotype data were imputed using 'the Korean HapMap data' as a reference panel; this is a reference-panel mention, not the International HapMap Project as a member of KoGES.",s038
COHO:0000758,Malmö Diet and Cancer Study–Cardiovascular Cohort,COHO:0000787,Malmö Preventive Project,,rejected,,,"The paper describes MDC-CC as randomly selected from the Malmo Diet and Cancer study (already linked) and MPP as a separate cohort set up in 1974; the two are adjacent study descriptions, and MDC-CC is not drawn from MPP.",s038
COHO:0000150,Sahlgrenska Academy Study on Ischemic Stroke,COHO:0000651,Stroke Genetics Network,memberOf,confirmed,"DNA was extracted from whole blood and genotyping was performed with either the HumanOmniExpress Exome BeadChip v1.0 at the Broad Institute (SAHLSIS: n = 756; MDC: n = 2,060) or the HumanOmni 5M Exome v1.0 as part of the Stroke Genetics Network (SiGN) study (SAHLSIS: n = 444; Illumina, San Diego, California, United States) as described.",https://www.ebi.ac.uk/europepmc/webservices/rest/PMC6260132/fullTextXML,444 SAHLSIS cases were genotyped as part of the SiGN study; Table 1 footnote in the same paper also says this SAHLSIS subset was 'Included in the NINDS Stroke Genetic Network (SiGN) study.' SAHLSIS is a contributing case collection of SiGN.,s038
COHO:0000296,Malmö Diet and Cancer Study,COHO:0000651,Stroke Genetics Network,,rejected,,,In this paper MDC participants were genotyped at the Broad Institute on HumanOmniExpress Exome; only SAHLSIS (n = 444) was genotyped as part of SiGN. The text does not place MDC in SiGN.,s038
COHO:0000296,Malmö Diet and Cancer Study,COHO:0000150,Sahlgrenska Academy Study on Ischemic Stroke,,rejected,,,MDC and SAHLSIS are two separate participating cohorts in a GWAS of TAFI (PMC6260132); neither is part of the other.,s038
COHO:0000651,Stroke Genetics Network,COHO:0000150,Sahlgrenska Academy Study on Ischemic Stroke,,rejected,,,"Direction wrong and relation wrong: SiGN is an aggregation that SAHLSIS contributes to (see the SAHLSIS memberOf SiGN pair), not a sub-cohort of SAHLSIS.",s038
COHO:0000117,"MOnica Risk, Genetics, Archiving and Monograph",COHO:0000061,ENGAGE AF-TIMI 48,,rejected,,,"Name clash: 'ENGAGE project, grant agreement HEALTH-F4-2007-201413' is the EU FP7 ENGAGE consortium (a funding acknowledgement), not the ENGAGE AF-TIMI 48 trial. No link.",s038
COHO:0001145,Berkeley Aging Cohort Study,COHO:0000367,Alzheimer's Disease Neuroimaging Initiative,,rejected,,,"Figure legend listing separate correlation matrices for ADNI, NIMROD, NUS, BACS and AIBL; BACS is a distinct cohort compared alongside ADNI, not part of it.",s038
COHO:0001145,Berkeley Aging Cohort Study,COHO:0000405,"Australian Imaging, Biomarker & Lifestyle Flagship Study of Ageing",,rejected,,,Same figure legend listing BACS and AIBL as separate datasets; no sub-cohort relation.,s038
COHO:0002604,Finnish HPV vaccination cohort,COHO:0002599,Swedish Cervical Screening Cohort,,rejected,,,"Both are listed as separate data sources (Swedish cervical screening cohort RNA-Seq, Finnish HPV vaccination cohort DNA sequences) for developing an HPV detection algorithm; neither is part of the other.",s038
COHO:0000023,Cancer Genome Atlas,COHO:0002604,Finnish HPV vaccination cohort,,rejected,,,"TCGA and the Finnish HPV vaccination cohort are listed as separate sequence datasets; the second sentence's 'HPV' is the virus, not the cohort synonym. No link.",s038
COHO:0000383,Mass General Brigham Biobank,COHO:0000059,Dutch Microbiome Project,,rejected,,,"The sweep matched 'partners' (a synonym of Mass General Brigham Biobank) in 'relatives or partners of the included patients'; the sentence is about merging a study's data with Lifelines DMP participants. The Mass General Brigham Biobank is not mentioned, so this is a name clash.",s039
COHO:0000181,Viking Health Study,COHO:0000927,Northern Sweden Health and Disease Study,,rejected,,,"Name clash: in this paper VIKING is the 'Västerbotten Imputation Databank of Near-Complete Genomes' study set within the NSHDS in northern Sweden, not the Viking Health Study of Shetland (COHO:0000181). The quoted sentence says GLACIER, not VIKING, is nested within the NSHDS. A VIKING (Västerbotten) term, if ever minted, could be linked to NSHDS from this paper.",s039
COHO:0000371,Million Veteran Program,COHO:0000560,International Lung Cancer Consortium,,rejected,,,MVP and ILCCO are two separate datasets meta-analysed side by side in a lung cancer GWAS. The paper does not say MVP is a member of ILCCO.,s039
COHO:0001284,"Assessment, Serial Evaluation, and Subsequent Sequelae of Acute Kidney Injury Study",COHO:0000541,Kaiser Permanente Research Bank,,rejected,,,"'Kaiser Permanente' here means Kaiser Permanente Northern California, one of the clinical research centre networks that recruited hospitalised patients into ASSESS-AKI. It is an institution and a recruitment site, not the Kaiser Permanente Research Bank.",s039
COHO:0001284,"Assessment, Serial Evaluation, and Subsequent Sequelae of Acute Kidney Injury Study",COHO:0000417,BioVU,,rejected,,,"'Vanderbilt' here means Vanderbilt University (Medical Center), one of the ASSESS-AKI clinical research centre networks. It is an institution and a recruitment site, not the BioVU biobank.",s039
COHO:0000284,International HapMap Project,COHO:0000504,Insulin Resistance Atherosclerosis Family Study,,rejected,,,HapMap is mentioned as a reference population for allele frequencies. IRAS/IRASFS samples are used separately. There is no sub-cohort relation.,s039
COHO:0000550,Prevention of Renal and Vascular End-stage Disease study,COHO:0000410,Study of Health in Pomerania-TREND,,rejected,,,The sweep hit consecutive funding statements for different studies in an acknowledgements section. PREVEND and SHIP-Trend are unrelated cohorts.,s039
COHO:0001138,23Mofang cohort,COHO:0000423,All of Us Research Program,,rejected,,,"23Mofang, MVP and All of Us are separate cohorts in a myopia/refractive error GWAS. 'Part of' refers to genotyping through the 23Mofang Personal Genome Services, not to All of Us.",s039
COHO:0000176,UK Biobank,COHO:0000078,Genetic Epidemiology of Asthma in Costa Rica,,rejected,,,UK Biobank is used as a separate replication dataset. GACRS and CAMP were sequenced as part of TOPMed. UK Biobank is not part of GACRS.,s039
COHO:0000176,UK Biobank,COHO:0000998,Childhood Asthma Management Program,,rejected,,,UK Biobank is used as a separate replication dataset. GACRS and CAMP were sequenced as part of TOPMed. UK Biobank is not part of CAMP.,s039
COHO:0000002,1000 Genomes,COHO:0001030,PsyCourse Study,,rejected,,,1000 Genomes super-populations are used as an ancestry reference for PsyCourse subjects in a PCA plot. There is no sub-cohort relation.,s039
COHO:0000485,"Prostate, Lung, Colorectal, and Ovarian Cancer Screening Trial",COHO:0000598,"Alpha-Tocopherol, Beta-Carotene Cancer Prevention Study",,rejected,,,PLCO and ATBC are two independent nested case-control sources cited together (RCC genotyping and PDAC metabolomics). Neither is part of the other.,s039
COHO:0000016,Avon Longitudinal Study of Parents and Children,COHO:0000695,SpiroMeta Consortium,memberOf,confirmed,"The SpiroMeta consortium consists of 14 GWAS studies: ALSPAC, B58C-T1DGC, B58C-WTCCC, EPIC (obese and population-based substudies), the EUROSPAN studies (Korcula, NSPHS, ORCADES and Vis), FTC (incorporating the FinnTwin16 and Finnish Twin Study on Aging), KORA S3, NFBC1966, SHIP and TwinsUK (see Table 1 for definitions of acronyms).",https://pmc.ncbi.nlm.nih.gov/articles/PMC2862965/,"Direction reversed: ALSPAC is one of the 14 stage-1 GWAS studies of the SpiroMeta consortium (Repapi et al. 2010, Methods 'Stage 1 samples'; Table 1 footnote expands ALSPAC as Avon Longitudinal Study of Parents and Children). SpiroMeta is typed cohort aggregation, so ALSPAC memberOf SpiroMeta.",s040
COHO:0000065,European Prospective Investigation into Cancer,COHO:0000695,SpiroMeta Consortium,memberOf,confirmed,"The SpiroMeta consortium consists of 14 GWAS studies: ALSPAC, B58C-T1DGC, B58C-WTCCC, EPIC (obese and population-based substudies), the EUROSPAN studies (Korcula, NSPHS, ORCADES and Vis), FTC (incorporating the FinnTwin16 and Finnish Twin Study on Aging), KORA S3, NFBC1966, SHIP and TwinsUK (see Table 1 for definitions of acronyms).",https://pmc.ncbi.nlm.nih.gov/articles/PMC2862965/,"Direction reversed: EPIC (obese-case and population-based substudies) is a SpiroMeta stage-1 study; the Table 1 footnote expands it only as 'European Prospective Investigation into Cancer and Nutrition'. Caution for the curator: the only Norfolk mention in the paper is a cited reference ('Respiratory function and self-reported functional health: EPIC-Norfolk population study'), and the UK spirometry samples are EPIC-Norfolk, so the more specific member may be COHO:0000066 (EPIC-Norfolk) rather than EPIC as a whole; the cached text does not state Norfolk for the SpiroMeta samples themselves.",s040
COHO:0000016,Avon Longitudinal Study of Parents and Children,COHO:0000065,European Prospective Investigation into Cancer,,rejected,,,ALSPAC and EPIC are only listed side by side as fellow member studies of the SpiroMeta consortium; neither is part of the other.,s040
COHO:0001010,Genetic Links to Anxiety and Depression Study,COHO:0000900,NIHR Cambridge BioResource,,rejected,,,"The texts say GLAD recruits into the NIHR Mental Health BioResource / is 'a project within the National Institute for Health Research (NIHR) BioResource' (the national BioResource, COHO:0000312, already GLAD's parent), not the NIHR Cambridge BioResource. The match came from the generic synonym 'BioResource' of COHO:0000900.",s040
COHO:0001444,Center for Oral Health Research in Appalachia cohort 2,COHO:0001440,Center for Oral Health Research in Appalachia cohort 1,,rejected,,,"The sentence only says that COHRA2, Dental SCORE and a subset of COHRA1 were genotyped on the same chip. COHRA1 and COHRA2 are two distinct cohorts of the Center for Oral Health Research in Appalachia (both already members of COHO:0001000); COHRA2 is not drawn from COHRA1.",s040
COHO:0000176,UK Biobank,COHO:0000424,BioMe Biobank,,rejected,,,UK Biobank and BioMe are just two separate datasets used in the same analyses (a table of participants from both; independent validation populations). No sub-cohort relation.,s040
COHO:0001159,Chicago Health and Aging Project,COHO:0000063,Erasmus Rucphen Family Study,,rejected,,,The document is the NIAGADS DSS list of studies; CHAP and an entry beginning 'Er...' simply appear as consecutive list items. Nothing links CHAP (Chicago) to the Erasmus Rucphen Family study (Netherlands).,s040
COHO:0001159,Chicago Health and Aging Project,COHO:0000081,Genetic Research in Isolated,,rejected,,,Same NIAGADS study-list page; CHAP is a Chicago population study and has no relation to the Dutch Genetic Research in Isolated Populations programme. Adjacency in a list only.,s040
COHO:0000695,SpiroMeta Consortium,COHO:0000176,UK Biobank,,rejected,,,"Shrine et al. 2019 analysed UK Biobank and the SpiroMeta consortium (79,055 individuals from 22 studies) as separate discovery sets; an unrelated subset of UK Biobank individuals was used only as the LD reference for SpiroMeta. SpiroMeta is not part of UK Biobank.",s040
COHO:0002691,Environmental influences on Child Health Outcomes Cohort,COHO:0000383,Mass General Brigham Biobank,,rejected,,,"Name clash: the sentences are about the ECHO Program's Cycle 2 protocol and mention participants' 'partners' (the matched word is a synonym, 'Partners', of the Mass General Brigham Biobank). The biobank is not mentioned.",s040
COHO:0001227,Research in African American Alzheimer Disease Initiative,COHO:0000669,National Institute on Aging Late Onset Alzheimer's Disease Family Study,,rejected,,,"Participants were ascertained through two separate studies, REAAADI and the NIA-LOAD Family Based Study, whose families were analysed together. The text does not say REAAADI is drawn from NIA-LOAD.",s040
COHO:0001282,Anglo-Scandinavian Cardiac Outcomes Trial,COHO:0000539,Prospective Study of Pravastatin in the Elderly at Risk,,rejected,,,"ASCOT and PROSPER are adjacent columns in tables of cardiovascular-risk cohorts pooled in a biomarker study (19,257 and 5,804 patients respectively); they are independent trials.",s040
COHO:0000125,Netherlands Twin Registry,COHO:0001026,MRC National Survey of Health and Development,,rejected,,,NTR and NSHD are separate cohorts contributing to the same age-at-onset-of-walking GWAS meta-analysis (with MoBa and Lifelines); no sub-cohort relation is stated.,s041
COHO:0000066,European Prospective Investigation of Cancer-Norfolk,COHO:0000061,ENGAGE AF-TIMI 48,,rejected,,,"Acknowledgements text: 'ENGAGE' here is the EU FP7 ENGAGE grant funding FITSA, not the ENGAGE AF-TIMI 48 trial; name clash, and nothing links EPIC-Norfolk to it.",s041
COHO:0000296,Malmö Diet and Cancer Study,COHO:0000947,Gene-Lifestyle Interactions in Dental Endpoints,memberOf,confirmed,"Overview of study design and participants in GLIDE The contributing studies were (1) Atherosclerosis Risk in Communities (ARIC); (2) The Center for Oral Health in Appalachia cohort 1 (COHRA1), which is part of the GENEVA caries consortium; (3) the Dental Registry and DNA Repository of the University of Pittsburgh School of Dental Medicine, (DRDR), also part of the GENEVA caries consortium; (4) the Hispanic Community Health Study/Study of Latinos (HCHS/SOL); (5) the Malmö Diet and Cancer Study (MDC); 6) the Northern Finland Birth Cohort 1966 (NFBC 1966); (7) the Study of Health in Pomerania (SHIP), (8) the Study of Health in Pomerania Trend (SHIP Trend); (9) TWINGENE, which is a genotyped epidemiological study recruited from the Swedish Twin Registry (TWINGENE); (10) the Women’s Genome Health Study (WGHS); (11) Biobank Japan (BBJ) and (12) Tokyo Medical and Dental University Aggressive Periodontitis Study (TMDUAGP).",https://pmc.ncbi.nlm.nih.gov/articles/PMC6591304/,"The Malmö Diet and Cancer Study is one of the twelve contributing studies of the GLIDE consortium (a cohort aggregation), so MDC is a member of GLIDE, not the other way round.",s041
COHO:0000193,TwinGene Study,COHO:0000947,Gene-Lifestyle Interactions in Dental Endpoints,memberOf,confirmed,"Overview of study design and participants in GLIDE The contributing studies were (1) Atherosclerosis Risk in Communities (ARIC); (2) The Center for Oral Health in Appalachia cohort 1 (COHRA1), which is part of the GENEVA caries consortium; (3) the Dental Registry and DNA Repository of the University of Pittsburgh School of Dental Medicine, (DRDR), also part of the GENEVA caries consortium; (4) the Hispanic Community Health Study/Study of Latinos (HCHS/SOL); (5) the Malmö Diet and Cancer Study (MDC); 6) the Northern Finland Birth Cohort 1966 (NFBC 1966); (7) the Study of Health in Pomerania (SHIP), (8) the Study of Health in Pomerania Trend (SHIP Trend); (9) TWINGENE, which is a genotyped epidemiological study recruited from the Swedish Twin Registry (TWINGENE); (10) the Women’s Genome Health Study (WGHS); (11) Biobank Japan (BBJ) and (12) Tokyo Medical and Dental University Aggressive Periodontitis Study (TMDUAGP).",https://pmc.ncbi.nlm.nih.gov/articles/PMC6591304/,"TwinGene is one of the twelve contributing studies of the GLIDE consortium (a cohort aggregation), so TwinGene is a member of GLIDE, not the other way round.",s041
COHO:0002267,Mount Sinai Hospital-Princess Margaret Multicancer Study,COHO:0001587,Copenhagen General Population Study,,rejected,,,MSH-PMH and CGPS are two separate studies whose cancer-free participants were both used to estimate telomere length effects; no sub-cohort relation.,s041
COHO:0000423,All of Us Research Program,COHO:0000457,Penn Medicine BioBank,,rejected,,,"PMBB, CCPM and All of Us are three separate biobanks used for replication; the 'part of' refers to PMBB and CCPM being part of GBMI, not to All of Us.",s041
COHO:0000423,All of Us Research Program,COHO:0000482,Colorado Center for Personalized Medicine Biobank,,rejected,,,"PMBB, CCPM and All of Us are three separate biobanks used for replication; the 'part of' refers to PMBB and CCPM being part of GBMI, not to All of Us.",s041
COHO:0000385,Framingham Heart Study,COHO:0001519,Blood-Cell Consortium,memberOf,confirmed,"Platelet Function Exomechip Two BCX cohorts, GeneSTAR and the Framingham Heart Study (FHS), measured platelet aggregation in a subset of genotyped participants.",https://pmc.ncbi.nlm.nih.gov/articles/PMC5005441/,"The text calls FHS one of the 'BCX cohorts', i.e. a cohort of the Blood-Cell Consortium (a cohort aggregation); the direction is FHS memberOf BCX.",s041
COHO:0001240,Swedish Twin study of CHild and Adolescent Development,COHO:0001624,Copenhagen Lung Cancer Study,,rejected,,,"Funding acknowledgements listing TCHAD and TDCOB; 'Copenhagen' matched only as part of an institution name (University of Copenhagen / Novo Nordisk centre), not the Copenhagen Lung Cancer Study. Name clash.",s041
COHO:0000402,HOLBAEK Study,COHO:0001624,Copenhagen Lung Cancer Study,,rejected,,,"Funding acknowledgement: TDCOB 'is part of the research activities in the Novo Nordisk Research Foundation Center for Basic Metabolic Research, University of Copenhagen', an institution; 'Copenhagen' is not the Copenhagen Lung Cancer Study. Name clash.",s041
COHO:0001319,Scottish AMD study,COHO:0000060,Edinburgh Stroke Study,,rejected,,,"'Edinburgh' matched the phrase 'The University of Edinburgh collection' (stroke cases collected as part of the Edinburgh Stroke Study), not the Scottish AMD study, whose synonym is 'Edinburgh'. Name clash; the AMD study is unrelated to the stroke study.",s041
COHO:0000227,CALGB 40601,COHO:0000311,NeoALTTO,,rejected,,,CALGB 40601 and NeoALTTO are two separate neoadjuvant HER2+ breast cancer trials whose RNA-seq cohorts are compared; neither is part of the other.,s041
COHO:0000581,European Medical Information Framework for Alzheimer's Disease Multimodal Biomarker Discovery study,COHO:0000968,Janssen lifetime suicide attempt cohort,,rejected,,,Data-availability list in a supplement: EMIF-AD and Janssen are separate numbered entries (13 and 15) of the cohorts used. No link between them is stated.,s042
COHO:0000016,Avon Longitudinal Study of Parents and Children,COHO:0000207,1958 British Birth Cohort,,rejected,,,"End of the ALSPAC description runs into the heading of the 1958 Birth Cohort description in a supplementary cohort list. These are two independent UK birth cohorts, and no link is stated.",s042
COHO:0000429,PainOMICS Retrospective Study,COHO:0000387,European Prospective Investigation into Cancer and Nutrition-Potsdam,,rejected,,,"Glycomics supplement describing how the samples of several cohorts (PainOmics, SABRE, EPIC-Potsdam, SOCCS, TwinsUK) were processed and split. The 'subcohorts' are PainOmics' own country or array batches. Nothing says PainOmics is part of EPIC-Potsdam.",s042
COHO:0002483,University of California San Francisco Atrial Fibrillation Study,COHO:0000985,Trans-Omics for Precision Medicine Program,memberOf,confirmed,dbGaP Study NHLBI TOPMed - NHGRI CCDG: UCSF Atrial Fibrillation Study dbGaP Study Accession: phs001933.v2.p1 Subject Sample Telemetry Report (SSTR) Study version history Study phs001933.v1.p1 phs001933.v2.p1 Study Phenotype Datasets Variables Molecular Datasets Analyses Documents Jump to: Authorized Access | Attribution | Authorized Requests Study Description Important Links and Information Request access via Authorized Access Instructions for requestors Data Use Certification (DUC) Agreement Talking Glossary of Genetic Terms This study is part of the NHLBI Trans-Omics for Precision Medicine (TOPMed) Whole Genome Sequencing Program.,https://www.ncbi.nlm.nih.gov/projects/gap/cgi-bin/study.cgi?study_id=phs001933.v2.p1,"The dbGaP page for the UCSF Atrial Fibrillation Study (phs001933) says the study is part of the TOPMed Whole Genome Sequencing Program, and adds that 'A subset of 113 participants with early-onset atrial fibrillation underwent WGS as a part of the TOPMed Program.' TOPMed is typed cohort aggregation. The quote is long because the page title and the statement fall in one extracted sentence. A shorter alternative is 'This study is part of the NHLBI Trans-Omics for Precision Medicine (TOPMed) Whole Genome Sequencing Program.'",s042
COHO:0001387,Pancreatic Cancer Case-Control Consortium,COHO:0001663,Gastrointestinal Cancer Clinic of Dana-Farber Cancer Institute Study,,rejected,,,"The dbGaP PanScan page (phs000206) lists the PanC4 studies included in PanScan II, then says DFCI-GCC was one of three additional studies included in PanScan III. So DFCI-GCC is not part of PanC4, and PanC4 is not part of DFCI-GCC. DFCI-GCC's existing memberOf COHO:0001218 already covers what the page says.",s042
COHO:0000541,Kaiser Permanente Research Bank,COHO:0001663,Gastrointestinal Cancer Clinic of Dana-Farber Cancer Institute Study,,rejected,,,"'Kaiser Permanente' here is Northern California Kaiser Permanente, a PanC4 study site listed for PanScan II. It is not the Kaiser Permanente Research Bank (a name clash on the synonym 'Kaiser Permanente'), and it is a separate entry from DFCI-GCC. The page states no link between them.",s042
COHO:0002599,Swedish Cervical Screening Cohort,COHO:0002604,Finnish HPV vaccination cohort,,rejected,,,"One sentence describes the Swedish Cervical Screening Cohort, and in it 'HPV' means the virus, not the Finnish cohort (a name clash on the synonym 'HPV'). The other sentence cites the Swedish and Finnish cohorts side by side as separate data sources. No link is stated.",s042
COHO:0000182,Wellcome Trust Case Control Consortium,COHO:0001068,CLOZUK study,,rejected,,,"CLOZUK samples were genotyped through the WTCCC2 pipeline at the Sanger Institute and used by WTCCC2 as a replication sample. That makes WTCCC a genotyping and analysis route here, not a parent cohort, and the proposed direction (WTCCC as a sub-cohort of CLOZUK) is meaningless. The text does not state that CLOZUK is a member cohort of the WTCCC.",s042
COHO:0000393,Metabolic Syndrome in Men Study,COHO:0001568,Collaborative Atorvastatin Diabetes Study,,rejected,,,Reference list: a METSIM paper and the CARDS trial paper are cited next to each other. No link.,s042
COHO:0000059,Dutch Microbiome Project,COHO:0000108,LifeLines,isSubCohortOf,confirmed,"This study used a subset of 8,208 volunteers from the Lifelines population cohort, enrolled in a parallel project: The Dutch Microbiome Project (DMP).",https://media.springernature.com/original/springer-static/esm/art%3A10.1038%2Fs41588-021-00992-y/MediaObjects/41588_2021_992_MOESM2_ESM.pdf,"The Dutch Microbiome Project is a subset of Lifelines participants, so the link runs DMP isSubCohortOf LifeLines. The DMP definition agrees ('Dutch Lifelines participants').",s042
COHO:0000433,Generation Scotland: Scottish Family Health Study,COHO:0000065,European Prospective Investigation into Cancer,,rejected,,,Cohort descriptions in a methods section. The 'part of' cue belongs to EPIC-Norfolk being part of EPIC. Generation Scotland is a separate cohort described in the previous sentence and is not part of EPIC.,s042
COHO:0000906,Doetinchem Cohort Study,COHO:0000374,Amsterdam Dementia Cohort,,rejected,,,"Name clash: the 'Amsterdam' in this Doetinchem cohort profile is the Longitudinal Ageing Study Amsterdam (used together for a smoking analysis), not the Amsterdam Dementia Cohort. No sub-cohort relation stated.",s043
COHO:0000906,Doetinchem Cohort Study,COHO:0000065,European Prospective Investigation into Cancer,isSubCohortOf,confirmed,"Round 2 of the Doetinchem Cohort Study was part of the international EPIC study,39,40 and of the spin-off projects on diabetes (EPIC- Interact)41 and cardiovascular disease (EPIC-CVD).42",https://www.ebi.ac.uk/europepmc/webservices/rest/PMC5837330/fullTextXML,"The Doetinchem cohort profile update says its round 2 (1993-97, the MORGEN project) was part of EPIC, so the direction is Doetinchem -> EPIC, not EPIC -> Doetinchem. Caveat for the curator: only round 2 (6,117 of the 12,404 baseline participants; later rounds re-invite round-2 invitees) was part of EPIC (via EPIC-NL/MORGEN), so the overlap is partial; decide whether a partial-wave contribution warrants isSubCohortOf.",s043
COHO:0001004,European Prospective Investigation into Cancer and Nutrition–Cardiovascular Disease Study,COHO:0000906,Doetinchem Cohort Study,,rejected,,,"The text says Doetinchem round 2 took part in EPIC and its spin-off EPIC-CVD; EPIC-CVD is a case-cohort drawn from EPIC across centres, not a sub-cohort of Doetinchem. At most Doetinchem contributed participants to EPIC-CVD, which is already covered by EPIC-CVD isSubCohortOf EPIC and the Doetinchem -> EPIC link (see pair 2).",s043
COHO:0000284,International HapMap Project,COHO:0001482,Aichi Colorectal Cancer Study,,rejected,,,"Name clash: 'Aichi' here is Aichi Prefecture (Kita-nagoya) as a sampling region of the Asian Diversity Project, not the Aichi Colorectal Cancer Study; HapMap is only used as an imputation reference panel.",s043
COHO:0002274,"Prostate Project Foundation - Postgraduate Medical School, Surrey",COHO:0000398,Systematic and Combined Analysis of Olink Proteins,,rejected,,,"Name clash: 'the Sun study' is the SomaScan pQTL study by Sun et al., not the SUN / PPF-UNIS prostate cancer study. The sentence only compares SomaScan pQTLs with Olink pQTLs from SCALLOP; no membership stated.",s043
COHO:0000307,Multiple Tissue Human Expression Resource,COHO:0000023,Cancer Genome Atlas,,rejected,,,"MuTHER and TCGA are listed as separate public expression datasets used for in-silico analysis; 'as part of the Cancer Genome Atlas project' refers to the CRC expression data, not to MuTHER.",s043
COHO:0000442,Michigan Genomics Initiative,COHO:0001097,Men of African Descent and Carcinoma of the Prostate,,rejected,,,MGI and MADCaP are listed side by side as independent validation samples for the prostate cancer GRS; no sub-cohort relation.,s043
COHO:0000023,Cancer Genome Atlas,COHO:0002599,Swedish Cervical Screening Cohort,,rejected,,,TCGA RNA-Seq data and data from the Swedish cervical screening cohort are separate datasets used to develop an HPV detection algorithm; no sub-cohort relation (and TCGA is an aggregation).,s043
COHO:0000996,Bonn Study of COVID Genetics,COHO:0000581,European Medical Information Framework for Alzheimer's Disease Multimodal Biomarker Discovery study,,rejected,,,"Name clash: the match is the surname 'Paolo Bosco' in the acknowledgements of the 2018 EMIF-AD MBD paper, not the Bonn Study of COVID Genetics (BoSCO), which postdates the paper.",s043
COHO:0000444,Cohorts for Heart and Aging Research in Genomic Epidemiology Consortium,COHO:0000449,23andMe research cohort,,rejected,,,CHARGE and 23andMe are cited together as data sources in a Parkinson's disease meta-analysis; CHARGE is an aggregation and is not a sub-cohort of 23andMe.,s043
COHO:0001148,National Cancer Institute Breast and Prostate Cancer Cohort Consortium,COHO:0002435,Finnish Genetic Predisposition to Prostate Cancer Study,,rejected,,,"BPC3 GWAS samples and the TAMPERE study samples are mentioned in consecutive, unrelated sentences of the methods; no sub-cohort or membership relation (and BPC3 is an aggregation).",s043
COHO:0000051,Diabetes Prevention Program,COHO:0000118,Monitoring of Trends and Determinants in Cardiovascular Disease,,rejected,,,"Reference-list match: 'Diabetes Prevention Program' is the Finnish National Diabetes Prevention Program (FIN-D2D), not the US DPP, and MONICA appears in a separate reference; no relation stated.",s043
COHO:0001072,FIN-D2D 2007,COHO:0000118,Monitoring of Trends and Determinants in Cardiovascular Disease,,rejected,,,"The sweep hit the reference list of PMC3118241 (a FIN-D2D paper citing the WHO MONICA Project among other references); nothing says FIN-D2D 2007 is part of MONICA, which ran in 1980s-1990s populations.",s044
COHO:0000861,DeCOI cohort,COHO:0000002,1000 Genomes,,rejected,,,"1000 Genomes data were used only as an ancestry reference to select a homogeneous subset of the DeCOI cohort; the DeCOI participants are German/Italian COVID-19 patients, not 1000 Genomes samples.",s044
COHO:0000078,Genetic Epidemiology of Asthma in Costa Rica,COHO:0000176,UK Biobank,,rejected,,,UK Biobank was an independent replication sample: gene-by-sex interactions found in GACRS/CAMP were also tested in a subset of UK Biobank adults. The Costa Rica cohort is not part of UK Biobank.,s044
COHO:0000998,Childhood Asthma Management Program,COHO:0000176,UK Biobank,,rejected,,,UK Biobank was an independent replication sample for the GACRS/CAMP findings; CAMP (a North American children's trial) is not part of UK Biobank.,s044
COHO:0000015,Australian Twin Registry,COHO:0000744,Brisbane Longitudinal Twin Study,,rejected,,,"PMC3855231 describes the Twins Eye Study in Tasmania, which recruited through the ATR and, separately, from BATS at QIMR; twins not on the ATR were invited to enrol in it. Neither ATR nor BATS is stated to be drawn from the other (the proposed direction, ATR within BATS, is plainly wrong, and the text does not say BATS is a sub-sample of the ATR either).",s044
COHO:0000714,Mayo Genome Consortia,COHO:0000401,Mayo Clinic Biobank,,rejected,,,"The paper says only that 6% of MayoGC phase 1 participants were also enrolled in the Mayo Clinic Biobank, so specimens exist for that overlapping subset. MayoGC is assembled from other Mayo research studies, not from the Biobank; this is partial overlap, not a sub-cohort link.",s044
COHO:0001061,Blue Mountains Eye Study,COHO:0000182,Wellcome Trust Case Control Consortium,memberOf,confirmed,"The BMES protocol has been described in detail by Mitchell et al.32 Participants were genotyped with Human660W-Quad (Illumina) as part of the Wellcome Trust Case Control Consortium 2 (WTCCC2) at the Sanger Institute, Hinxton, United Kingdom.",https://pmc.ncbi.nlm.nih.gov/articles/PMC4141707/,"BMES was one of the WTCCC2 collections: the paper calls the sample the 'WTCCC2/BMES cohort' and its funding statement says the Wellcome Trust paid, 'as part of Wellcome Trust Case Control Consortium 2', for genotyping of the entire BMES population. COHO:0000182 already has a WTCCC2 collection as a member (COHO:0001133, Parkinson's), so WTCCC2 collections are treated as members of this term. Curator may prefer to cite the funding sentence instead.",s044
COHO:0000146,Psychiatric GWAS Consortium,COHO:0000284,International HapMap Project,,rejected,,,HapMap 3 was the imputation reference for PGC genotype data; the PGC is not drawn from the HapMap samples.,s044
COHO:0000628,Yale-Penn study,COHO:0002536,University of Wisconsin Transdisciplinary Tobacco Use Research Center Trial,,rejected,,,Yale-Penn and UW-TTURC are listed as two of five independent European-ancestry follow-up samples; neither is part of the other.,s044
COHO:0002536,University of Wisconsin Transdisciplinary Tobacco Use Research Center Trial,COHO:0000628,Yale-Penn study,,rejected,,,UW-TTURC and Yale-Penn are listed as two of five independent follow-up samples; neither is part of the other.,s044
COHO:0001214,Linxian General Population Nutrition Intervention Trial,COHO:0001234,Shanxi Upper Gastrointestinal Cancer Genetics Project,,rejected,,,"The table footnote says the NCI study 'includes NCI Shanxi and NIT', i.e. the two are separate sub-studies pooled in one NCI GWAS; NIT (Linxian, Henan) is not part of the Shanxi UGI Cancer Genetics Project.",s044
COHO:0000400,Religious Orders Study and Rush Memory and Aging Project,COHO:0000480,National Alzheimer's Coordinating Center,,rejected,,,"The sweep joined the end of the ROSMAP paragraph to the start of the ADGC paragraph, which says ADGC samples are distributed by NACC. The text does not say ROSMAP is part of NACC.",s044
COHO:0001292,Brigham and Women's Rheumatoid Arthritis Sequential Study,COHO:0000925,North American Rheumatoid Arthritis Consortium,,rejected,,,BRASS and NARAC-III are separate case collections in this RA GWAS meta-analysis (PMC4243840); the sentence says NIMH shared controls were added to the BRASS collection and Illumina iControls to NARAC III. Neither is drawn from the other.,s045
COHO:0000029,CARDIoGRAMplusC4D,COHO:0000002,1000 Genomes,,rejected,,,"The paper (PMC9314075) used CARDIoGRAMplusC4D summary statistics and LD scores precomputed from the 1000G European population; the two are only mentioned together, and a consortium is not part of 1000 Genomes.",s045
COHO:0000029,CARDIoGRAMplusC4D,COHO:0000071,FINRISK,,rejected,,,The sentence says the FINRISK data are part of the THL Biobank (an ethics statement); CARDIoGRAMplusC4D is named in the previous sentence only as a data source. CARDIoGRAMplusC4D is not a member of FINRISK.,s045
COHO:0000968,Janssen lifetime suicide attempt cohort,COHO:0000424,BioMe Biobank,,rejected,,,"The matched names are institutions, not these cohorts: 'Janssen' is Janssen Biotech and 'Mount Sinai' is the Icahn School of Medicine, named in funding and conflict-of-interest statements about an IBD cohort (PMC8263768). The text names neither the Janssen suicide-attempt cohort nor the BioMe Biobank.",s045
COHO:0000176,UK Biobank,COHO:0000893,African Ancestry Anthropometry Genetics Consortium,,rejected,,,PMC8990175 uses AAAGC and GIANT as lookup meta-analyses and the UKBB British subsample as an independent replication; UK Biobank is not stated to be an AAAGC member.,s045
COHO:0000374,Amsterdam Dementia Cohort,COHO:0000020,Breast Cancer Association Consortium,,rejected,,,"Name clash: 'Amsterdam' in the sentence is the city where Agendia tested MINDACT tumour samples (PMC10082287), not the Amsterdam Dementia Cohort. The sentence concerns MINDACT consent for the iCOGS project.",s045
COHO:0000485,"Prostate, Lung, Colorectal, and Ovarian Cancer Screening Trial",COHO:0001583,Central and Eastern European Renal Cell Carcinoma Study,,rejected,,,"PMC3277315 lists PLCO (a nested case-control study), ATBC, CEERCC and USKC as separate contributing studies; PLCO is not part of CEERCC.",s045
COHO:0000395,Trøndelag Health Study,COHO:0000002,1000 Genomes,,rejected,,,"PMC6612519 describes the HUNT genotyping array's custom content, which includes variants from HUNT sequencing and Neanderthal SNPs from the 1000 Genomes Project. HUNT participants are not part of 1000 Genomes.",s045
COHO:0000558,Genetic Investigation of ANthropometric Traits consortium,COHO:0000002,1000 Genomes,,rejected,,,Same array-content sentence (PMC6612519): height variants from GIANT and Neanderthal SNPs from 1000 Genomes are listed as marker sources. There is no cohort link.,s045
COHO:0000616,Exeter Family Study of Childhood Health,COHO:0000387,European Prospective Investigation into Cancer and Nutrition-Potsdam,,rejected,,,"The hit is an acknowledgements table (PMC11399760) with one row per study (EFSOCH, EPIC-Norfolk, EPIC-Potsdam). These are separate studies, and EFSOCH is an Exeter family study, not part of EPIC-Potsdam.",s045
COHO:0000011,Atherosclerosis Risk in Communities Study,COHO:0000207,1958 British Birth Cohort,,rejected,,,"PMC3736869 lists ARIC, Fels and extra B58C and PLCO participants as separate follow-up GWAS. ARIC is a US cohort and is not drawn from the 1958 British Birth Cohort.",s045
COHO:0000011,Atherosclerosis Risk in Communities Study,COHO:0000485,"Prostate, Lung, Colorectal, and Ovarian Cancer Screening Trial",,rejected,,,"In the same follow-up list (PMC3736869), ARIC and PLCO (PLCO2) are separate studies. ARIC is not part of PLCO.",s045
COHO:0000119,Multi-Ethnic Study of Atherosclerosis,COHO:0001159,Chicago Health and Aging Project,,rejected,,,"The sentence says a Chicago air-pollution spatial model was developed as part of the MESA Coarse Study and later applied to CHAP participants' addresses; it is an exposure model, not a statement that MESA participants are part of CHAP. No link.",s046
COHO:0000604,WHI SNP Health Association Resource,COHO:0001586,Candidate Gene Association Resource,,rejected,,,"'SHARe' here is the NHLBI SNP Health Association Resource genotyping project for the Framingham Heart Study, not the WHI SHARe sub-study (name clash via the synonym SHARe). The sentence says FHS is part of SHARe and CARe; nothing about WHI-SHARe belonging to CARe (CARe's nine cohorts do not include WHI).",s046
COHO:0000176,UK Biobank,COHO:0000388,Hispanic Community Health Study/Study of Latinos,,rejected,,,UK Biobank results and an HCHS/SOL unrelated sample set used for LD calculation are merely mentioned together; no membership relation.,s046
COHO:0000773,Colorectal Transdisciplinary Study,COHO:0000176,UK Biobank,,rejected,,,"GECCO, CORECT and UKB are listed together as sources of GWAS summary statistics; CORECT is not part of UK Biobank.",s046
COHO:0000061,ENGAGE AF-TIMI 48,COHO:0001177,Gene-Lifestyle Interactions and Complex Traits Involved in Elevated Disease Risk Study,,rejected,,,"'ENGAGE' here is the EU FP7 grant 'European Network for Genetic and Genomic Epidemiology', not the ENGAGE AF-TIMI 48 trial (name clash). The sentence says GLACIER is nested within the Northern Sweden Health and Disease Study (already asserted as GLACIER isSubCohortOf COHO:0000927); nothing links ENGAGE AF-TIMI 48 to GLACIER.",s046
COHO:0000148,Rotterdam Study,COHO:0000258,Genome Research at Fundació ACE,,rejected,,,"Two separate GWASs (one in the Rotterdam Study, one in GR@ACE) are cited in consecutive sentences; no relation between the cohorts.",s046
COHO:0000759,MiaLAtinX Consortium,COHO:0000424,BioMe Biobank,,rejected,,,"The match is 'Mount Sinai Health System', an institution (one of the MiaLAtinX recruitment sites), not the BioMe Biobank; BioMe is not named anywhere in the cached text of PMC13140159. No link.",s046
COHO:0000455,Genetic Study of Atherosclerosis Risk,COHO:0000385,Framingham Heart Study,,rejected,,,GeneSTAR and FHS are named as two separate BCX cohorts that each measured platelet aggregation; no membership relation.,s046
COHO:0001267,COVID-19 Kohortenstudie am Klinikum München Rechts der Isar,COHO:0001266,SweCovid study,,rejected,,,"SweCovid (Uppsala) and COMRI (Munich) are two distinct studies reported as one joint contributor ('SweCovid/COMRI') in the Long COVID HGI analysis; PMC12165857 lists them separately as 'SweCovid, COMRI'. Neither is part of the other. Both terms carry the joint label 'SweCovid-COMRI' as a synonym; curator may want an editor note on that shared synonym if not already present.",s046
COHO:0000985,Trans-Omics for Precision Medicine Program,COHO:0000544,Rotterdam Study I,,rejected,,,TOPMed appears only as an imputation reference panel for the Rotterdam Study GWAS data; RS-I WES was generated under a separate NCHA project. No link.,s046
COHO:0000386,Rhineland Study,COHO:0000387,European Prospective Investigation into Cancer and Nutrition-Potsdam,,rejected,,,EPIC-Potsdam (a subsample) and FinnGen were used as replication cohorts for Rhineland Study findings; the Rhineland Study is not part of EPIC-Potsdam.,s046
COHO:0000547,Colon Cancer Family Registry,COHO:0000377,BioBank Japan,,rejected,,,"Funding acknowledgements: the Colon CFR GWAS and, separately, a Japanese study conducted as part of the BioBank Japan Project; no relation between Colon CFR and BBJ.",s046
COHO:0000547,Colon Cancer Family Registry,COHO:0000207,1958 British Birth Cohort,,rejected,,,"Acknowledgements sentence listing separate funders and data sources of a GWAS (ng.2293): the Colon CFR GWAS, the Japanese study (BioBank Japan) and WTCCC2 genotypes of the 1958 Birth Cohort used as controls. No sub-cohort or membership relation is stated between these.",s047
COHO:0000547,Colon Cancer Family Registry,COHO:0000182,Wellcome Trust Case Control Consortium,,rejected,,,"Acknowledgements sentence listing separate funders and data sources of a GWAS (ng.2293): the Colon CFR GWAS, the Japanese study (BioBank Japan) and WTCCC2 genotypes of the 1958 Birth Cohort used as controls. No sub-cohort or membership relation is stated between these. Colon CFR is not said to be part of WTCCC.",s047
COHO:0000377,BioBank Japan,COHO:0000207,1958 British Birth Cohort,,rejected,,,"Acknowledgements sentence listing separate funders and data sources of a GWAS (ng.2293): the Colon CFR GWAS, the Japanese study (BioBank Japan) and WTCCC2 genotypes of the 1958 Birth Cohort used as controls. No sub-cohort or membership relation is stated between these.",s047
COHO:0000377,BioBank Japan,COHO:0000182,Wellcome Trust Case Control Consortium,,rejected,,,"Acknowledgements sentence listing separate funders and data sources of a GWAS (ng.2293): the Colon CFR GWAS, the Japanese study (BioBank Japan) and WTCCC2 genotypes of the 1958 Birth Cohort used as controls. No sub-cohort or membership relation is stated between these. BioBank Japan is not said to be part of WTCCC.",s047
COHO:0000423,All of Us Research Program,COHO:0000374,Amsterdam Dementia Cohort,,rejected,,,"Figure caption about PRSs computed in two separate datasets (European subset of All of Us, and an 'Amsterdam dataset'); no relation between them, and the Amsterdam dataset is not shown to be the Amsterdam Dementia Cohort.",s047
COHO:0000547,Colon Cancer Family Registry,COHO:0001615,Assessment of Risk for Colorectal Tumors in Canada,,rejected,,,"The sentence says GECCO used a subset of ARCTIC drawn from the Ontario Familial Colorectal Cancer Registry (OFCCR); it says nothing about CCFR being part of ARCTIC. The Ontario/Toronto centre is one of the six CCFR centres, so ARCTIC may relate to CCFR in the other direction, but this document does not state that OFCCR or ARCTIC is part of CCFR (a source saying the OFCCR is the CCFR Ontario site would be needed).",s047
COHO:0000066,European Prospective Investigation of Cancer-Norfolk,COHO:0001119,Sisters in Breast Screening Study,,rejected,,,"Row of a BCAC study table (ng.2563 supplement) describing the controls of the SEARCH study: (a) EPIC-Norfolk women, (b) GP-practice women, (c) SIBS participants; the next row begins the SKKDKFZ study. EPIC-Norfolk and SIBS are only listed as separate control sources/adjacent table rows; no sub-cohort relation.",s047
COHO:0000066,European Prospective Investigation of Cancer-Norfolk,COHO:0002386,Städtisches Klinikum Karlsruhe Deutsches Krebsforschungszentrum Study,,rejected,,,"Row of a BCAC study table (ng.2563 supplement) describing the controls of the SEARCH study: (a) EPIC-Norfolk women, (b) GP-practice women, (c) SIBS participants; the next row begins the SKKDKFZ study. EPIC-Norfolk and SKKDKFZ are only listed as separate control sources/adjacent table rows; no sub-cohort relation.",s047
COHO:0000159,Sweden Bipolar Disorder Cohort,COHO:0000777,Epidemiological Investigation of Multiple Sclerosis,,rejected,,,Acknowledgement for the PGC 'swed1' control set: healthy controls were collected as part of SWEBIC and two separate MS case-control studies (GEMS and EIMS). SWEBIC and EIMS are distinct control sources; neither is part of the other.,s047
COHO:0000574,QSkin Sun and Health Study,COHO:0000672,Australian Genetics of Depression Study,,rejected,,,"Section heading 'GWAS for QSkin I, QSkin II and AGDS' followed by a sentence about a subset of QSkin I; the two cohorts are analysed side by side, QSkin is not part of AGDS.",s047
COHO:0000176,UK Biobank,COHO:0000372,Chinese Imaging Genetics study,,rejected,,,"Methodological comment that UKB data could be subsampled to match the CHIMGEN sample size; the cohorts are compared, not nested.",s047
COHO:0000064,Estonian Biobank,COHO:0001002,DIAbetes Meta-ANalysis of Trans-Ethnic association studies,memberOf,confirmed,"The multi-ancestry meta-regression includes an additional 6,030 T2D cases and 29,810 controls from EGCUT, NEO and MGB, which were not part of the European ancestry-specific DIAMANTE study.",https://static-content.springer.com/esm/art%3A10.1038%2Fs41588-022-01058-3/MediaObjects/41588_2022_1058_MOESM1_ESM.pdf,"Supplementary note of the DIAMANTE multi-ancestry paper (Mahajan et al. 2022, Nat Genet): the same passage calls it 'the DIAMANTE multi-ancestry meta-regression', and EGCUT (Estonian Biobank) contributes to it, though not to the European ancestry-specific DIAMANTE component. COHO's DIAMANTE definition covers the multi-ancestry meta-regression, so membership holds; the curator may wish to note that it is via the multi-ancestry analysis only.",s047
COHO:0000383,Mass General Brigham Biobank,COHO:0001002,DIAbetes Meta-ANalysis of Trans-Ethnic association studies,memberOf,confirmed,"The multi-ancestry meta-regression includes an additional 6,030 T2D cases and 29,810 controls from EGCUT, NEO and MGB, which were not part of the European ancestry-specific DIAMANTE study.",https://static-content.springer.com/esm/art%3A10.1038%2Fs41588-022-01058-3/MediaObjects/41588_2022_1058_MOESM1_ESM.pdf,"Supplementary note of the DIAMANTE multi-ancestry paper (Mahajan et al. 2022, Nat Genet): the multi-ancestry meta-regression is the 'DIAMANTE multi-ancestry meta-regression' named two sentences earlier, and MGB (acknowledged in the same document as Mass General Brigham Biobank) contributes GWAS to it. It was not in the earlier European-ancestry DIAMANTE component, but is a DIAMANTE contributing study through the multi-ancestry analysis.",s048
COHO:0000377,BioBank Japan,COHO:0001002,DIAbetes Meta-ANalysis of Trans-Ethnic association studies,memberOf,confirmed,"The multi-ancestry meta-regression does not include 21,151 T2D cases and 128,967 controls from BBJ that were part of the East Asian ancestry-specific DIAMANTE study.",https://static-content.springer.com/esm/art%3A10.1038%2Fs41588-022-01058-3/MediaObjects/41588_2022_1058_MOESM1_ESM.pdf,"BBJ (Biobank Japan, acknowledged as such in the same document) samples were part of the East Asian ancestry DIAMANTE study; the same supplement also lists 'BBJ (1)' among GWAS contributing to the DIAMANTE multi-ancestry meta-regression. BBJ is a contributing cohort of DIAMANTE.",s048
COHO:0000108,LifeLines,COHO:0000107,Leiden Longevity Study,,rejected,,,LifeLines and the Leiden Longevity Study are listed as two of the five separate Dutch biobanks that contributed samples to GoNL; neither is part of the other.,s048
COHO:0000453,Health 2000 GenMets Study,COHO:0000061,ENGAGE AF-TIMI 48,,rejected,,,"Name clash: 'ENGAGE' in this acknowledgement is the EU FP7 ENGAGE Consortium (European Network for Genetic and Genomic Epidemiology, grant HEALTH-F4-2007-201413), not the ENGAGE AF-TIMI 48 trial. GenMets is a Health 2000 substudy, already linked to its parent.",s048
COHO:0000428,deCODE genetics Icelandic cohort,COHO:0000081,Genetic Research in Isolated,,rejected,,,"The sentence is a run of rows from a table of contributing studies (deCODE, then ERF the Erasmus Rucphen Family cohort, a 'family-based isolate'); deCODE is an Icelandic study and has no relation to the Dutch Genetic Research in Isolated Populations programme.",s048
COHO:0000418,Southall and Brent Revisited,COHO:0000429,PainOMICS Retrospective Study,,rejected,,,"SABRE and PainOmics are separate cohorts whose glycan and genotype data were processed side by side in a glycomics GWAS; 'subcohort' refers to PainOmics' own country subcohorts, not SABRE.",s048
COHO:0000418,Southall and Brent Revisited,COHO:0000387,European Prospective Investigation into Cancer and Nutrition-Potsdam,,rejected,,,SABRE and EPIC-Potsdam are separate cohorts analysed together in a glycomics GWAS; the text only describes how each was processed.,s048
COHO:0000176,UK Biobank,COHO:0000475,Danish Blood Donor Study,,rejected,,,UK Biobank primary care data and CHB-CID/DBDS were meta-analysed together for TSH and fT4; neither is part of the other.,s048
COHO:0000640,DemGene network,COHO:0001073,DietBB sample,,rejected,,,"Adjacent paragraphs describing separate contributing studies: DemGene (genotyped at deCODE) and the Bonn DietBB sample. The text says DietBB is a subsample of the AgeCoDe cohort, not of or containing DemGene.",s048
COHO:0000428,deCODE genetics Icelandic cohort,COHO:0001073,DietBB sample,,rejected,,,"'deCODE' here is the genotyping chip/facility (DeCodeGenetics_V1 chip at deCODE Genetics) used for DemGene samples, not the deCODE Icelandic cohort; DietBB is stated to be a subsample of AgeCoDe.",s048
COHO:0001628,Copenhagen Prostate Cancer Study,COHO:0000024,Cancer Prevention Study,,rejected,,,"Consecutive rows of a study table: CPCS1/2 (controls from the Copenhagen General Population Study) and then CPS-II, an American Cancer Society nested case-control study. The two are unrelated.",s048
COHO:0001624,Copenhagen Lung Cancer Study,COHO:0000024,Cancer Prevention Study,,rejected,,,Same study table: the Copenhagen row and the following CPS-II row are separate studies; the Copenhagen Lung Cancer Study is not drawn from the Cancer Prevention Study II.,s048
COHO:0000833,Multicase-Control Study in Spain,COHO:0000523,Melbourne Collaborative Cohort Study,,rejected,,,The sentence is consecutive rows of a supplementary table of PRACTICAL/OncoArray prostate cancer studies: MCC-Spain (a case-control study in Spain) and MCCS (a nested case-control in Melbourne) are separate rows. Nothing links them.,s049
COHO:0000932,Qingdao Twin Registry,COHO:0000933,Chinese National Twin Registry,isSubCohortOf,confirmed,"In 1998, the Qingdao Twin Registry was initiated as the main part of the Chinese National Twin Registry.",https://www.ebi.ac.uk/europepmc/webservices/rest/search?query=EXT_ID%3A23182450+AND+SRC%3AMED&format=json&resultType=core,"The abstract of 'The Qingdao Twin Registry: a status update' (PMID 23182450) says the Qingdao registry is the main part of the Chinese National Twin Registry, so its twins are CNTR twins. (The COHO definition of CNTR says CNTR was established in 2001, while this text dates QTR to 1998 as part of it; a date to reconcile, not a reason to reject.)",s049
COHO:0000423,All of Us Research Program,COHO:0000561,Alzheimer's Disease Sequencing Project,,rejected,,,"The abstract (PMID 41755704) meta-analyses Hispanic ADSP Umbrella WGS participants together with genetically matched All of Us sub-cohorts. All of Us is a separate biobank used alongside ADSP, not one of the cohorts ADSP collects.",s049
COHO:0000752,Elucidating Loci Involved in Prostate Cancer Susceptibility,COHO:0001003,"Discovery, Biology, and Risk of Inherited Variants in Breast Cancer",,rejected,,,The sentence says DRIVE (breast cancer) and ELLIPSE (prostate cancer) were each subsets of their own disease's GWAS summary statistics and both genotyped on the OncoArray. They are sibling OncoArray/GAME-ON consortia; ELLIPSE is not a member of DRIVE.,s049
COHO:0000140,Physical Activity and Nutrition in Children Study,COHO:0000681,Finland-United States Investigation of NIDDM Genetics,,rejected,,,"The PANIC Fat Biopsy Study only used an adipose biopsy protocol based on the one applied in FUSION. That is a shared method, not a shared population.",s049
COHO:0001343,Global Parkinson's Genetics Program,COHO:0000919,International Parkinson Disease Genomics Consortium,,rejected,,,"The abstract (PMID 37633302) lists GP2, IPDGC Africa and 23andMe side by side as sources of the individuals. It does not say that GP2 is part of IPDGC.",s049
COHO:0002694,Africa Centre Demographic Information System,COHO:0002697,South African Population Research Infrastructure Network,memberOf,confirmed,"What has been done?Since SAPRIN’s inception in 2016, three existing health and demographic surveillance system (HDSS) nodes in South Africa have been brought together to form a harmonized national network, namely: MRC/Wits University Agincourt HDSS in Bushbuckridge District, Mpumalanga, established in 1992 with a 2019 population of 115 000 individuals2; University of Limpopo DIMAMO HDSS in the Capricorn District of Limpopo, established in 1995, with population of 8000 individuals, then expanded to 42 000 individuals in 2010, and expanded again in 2019 to 100 0003; and the Africa Health Research Institute (AHRI) HDSS in uMkhanyakude District, KwaZulu-Natal, linked to the University of KwaZulu-Natal,4 established in 2000 with a 2019 population of 140 000 individuals.",https://www.ebi.ac.uk/europepmc/webservices/rest/PMC9365637/fullTextXML,"The link runs the other way: SAPRIN (a cohort aggregation) is the network, and the AHRI HDSS, which is the Africa Centre Demographic Information System (Table 1 of the same SAPRIN cohort profile: 'Africa Centre Demographic Information System becomes Africa Health Research Institute (AHRI)'), is one of its three founding nodes. Assert SAPRIN hasCohort ACDIS.",s049
COHO:0000906,Doetinchem Cohort Study,COHO:0000065,European Prospective Investigation into Cancer,,unresolved,,,"The Doetinchem cohort profile update (PMC5837330) says only that round 2 (1993–1997) of the Doetinchem Cohort Study was part of EPIC; through EPIC-NL/MORGEN, as ref 40 (Cohort Profile: The EPIC-NL) suggests. The cohort as a whole began in 1987, before EPIC, so it is not wholly a sub-cohort of EPIC: one wave overlaps. The curator must decide whether a partial overlap like this gets isSubCohortOf; if it does, this quote supports it.",s049
COHO:0000906,Doetinchem Cohort Study,COHO:0001004,European Prospective Investigation into Cancer and Nutrition–Cardiovascular Disease Study,,rejected,,,"The same sentence says Doetinchem round 2 participants took part in the EPIC-CVD spin-off. EPIC-CVD is a case-cohort drawn from all of EPIC, so at most some Doetinchem participants are in EPIC-CVD. Doetinchem is not a sub-cohort of EPIC-CVD, and EPIC-CVD is not a sub-cohort of Doetinchem either. See the Doetinchem|EPIC pair for the only link the text supports.",s049
COHO:0000065,European Prospective Investigation into Cancer,COHO:0000374,Amsterdam Dementia Cohort,,rejected,,,"Name clash: 'Amsterdam' in this paper is the Longitudinal Aging Study Amsterdam (LASA), used together with Doetinchem to study smoking across generations. It is not the Amsterdam Dementia Cohort, and nothing relates EPIC to either.",s049
COHO:0001004,European Prospective Investigation into Cancer and Nutrition–Cardiovascular Disease Study,COHO:0000374,Amsterdam Dementia Cohort,,rejected,,,"Name clash: 'Amsterdam' here is the Longitudinal Aging Study Amsterdam, not the Amsterdam Dementia Cohort. Nothing relates EPIC-CVD to it.",s049
COHO:0000374,Amsterdam Dementia Cohort,COHO:0000906,Doetinchem Cohort Study,,rejected,,,"Name clash: 'Amsterdam' here is the Longitudinal Aging Study Amsterdam, which was analysed together with Doetinchem ('Together with the Longitudinal Ageing Study Amsterdam, we analysed the prevalence of smoking'). It is not the Amsterdam Dementia Cohort, and it is not a sub-cohort of Doetinchem.",s049
COHO:0002323,Royal Marsden Hospital Trust/Institute of Cancer Research Family History and DNA Registry,COHO:0000124,National Study of Colorectal Cancer Genetics,,rejected,,,"The sentence lists three separate sources of healthy controls (NCRN trial, the RMHT/ICR Family History and DNA Registry, and NSCCG) side by side; it does not say the registry is part of NSCCG.",s050
COHO:0000132,Orkney Complex Disease Study,COHO:0000125,Netherlands Twin Registry,,rejected,,,ORCADES and NTR are only listed together as cohorts with ART/contraception data; no part-of relation is stated.,s050
COHO:0000298,Medical Genome Reference Bank,COHO:0002700,45 and Up Study,isSubCohortOf,confirmed,"Of these, 717 were from healthy participants aged ≥70 years and have become part of the Medical Genome Reference Bank.",https://www.ebi.ac.uk/europepmc/webservices/rest/PMC9908035/fullTextXML,"The 45 and Up Study cohort profile says 717 of its whole-genome-sequenced biospecimen participants became part of the MGRB (preceding sentence: 1100 samples from the 45 and Up biospecimen collection were sequenced). MGRB is drawn only partly from 45 and Up: its definition says it was recruited from two Australian community cohorts (the other being ASPREE), so this is one of two parents; the curator may want the ASPREE link too.",s050
COHO:0000002,1000 Genomes,COHO:0000377,BioBank Japan,,rejected,,,"1000G here is the imputation reference panel (Phase 1/Phase 3); the sentence says a subset of Biobank Japan was imputed to it, not that either cohort is part of the other.",s050
COHO:0000377,BioBank Japan,COHO:0000002,1000 Genomes,,rejected,,,1000G is used only as an imputation reference panel for a subset of Biobank Japan; BBJ is not a sub-cohort of 1000 Genomes.,s050
COHO:0001319,Scottish AMD study,COHO:0000117,"MOnica Risk, Genetics, Archiving and Monograph",,rejected,,,"Acknowledgements sentence: 'Edinburgh' matched as a synonym is the University of Edinburgh imaging centre, not the Scottish AMD study, and the MORGAM mention is only a funding statement. No membership is stated.",s050
COHO:0001319,Scottish AMD study,COHO:0000061,ENGAGE AF-TIMI 48,,rejected,,,"Name clashes: 'Edinburgh' is the University of Edinburgh and 'ENGAGE' is the EU FP7 ENGAGE project (grant HEALTH-F4-2007-201413), not the ENGAGE AF-TIMI 48 trial. Acknowledgements only.",s050
COHO:0002596,Cardiovascular Effects of Air Pollution and Noise in Stockholm,COHO:0002549,Västerbotten Intervention Project,,rejected,,,"The paper pools four Swedish cohorts (Gothenburg MONICA, Gothenburg PPS, Stockholm CEANS, Umeå VIP) as separate cohorts; 'Subcohort' in the sentence refers to CEANS's own four Stockholm subcohorts. CEANS is not part of VIP.",s050
COHO:0001358,INTERHEART study,COHO:0000054,Dortmund Health Study,,rejected,,,"Acknowledgements/disclosures of the MIGen paper thanking INTERHEART staff and listing Dortmund Health Study funding; two separate participating studies, no part-of relation.",s050
COHO:0000926,National Biobank of Korea,COHO:0000284,International HapMap Project,,rejected,,,"KoGES samples are stored at the National Biobank of Korea, and 'Korean HapMap data' is an imputation reference; neither sentence links NBK as part of the International HapMap Project.",s050
COHO:0000422,China Kadoorie Biobank,COHO:0001594,Community Intervention of Metabolic Syndrome in China and Chinese Family Health Study,,rejected,,,The sweep sentence is a discussion passage about physical activity that names neither China Kadoorie Biobank nor CIMIC as part of the other; no link is stated.,s050
COHO:0002699,Vorarlberg Health Monitoring and Prevention Programme,COHO:0001624,Copenhagen Lung Cancer Study,,rejected,,,"Name clash: 'Copenhagen' here is the Copenhagen part of the Danish Diet, Cancer and Health (DCH) cohort, not the Copenhagen Lung Cancer Study; the sentence describes exposure assessment for parts of DCH and VHM&PP, no link between these two terms.",s050
COHO:0001624,Copenhagen Lung Cancer Study,COHO:0002699,Vorarlberg Health Monitoring and Prevention Programme,,rejected,,,"Name clash: 'Copenhagen' in the sentence is the Copenhagen part of the Danish Diet, Cancer and Health (DCH) cohort in the ESCAPE brain-tumour paper, not the Copenhagen Lung Cancer Study; VHM&PP is mentioned alongside it as another ESCAPE cohort. No link between the two terms.",s051
COHO:0000016,Avon Longitudinal Study of Parents and Children,COHO:0000835,MrOS Sweden,,rejected,,,The sentence is run-together reference-list text citing an ALSPAC DNA-bank paper and a separate MrOS Sweden paper. No link between ALSPAC and MrOS Sweden.,s051
COHO:0000409,Women's Health Initiative,COHO:0000523,Melbourne Collaborative Cohort Study,,rejected,,,"The sentence contrasts earlier nested case-control studies of epigenetic clocks, one in WHI and one in MCCS; the two are separate cohorts cited together. WHI is not part of MCCS.",s051
COHO:0000148,Rotterdam Study,COHO:0002619,NoMa study,,rejected,,,The paper (LongITools) analyses the Rotterdam Study and the NoMa trial side by side as two separate studies; the hit is table text. No sub-cohort relation.,s051
COHO:0000756,Heinz Nixdorf Recall Study,COHO:0000176,UK Biobank,,rejected,,,German controls came from the Heinz Nixdorf Recall study and UK controls from UK Biobank; two separate control sources in one BAV GWAS. HNR is not part of UK Biobank.,s051
COHO:0001089,International Collaboration for the Genomics of HIV,COHO:0000002,1000 Genomes,,rejected,,,The 1000 Genomes African subset is used only as a genetic-ancestry reference to select ICGH participants of African ancestry; ICGH is an aggregation and is not drawn from 1000 Genomes.,s051
COHO:0000016,Avon Longitudinal Study of Parents and Children,COHO:0000511,Inter99 Study,,rejected,,,Supplementary/acknowledgements text listing ALSPAC replication and Danish cohorts (Inter99) as separate replication samples. ALSPAC is not part of Inter99.,s051
COHO:0001010,Genetic Links to Anxiety and Depression Study,COHO:0001319,Scottish AMD study,,rejected,,,"Name clash: 'Edinburgh' (a synonym of the Scottish AMD study) matched 'University of Edinburgh', a collaborating institution of GLAD. No cohort link.",s051
COHO:0000900,NIHR Cambridge BioResource,COHO:0001319,Scottish AMD study,,rejected,,,Name clash: 'Edinburgh' matched 'University of Edinburgh' and 'BioResource' matched the NIHR BioResource in a GLAD about-page sentence. Neither the Cambridge BioResource nor the Scottish AMD study is stated as part of the other.,s051
COHO:0000312,NIHR BioResource,COHO:0001319,Scottish AMD study,,rejected,,,"Name clash: 'Edinburgh' matched 'University of Edinburgh', an institution collaborating on GLAD. The NIHR BioResource is not part of the Scottish AMD study.",s051
COHO:0000637,Utah residents (CEPH) with Northern and Western European ancestry,COHO:0002042,Mind Clinical Imaging Consortium,,rejected,,,"The CEU cluster is used as a genetic-ancestry reference for selecting a homogeneous MCIC subsample; CEU is not part of MCIC (if anything the direction would be MCIC subsample near CEU, which is not a cohort relation).",s051
COHO:0000182,Wellcome Trust Case Control Consortium,COHO:0000458,Epidemiological Investigation of Rheumatoid Arthritis,,rejected,,,"The paper analyses EIRA, NARAC and WTCCC as three separate RA collections. WTCCC is not part of EIRA.",s051
COHO:0000584,Catheterization Genetics,COHO:0002131,National Eye Institute Glaucoma Human Genetics Collaboration,,rejected,,,"The NEIGHBOR supplementary table S1 says an additional set of 1496 NEIGHBOR controls was selected from CATHGEN participants. So CATHGEN supplied part of NEIGHBOR's controls, and CATHGEN is not a sub-cohort of NEIGHBOR. The link does not hold reversed either: NEIGHBOR's cases and controls came from 12 clinic sites and two clinical trials, and only some controls came from CATHGEN. A source that supplies some controls does not make either cohort part of the other.",s052
COHO:0000628,Yale-Penn study,COHO:0000070,Finnish Twin Cohort Study,,rejected,,,Yale-Penn and the Finnish Twin Cohort Study are listed side by side as two of five independent follow-up samples in a nicotine-dependence GWAS. Neither is part of the other.,s052
COHO:0000070,Finnish Twin Cohort Study,COHO:0000628,Yale-Penn study,,rejected,,,"Same sentence as the reverse pair: the two cohorts are listed together as independent replication samples, and neither is part of the other.",s052
COHO:0000370,Stockholm-Tartu Atherosclerosis Reverse Networks Engineering Task,COHO:0000045,Cooperative Health Research in the Region of Augsburg,,rejected,,,The sentence lists QTL resources: STARNET among the eQTL sources and the KORA cohort as the pQTL source. It is a plain co-mention with no membership.,s052
COHO:0001586,Candidate Gene Association Resource,COHO:0001320,Estudo Longitudinal de Saúde do Adulto,,rejected,,,"This is an acknowledgements passage. The NHLBI Candidate-gene Association Resource appears in one study's genotyping-funding line, and ELSA-Brasil is thanked in the next entry. Nothing links the two, and CARe (a US NHLBI resource) is not part of ELSA-Brasil.",s052
COHO:0000443,Immune and Metabolic Markers during Pregnancy and Child Development Study,COHO:0000097,Identification of Men with a genetic predisposition to ProstAte Cancer,,rejected,,,"Name clash. The sentence is about the IMPACT prostate-cancer screening study (COHO:0000097 itself) and its mismatch-repair cohort. 'IMPACT' here does not mean COHO:0000443, the Kaiser Permanente IMPaCT pregnancy/child-development study. No link between the two terms is stated.",s052
COHO:0000002,1000 Genomes,COHO:0000043,Consortium for the Longitudinal Evaluation of African Americans with Early Rheumatoid Arthritis,,rejected,,,1000 Genomes African LD was used as a reference panel in FUMA. CLEAR appears in the next sentence as the source of a GWAS used in the meta-analysis. 1000 Genomes is not a member of CLEAR.,s052
COHO:0000374,Amsterdam Dementia Cohort,COHO:0000731,Collaborative Oncological Gene-environment Study,,rejected,,,"Name clash. The only match for the Amsterdam Dementia Cohort is 'Amsterdam', the city where Agendia is based, in a passage about the MINDACT breast-cancer trial's consent for the iCOGS project. The Amsterdam Dementia Cohort is not mentioned.",s052
COHO:0001282,Anglo-Scandinavian Cardiac Outcomes Trial,COHO:0000847,Suivi Temporaire Annuel Non-Invasif de la Santé des Lorrains Assurés Sociaux,,rejected,,,ASCOT and STANISLAS are separate columns of a table of cohorts in a heart-failure biomarker pooling paper (HOMAGE). They are separate cohorts and neither is part of the other.,s052
COHO:0000539,Prospective Study of Pravastatin in the Elderly at Risk,COHO:0000847,Suivi Temporaire Annuel Non-Invasif de la Santé des Lorrains Assurés Sociaux,,rejected,,,PROSPER and STANISLAS are separate columns of the same table of pooled cohorts. They are separate cohorts and neither is part of the other.,s052
COHO:0000731,Collaborative Oncological Gene-environment Study,COHO:0001003,"Discovery, Biology, and Risk of Inherited Variants in Breast Cancer",,rejected,,,The sentence describes how SNPs were selected for the OncoArray. The iCOGS experiment was one source of association data and DRIVE whole-genome sequencing was another. It does not say that iCOGS is a member of DRIVE.,s052
COHO:0001003,"Discovery, Biology, and Risk of Inherited Variants in Breast Cancer",COHO:0000020,Breast Cancer Association Consortium,,rejected,,,Same OncoArray SNP-selection sentence. DRIVE (whole-genome sequencing in high-risk cases) and BCAC (ExomeChip analysis) are named as separate sources of candidate variants. It does not say that DRIVE is a member of BCAC.,s052
COHO:0000968,Janssen lifetime suicide attempt cohort,COHO:0000969,Enhancing NeuroImaging Genetics through Meta-Analysis Consortium,,rejected,,,"Name clash: 'Janssen' in the sentence is the pharmaceutical company in a conflict-of-interest statement, not the Janssen suicide attempt cohort; the sentence only says an ENIGMA working group is funded by NIA.",s053
COHO:0001218,Pancreatic Cancer Cohort Consortium,COHO:0000609,Women's Health Study,,rejected,,,"The sentence lists the Women's Health Study among studies whose controls were matched on smoking; PanScan (a consortium) is not a sub-cohort of WHS. If anything WHS contributes to PanScan (reverse memberOf), but this sentence does not plainly state it (it also covers PanC4 and names no consortium for WHS); a PanScan paper listing its cohorts would settle that separate link.",s053
COHO:0001387,Pancreatic Cancer Case-Control Consortium,COHO:0000527,Health Professionals Follow-up Study,,rejected,,,"PanC4 is a consortium of case-control studies; HPFS is a cohort named only in a parenthetical about control matching in PanScan/PanC4. No sub-cohort or membership link is stated in either direction (HPFS belongs to PanScan, not PanC4).",s053
COHO:0001387,Pancreatic Cancer Case-Control Consortium,COHO:0000609,Women's Health Study,,rejected,,,PanC4 is a consortium of case-control studies; the Women's Health Study is named only in a parenthetical about control matching. No link in either direction is stated.,s053
COHO:0000527,Health Professionals Follow-up Study,COHO:0000609,Women's Health Study,,rejected,,,HPFS and the Women's Health Study are two separate cohorts merely listed together in a sentence on control matching; neither is part of the other.,s053
COHO:0000061,ENGAGE AF-TIMI 48,COHO:0000927,Northern Sweden Health and Disease Study,,rejected,,,"Name clash: 'ENGAGE' here is the European Network for Genetic and Genomic Epidemiology (an FP7 grant), not the ENGAGE AF-TIMI 48 trial. The study said to be nested within NSHDS is GLACIER, not ENGAGE.",s053
COHO:0000061,ENGAGE AF-TIMI 48,COHO:0002549,Västerbotten Intervention Project,,rejected,,,"Name clash: 'ENGAGE' is the European Network for Genetic and Genomic Epidemiology grant, not the ENGAGE AF-TIMI 48 trial. The sentence concerns GLACIER phenotyped within the Vasterbotten Intervention Project.",s053
COHO:0001152,Collaborative Association Study of Psoriasis,COHO:0000145,Psoriasis Association Genetics Extension,,rejected,,,CASP (and its deep follow-up CASP-DFU) and PAGE are listed as separate published psoriasis studies pooled in a meta-analysis; neither is part of the other.,s053
COHO:0000181,Viking Health Study,COHO:0000176,UK Biobank,,rejected,,,"UK Biobank is used only as an LD reference panel (10,000 unrelated British individuals) for comparing VIKING pQTL; the Viking Health Study (Shetland) is not part of UK Biobank.",s053
COHO:0000324,Prevention and Incidence of Asthma and Mite Allergy,COHO:0000284,International HapMap Project,,rejected,,,HapMap is named only as the imputation reference panel (HapMap Phase II SNPs); PIAMA is not a sub-cohort of HapMap.,s053
COHO:0001280,Anakinra for Pustular Psoriasis: Response in a Controlled Trial,COHO:0000660,Sister Study,,rejected,,,"Name clash: 'its sister study PLUM' uses 'sister study' as a common phrase for APRICOT's companion study PLUM, not the NIEHS Sister Study breast cancer cohort.",s053
COHO:0000679,European Genetic Database,COHO:0001016,International AMD Genomics Consortium,memberOf,confirmed,The EUGENDA samples were genotyped as part of the IAMDGC exome chip project supported by CIDR,https://media.springernature.com/original/springer-static/esm/art%3A10.1038%2Fs41591-025-03827-z/MediaObjects/41591_2025_3827_MOESM1_ESM.pdf,"EUGENDA's samples were genotyped within the International AMD Genomics Consortium's exome chip project, so EUGENDA is one of the IAMDGC's contributing studies (IAMDGC is typed cohort aggregation). The statement is from acknowledgements in a supplementary PDF; the IAMDGC 2016 paper's study list would give a stronger quote if cached.",s053
COHO:0001243,UCI Breast Cancer Study,COHO:0000942,Breakthrough Generations Study,,rejected,,,Acknowledgements/funding sentence naming the UCIBCS and UKBGS as separate funded components of a consortium analysis; it states no link between the two studies (a US case-control study and a UK cohort).,s054
COHO:0000695,SpiroMeta Consortium,COHO:0000182,Wellcome Trust Case Control Consortium,,rejected,,,"The sentence lists SpiroMeta's member studies, one of which is B58C-WTCCC (the British 1958 Birth Cohort samples genotyped by the WTCCC). SpiroMeta is not a member of the WTCCC; the WTCCC is only named as part of a sample label.",s054
COHO:0000016,Avon Longitudinal Study of Parents and Children,COHO:0000182,Wellcome Trust Case Control Consortium,,rejected,,,"ALSPAC is listed as a SpiroMeta member study, not as a member of the WTCCC ('B58C-WTCCC' is a separate item in the list). Note for the curator: the same sentence supports ALSPAC memberOf SpiroMeta (COHO:0000695): 'The SpiroMeta consortium consists of 14 GWAS studies: ALSPAC, B58C-T1DGC, B58C- WTCCC, EPIC (obese and population-based substudies)' (PMC2862965).",s054
COHO:0000182,Wellcome Trust Case Control Consortium,COHO:0000065,European Prospective Investigation into Cancer,,rejected,,,WTCCC and EPIC are separate items in the list of SpiroMeta member studies (the WTCCC appears only in the label B58C-WTCCC); nothing makes the WTCCC part of EPIC.,s054
COHO:0000082,Genetics of diabetes Audit and Research,COHO:0000921,Justification for the Use of Statins in Prevention: an Intervention Trial Evaluating Rosuvastatin,,rejected,,,"GoDARTS, the JUPITER trial and ASCOT are listed as separate second-stage replication studies; no sub-cohort relation is stated.",s054
COHO:0000082,Genetics of diabetes Audit and Research,COHO:0001282,Anglo-Scandinavian Cardiac Outcomes Trial,,rejected,,,GoDARTS and ASCOT Scandinavia are listed as separate second-stage replication studies; GoDARTS is not part of ASCOT.,s054
COHO:0000921,Justification for the Use of Statins in Prevention: an Intervention Trial Evaluating Rosuvastatin,COHO:0001282,Anglo-Scandinavian Cardiac Outcomes Trial,,rejected,,,JUPITER and ASCOT are two independent trials listed side by side as replication studies; no sub-cohort relation.,s054
COHO:0000065,European Prospective Investigation into Cancer,COHO:0000024,Cancer Prevention Study,,rejected,,,"The sentence cites nested case-control studies from EPIC and from the Alpha-Tocopherol, Beta-Carotene Cancer Prevention Study (ATBC), which is not the American Cancer Society's Cancer Prevention Study (COHO:0000024); the match on 'Cancer Prevention Study' is a name clash, and EPIC is not part of either.",s054
COHO:0000198,Ely Study,COHO:0000613,ADDITION-Denmark,,rejected,,,"The 'ADDITION/Ely' case-control sample takes its cases from the UK Cambridge arm of the ADDITION study and its controls from the MRC Ely study. The ADDITION named here is the Cambridge arm, not ADDITION-Denmark (COHO:0000613), and the Ely Study is not a sub-cohort of ADDITION at all (it only supplied controls).",s054
COHO:0000595,SWOG Cancer Research Network,COHO:0001135,CALGB 90401,,rejected,,,SWOG is only named in the trial label CALGB/SWOG 80405; the sentence says the validation data came from CALGB 90401 patients. A trials network is not a sub-cohort of a trial; no link stated.,s054
COHO:0000595,SWOG Cancer Research Network,COHO:0001134,CALGB 80303,,rejected,,,SWOG is only named in the trial label CALGB/SWOG 80405; the sentence says the validation data came from CALGB 80303 patients. A trials network is not a sub-cohort of a trial; no link stated.,s054
COHO:0000162,TEENs of Attica: Genes and Environment,COHO:0000430,The Pomak cohort,,rejected,,,"The sentence describes an MDS analysis of TEENAGE, HELIC-MANOLIS and HELIC-Pomak together; TEENAGE (Athens adolescents) is a separate cohort used for comparison, not part of the Pomak cohort.",s054
COHO:0000166,The MANOLIS cohort,COHO:0000430,The Pomak cohort,,rejected,,,MANOLIS (Crete) and Pomak (Xanthi) are two separate HELIC isolate cohorts analysed side by side in MDS; the sentence only mentions both. Neither is part of the other.,s055
COHO:0000403,FinnGen,COHO:0000387,European Prospective Investigation into Cancer and Nutrition-Potsdam,,rejected,,,FinnGen and EPIC-Potsdam are listed as two independent replication cohorts; no sub-cohort relation.,s055
COHO:0001315,Detroit Neighborhood Health Study,COHO:0000383,Mass General Brigham Biobank,,rejected,,,"DNHS is named as 'a separate cohort' used to validate PTSD ascertainment; the MGB match is 'Partners' in 'Partners Human Research Committee', an ethics committee, not the MGB Biobank.",s055
COHO:0000512,iPSYCH case-cohort study,COHO:0000002,1000 Genomes,,rejected,,,"Allele frequency comparison between iPSYCH and the European subset of 1000 Genomes; mentions both, no link.",s055
COHO:0000577,Swedish Mammography Cohort,COHO:0000820,Cohort of Swedish Men,,rejected,,,"The sentence describes clinical sub-cohorts of SMC (SMCC) and of COSM (COSMC); SMC and COSM are sister cohorts, SMC is not part of COSM. (SMCC as a sub-cohort of SMC would be a separate link, but COHO has no SMCC term in this pair.)",s055
COHO:0000701,National Longitudinal Study of Adolescent to Adult Health,COHO:0000002,1000 Genomes,,rejected,,,1000 Genomes East Asian subset used as LD reference panel for Add Health analyses; no sub-cohort relation.,s055
COHO:0000484,Hypertension Genetic Epidemiology Network,COHO:0000434,Genetic Epidemiology Network of Arteriopathy,,rejected,,,"The sentence is a garbled funding statement (elsewhere in the same document: 'The HyperGEN Study is part of the National Heart, Lung, and Blood Institute (NHLBI) Family Blood Pressure Program'). HyperGEN and GENOA are two separate FBPP networks ('GENOA is one of four networks in the NHLBI Family-Blood Pressure Program'); neither is a sub-cohort of the other. Both could be members of an FBPP aggregation if COHO has one.",s055
COHO:0000434,Genetic Epidemiology Network of Arteriopathy,COHO:0000484,Hypertension Genetic Epidemiology Network,,rejected,,,Same garbled sentence as the reverse pair; the document describes GENOA and HyperGEN as separate networks of the NHLBI Family Blood Pressure Program. No sub-cohort relation in either direction.,s055
COHO:0000371,Million Veteran Program,COHO:0000284,International HapMap Project,,rejected,,,HapMap is named only as the imputation reference of the 2010 GLGC meta-analysis; MVP is not part of HapMap.,s055
COHO:0000617,Global Lipids Genetics Consortium,COHO:0000284,International HapMap Project,,rejected,,,GLGC 2010 meta-analysis was 'imputed with HapMap' (reference panel); GLGC is not part of HapMap.,s055
COHO:0000159,Sweden Bipolar Disorder Cohort,COHO:0000909,Genes and Environment in Multiple Sclerosis,,rejected,,,"The swed1 control set was drawn from SWEBIC and from the GEMS and EIMS MS case-control studies; SWEBIC and GEMS are separate studies whose controls were pooled, not one part of the other.",s055
COHO:0001617,Bipolar Disorder Research Network,COHO:0000182,Wellcome Trust Case Control Consortium,,rejected,,,"The text says BDRN cases were analysed against controls from the WTCCC common control set (1958 Birth Cohort and UK Blood Service); it does not say BDRN is a member collection of WTCCC. (The WTCCC bipolar case collection may have drawn on BDRN, but this document does not state it; a WTCCC 2007 description would be needed.)",s055
COHO:0001617,Bipolar Disorder Research Network,COHO:0000207,1958 British Birth Cohort,,rejected,,,"The sentence says the BDRN controls came from the WTCCC common control set, which included 1958 British Birth Cohort samples. BDRN is a bipolar case collection recruited through NHS services. It is not drawn from the 1958 cohort, so no sub-cohort link.",s056
COHO:0000913,Health2006 Study,COHO:0001624,Copenhagen Lung Cancer Study,,rejected,,,"The match is the place name 'Copenhagen', a synonym of the Copenhagen Lung Cancer Study. The sentence describes Health2006 in the Copenhagen area and says nothing of the lung cancer study.",s056
COHO:0000393,Metabolic Syndrome in Men Study,COHO:0000681,Finland-United States Investigation of NIDDM Genetics,,rejected,,,"'part of the FUSION study' means part of the FUSION samples were genotyped at the same facility. METSIM is a separate study, not a sub-cohort of FUSION.",s056
COHO:0000148,Rotterdam Study,COHO:0000081,Genetic Research in Isolated,,rejected,,,"The sentence lists the Rotterdam Study and ERF next to each other. Only ERF is said to be embedded in GRIP, and the Rotterdam Study is not a GRIP member. (ERF in GRIP could be a candidate on its own, but it is not this pair.)",s056
COHO:0000820,Cohort of Swedish Men,COHO:0000577,Swedish Mammography Cohort,,rejected,,,"COSM and SMC are sister cohorts, both within SIMPLER. COSMC is a clinical subcohort of both, but COSM is not part of SMC. (Other possible links: COSMC to COSM/SMC if COHO has COSMC, and COSM/SMC memberOf SIMPLER if SIMPLER is an aggregation term.)",s056
COHO:0000444,Cohorts for Heart and Aging Research in Genomic Epidemiology Consortium,COHO:0000740,Agricultural Health Study,,rejected,,,"'CHARGE consortium' is a section heading. The sentence says ALHS is nested within the Agricultural Health Study. The CHARGE consortium is not a sub-cohort of AHS. (ALHS isSubCohortOf AHS could be a candidate on its own, if COHO has ALHS.)",s056
COHO:0000635,Genetic Regulation of Arterial Pressure in Humans in the Community Study,COHO:0000557,British Genetics of Hypertension study,,rejected,,,"This is a funding statement: GRAPHIC, YMCA and BRIGHT are all supported by the Leicester NIHR BRU. It gives no participant relation between GRAPHIC and BRIGHT.",s056
COHO:0000475,Danish Blood Donor Study,COHO:0000046,Copenhagen Hospital Biobank,,rejected,,,CHB-CID/DBDS is named as a combined data source in a list of reviewer-response quotes. It does not say DBDS is drawn from the Copenhagen Hospital Biobank. The two are separate Danish resources used together.,s056
COHO:0000046,Copenhagen Hospital Biobank,COHO:0000176,UK Biobank,,rejected,,,The Copenhagen Hospital Biobank and UK Biobank are only named together as data sources in a meta-analysis. The Danish biobank is not part of UK Biobank.,s056
