ID	subset	status	action	accession	PMID	title	quote	URL	note
COHO:0000003	EGA	NOT FOUND	removed from subset						"No EGA study uses AddNeuroMed. EGA site search: ""AddNeuroMed Cohort"" 0, AddNeuroMed 0, InnoMed 0, ""Add Neuro Med"" 0, ANM 1 (EGAS00001004947, ANM = age at natural menopause, not this cohort); EBI Search EGA: AddNeuroMed 0, ""AddNeuroMed Cohort"" 0; local ega_studies/ega_study_cohorts: 0. Titles of all EGA studies found by Alzheimer (26), Alzheimer's (30), mild cognitive impairment (9) and dementia (51) checked: none mention it. Europe PMC papers that name AddNeuroMed and cite an EGA accession cite other cohorts' studies (PMID:31806903 cites EGAS00001002555 INTERVAL pQTLs; PMID:33627629 cites EGAS00001003424 GR@ACE). EGA subset membership looks mistaken."
COHO:0000004	EGA	NOT FOUND	removed from subset						"No EGA study uses the APC trial. EGA site search: ""Adenoma Prevention with Celecoxib trial"" 0, ""Adenoma Prevention with Celecoxib"" 0, ""APC Trail"" 0, celecoxib 4 (only EGAS00001004160, a neoadjuvant immunotherapy study), APC 30 (all the APC gene/familial adenomatous polyposis, none the trial); EBI Search EGA: full names 0, celecoxib 2 (neither this trial), APC 61 (none the trial); Europe PMC papers citing an EGA accession: ""Adenoma Prevention with Celecoxib"" 0, ""APC trial"" AND celecoxib 0; local tables 0. EGA subset membership looks mistaken."
COHO:0000005	EGA	FOUND	example added	EGAS00001002123	PMID:28053049	Genome-wide association study with additional genetic and post-transcriptional analyses reveals novel regulators of plasma factor XI levels.	tested for association with expression levels of nearby genes (defined as located within 500 Mbp in both directions) in a total of 211 human liver samples obtained from the Advanced Study of Aortic Pathology (ASAP) study	https://pmc.ncbi.nlm.nih.gov/articles/PMC5703348/	Paper of EGA study EGAS00001002123 (the EGA record lists PMID 28053049); full name matches and the paper describes ASAP as aortic valve/ascending aortic surgery patients at Karolinska, as in the definition. ASAP liver samples were used in the eQTL follow-up; the EGA dataset itself holds the FXI GWAS meta-analysis summary data (ARIC, GHS, MARTHA, PROCARDIS). Only EGA hit: EGA site/EBI Search have 0 hits for the full name; the only ASAP study on the EGA site (EGAS50000001689) is Aligning Science Across Parkinson's.
COHO:0000006	EGA	FOUND	example added	EGAS00001002482		H3Africa - Genomic and Environmental Risk Factors for Cardiometabolic Disease in Africans	The phenotypic data for ~12500 samples of the AWI-Gen Phase 1 Population cross-sectional study of older adults (mostly between 40 and 60 years), men and women. Six study sites in four sub-Saharan African counties including Ghana, Burkina Faso, Kenya and South Africa.	https://ega-archive.org/studies/EGAS00001002482	Local candidate confirmed: AWI-Gen's own EGA study (description: 'The long-term vision of the AWI-Gen Collaborative Centre...'); quote is from the dataset EGAD00001006425 listed on the study page; countries match the definition. The record lists 40 publications, so no single study paper is given.
COHO:0000007	EGA	FOUND	example added	EGAS00001001017	PMID:22763110	Identification of new susceptibility loci for osteoarthritis (arcOGEN): a genome-wide association study.	The arcOGEN UK nationwide consortium has been funded by the arc to undertake a genome-wide association scan in osteoarthritis. GWA genotyping has been carried out at the Sanger on the illumina 610k array.	https://ega-archive.org/studies/EGAS00001001017	Local candidate confirmed: arcOGEN's own released EGA study; datasets are 'osteoarthritis cases ... from the arcOGEN Consortium'. PMID is the arcOGEN GWAS, first of the 7 publications the EGA record lists. The other local candidate EGAS00001000914 is also arcOGEN but still pending release.
COHO:0000008	EGA	NOT FOUND	removed from subset						"No EGA study uses the Asian Cancer Project. EGA site search: ""Asian Cancer Project"" 0, ACP 2 (neither breast cancer/Thailand), ""Breast Cancer Association Consortium"" 1 and BCAC 1 (EGAS50000001477, European-descent patients only), iCOGS 0 EGAS, OncoArray 6 EGAS (no breast-cancer case-control collection from Thailand); EBI Search EGA: ""Asian Cancer Project"" 0, ACP 6 (none relevant); Europe PMC papers citing an EGA accession: ""Asian Cancer Project"" 0, breast cancer Thailand 5 and Thai breast 4 (all unrelated); local tables 0. EGA subset membership looks mistaken."
COHO:0000009	EGA	NOT FOUND	removed from subset						"No EGA study uses the AAA trial. EGA site search: ""Aspirin for Asymptomatic Atherosclerosis Study"" 0, ""Aspirin for Asymptomatic Atherosclerosis"" 0, aspirin asymptomatic atherosclerosis 0, aspirin Scotland 0, ankle brachial index 9 (0 EGAS), AAA 5 (only EGAS00001002873, clonal haematopoiesis in abdominal aortic aneurysm, a different AAA); EBI Search EGA: full name 0, AAA 20 (aneurysm studies only); Europe PMC papers citing an EGA accession: full name 0, aspirin Scotland 0; local tables 0. EGA subset membership looks mistaken."
COHO:0000010	EGA	FOUND	example added	EGAS00001003107		Genome-wide association study of carotid endarterectomy patients: AEGS1	The results of these GWAS need to be validated in independent cohorts and tested for association with subphenotypes. This was the motivation to undertake GWAS experiments in the Athero-Express.	https://ega-archive.org/studies/EGAS00001003107	"Names the cohort (Athero-Express) and its genomics study AEGS1 (a COHO synonym); carotid endarterectomy patients fit the definition. Caveat: the EGA page shows the study as 'pending for release' (no datasets or publications); the local EGA review had rejected the bare 'AEGS1' match. No released alternative: EGA site/EBI Search give 0 hits for AtheroExpress, ""Athero-Express"", ""Athero-Express Biobank"", AEGS1 and endarterectomy (unreleased studies are not indexed); the only Europe PMC paper naming Athero-Express with an EGA accession (PMID:38665903) cites EGAS00001002104, a psoriatic arthritis study."
COHO:0000011	EGA	FOUND	example added	EGAS00001008068	PMID:40402478	Detection of Cancers Three Years prior to Diagnosis Using Plasma Cell-Free DNA.	We here describe such an evaluation, performed on prospectively collected plasma samples from the Atherosclerosis Risk in Communities (ARIC) study, including 26 participants diagnosed with cancer and 26 matched controls.	https://ega-archive.org/studies/EGAS00001008068	Local candidate confirmed: the EGA record names the full cohort name and analysed ARIC plasma samples. The other local candidate, EGAS00001002123 (FXI GWAS meta-analysis of ARIC, GHS, MARTHA and PROCARDIS), also uses ARIC but names it only by acronym.
COHO:0000012	EGA	NOT FOUND	removed from subset						"No EGA study uses the ADRN. EGA site search: ""Atopic Dermatitis Research Network"" 0, ADRN 3 (none atopic dermatitis), ADRN atopic 0, atopic dermatitis 15 (4 EGAS; none mention the network); EBI Search EGA: ""Atopic Dermatitis Research Network"" 0, ADRN 2 (unrelated), atopic dermatitis 11 (none the network); Europe PMC papers citing an EGA accession: ""Atopic Dermatitis Research Network"" 0, ADRN atopic 0; local tables 0. EGA subset membership looks mistaken."
COHO:0000013	EGA	UNSURE	removed from subset (unconfirmed)	EGAS00001002305		The Ovarian Cancer Association Consortium OncoArray genome-wide association study	ovarian cancer cases and controls from multiple studies participating in the Ovarian Cancer Association Consortium, of which 54,747 passes QC.	https://ega-archive.org/studies/EGAS00001002305	"Plausible but unconfirmed: ACS is an OCAC study (Australian site with AOCS), but neither the EGA record nor the full texts of its 4 listed papers (PMIDs 27697780, 30576442, 34965383, 35027648) say ACS samples were analysed; the name appears only as a group author in reference lists. Other searches: EGA site/EBI Search ""Australian Cancer Study"" 0, ""Australia Cancer Study"" 0, ACS acronym hits unrelated; ""Australian Ovarian Cancer Study"" gives AOCS tumour-sequencing studies only (EGAS00001004248, EGAS00001000397); Europe PMC papers with EGA accessions naming ""Australian Cancer Study"" 0."
COHO:0000015	EGA	NOT FOUND	removed from subset						"No EGA study uses the Australian Twin Registry. EGA site search: ""Australian Twin Registry"" 1 (dbGaP phs000277 only, not an EGA study), ""Twins Research Australia"" 0, twins Australia 3 (0 EGAS), ATR 9 (none twins); EBI Search EGA: ""Australian Twin Registry"" 1 (same dbGaP record), ATR 43 (none relevant); no EGA study among the twin (49), twins (51), monozygotic (34), Australian (36) and Melbourne (13) hits mentions Australian twins. Europe PMC papers naming the registry and citing an EGA accession: 1 (PMID:38016992, which cites UK10K EGAD00001000776, not ATR data); local tables 0. EGA subset membership looks mistaken."
COHO:0000017	EGA	FOUND	example added	EGAS00001007383	PMID:37845283	Recurrent DNMT3B rearrangements are associated with unfavorable outcome in dicentric (9;20)-positive pediatric BCP-ALL.	Survival analyses were restricted to patients enrolled in the AIEOP-BFM ALL 2000 and 2009 studies, because these patients had sufficient follow-up time	https://www.ebi.ac.uk/europepmc/webservices/rest/PMC10681884/fullTextXML	Paper of EGA study EGAS00001007383 (listed on the EGA record, which itself names the AIEOP-BFM ALL 2017 study); childhood BCP-ALL patients enrolled in BFM trials (AIEOP-BFM ALL 2000/2009), with authors from the Berlin-Frankfurt-Münster ALL Study Group Germany in Kiel. Alternative: EGAS00001001847 (P2RY8-CRLF2 ALL; paper PMID:27899802 says cases were 'treated on BFM ALL 2000/09 (n=32)').
COHO:0000022	EGA	FOUND	example added	EGAS00001007563	PMID:37923752	Immunological and clinicopathological features predict HER2-positive breast cancer prognosis in the neoadjuvant NeoALTTO and CALGB 40601 randomized trials.	we investigated the complexity of B and T cell receptor (BCR and TCR) repertoires, reflecting antigen-specific immune response, in the context of two phase III trials, namely NeoALTTO and CALGB 40601	https://ega-archive.org/studies/EGAS00001007563	Local candidate (CALGB 40601) confirmed: CALGB 40601 is a Cancer and Leukemia Group B trial, a member of this aggregation; the paper (PMC10624889) spells it out as 'the cancer and leukemia group B (CALGB) 40601 trial' and validates its model in CALGB 40601 patients. The EGA dataset itself holds only the NeoALTTO RNA-seq.
COHO:0000024	EGA	NOT FOUND	removed from subset						"No EGA study uses CPS-II. EGA site search: ""Cancer Prevention Study"" 8, ""Cancer Prevention Study II"" 8, ""Cancer Prevention Study-II"" 8, ""CPS-II"" 6 and CPSII 2 results, all dbGaP (phs) records, none EGAS; CPS 8 (only EGAS00001006907, childhood haematological cancer, unrelated); EBI Search EGA: full names 1 hit each (dbGaP phs000346); PRACTICAL/BPC3/""Breast and Prostate Cancer Cohort Consortium"" give no EGA study that includes it. Europe PMC papers naming CPS-II and citing an EGA accession: 4, all citing other cohorts' data (e.g. PMID:28598434 cites EGAS00001002336, a UK-only renal cancer case set; PMID:42706231 cites UROMOL). EGA subset membership looks mistaken."
COHO:0000025	EGA	NOT FOUND	removed from subset						"No EGA study uses CAPS. EGA site search: ""Cancer Prostate in Sweden"" 0, ""Cancer of the Prostate in Sweden"" 1 (not EGAS), CAPS 2 and CAPS prostate 2 (0 EGAS), prostate cancer Sweden 6 (0 EGAS); EBI Search EGA: full names 0, CAPS prostate 6 (tumour datasets, unrelated); local tables 0. Europe PMC papers naming CAPS and citing an EGA accession (Hodgkin lymphoma GWAS PMID:30194254, PMID:29196614; myeloma GWAS PMID:30213928) only acknowledge CAPS among PRACTICAL OncoArray controls; the EGA studies they cite are cell-line Hi-C/ChIP-seq (EGAS00001003032/3, EGAS00001002614) or UK10K/WTCCC data, not CAPS samples. EGA subset membership looks mistaken."
COHO:0000026	EGA	NOT FOUND	removed from subset						"No EGA study uses the CHARM programme. EGA site search: full name 0, ""Candesartan in Heart failure"" 0, candesartan 0, CHARM 2 (EGAS00001006539 = cfDNA in Hereditary And High-Risk Malignancies, a different CHARM; phs002111 dbGaP); EBI Search EGA: full names 0, candesartan 0, CHARM 3 (same cfDNA study); Europe PMC papers citing an EGA accession: ""Candesartan in Heart failure"" 0, CHARM candesartan 0, CHARM heart failure GWAS/pharmacogenomic 0; local tables 0. EGA subset membership looks mistaken."
COHO:0000027	EGA	UNSURE	removed from subset (unconfirmed)	EGAS00001001427	PMID:26390057	Trans-ancestry genome-wide association study identifies 12 genetic loci influencing blood pressure and implicates a role for DNA methylation.	Participant recruitment, characterization and data generation. [...] CAGE Network:	https://www.ncbi.nlm.nih.gov/research/bionlp/RESTful/pmcoa.cgi/BioC_xml/PMC4719169/unicode	"EGA study EGAS00001001427 holds this BP GWAS's summary statistics (the paper says they were deposited there). In the paper's author-contributions section, under 'Participant recruitment, characterization and data generation', the CAGE studies listed are 'CAGE Network', 'CAGE-Amagasaki', 'CAGE-Fukuoka', 'CAGE-KING' and 'CAGE-Vietnam', so CAGE Network participants were used. Unsure because it doesn't show the Japanese T2D case-control collection in this cohort's definition was among them, and the full name is never spelled out. No better candidate: EGA site/EBI Search give 0 hits for ""Cardio-metabolic Genome Epidemiology"" and ""Cardiometabolic Genome Epidemiology""; the CAGE acronym hits (15 site, 3 EBI) are all CAGE sequencing, not this cohort; Europe PMC papers with EGA accessions naming the full name 0."
COHO:0000029	EGA	UNSURE	removed from subset (unconfirmed)	EGAS00001001225		Analysis_of_lowfrequency_coding_variants_in_cardiometabolic_traits	I will seek validation of initial findings through CARDIoGRAMplusC4D which comprises over 60,000 CAD/MI cases and 120,000 controls	https://ega-archive.org/studies/EGAS00001001225	"Local candidate (human-reviewed match) names the consortium, but the record is a grant-style proposal ('will seek validation ... through CARDIoGRAMplusC4D'), is 'pending for release' and has no publication, so use isn't shown. EGAS00001001226 has the same text and status. No released alternative: EGA site/EBI Search give 0 hits for CARDIoGRAMplusC4D, CARDIoGRAM, C4D and ""Coronary Artery Disease Genetics Consortium""; none of the released coronary-disease EGA studies checked (WTCCC CAD, Metabochip EGAS00000000115, Exomechip EGAS00001000584, Cardiogenics) names it; Europe PMC papers with EGA accessions naming CARDIoGRAM cite unrelated datasets (Understanding Society, FH GWAS)."
COHO:0000030	EGA	NOT FOUND	removed from subset						"No EGA study uses CHANCE. EGA site search: ""Carolina Head and Neck Cancer Epidemiology"" 0, ""Carolina Head and Neck Cancer"" 0, CHANCE head neck 0, head and neck cancer North Carolina 0, CHANCE 12 (none head and neck/North Carolina); EBI Search EGA: full names 0, CHANCE 56 (the word 'chance', none this study); Europe PMC papers citing an EGA accession: ""Carolina Head and Neck Cancer"" 0; CHANCE head neck 44, all the word 'chance' (the two HPV oral/oropharyngeal cancer papers checked, PMID:34903527 and PMID:30563911, do not name CHANCE); local tables 0. EGA subset membership looks mistaken."
COHO:0000031	EGA	FOUND	example added	EGAS00001001957	PMID:29187508	Relaxed Selection During a Recent Human Expansion.	we screened the ascending genealogies of 3916 individuals from the CARTaGENE cohort (Awadalla et al. 2013) that were linked to the BALSAC genealogical database	https://ega-archive.org/studies/EGAS00001001957	Local candidate confirmed: the EGA record names the CARTaGENE cohort (the Quebec biobank, Awadalla et al. 2013) and says 102 selected participants were exome-sequenced; its DAC is the CARTaGENE Sample and Data Access Committee.
COHO:0000032	EGA	NOT FOUND	removed from subset						"No EGA study uses UCLA's CART. EGA site search: ""Center for Autism Research and Treatment"" 0, autism UCLA 0, autism Los Angeles 0, CART 4 (none autism); EBI Search EGA: same queries 0, CART 4 (unrelated); local tables 0. Europe PMC papers naming the centre and citing an EGA accession (PMID:41034588, PMID:29562236, PMID:29483656) name it only as an author affiliation or cite other datasets (HRC EGAD00001002729, DDD EGAS00001000775). EGA subset membership looks mistaken."
COHO:0000033	EGA	NOT FOUND	removed from subset						"No EGA study uses the Colorado CADD. EGA site search: ""Center on Antisocial Drug Dependence"" 0, ""Antisocial Drug Dependence"" 1 (not EGAS), CADD 3 and CADD Colorado 1 (none this centre); EBI Search EGA: full name 0, CADD 1 (unrelated); Europe PMC papers citing an EGA accession: full name 0, ""Antisocial Drug Dependence"" 0, CADD Colorado 3 (all the CADD variant score); local tables 0. EGA subset membership looks mistaken."
COHO:0000034	EGA	NOT FOUND	removed from subset						"No EGA study analyses CEPH samples (CEPH families, HGDP-CEPH panel or CEU). EGA site search: ""Centre d'Etude du Polymorphisme Humain"" 0, ""CEPH families"" 0, ""HGDP-CEPH"" 0, ""Fondation Jean Dausset"" 0, CEPH 5 (0 EGAS), CEU 7 (2 EGAS that only use CEU as an imputation/ancestry label); EBI Search EGA: full name 0, CEPH 9 (dbGaP phs000268 plus imputation mentions). The only local hit, EGAS00001003120 (pending), sequenced Chinese populations 'not present in the HGDP-CEPH panel'. Europe PMC papers naming CEPH and citing an EGA accession name it only as an author affiliation or DNA-extraction lab (PMID:38172507, 27406316, 28598434, 25469539), or as the HapMap CEU LD reference (PMID:22513257). EGA subset membership looks mistaken (CEPH is defined as a research foundation)."
COHO:0000036	EGA	NOT FOUND	removed from subset						"No EGA study uses CAG. EGA site search: ""Chicago Asthma Genetics"" 2 and asthma Chicago 3 results, none EGAS (the dbGaP STAMPEED asthma record phs000355 holds CAG); CAG 25 (CAG repeats etc., none this cohort); EBI Search EGA: ""Chicago Asthma Genetics"" 1 (phs000355); local tables 0. Europe PMC papers naming CAG and citing an EGA accession (PMID:22694930, PMID:23541324) only cite the European GABRIEL study EGAS00000000077 for its summary results; GABRIEL did not include CAG. EGA subset membership looks mistaken."
COHO:0000038	EGA	NOT FOUND	removed from subset						"No EGA study uses CAP. EGA site search: ""Cholesterol and Atherosclerosis Pharmacogenetics"" 0, simvastatin 4 (0 EGAS), statin response 2 (0 EGAS), CAP 26 (none this study); EBI Search EGA: full name 0, simvastatin 1 and CAP 59, where the only match is the dbGaP record phs000481 'Cholesterol and Pharmacogenetics (CAP) Study'; the only statin-response EGA study (EGAS00000000121, WTCCC2) is Scottish, not CAP; Europe PMC papers citing an EGA accession: full name 0; local tables 0. EGA subset membership looks mistaken (CAP is in dbGaP)."
COHO:0000039	EGA	FOUND	example added	EGAS00001000620	PMID:30858532	Whole-Exome Sequencing in the Isolated Populations of Cilento from South Italy.	The aim of this project is to identify rare genetic variants of large effect implicated in complex diseases by focusing on the study of cardiovascular diseases and related quantitative traits in a well characterized isolated population in Cilento area, Italy.	https://ega-archive.org/studies/EGAS00001000620	Named in the EGA record, which also says 'We perform exome sequencing on samples from 250 individuals from the Campora and Gioi-Cardile populations', the villages in the definition. Also EGAS00001001116 (Cilento isolates WGS, no publication).
COHO:0000042	EGA	NOT FOUND	removed from subset						"No EGA study uses CORSA. The local candidate EGAS50000001205 is a different CORSA: an Italian SARS-CoV-2 vaccination trial in haematological malignancy (NCT04345315), not Austrian colorectal neoplasia; rejected. EGA site search: ""Colorectal Cancer Study of Austria"" 1 (not EGAS), CORSA 2 (only EGAS50000001205), colorectal Austria 1 (0 EGAS); EBI Search EGA: full name 0, CORSA colorectal 10 (tumour studies, none CORSA). The CRC GWAS (PMID:36539618) states 'CCFR, CORECT, CORSA_2 and GECCO are deposited in dbGaP'; its EGA studies are the UK NSCCG and COIN collections (EGAS00001005412, EGAS00001005421), which do not include CORSA. EGA subset membership looks mistaken (the COVID CORSA study likely caused the match)."
COHO:0000043	EGA	NOT FOUND	removed from subset						No EGA study uses CLEAR. EGA site search: the full name 2 and CLEAR rheumatoid 2, both dbGaP records (phs001360 NIAMS CLEAR; phs001222 CCDG T1DGC), 0 EGAS; CLEAR 141 (the word 'clear', none rheumatoid arthritis in African Americans); EBI Search EGA: full name 0, CLEAR rheumatoid 0; Europe PMC papers citing an EGA accession: full name 0 (CLEAR rheumatoid 79 hits are the common word); local tables 0. EGA subset membership looks mistaken (CLEAR's data are in dbGaP, phs001360).
COHO:0000044	EGA	FOUND	example added	EGAS00001007331	PMID:38317187	Novel functional insights into ischemic stroke biology provided by the first genome-wide association study of stroke in indigenous Africans.	The report also includes an African ancestry meta-analysis combining summary statistics from the COMPASS Consortium	https://www.ebi.ac.uk/europepmc/webservices/rest/PMC10840175/fullTextXML	EGA study EGAS00001007331 (H3Africa SIREN) is this paper's data deposit, per the paper's data-availability statement. The paper spells out 'Consortium of Minority Population GWAS of Stroke (COMPASS)' and meta-analyses 'SIREN and COMPASS data sets', so COMPASS results were analysed; the EGA datasets hold SIREN genotypes/phenotypes. This is the paper behind COMPASS's current example GCST90482715. Both local candidates (EGAS00001002543 PanCuRx, EGAS50000001091) are the COMPASS pancreatic cancer trial, a different COMPASS; rejected.
COHO:0000045	EGA	FOUND	example added	EGAS00000000097	PMID:22210626	Genome-wide association study in multiple human prion diseases suggests genetic risk factors additional to PRNP.	After quality control we analysed 2000 samples and 6015 control individuals (provided by the Wellcome Trust Case Control Consortium and KORA-gen), for 491032-511862 SNPs in the European study.	https://ega-archive.org/studies/EGAS00000000097	Local candidate confirmed: the paper (PMC3313791) says 'The WTCCC (UK) or KORA (German) provided 6507 controls', with KORA-gen authors at Helmholtz-Zentrum München, Institute for Epidemiology, i.e. the Augsburg KORA resource. The other local candidates (EGAS00001000050, EGAS00001000079, Cardiogenics) only say 'For controls we will consider individuals from the UKBS and KORA cohorts' (prospective).
COHO:0000046	EGA	NOT FOUND	removed from subset						"No EGA study uses the Copenhagen Hospital Biobank. EGA site search: ""Copenhagen Hospital Biobank"" 0, ""Copenhagen BB"" 0, CHB Copenhagen 0, Rigshospitalet 0, CHB 3 (none this biobank), Copenhagen 4, Danish 10 and Denmark 17 (no EGA study naming a hospital biobank); EBI Search EGA: full name 0, Rigshospitalet 0, CHB 20 (HapMap CHB/unrelated); Europe PMC papers citing an EGA accession: full name 1 (an ESHG abstract book citing EGAS00001000017, unrelated); CHB Copenhagen 9 (HapMap CHB/Copenhagen, other cohorts' data); local tables 0. EGA subset membership looks mistaken."
COHO:0000048	EGA	NOT FOUND	removed from subset						"No EGA study uses the Danish Glostrup Cohort. EGA site search: ""Danish Glostrup Cohort"" 0, ""Danish Glostrup"" 0, Glostrup 1 (not EGAS), DGC 4 (none this cohort); EBI Search EGA: full name 0, Glostrup 0, DGC 1 (unrelated); Europe PMC papers citing an EGA accession: ""Danish Glostrup"" 0; Glostrup 27, where Glostrup is only an author affiliation (e.g. PMID:29257133, PMID:37244984, PMID:29358691 checked); local tables 0. EGA subset membership looks mistaken."
COHO:0000049	EGA	NOT FOUND	removed from subset						"No EGA study uses DGP. EGA site search: ""Diabetes Genetics in Pakistan"" 0, Mirpur 2 (0 EGAS), Mirpuri 0, Punjabi diabetes 1 (0 EGAS), Pakistani diabetes 0, DGP 1 (unrelated); EBI Search EGA: full name 0, Mirpur/Mirpuri 2 (unrelated NOWAC study); Europe PMC papers citing an EGA accession: full name 0, Mirpur 0; local tables 0. Lead checked and rejected: the Birmingham autozygosity pilots (EGAS00001000511, EGAS00001000567) use 'existing British-Pakistani cohort samples from Birmingham', but DGP was recruited in Pakistan (PMC3176767: DGP approved by the Baqai Institute IRB, while the UK Birmingham study is UKADS). EGA subset membership looks mistaken."
COHO:0000050	EGA	NOT FOUND	removed from subset						"No EGA study uses the Diabetes in Mexico Study (SIGMA). EGA site search: ""Diabetes in Mexico Study"" 6 and SIGMA Mexico diabetes 6, all dbGaP records, 0 EGAS; Mexico diabetes 9 (0 EGAS); DMS 8 (none this study); EBI Search EGA: full name 0; Europe PMC papers with an EGA accession naming it: 2. The GLAD paper (PMID:39486408) took 'SIGMA Diabetes in Mexico Study' from dbGaP (phs001385); the EGA studies it cites (EGAS00001004995 Peruvian Genome Project, EGAS00001001245 EPIGEN) are other cohorts. Local tables 0. EGA subset membership looks mistaken (data are in dbGaP)."
COHO:0000051	EGA	FOUND	example added	EGAS00001001875	PMID:27500523	Variation in the glucose transporter gene SLC2A2 is associated with glycemic response to metformin.	In the DPP cohort of pre-diabetes participants, Cox proportional hazards regression was used to evaluate the genetic impact on the time to diabetes incidence	https://www.ebi.ac.uk/europepmc/webservices/rest/PMC5007158/fullTextXML	The EGA study has the paper's title and abstract (the record lists no publication, so the link is by title). Acronym confirmed by context: pre-diabetes participants on metformin, 'DPP investigators' as group author, and citations to Diabetes Prevention Program papers. DPP was analysed separately (reported in the paper's Supplementary Table 4), not in the main meta-analysis. The 'DPP' in the EGA record itself means DPP-4 inhibitor.
COHO:0000052	EGA	NOT FOUND	removed from subset						No EGA study uses the DREAM trial. EGA site search: full name 0, DREAM rosiglitazone 0, ramipril 0, rosiglitazone 2 (only EGAS00001007271, NFAT immunodeficiency scRNA-seq), DREAM 7 (none this trial); EBI Search EGA: full name 0, DREAM 11 (none this trial), rosiglitazone 1 (same study); Europe PMC papers citing an EGA accession: full name 0, DREAM rosiglitazone 0, ramipril 1 (UK Biobank-type reuse, not DREAM); local tables 0. EGA subset membership looks mistaken.
COHO:0000053	EGA	UNSURE	removed from subset (unconfirmed)	EGAS00001007041	PMID:40684475	The influence of metformin treatment on the circulating proteome.	This replication uses data from the IMI-DIRECT (DIabetes REsearCh on patient straTification) study: This cohort included 784 patients with recently diagnosed type 2 diabetes.	https://www.ebi.ac.uk/europepmc/webservices/rest/PMC12301841/fullTextXML	"Found but indirect: the paper is one of three the EGA record 'IMI-RHAPSODY data' (EGAS00001007041) lists, and it analysed IMI-DIRECT participants in its replication. But the EGA study is the sister IMI-RHAPSODY project's SomaLogic deposit (DCS, GoDARTS); this paper reuses it, and the paper says IMI-DIRECT data are not public. RHAPSODY's own papers (PMID:37137910, 38374450) only cite DIRECT. Local candidate EGAS50000000968 is a different DIRECT (ctDNA in diffuse large B-cell lymphoma); rejected. EGA site/EBI Search: full name 0, ""IMI-DIRECT"" 0."
COHO:0000054	EGA	NOT FOUND	removed from subset						"No EGA study uses the Dortmund Health Study. EGA site search: ""Dortmund Health Study"" 0, Dortmund 0, DHS 3 (none this cohort); EBI Search EGA: ""Dortmund Health Study"" 0, Dortmund 0, DHS 0; Europe PMC papers citing an EGA accession: ""Dortmund Health Study"" 0 (Dortmund 13, all author affiliations such as TU Dortmund/IfADo, other studies' data); local tables 0. EGA subset membership looks mistaken."
COHO:0000055	EGA	NOT FOUND	removed from subset						"No EGA study uses the Duke Cognition Cohort. EGA site search: ""Duke Cognition Cohort"" 1 and Duke cognition 1, both the dbGaP record phs001406 (NIMH Duke Cognition Cohort), not an EGA study; DCC 4 (none this cohort); EBI Search EGA: ""Duke Cognition Cohort"" 0, DCC 37 (none cognition); Europe PMC papers citing an EGA accession: ""Duke Cognition Cohort"" 0 (Duke cognition 7: affiliations and other cohorts' data); local tables 0. EGA subset membership looks mistaken (the data are in dbGaP)."
COHO:0000057	EGA	FOUND	example added	EGAS00001002583		APCDR Durban Diabetes Study (DDS)	APCDR Durban Diabetes Study (DDS) Population-based cross-sectional survey using multistage cluster sampling of adults aged ≥18 years in Durban (eThekwini municipality), KwaZulu-Natal	https://ega-archive.org/studies/EGAS00001002583	"Local candidate (human-reviewed) confirmed as the cohort's own EGA study: the title is the COHO synonym and the description (population-based cross-sectional survey, eThekwini municipality) matches the definition. The quote is the record's title followed by its description. Caveat: the EGA page shows 'pending for release' (no datasets or publications). No released alternative: EGA site/EBI Search give 0 hits for ""Durban Diabetes Study""; the AGVP Zulu genomes (EGAS00001000286, '100 unrelated Zulu from Durban area') are not tied to DDS in the AGVP paper text."
COHO:0000058	EGA	FOUND	example added	EGAS00001000681		Genome-wide SNP-SNP interactions in COPD	We used the NELSON cohort as a discovery set, comprising 1,030 cases and 1,808 controls, and the LifeLines cohort as a replication set, with 711 cases and 3,013 controls.	https://ega-archive.org/studies/EGAS00001000681	Local candidate (human-reviewed) confirmed. Acronym checked by context: a Dutch COPD genetics study replicated in LifeLines. A related Dutch asthma/COPD GWAS (PMC4217133) describes 'The NELSON cohort study: a population-based cohort screening for lung cancer, including current or ex-smokers with at least 20 pack-years', whose COPD set also has 1,030 cases. Caveat: the EGA page shows 'pending for release', and no published paper for this study turned up. No other EGA study uses NELSON: EGA site/EBI Search give 0 hits for the full name, and EBI 'NELSON' hits are author names.
COHO:0000060	EGA	FOUND	example added	EGAS00000000103	PMID:22306652	Genome-wide association study identifies a variant in HDAC9 associated with large vessel ischemic stroke.	We thank the following who contributed to collection, phenotyping, sample processing and data management for the different cohorts. [...] Edinburgh Stroke Study:	https://www.ebi.ac.uk/europepmc/webservices/rest/PMC3303115/fullTextXML	The EGA study 'WTCCC2 Ischaemic Stroke study' has the paper's title as its description (its listed publications are only later reuses). The paper's table footnote says 'The UK discovery cohort was made of three British cohorts from London, Oxford and Edinburgh and used the shared WTCCC2 controls', and the acknowledgements name the Edinburgh Stroke Study among the cohorts collected and phenotyped. The quote is two verbatim pieces joined by [...] to leave out staff names. Cohort descriptions are in the supplement, which I did not fetch.
COHO:0000061	EGA	NOT FOUND	removed from subset						"No EGA study uses the ENGAGE AF-TIMI 48 trial. The local candidate EGAS00001000137 is a different ENGAGE: the EU FP7 ENGAGE project's exome sequencing of Health 2000 and FINRISK participants; rejected. EGA site search: ""ENGAGE AF-TIMI 48"" 1 and ""ENGAGE AF"" 1, both the dbGaP record phs002774 (CCDG Cardiovascular: ENGAGE Atrial Fibrillation-TIMI 48), not EGA; edoxaban 0, TIMI atrial fibrillation 2 (0 EGAS), ENGAGE 9 (none the trial); EBI Search EGA: ""ENGAGE AF-TIMI 48"" 0, edoxaban 0; Europe PMC papers citing an EGA accession: edoxaban 0, ""ENGAGE AF"" 0. EGA subset membership looks mistaken (the trial's data are in dbGaP; probably matched on the ENGAGE-consortium name)."
COHO:0000062	EGA	FOUND	example added	EGAS00001001245	PMID:26124090	Origin and dynamics of admixture in Brazilians and its effect on the pattern of deleterious mutations.	The EPIGEN-Brasil Initiative is so far the largest Latin American initiative in population genomics and genetic epidemiology.	https://ega-archive.org/studies/EGAS00001001245	Local candidate confirmed: EPIGEN's own EGA study, with genome-wide genotyping of 6487 individuals and WGS of 30 from the Salvador, Bambuí and Pelotas cohorts (north-east, south-east and south Brazil, as in the definition). PMID is the EPIGEN admixture paper by the Brazilian EPIGEN Project Consortium, one of the 13 publications on the EGA record (also COHO's current PMID example).
COHO:0000063	EGA	FOUND	example added	EGAS00001001134	PMID:25758996	Genome-wide association analysis on five isolated populations identifies variants of the HLA-DOA gene associated with white wine liking.	Genome-wide association analysis on five isolated populations - Erasmus Rucphen Family (ERF) Study	https://ega-archive.org/studies/EGAS00001001134	Local candidate confirmed: the quote is the EGA record's title. Its description says 'ERF is embedded in the Genetic Research in Isolated Population (GRIP) program ... we selected 22 related ... couples', matching the definition, and its dataset holds genotypes of '3658 individuals from ERF/GRIP region'. PMID is the listed publication whose title matches the study; its DAC is also named 'Erasmus Rucphen Family Study'.
COHO:0000066	EGA	FOUND	example added	EGAS00001002570	PMID:29988082	Prediction of acute myeloid leukaemia risk in healthy individuals.	Samples were ascertained from individuals enrolled in the EPIC-Norfolk longitudinal cohort study between 1994 and 2010.	https://www.ebi.ac.uk/europepmc/webservices/rest/PMC6485381/fullTextXML	EGAS00001002570 ('Progression to AML is predictable...') is this paper's EGA study and lists it first. The paper's validation cohort was EPIC-Norfolk: 37 AML patients, 8 of them also in the EPIC discovery set held in this study, plus 262 controls. Its validation sequencing is dataset EGAD00001003703, which EGA links to EGAS00001000570/EGAS00001002128/EGAS00001002261. The pending EGAS00001001225/6 records only propose using EPIC-Norfolk CAD cases.
COHO:0000067	EGA	FOUND	example added	EGAS50000000798	PMID:28385611	Description of the EuroTARGET cohort: A European collaborative project on TArgeted therapy in renal cell cancer-GEnetic- and tumor-related biomarkers for response and toxicity.	EuroTARGET is a European study on mRCC, collecting clinical data, germline DNA, and tumor samples.	https://ega-archive.org/studies/EGAS50000000798	Local candidate confirmed: EuroTARGET's own released EGA study (5 datasets), describing 'the EuroTARGET mRCC patient cohort' and listing the cohort-description paper. The other local candidates, EGAS00001002880 (the project) and EGAS00001005733 (RCC xenografts), are EuroTARGET too but both pending release.
COHO:0000068	EGA	FOUND	example added	EGAS00001003635	PMID:33006196	Genome-wide postnatal changes in immunity following fetal inflammatory response.	raw microarray gene expression data files from paired frozen and unfrozen DBS samples from nine neonates of the US ELGAN cohort, where two were affected by FIR and seven were not.	https://www.ebi.ac.uk/europepmc/webservices/rest/PMC8049052/fullTextXML	Acronym trap: in both local candidates (EGAS00001003635, EGAS50000000866) 'ELGANs' is the generic term for extremely preterm infants, and their own samples are Barcelona patients, not the US multicentre ELGAN Study. But the paper of EGAS00001003635 (listed on its record) also analysed the US ELGAN cohort's dried-blood-spot microarray data as replication (its Table S2 is the 'FIR effect in the US ELGAN cohort'). EGAS50000000866 does not use the US cohort.
COHO:0000069	EGA	NOT FOUND	removed from subset						"No EGA study uses the Fatty Acid Sensor Study. EGA site search: ""Fatty Acid Sensor Study"" 0, ""Fatty Acid Sensor"" 0, fish oil 0, FAS 4 (none this study); EBI Search EGA: full name 0, fish oil 0, FAS 44 (FAS gene etc.); Europe PMC papers citing an EGA accession: ""Fatty Acid Sensor"" 0 (fish oil 41 hits are FISH/unrelated); local tables 0. EGA subset membership looks mistaken."
COHO:0000070	EGA	NOT FOUND	removed from subset						"No EGA study uses the Finnish Twin Cohort. EGA site search: ""Finnish Twin Cohort Study"" 0, ""Finnish Twin Cohort"" 0, FinnTwin/FinnTwin12/FinnTwin16 0, Finnish twins 0, FTC 1 (unrelated); EBI Search EGA: same queries 0 (Finnish twins 1, an Australian dbGaP record); local tables 0. Europe PMC papers naming the cohort with an EGA accession use FTC only as a replication sample while citing other cohorts' EGA data: PMID:30342560 ('69 Finnish twins ... recruited as a part of the Finnish twin cohort') cites the TwinsUK EUROBATS study EGAS00001000805; PMID:30611298 and PMID:41376584 cite UK and FINRISK datasets. EGA subset membership looks mistaken."
COHO:0000073	EGA	FOUND	example added	EGAS00000000077	PMID:20860503	A large-scale, consortium-based genomewide association study of asthma.	Gabriel samples from the German Gabriel Advanced Survey	https://ega-archive.org/studies/EGAS00000000077	The GABRIEL asthma GWAS EGA study lists datasets EGAD00000000084 and EGAD00000000085, both described as 'Gabriel samples from the German Gabriel Advanced Survey' (quote from that dataset list on the study page; also found by EBI Search). The full name matches this cohort (farm and reference children surveyed in the GABRIEL Advanced Study). The EGA site search misses it because it does not index dataset descriptions.
COHO:0000075	EGA	NOT FOUND	removed from subset						"No EGA study uses GENESIS. EGA site search: GENESIS 8 (1 EGAS, EGAS00001001310, a mammary-cell barcoding study using the word, not this cohort), GENESIS breast 1 (same), ""GENE SISters"" 0, GENESIS sisters 0; EBI Search EGA: GENESIS 9, ""GENE SISters"" 0 (none this cohort); local hits are the ordinary word. Europe PMC papers citing an EGA accession: GENESIS + sisters + breast cancer 1 and GENESIS + BRCA1/2 + French 1, both an ESHG abstract book citing unrelated EGAS00001000017. EGA subset membership looks mistaken."
COHO:0000078	EGA	NOT FOUND	removed from subset						No EGA study uses the Costa Rica asthma study. EGA site search: the full name 1, asthma Costa Rica 1 and Costa Rica 3, all dbGaP records (phs000988 NHLBI TOPMed: The Genetic Epidemiology of Asthma in Costa Rica; phs002495; phs002282), 0 EGAS; CRA 0; EBI Search EGA: full name 0, Costa Rica 0; Europe PMC papers naming it and citing an EGA accession (PMID:31187518, 32519380, 39486408) cite other cohorts' studies (BAMSE EGAS00001002746, HRC EGAS00001001710, Peruvian Genome Project/EPIGEN); local tables 0. EGA subset membership looks mistaken (the data are in dbGaP/TOPMed).
COHO:0000079	EGA	FOUND	example added	EGAS00001002723	PMID:30470734	Evidence for genetic contribution to the increased risk of type 2 diabetes in schizophrenia.	The Genetic Overlap between Metabolic and Psychiatric Diseases (GOMAP) study comprises samples from four patient groups: 964 schizophrenia samples, 921 type 2 diabetes patients, 582 patients with comorbid schizophrenia and type 2 diabetes and 280 samples with another psychiatric diagnosis.	https://ega-archive.org/studies/EGAS00001002723	Local candidate confirmed: GOMAP's own EGA study, with HumanCoreExome genotypes of 2611 samples. It lists two GOMAP papers; the PMID given is the genetic one (the other is PMID:30071838, on combination therapy).
COHO:0000080	EGA	NOT FOUND	removed from subset						"No EGA study uses the prostate PROFILE study. The local candidate EGAS00001007958 is a different PROFILE: stool metagenomics from the Crohn's disease trial 'PRedicting Outcomes For Crohn's disease using a moLecular biomarker'; rejected. EGA site search: full name 0, ""PROFILE study"" prostate 0, PROFILE prostate family history 1 (not EGAS); none of the 258 site hits or 366 EBI Search hits for 'prostate' contain 'PROFILE'; EBI Search EGA: full name 0; Europe PMC papers with EGA accessions: ""PROFILE study"" prostate 0. EGA subset membership looks mistaken (probably from the Crohn's PROFILE name match)."
COHO:0000082	EGA	FOUND	example added	EGAS00001002937		GoDARTS T2D-GENES Exome Sequencing Study is a subset of the ~52,000 Type 2 diabetes exome sequencing project.	This data generated from the Genetics of Diabetes and Audit Research Tayside Study (GoDARTS) cohort was part of the T2D-GENES (Type 2 Diabetes Genetic Exploration by Next-generation sequencing in multi-Ethnic Samples) consortium	https://ega-archive.org/studies/EGAS00001002937	Local candidate confirmed: GoDARTS's own EGA study (full name and Tayside in the record); its dataset has exomes of 1924 GoDARTS samples (965 T2D cases, 959 controls). The record lists no publications. The GoDARTS DAC (University of Dundee) also covers EGAS00001001875, the MetGen metformin GWAS.
COHO:0000083	EGA	NOT FOUND	removed from subset						"No EGA study uses GEHA. EGA site search: ""Genetics of Healthy Aging"" 1 (EGAS00001003511, the Australian Medical Genome Reference Bank, which only says it is 'a useful resource for studying the genetics of healthy aging', not this cohort), ""Genetics of Healthy Ageing"" 0, GEHA 0, GEHA longevity 0, nonagenarian siblings 0; EBI Search EGA: same MGRB hit, GEHA 1 (unrelated dataset); Europe PMC papers citing an EGA accession: GEHA 1 (PMID:31806903, which cites the INTERVAL pQTL study EGAS00001002555, not GEHA data); local tables 0. EGA subset membership looks mistaken."
COHO:0000085	EGA	FOUND	example added	EGAS00001005973		ENCORAFENIB COMBINED WITH BINIMETINIB FOR BRAFV600E-MUTATED RELAPSED/REFRACTORY MULTIPLE MYELOMA: THE PHASE II GMMG-BIRMA TRIAL (Hipo_K08K)	THE PHASE II GMMG-BIRMA TRIAL (Hipo_K08K) Activating BRAF mutations are rare events in multiple myeloma but have been shown to be promising therapeutic targets in small case studies. This multicenter phase II trial assessed the efficacy and safety of the BRAF/MEK inhibitors	https://ega-archive.org/studies/EGAS00001005973	Local candidate (human-reviewed 'THE PHASE II GMMG-BIRMA TRIAL') confirmed: a trial cohort of GMMG, whose record says 'Twelve RRMM patients ... were enrolled' and their genomes were profiled. GMMG is the German-speaking (German) Myeloma Multicenter Group, per the Heidelberg Myeloma Workshop report (PMC11810335), the same Heidelberg-led trial group as this COHO entry. The quote runs from the end of the record's title into its description. The record lists 5 downstream Heidelberg myeloma papers but not the trial paper, which I could not find in Europe PMC, so no PMID is given.
COHO:0000086	EGA	NOT FOUND	removed from subset						"No EGA study uses the Ghana Prostate Study. EGA site search: ""Ghana Prostate Study"" 2, Ghana prostate 3 and Accra prostate 1, all dbGaP records (phs000838 'Ghana Prostate Study', phs002718, phs002637), no EGAS; GPS 5 (none this study); EBI Search EGA: ""Ghana Prostate Study"" 0, Ghana prostate 0; Europe PMC papers citing an EGA accession: ""Ghana Prostate Study"" 0, Accra prostate 0 (Ghana prostate 4: unrelated datasets); local tables 0. EGA subset membership looks mistaken (the data are in dbGaP, phs000838)."
COHO:0000087	EGA	NOT FOUND	removed from subset						"No EGA record or fetched paper names GIST. EGA site search: ""Glaucoma Inheritance Study in Tasmania"" 0, glaucoma Tasmania 0, Tasmania 2 (only EGAS00001001766, Aboriginal Australian genomes), GIST 5 (none glaucoma), glaucoma 16 (2 EGAS: WTCCC2 glaucoma and VIKING); EBI Search EGA: full name 0, glaucoma 7; Europe PMC papers citing an EGA accession: full name 0, ""Glaucoma Inheritance Study"" 0; local tables 0. Unconfirmed lead: EGAS00001000624 'WTCCC2 project Glaucoma (GL) samples' (Australian cases). Its WTCCC2 GWAS (PMID:21532571, no open full text) replicated in unnamed 'cohorts of less severe OAG', and the paper the record lists (PMID:23836780) does not mention GIST. Membership likely mistaken unless GIST samples are shown to be in that study."
COHO:0000088	EGA	FOUND	example added	EGAS00001000630	PMID:24343240	A rare functional cardioprotective APOC3 variant has risen in frequency in distinct population isolates.	The HELIC (Hellenic Isolated Cohorts) MANOLIS (Minoan Isolates) collection focuses on Anogia and surrounding Mylopotamos villages.	https://ega-archive.org/studies/EGAS00001000630	Local candidate confirmed: ExomeChip genotypes of HELIC's MANOLIS cohort from mountain villages in Crete, a member of this aggregation. PMID is the ExomeChip paper, first of the 5 publications the EGA record lists. The other local candidates are also HELIC: EGAS00001000658 (the Pomak ExomeChip, 'HELIC Pomak Isolate') and EGAS00001000602 (HELIC exome sequencing), both with no publication listed.
COHO:0000089	EGA	UNSURE	removed from subset (unconfirmed)	EGAS00001001036	PMID:29486404	Genome-wide scan of depressive symptomatology in two representative cohorts in the United States and the United Kingdom.	The Discovery sample was drawn from the Health and Retirement Study (HRS), a nationally representative sample of households of older Americans in the United States	https://www.ncbi.nlm.nih.gov/research/bionlp/RESTful/pmcoa.cgi/BioC_xml/PMC6882010/unicode	Borderline. The local candidate EGAS00001001036 is ELSA's own GWAS resource; its record only compares with HRS ('would be matched with a near identical resource established in the United States for the Health and Retirement Study (HRS)'), which alone does not count. But this paper, listed on that record, analysed HRS participants (discovery) with ELSA (replication), as did another listed paper (PMID:30475886, frailty). Against it: the paper cites HRS data from dbGaP (phs000428) and ELSA from EGA, so EGA holds no HRS data.
COHO:0000090	EGA	FOUND	example added	EGAS00001000162		Genetic_background_for_the_major_psychiatric_disorders_in_the_general_Finnish_population	Low coverage (4-6x) sequencing on samples from population cohorts (Finrisk, Health2000) will be done at Wellcome Trust Sanger Institute (WTSI) using Illumina HiSeq sequencing technology.	https://ega-archive.org/studies/EGAS00001000162	Local candidate confirmed: released, with dataset EGAD00001001250. The record says the samples come from 'a national representative set of 8028 samples from persons of 30 years or older', matching the Health 2000 survey in the definition. The record lists no publication. The other local candidates also sequenced Health 2000 samples: EGAS00001000229 (HDL extremes, Finrisk/Health2000) and EGAS00001000137 (ENGAGE exomes 'selected from Health 2000 and FINRISK cohorts').
COHO:0000091	EGA	FOUND	example added	EGAS00001001427	PMID:26390057	Trans-ancestry genome-wide association study identifies 12 genetic loci influencing blood pressure and implicates a role for DNA methylation.	Participant recruitment, characterization and data generation. [...] Heart Protection Study:	https://www.ncbi.nlm.nih.gov/research/bionlp/RESTful/pmcoa.cgi/BioC_xml/PMC4719169/unicode	"The paper deposited its summary statistics and sequencing data as EGAS00001001427, and its author-contributions section lists the Heart Protection Study under 'Participant recruitment, characterization and data generation', so HPS participants were in the GWAS. The name is distinctive and matches the simvastatin/vitamin trial in the definition. The quote is two verbatim pieces joined by [...] to leave out author initials. The per-cohort description is in the supplement, which I did not fetch. EGA site/EBI Search give 0 hits for ""Heart Protection Study""."
COHO:0000093	EGA	FOUND	example added	EGAS00001006772		S3 Swedish schizophrenia case-control study	Population-based sampling was used to recruit cases with schizophrenia, based on data from the Swedish national patient register, as well as controls who had never been hospitalized for schizophrenia or bipolar disorder.	https://www.ebi.ac.uk/ebisearch/ws/rest/ega/entry/EGAS00001006772?fields=name,description,EGA,PUBMED,submitter_keywords&format=json	Quote is the study description in EBI Search's EGA index (the EGA web page shows only the title). The name differs: the record says 'Swedish national patient register', of which the Hospital Discharge Register is the inpatient part ('the Swedish Hospital Discharge Register and the Hospital Outpatient Register (both part of the National Patient Register)', PMC13246895); cases and controls were selected by hospitalisation, i.e. inpatient data. The record lists no publications and has 11 datasets. Other EGA hits are the Finnish hospital discharge register (FINRISK EGAS00001001047), not this one.
COHO:0000094	EGA	NOT FOUND	removed from subset						"No EGA study uses the NIMH Human Genetics Initiative. Both local candidates are acronym false positives and both are pending release: EGAS00001001224 (WTCCC exome chip AITD) says 'we want to involve the HGI group to perform co-clustering of data sets', i.e. a data-analysis group, not the NIMH repository; EGAS00001004560 (IBD exome sequencing) has no mention at all. Other 'HGI' hits are the COVID-19 Host Genetics Initiative (EGAS00001005304, EGAS00001006266). EGA site search: ""NIMH Genetics Initiative"" 1 (not EGAS), ""NIMH Human Genetics Initiative"" 0, NIMH repository 6 (0 EGAS); EBI Search EGA: same queries 0 (NIMH repository 1, dbGaP); Europe PMC papers citing an EGA accession: ""NIMH Human Genetics Initiative"" 0; the 'Genetics Initiative' NIMH hits are other initiatives (e.g. the Anorexia Nervosa Genetics Initiative). EGA subset membership looks mistaken (from the HGI acronym)."
COHO:0000095	EGA	NOT FOUND	removed from subset						"No EGA study found. EGA site search: 'Hunter Community Study' 0, 'Hunter Community' 0, 'Hunter Newcastle' 0, 'Hunter' 19 (all hunter-gatherer or unrelated studies), 'Newcastle' 2 (UK muscle-disease studies), 'HCS' 3 (unrelated); EBI Search ega '""Hunter Community Study""' 0, '""Hunter Community""' 0, 'Newcastle AND Australia' 0; local ega_studies/ega_study_cohorts 0; Europe PMC '""Hunter Community Study"" AND EGAS00001*' 0, '... AND EGAD00001*' 0, '""Hunter Community"" AND (""Genome-phenome Archive"" OR ""ega-archive.org"")' 0. EGA subset membership looks mistaken."
COHO:0000096	EGA	UNSURE	removed from subset (unconfirmed)	EGAS00001001178	PMID:27135926	Landscape of somatic mutations in 560 breast cancer whole-genome sequences.	For contributions towards instruments, specimens and collections: Tayside Tissue Bank (funded by CRUK, University of Dundee, Chief Scientist Office & Breast Cancer Campaign), Asan Bio-Resource Center of the Korea Biobank Network, Seoul, South Korea, OSBREAC consortium, The Icelandic Centre for Research (RANNIS), The Swedish Cancer Society and the Swedish Research Council, and Fondation Jean Dausset-Centre d’Etudes du polymorphisme humain. Icelandic Cancer Registry	https://www.ebi.ac.uk/europepmc/webservices/rest/PMC4910866/fullTextXML	"ICGC 560-breast-cancer EGA study (includes Icelandic tumours, University of Iceland); the registry is named only in the acknowledgements (also thanked as a 'contributor' in PMC5052682, same EGAS), and the methods and supplementary notes do not say its patients or data were analysed. Local candidates rejected: EGAS50000001270 'ICR' = immune checkpoint receptors; EGAS00001002336 'ICR' = Institute of Cancer Research. Other searches: EGA site 'Icelandic Cancer Registry' 0, 'Icelandic cancer' 0, 'Iceland' 4 (InterPregGen preeclampsia); EBI Search ega '""Icelandic Cancer Registry""' 0; Europe PMC '""Icelandic Cancer Registry"" AND EGAS00001*' 6 (all ICGC breast or PCAWG papers, acknowledgement/affiliation only). Icelandic registry-based methylation studies went to GEO, not EGA."
COHO:0000097	EGA	NOT FOUND	removed from subset						"No EGA study found. EGA site search: full name 0 EGAS, 'IMPACT prostate' 6 (all unrelated prostate-tumour studies), 'IMPACT BRCA' 1 (Penn DNA-repair carriers, not IMPACT), 'BRCA2 prostate screening' 0, 'targeted prostate screening' 0 EGAS, 'Eeles' 1 (CRUK-ICGC prostate tumours); EBI Search ega '""IMPACT study"" AND prostate' 0, 'prostate AND screening AND BRCA' 1 (EGAS00001001615, BRCA2 prostate tumours from kConFab/Toronto, not IMPACT); local tables 0; Europe PMC '""IMPACT study"" AND prostate AND BRCA AND EGAS00001*' 1 (MSK-IMPACT, acronym clash), full name AND (EGAS00001* OR ""European Genome-phenome Archive"") 0; IMPACT papers checked (5-year results, serum testosterone, stress biomarkers) have no EGA deposit. EGA subset membership looks mistaken."
COHO:0000098	EGA	UNSURE	removed from subset (unconfirmed)	EGAS00001000924	PMID:28067908	Genome-wide association study implicates immune activation of multiple integrin genes in inflammatory bowel disease.	We used METAL (release 2011-03-05) to perform a standard error weighted meta-analysis of our sequencing and GWAS cohorts with the publicly available International Inflammatory Bowel Disease Genetics Consortium (IIBDGC) meta-analysis summary statistics	https://www.ebi.ac.uk/europepmc/webservices/rest/PMC5289481/fullTextXML	The paper of EGA study EGAS00001000924 (new UKIBDGC Core Exome genotypes; its data availability names this EGAS) meta-analysed IIBDGC summary statistics (IBD, CD, UC), so IIBDGC data were used only at summary level, and the EGA dataset itself holds UK cases, not the IIBDGC genotyped CD collection. Local candidate EGAS00001000228 rejected: its EGA record names only the UK IBD Genetics Consortium (UK exome sequencing of 75 extreme IBD cases); 'IIBDGC' appears only in a locally stored abstract, not on the EGA page. EGA site 'IIBDGC' 0; the 31 EGA IBD/Crohn studies do not name IIBDGC; EBI Search ega 'IIBDGC' 1 (dbGaP phs000367).
COHO:0000099	EGA	NOT FOUND	removed from subset						"No EGA study found. EGA site search: 'Indiana Sisters' 0, 'Indiana' 10 results but 0 EGAS (dbGaP Indiana Biobank/INGENIOUS), 'bone mineral density sisters' 0, 'bone mineral density' 2 EGAS (Crohn SBNO2 iQTL; childhood ALL survivors), unrelated; EBI Search ega '""Indiana Sisters""' 0, 'Indiana AND sisters' 2 (dbGaP phs only); local tables 0; Europe PMC '""Indiana Sisters Study"" AND (EGAS00001* OR EGAD00001* OR EGAD00010* OR ""European Genome-phenome Archive"")' 0. EGA subset membership looks mistaken."
COHO:0000100	EGA	FOUND	example added	EGAS00001002169	PMID:28056824	The emerging landscape of dynamic DNA methylation in early childhood.	MeDALL epigenetics study includes illumina 450k methylation measurements from 4 cohorts: Infancia y Medio Ambiente (INMA), Etudes des Déterminants pré et postnatals précoces du développement et de la santé de l’ENfant (EDEN), Children’s Allergy Environment Stockholm Epidemiology study(BAMSE), and Prevention and Incidence of Asthma and Mite Allergy (PIAMA)	https://ega-archive.org/studies/EGAS00001002169	Local candidate confirmed on the EGA record itself: INMA named in full as one of four cohorts whose 450k methylation data make up the study (Spanish birth cohorts, matches definition).
COHO:0000102	EGA	FOUND	example added	EGAS00001000048		Paroxysmal neurological disorders	We are sequencing the exomes of patients with paroxysmal neurological disorders mainly focusing on migraine and epilepsy. Cases are collected from performance sites of members of the International Headache Genetics consortium and EuroEPINOMICS.	https://ega-archive.org/studies/EGAS00001000048	Local candidate confirmed on the EGA record: migraine cases from IHGC member sites exome-sequenced (same text on sibling studies EGAS00001000190 and EGAS00001000386). PMID left blank: all papers linked to these EGA studies are EuroEPINOMICS epilepsy papers, none on the IHGC migraine samples. EGA site search 'migraine' found no other IHGC study.
COHO:0000104	EGA	FOUND	example added	EGAS00001001077	PMID:30218040	Autosomal genetic variation is associated with DNA methylation in regions variably escaping X-chromosome inactivation.	Samples were contributed by LifeLines, the Leiden Longevity Study, the Netherlands Twin Registry (NTR), the Rotterdam Study, the Genetic Research in Isolated Populations program, the Cohort on Diabetes and Atherosclerosis Maastricht (CODAM) study, the Prospective ALS study Netherlands (PAN), Avon Longitudinal Study of Parents and Children (ALSPAC), International Schizophrenia Consortium, Cooperative Health Research in the Ausburg Region (KORA), TwinsUK.	https://www.ebi.ac.uk/europepmc/webservices/rest/PMC6138682/fullTextXML	Luijk 2018 (a publication of the BIOS EGA study; 'Raw data were submitted to the European Genome-phenome Archive (EGA) under accession EGAS00001001077') acknowledges the ISC as a sample contributor, and its methods use 'The Aberdeen case-control sample ... described elsewhere 61, 62' (ref 62 = the ISC's 2008 CNV paper) as a replication cohort with genotype and methylation data. So ISC-member samples were analysed, though the EGA deposit itself holds the Dutch BIOS data. Weaker alternative: PGC CNV call set EGAS00001001960, whose record lists the ISC paper only as a reference. EGA site 'International Schizophrenia Consortium' 0 EGAS (dbGaP only).
COHO:0000105	EGA	FOUND	example added	EGAS00001000458	PMID:34440402	Hearing Function: Identification of New Candidate Genes Further Explaining the Complexity of This Sensory Ability.	This study includes Phase 2 whole-genome sequencing data (at 4x depth)of 100 individuals from an Italian genetic isolate population (Val Borbera, abbreviated VBI) of the Italian Network of Genetic Isolates (INGI).	https://ega-archive.org/studies/EGAS00001000458	EGA record names INGI in full (Val Borbera isolate, matches definition). Linked paper PMID:34440402 analysed INGI-FVG, INGI-VBI and INGI-CAR and cites EGAS00001000458 in its data availability (PMC8394865). Sibling INGI studies: EGAS00001000460 (Carlantino), EGAS00001000398 (VBSEQ).
COHO:0000107	EGA	FOUND	example added	EGAS00001000644	PMID:24974849	Whole-genome sequence variation, population structure and demographic history of the Dutch population.	Samples where contributed by LifeLines (http://lifelines.nl/lifelines-research/general), The Leiden Longevity Study (http://www.healthy-ageing.nl; http://www.langleven.net), The Netherlands Twin Registry	https://ega-archive.org/studies/EGAS00001000644	Genome of the Netherlands EGA record names the Leiden Longevity Study (full name, Leiden URLs) as one of five BBMRI-NL biobanks contributing the sequenced trios. PMID is the main GoNL paper linked from the record.
COHO:0000109	EGA	FOUND	example added	EGAS00001002619	PMID:28961250	Estimation of kinship coefficient in structured and admixed populations using sparse sequencing data.	We generated whole-exome sequencing data and Illumina OmniExpress array genotyping data for 1,299 Chinese and 1,229 Malays from the Singapore Living Biobank.	https://ega-archive.org/studies/EGAS00001002619	EGA record names the Singapore Living Biobank and describes it exactly as the definition does (healthy Chinese and Malay participants sampled from MEC and SH2012 for phenotype recall of high-impact variant carriers). Other 'living biobank' EGA hits are unrelated organoid biobanks.
COHO:0000110	EGA	NOT FOUND	removed from subset						"No EGA (EGAS) study found. EGA site search 'Contraceptive and Reproductive Experiences' 1 result, a dbGaP study (phs000851 African American Breast Cancer GWAS, which lists the Los Angeles CARE component) shown in EGA's federated search, not an EGAS accession; ""Women's CARE"" 5 results, 0 EGAS; 'Womens CARE' 0; 'Contraceptive Reproductive' 2, 0 EGAS; 'CARE breast cancer' 5 EGAS, all unrelated ('standard of care' etc.); EBI Search ega '""Contraceptive and Reproductive Experiences""' 0; local tables 0; Europe PMC '""Contraceptive and Reproductive Experiences"" AND (EGAS00001* OR EGAS00000* OR EGAD0* OR ""European Genome-phenome Archive"")' 0. The data sit in dbGaP, so EGA subset membership looks mistaken."
COHO:0000113	EGA	FOUND	example added	EGAS00001002123	PMID:28053049	Genome-wide association study with additional genetic and post-transcriptional analyses reveals novel regulators of plasma factor XI levels.	Individual GWAS analyses, including a total of 16,169 European individuals from the ARIC, GHS, MARTHA and PROCARDIS studies, were meta-analyzed, and results are presented here.	https://ega-archive.org/studies/EGAS00001002123	Local candidate confirmed. MARTHA is an acronym here, confirmed as the Marseille cohort by the paper (https://pmc.ncbi.nlm.nih.gov/articles/PMC5703348/): thrombosis (factor XI) GWAS whose co-authors include the MARTHA investigators at INSERM UMR_S 1062 Marseille (Suchon, Morange, Trégouët), and 'The MARTHA project was supported by grants from the Program Hospitalier de Recherche Clinique'. MARTHA was a discovery cohort whose GWAS results are in the deposited meta-analysis. No other EGA study names MARTHA (EGA site 'MARTHA' 1, 'Marseille Thrombosis' 0).
COHO:0000115	EGA	NOT FOUND	removed from subset						"No EGA study found. Local candidate EGAS00001008117 rejected: acronym clash, it is a Rotterdam Study plasma microRNA ageing study whose 'mirAge' biomarker matched MIRAGE. EGA site search 'MIRAGE' 1 (that same study), 'Multi-Institutional Research on Alzheimer Genetic Epidemiology' 0; EBI Search ega 'MIRAGE AND Alzheimer' 0, 'MIRAGE' 4 (miRNA/tendinopathy/dbGaP, unrelated); Europe PMC '(""MIRAGE study"" OR ""Multi-Institutional Research on Alzheimer Genetic Epidemiology"" OR ""MIRAGE Study Group"") AND (EGAS00001* OR EGAS5* OR EGAD0* OR ""European Genome-phenome Archive"")' 0. EGA subset membership looks mistaken (it rests on the acronym clash)."
COHO:0000116	EGA	NOT FOUND	removed from subset						"No EGA study found. EGA site search 'Molecular Genetics of Schizophrenia' 4 results, 0 EGAS (all dbGaP phs000021/phs000167 federated entries); EBI Search ega '""Molecular Genetics of Schizophrenia""' 2 (dbGaP only); local tables 0; Europe PMC '""Molecular Genetics of Schizophrenia"" AND (EGAS00001* OR EGAS5* OR EGAD0* OR ""European Genome-phenome Archive"")' 9, all using MGS from dbGaP (e.g. as controls) and EGA only for WTCCC2 or HRC data, none depositing MGS data in EGA. The PGC CNV call set EGAS00001001960 may include MGS samples, but neither its EGA record nor the open text of its paper names MGS. The MGS data sit in dbGaP; EGA subset membership looks mistaken."
COHO:0000117	EGA	UNSURE	removed from subset (unconfirmed)	EGAS00001000086		Dilgom_Exome	The FINRISK study is part of the MORGAM Project (MONICA Risk, Genetics, Archiving and Monigraph), sponsored by the EU and MDECODE (Molecular Diversity and Epidemiology of Common Disease) program coordinated by the University of Michigan.	https://ega-archive.org/studies/EGAS00001000086	"Local candidate; the EGA record names MORGAM, but only to say FINRISK (source of the exome-sequenced DILGOM participants) is part of it. Participants of a MORGAM member cohort were analysed, but this is not a MORGAM analysis, so whether it counts as using the aggregation is a curator's call. The other candidates EGAS00001001047/EGAS00001001046 (FINRISK genotyping; 1046 pending release) name MORGAM only as '(cf. MORGAM)' for phenotyping procedures. EGA site 'MORGAM' 2 (these); Europe PMC '(MORGAM OR ""MONICA Risk, Genetics, Archiving"") AND (EGAS* OR EGAD* OR ""European Genome-phenome Archive"")' 2 (data-sharing policy papers only). No paper linked to the EGA study."
COHO:0000118	EGA	UNSURE	removed from subset (unconfirmed)	EGAS00001001047		Finnish_population_cohort_genotyping_B	DNA samples were collected in the followingsurvey years: 1987, 1992, 1997, 2002, 2007, and 2012. The MONICA and EHES (EU)procedures were applied in phenotype collection (cf. MORGAM)	https://ega-archive.org/studies/EGAS00001001047	Local candidate; FINRISK genotyping whose DNA includes the 1987 and 1992 surveys (the Finnish contribution to MONICA), but the record names MONICA only for the phenotyping procedures, not as the source of participants; EGAS00001000086 names MONICA only inside MORGAM's name. No EGA study names MONICA as a cohort: EGA site 'MONICA' 2 (these two), 'MONICA Augsburg' 0, 'Northern Sweden MONICA' 0, 'Monitoring of Trends and Determinants in Cardiovascular Disease' 0; the KORA EGA studies (KORA controls) do not mention MONICA; Europe PMC MONICA-phrase variants AND EGA accessions 7 (none deposit MONICA data; FINRISK 2002 microbiome EGAS00001005020 cites the WHO MONICA protocol only). No paper linked to the EGA study.
COHO:0000119	EGA	NOT FOUND	removed from subset						"No EGA study found. EGA site search 'Multi-Ethnic Study of Atherosclerosis' 12 results, 0 EGAS (dbGaP federated entries); 'MESA' 2 EGAS, both acronym clashes (Multimodal Epigenetic Sequencing Analysis of cfDNA: EGAS00001006462, EGAS50000001267); EBI Search ega '""Multi-Ethnic Study of Atherosclerosis""' 10, none EGAS; local tables 0; Europe PMC '""Multi-Ethnic Study of Atherosclerosis"" AND (EGAS00001* OR EGAS5* OR EGAD0*)' 15, all use MESA via dbGaP and cite EGA only for other cohorts (INTERVAL, HRC, UK controls etc.). MESA data sit in dbGaP; EGA subset membership looks mistaken."
COHO:0000120	EGA	NOT FOUND	removed from subset						"No EGA study found. Local candidate EGAS00001000121 (UK10K NEURO IOP COLLIER) rejected: acronym clash, its 'MFS' is 'The Maudsley family study (MFS)', a UK family set, not the seven-collection multicenter pedigree project. EGA site search 'Multicenter Family Study' 2 EGAS (Italian INRP de novo CNV study; MASTER cancer trial), unrelated; 'multiplex schizophrenia pedigrees' 0; 'schizophrenia families' 8 EGAS (UK10K Finnish, Edinburgh and UCL sets, two single-pedigree psychosis studies, a bipolar family exome study), none naming the Multicenter Family Study; EBI Search ega '""Multicenter Family Study""' 0; Europe PMC '(""Multicenter Family Study"" OR ""multiplex schizophrenia pedigrees"" OR ""multicenter schizophrenia family"") AND schizophrenia AND (EGAS* OR EGAD0* OR ""European Genome-phenome Archive"")' 0. EGA subset membership looks mistaken (it rests on the acronym clash)."
COHO:0000121	EGA	UNSURE	removed from subset (unconfirmed)	EGAS00001002305	PMID:35027648	Polygenic risk modeling for prediction of epithelial ovarian cancer risk.	MEC: NIH (CA54281, CA164973, CA63464)	https://www.ebi.ac.uk/europepmc/webservices/rest/PMC8904525/supplementaryFiles	"Weak lead. The quote is from the OCAC 'Funding for individual studies' list in the Supplementary Information (MOESM1 docx) of Dareng 2022, whose OncoArray data are the OCAC EGA deposit EGAS00001002305. MEC is only an acronym there; US NIH grants suggest the Hawaii/Los Angeles cohort rather than Singapore's MEC, but neither the full name nor MEC's presence in the deposited data is stated. Rejected: local candidates EGAS00001002811 ('MEC' = mucoepidermoid carcinoma) and EGAS00001002619 (Singapore's 'Multi-Ethnic Cohort (MEC)'). Otherwise no EGA link: EGA site 'Multiethnic Cohort' 31 results, 2 EGAS (GoDARTS T2D-GENES, GCAT), neither mentioning the MEC; EBI Search ega '""Multiethnic Cohort""' 4 (dbGaP phs000517, phs000220, phs000356, phs000306); in Flannick 2019 Supplementary Table 1 the MEC T2D exomes are listed with dbGaP phs001429 only, no EGA dataset."
COHO:0000122	EGA	UNSURE	removed from subset (unconfirmed)	EGAS00001002123	PMID:28053049	Genome-wide association study with additional genetic and post-transcriptional analyses reveals novel regulators of plasma factor XI levels.	Individual GWAS analyses, including a total of 16,169 European individuals from the ARIC, GHS, MARTHA and PROCARDIS studies, were meta-analysed and further replicated in 2,045 individuals from the F5L family, GAIT2 and MEGA studies.	https://pmc.ncbi.nlm.nih.gov/articles/PMC5703348/	The only EGA link found. MEGA appears only as an acronym, used for replication; the context fits the Dutch MEGA study (thrombosis/coagulation study with LUMC Clinical Epidemiology co-authors Rosendaal, van Hylckama Vlieg, de Haan), but the expansion is only in Supplementary Table S1, which is not open access. The EGA deposit holds only the discovery meta-analysis (ARIC, GHS, MARTHA, PROCARDIS), not MEGA data. Other searches: EGA site 'Multiple Environmental and Genetic Assessment' 3 results, 0 EGAS; 'MEGA study' 3 EGAS, all the Illumina MEGA array or a 'mega-analysis'; 'venous thrombosis' 0 EGAS; EBI Search ega full name 0; Europe PMC full name/'MEGA study' AND thrombosis AND EGA terms 0.
COHO:0000123	EGA	FOUND	example added	EGAS00001000825	PMID:32150548	The influence of rare variants in circulating metabolic biomarkers.	Participants in the INTERVAL randomised controlled trial were recruited with the active collaboration of NHS Blood and Transplant England	https://www.ebi.ac.uk/europepmc/webservices/rest/PMC7108731/fullTextXML	Local candidate (INTERVAL WES) confirmed through its paper: the analysed participants are INTERVAL blood donors recruited through NHSBT ('a large cohort of 7,142 healthy blood donors'), and the paper's data availability points to this study's dataset EGAD00001002221. The EGA record itself does not name NHSBT. Alternative: EGAS00001001355 (INTERVAL WGS; Gilly 2018, PMC6220258, same NHSBT statement).
COHO:0000124	EGA	FOUND	example added	EGAS00001005412	PMID:36539618	Deciphering colorectal cancer genetics through multi-omic analysis of 100,204 cases and 154,587 controls of European and east Asian ancestries.	Genotype data of 7,281 individuals with colorectal cancer from the National Study of Colorectal Cancer Genetics (NSCCG) study.	https://ega-archive.org/studies/EGAS00001005412	Local candidate confirmed: dedicated NSCCG EGA study naming the cohort in full. Its linked paper PMID:36539618 analysed NSCCG and gives 'EGAS00001005412 (NSCCG)' in its data availability (PMC10094749).
COHO:0000125	EGA	FOUND	example added	EGAS00001000644	PMID:24974849	Whole-genome sequence variation, population structure and demographic history of the Dutch population.	Samples where contributed by LifeLines (http://lifelines.nl/lifelines-research/general), The Leiden Longevity Study (http://www.healthy-ageing.nl; http://www.langleven.net), The Netherlands Twin Registry (NTR: http://www.tweelingenregister. org)	https://ega-archive.org/studies/EGAS00001000644	Genome of the Netherlands EGA record names the Netherlands Twin Registry (full name, NTR acronym and URL) as one of five BBMRI-NL biobanks contributing the sequenced trios; PMID is the main GoNL paper linked from the record. EGA site 'Netherlands Twin Registry' 3 results, only this EGAS; 'Netherlands Twin Register' 0.
COHO:0000126	EGA	UNSURE	removed from subset (unconfirmed)	EGAS00001002305	PMID:35027648	Polygenic risk modeling for prediction of epithelial ovarian cancer risk.	NEC: National Institutes of Health R01-CA54419 and P50-CA105009 and Department of Defense W81XWH-10-1-02802	https://www.ebi.ac.uk/europepmc/webservices/rest/PMC8904525/supplementaryFiles	Weak lead. The quote is from the 'OCAC FUNDING AND ACKNOWLEDGEMENT, Funding for individual studies' section of the Supplementary Information (41431_2021_987_MOESM1_ESM.docx) of Dareng 2022, whose main text says 'OncoArray germline genotype data for the OCAC studies have been deposited at the European Genome-phenome Archive ... under accession EGAS00001002305'. NEC is only an acronym in a boilerplate OCAC acknowledgement; the full name and NEC's presence in the deposited OncoArray data are not stated (the EGA record says only 'cases and controls from multiple studies participating in the Ovarian Cancer Association Consortium'). No EGA record or open paper text names the New England study: EGA site 'New England ovarian' 3 and 'New England Case-Control' 4 results, 0 EGAS; the 130 EGA 'ovarian cancer' studies mention no New England, Massachusetts or New Hampshire source; Europe PMC NECC full name AND ovarian AND EGA terms 0.
COHO:0000127	EGA	NOT FOUND	removed from subset						"No EGA study found. Local candidate EGAS00001002937 (GoDARTS T2D-GENES exomes) rejected: it names NIDDK only as the funder of the T2D-GENES consortium ('a NIDDK-funded international research consortium'), not the gastroparesis (GpCRC) cohort. EGA site search 'gastroparesis' 0, 'Gastroparesis Clinical Research Consortium' 0, 'GpCRC' 0; EBI Search ega 'gastroparesis' 0; Europe PMC '(gastroparesis OR ""Gastroparesis Clinical Research Consortium"" OR GpCRC) AND (EGAS* OR EGAD0* OR ""European Genome-phenome Archive"")' 5, none a gastroparesis cohort study. EGA subset membership looks mistaken (it rests on the NIDDK name clash)."
COHO:0000128	EGA	NOT FOUND	removed from subset						"No EGA study found. Local candidate EGAS00001005421 (COIN CRC GWAS) rejected: acronym clash, its 'NBS' is the 'WTCCC2 project National Blood Donors (NBS) Cohort'. EGA site search 'Nijmegen Biomedical Study' 1 result, a dbGaP OncoArray lung-cancer entry, 0 EGAS; 'Nijmegen' 1 EGAS (300-Obese Radboud cohort, unrelated); EBI Search ega '""Nijmegen Biomedical Study""' 0; Europe PMC '""Nijmegen Biomedical Study"" AND (EGAS* OR EGAD0* OR ""European Genome-phenome Archive"")' 1 and '(""Nijmegen Biomedical Study"" OR ""Nijmegen Biomedical"") AND (EGA OR ""Genome-phenome"")' 3: USE-IMT carotid paper (EGA link is H3Africa AWI-Gen data only), OCAC pooled-DNA and KRAS papers (no EGA deposit). EGA subset membership looks mistaken (it rests on the acronym clash)."
COHO:0000129	EGA	FOUND	example added	EGAS00001007915	PMID:41857591	Baseline epigenetic clock measures in the Northern Ireland Cohort for the Longitudinal Study of Ageing (NICOLA).	In NICOLA we have 551,839 directly genotyped and 18,148,478 imputed Single Nucleotide Polymorphisms (SNPs) currently available for 2969 participants.	https://ega-archive.org/studies/EGAS00001007915	Local candidate confirmed: the cohort's own EGA study, which names it in full ('The Northern Ireland COhort for the Longitudinal study of Ageing (NICOLA) is a representative sample of ~8,500 people from across Northern Ireland') and holds its genotype, methylation and epigenetic-clock datasets. PMID is the linked epigenetic-clock paper (the record also holds an epigenetic-clock dataset); the other linked papers are the cohort profiles (PMID:36899371, PMID:37011634).
COHO:0000131	EGA	FOUND	example added	EGAS00001001266	PMID:33239696	Genetic predisposition to hypertension is associated with preeclampsia in European and Central Asian women.	The Norwegian MoBa (Mother, Father and Child Cohort Study) is a longitudinal study of over 110,000 pregnant women, their children and partners, recruited between 1999 and 2008 from maternity units throughout Norway	https://www.ebi.ac.uk/europepmc/webservices/rest/PMC7688949/fullTextXML	InterPregGen preeclampsia GWAS: the paper's methods include 1564 validated preeclampsia cases and 999 controls from the MoBa Preeclampsia case-control study, and its data availability lists the meta-analysis datasets EGAD00010001983/EGAD00010001984, which belong to EGAS00001001266 (the EGA record: maternal cases 'from Europe (UK, Iceland, Norway, Denmark, Finland)'). The local candidate EGAS00001000498 (MoBa autism exomes, names MoBa directly) is still 'pending for release', so a released study was preferred.
COHO:0000133	EGA	NOT FOUND	removed from subset						"No EGA study found. Local candidate EGAS00001005744 rejected: word clash ('IN UTERO ORIGIN OF MYELOFIBROSIS', twin case study). EGA site search 'Outcome Reduction with Initial Glargine Intervention' 0, 'glargine' 0, 'dysglycaemia' 0, 'ORIGIN trial' 3 EGAS, all only using the word 'origin' (cancer of unknown primary, ROBUST lymphoma trial, serum metabolome); EBI Search ega '""Initial Glargine Intervention""' 0; Europe PMC '(""Outcome Reduction with Initial Glargine Intervention"" OR ""ORIGIN trial"") AND (EGAS* OR EGAD0* OR ""European Genome-phenome Archive"")' 1 (conference abstracts). EGA subset membership looks mistaken (it rests on the word clash)."
COHO:0000137	EGA	NOT FOUND	removed from subset						"No EGA study found. EGA site search 'PanCareLIFE' 0, 'PanCare' 0, 'childhood cancer survivors' 2 EGAS (St. Jude Lifetime Cohort; bone density in childhood ALL survivors), 'cisplatin ototoxicity' 0 EGAS (dbGaP Platinum Study), 'ovarian reserve' 1 EGAS (ovarian ageing GWAS, not PanCareLIFE); EBI Search ega 'PanCareLIFE' 0; local tables 0; Europe PMC '(PanCareLIFE OR ""PanCare"") AND (EGAS* OR EGAD* OR ""European Genome-phenome Archive"")' 2 (health-cloud policy paper; neuroblastoma cell study), neither using PanCareLIFE data. EGA subset membership looks mistaken."
COHO:0000138	EGA	NOT FOUND	removed from subset						"No EGA study found. EGA site search 'Parkinson Environment and Gene' 1 result, 0 EGAS (dbGaP NGRC Parkinson GWAS, not PEG), 'Parkinson California' 0, 'PEG Parkinson' 0; EBI Search ega '""Parkinson Environment""' 0; local tables 0; Europe PMC '(""Parkinson Environment and Gene"" OR ""Parkinson's Environment and Gene"" OR ""PEG study"") AND (EGAS* OR EGAD0* OR ""European Genome-phenome Archive"")' 1: Horvath 2016 epigenetic clock paper, where the PEG blood and saliva methylation data are in GEO (GSE72775, GSE78874) and the only EGA data are another group's African samples. EGA subset membership looks mistaken."
COHO:0000140	EGA	FOUND	example added	EGAS50000000708		Saliva Microbiota of Finnish children from the PANIC study	Saliva Microbiota of Finnish children aged between 6-8 yrs in the PANIC study. Baseline data. Studied for various lifestyle conditions and oral diseases (without caries/with caries).	https://ega-archive.org/studies/EGAS50000000708	Local candidate confirmed; acronym checked by context: Finnish children at PANIC baseline, 16S saliva microbiota of 407 participants with caries status. A matching Europe PMC preprint (PPR1231243, doi:10.64898/2025.12.16.694580, no PMID) states it 'examined 400 Finnish children ... aged 7-9 years who provided stimulated saliva samples ... at baseline of the Physical Activity and Nutrition in Children study'. No paper is linked on the EGA record, so PMID is blank and the title is the study's own.
COHO:0000141	EGA	FOUND	example added	EGAS00001004869	PMID:33462485	Large-scale association analyses identify host factors influencing human gut microbiome composition.	PopCol is a cohort study in Stockholm, Sweden that includes a data-rich set of individuals with data available from bowel symptoms questionnaires, gastroenterology visits and biospecimens (genotype and 16S sequencing from blood and stool samples, respectively).	https://ega-archive.org/studies/EGAS00001004869	Local candidate confirmed: the cohort's own EGA study (genotypes and 16S data), described exactly as in the definition. Its linked MiBioGen paper PMID:33462485 analysed PopCol and states 'POPCOL is available on EGA (EGAS00001004869)' (PMC8515199).
COHO:0000142	EGA	FOUND	example added	EGAS00000000055	PMID:20032323	Genetic variants associated with Lp(a) lipoprotein level and coronary disease.	Procardis study on novel susceptibility genes for coronary artery disease (CAD)	https://ega-archive.org/studies/EGAS00000000055	Dedicated PROCARDIS EGA study (better than the local candidate EGAS00001002123, where PROCARDIS is one of four discovery GWAS). The record describes a CAD case-control gene-chip study of 3145 cases and 3352 controls, and its linked paper is authored by the PROCARDIS Consortium, matching the definition (CHD case-control collection).
COHO:0000143	EGA	NOT FOUND	removed from subset						"No EGA study found. Local candidate EGAS00001006410 rejected: acronym clash, it is the SOLTI PAMELA trial (NCT01973660) of neoadjuvant therapy in HER2+ breast cancer, not the Monza blood-pressure cohort. EGA site search 'PAMELA' 1 EGAS (that trial), 'Pressioni Arteriose' 0, 'Monza blood pressure' 0, 'ambulatory blood pressure' 0 EGAS; EBI Search ega '""Pressioni Arteriose""' 0; local tables only the clash; Europe PMC '(""Pressioni Arteriose Monitorate"" OR ""PAMELA study"" OR ""PAMELA population"") AND (EGAS* OR EGAD0* OR ""European Genome-phenome Archive"")' 0. EGA subset membership looks mistaken (it rests on the acronym clash)."
COHO:0000144	EGA	FOUND	example added	EGAS00001003583	PMID:31684996	Genetic regulation of gene expression and splicing during a 10-year period of human aging.	We performed RNA sequencing in whole-blood from the same individuals from the PIVUS study at ages 70 and 80 to quantify how gene expression, alternative splicing, and their genetic regulation are altered during this 10-year period of advanced aging.	https://ega-archive.org/studies/EGAS00001003583	Local candidate confirmed. PIVUS is an acronym on the EGA record; the paper (PMC6827221) expands it ('65 healthy participants from the Prospective Investigation of Uppsala Seniors (PIVUS) study [28] at both age 70 and 80'), its Uppsala co-authors fit the definition, and its data availability gives this study's dataset EGAD00001004965.
COHO:0000145	EGA	NOT FOUND	removed from subset						"No EGA study found. Local candidates EGAS00001001713 and EGAS00001002817 rejected: acronym clash, both are 'PAGE: Prenatal Assessment of Genomes and Exomes'. EGA site search 'Psoriasis Association Genetics Extension' 0; 'psoriasis' 13 EGAS, none naming PAGE (the WTCCC2/GAPC psoriasis GWAS EGAS00000000108 matched only the words 'psoriasis association'); EBI Search ega full name 0; Europe PMC '""Psoriasis Association Genetics Extension"" AND (EGAS* OR EGAD0* OR ""European Genome-phenome Archive"")' 0; none of the 9 papers naming PAGE mentions EGA, and Ellinghaus 2016 (PMC4848113) says PAGE genotype data are available only by application to the consortium. EGA subset membership looks mistaken (it rests on the acronym clash)."
COHO:0000146	EGA	FOUND	example added	EGAS00001001960	PMID:27869829	Contribution of copy number variants to schizophrenia from a genome-wide study of 41,321 subjects.	Here, we report the largest genome-wide analysis of CNVs for any psychiatric disorder to date, using datasets assembled by the Schizophrenia Working Group of the PGC.	https://www.ncbi.nlm.nih.gov/research/bionlp/RESTful/pmcoa.cgi/BioC_json/PMC5737772/unicode	PGC CNV Analysis Group study; the same text defines PGC as the Psychiatric Genomics Consortium (the renamed Psychiatric GWAS Consortium) and states the rare CNV call set 'can be obtained from the European Genome-Phenome Archive (Study accession #EGAS00001001960)'; the EGA dataset is released through the 'PGC CNV Data Access Committee'. Preferred over the local candidate EGAS00001000913 (WTCCC3 anorexia nervosa; linked to the PGC only via the later Eating Disorders Working Group, outside the definition's five disorders).
COHO:0000147	EGA	NOT FOUND	removed from subset						"No EGA study found. Local candidate EGAS00001007321 rejected: word clash (DNA damage after paternal ionising-radiation exposure in radar technicians). EGA site search 'Research on Adolescent Development and Relationships' 0, 'RADAR adolescents' 0, 'RADAR-Young' 0, 'adolescent development relationships' 0; EBI Search ega '""Research on Adolescent Development""' 0; Europe PMC '(""Research on Adolescent Development and Relationships"" OR ""RADAR-Young"" OR ""RADAR-Old"" OR ""RADAR study"") AND (EGAS* OR EGAD0* OR ""European Genome-phenome Archive"")' 1, the same radar-technician paper (PMC12185716). EGA subset membership looks mistaken (it rests on the word clash)."
COHO:0000149	EGA	FOUND	example added	EGAS00001003103	PMID:30206357	Exploring rare and low-frequency variants in the Saguenay-Lac-Saint-Jean population identified genes associated with asthma and allergy traits.	Samples from 149 trios from the Saguenay-Lac-Saint-Jean asthma familial cohort were all sequenced using a custom capture panel developed by our group, followed by next-generation sequencing.	https://ega-archive.org/studies/EGAS00001003103	Local candidate confirmed on the EGA record: the SLSJ asthma familial cohort named in full (matches synonym and definition; asthma and allergy traits in the Quebec founder population). The sibling candidate EGAS00001003077 (same description) is still 'pending for release'.
COHO:0000151	EGA	FOUND	example added	EGAS00001002212	PMID:26366554	Genome sequencing elucidates Sardinian genetic architecture and augments association analyses for lipid and blood inflammatory markers.	The dataset includes the VCF files with the list of variants, and their frequency, found in 3,514 Sardinian individuals recruited from the SardiNIA longitudinal study (N=2090) and from a case-control study of autoimmune diseases in Sardinia (N=1424).	https://ega-archive.org/studies/EGAS00001002212	Local candidate confirmed on the EGA record: the SardiNIA longitudinal study named as the source of 2090 sequenced individuals. Alternative: EGAS00001002105 ('RNAseq data of polyA+ RNA from Leukocytes from 624 individuals of the SardiNIA cohort', PMID:28394350).
COHO:0000152	EGA	FOUND	example added	EGAS00001001459	PMID:31118516	Exome sequencing of 20,791 cases of type 2 diabetes and 24,440 controls.	individuals drawn from three prospective cohorts: the Malmö Preventive Project, the Scania Diabetes Registry, and the Botnia Study	https://www.ebi.ac.uk/europepmc/webservices/rest/PMC6699738/supplementaryFiles	Quote is from Supplementary Table 1 (41586_2019_1231_MOESM3_ESM.xlsx), GoT2D 'Malmo-Botnia Study' row, which adds '125 cases were selected from each of the Scania and Malmö studies' and gives EGA datasets 'EGAD00001002246, EGAD00001002247'. The dataset pages place EGAD00001002247 in the GoT2D study EGAS00001001459 and EGAD00001002246 in EGAS00001001460 (T2D-GENES/GoT2D 13K exomes). The GoT2D paper (PMID:27398621, which gives EGAS00001001459) lists the Malmo-Botnia Study (Finland, Sweden) but does not name the registry. Two-step link (registry cases inside the Malmo-Botnia sample), stated verbatim in the supplement.
COHO:0000154	EGA	UNSURE	removed from subset (unconfirmed)	EGAS00001006624		TransSCOT_WES	TransSCOT is the translational arm of the SCOT trial, where samples of paraffin embedded tumour tissue (obtained at surgical resection of SCOT patient’s primary tumour prior to entry into the trial) and blood samples (serum sample and EDTA sample) were collected as part of a sub-study research initiative.	https://ega-archive.org/studies/EGAS00001006624	Local candidate; the record identifies the SCOT trial exactly (ISRCTN59757862; 3 v 6 months adjuvant oxaliplatin in high-risk stage II/III colorectal cancer), but the study is 'pending for release', has no linked paper, and describes the analysis as planned ('We will use these for analysis'), so it is unclear whether SCOT data have yet been analysed and released. No released alternative: EGA site 'SCOT trial' 0, 'TransSCOT' 0 (the site search skips pending studies); EBI Search ega 'SCOT AND colorectal' 2 (SCORT bait-design test, not SCOT); Europe PMC SCOT/TransSCOT/ISRCTN59757862 AND EGA terms 1 (Law 2019 CRC GWAS used SCOT GWAS data, but its only EGA deposit, EGAS00001001946, is Hi-C/ChIP-seq data).
COHO:0000156	EGA	NOT FOUND	removed from subset						"No EGA study found. EGA site search 'Singapore Chinese colorectal' 1 result, 0 EGAS (dbGaP OncoArray lung entry); 'Singapore colorectal' 1 EGAS (SG-BULK tumour RNA-seq of Singhealth CRC patients, IRB 2018, not the GWAS case-control collection); 'Singapore Chinese Study'/'Singapore Chinese' 3 EGAS (Singapore Living Biobank, SG10K pilot, Peranakan project), none a colorectal case-control study; EBI Search ega 'Singapore AND colorectal' 2 (SG-BULK); local tables 0; Europe PMC '(""Singapore Chinese Study"" OR ""Singapore Chinese"") AND colorectal AND (EGAS* OR EGAD0* OR ""European Genome-phenome Archive"")' 3, none depositing this collection. EGA subset membership looks mistaken."
COHO:0000158	EGA	NOT FOUND	removed from subset						"No EGA study of the VCU cohort found. Local candidate EGAS00001006659 rejected as a same-name clash: its 'Spit for Science' is 'a community sample of 7,100 unrelated European, and East Asian children and youth', from the Hospital for Sick Children, Toronto (paper PMC10360394), not the Virginia Commonwealth University student cohort. EGA site search 'Spit for Science' 1 EGAS (that study); 'Virginia Commonwealth University' 2 results, 0 EGAS (dbGaP MOMS-PI); EBI Search ega '""Spit for Science""' 1 (the same Toronto study); Europe PMC '""Spit for Science"" AND (EGAS* OR EGAD0* OR ""European Genome-phenome Archive"")' 3, all about the Toronto sample or unrelated. EGA subset membership looks mistaken (it rests on the name clash)."
COHO:0000159	EGA	FOUND	example added	EGAS00001005860	PMID:35410376	Exome sequencing in bipolar disorder identifies AKAP11 as a risk gene shared with schizophrenia.	In this project we sequenced and analyzed the whole exomes of 5340 SWEBIC Bipolar case samples from collaborators in Sweden.	https://ega-archive.org/studies/EGAS00001005860	Local candidate confirmed on the EGA record: 'Swedish Bipolar Disorder exome sequencing (SWEBIC)', a Karolinska Institute and Stanley Center collaboration on Swedish bipolar cases (matches the definition and both synonyms); linked paper PMID:35410376.
COHO:0000160	EGA	FOUND	example added	EGAS50000000906	PMID:28832569	SweGen: a whole-genome data resource of genetic variability in a cross-section of the Swedish population.	This Study contains four datasets where the first one contains whole-genome sequencing data in CRAM-format for 942 individuals from the Swedish Twin Registry	https://ega-archive.org/studies/EGAS50000000906	SweGen EGA study naming the Swedish Twin Registry in full (the record also says 'The samples originate from the Swedish Twin Registry (STR)'); linked paper PMID:28832569. Found by EGA site search 'Swedish Twin Registry' (1 result); no local candidate.
COHO:0000161	EGA	NOT FOUND	removed from subset						"No EGA study found. EGA site search 'Taiwan diabetes' 1 and 'Taiwan Type 2 Diabetes' 1 result, 0 EGAS (dbGaP CCDG TaiChi entry); 'Taiwan' 7 EGAS (cancer genomics and population-history studies, none on diabetes); 'Han Chinese diabetes' 0; EBI Search ega 'Taiwan AND diabetes' 0; local tables 0; Europe PMC '(""Taiwan Type 2 Diabetes Study"" OR ""Taiwan T2D Study"" OR ""TDS"") AND Taiwan AND diabetes AND (EGAS* OR EGAD0* OR ""European Genome-phenome Archive"")' 4, none using this collection (a twin T2D methylation study, an adipose-tissue smoking methylation study, two abstract books). EGA subset membership looks mistaken."
COHO:0000164	EGA	FOUND	example added	EGAS00001000124	PMID:32492392	Exome Sequencing Identifies Genes and Gene Sets Contributing to Severe Childhood Obesity, Linking PHIP Variants to Repressed POMC Transcription.	Targeted sequencing was performed in an additional unrelated 1,810 SCOOP cases and 2,647 controls from the Fenland cohort (stage 2)	https://www.ebi.ac.uk/europepmc/webservices/rest/PMC7267775/fullTextXML	Marenne 2020 is a publication linked on EGA study EGAS00001000124 (UK10K_OBESITY_SCOOP) and states 'SCOOP and INTERVAL WES data are accessible from ... EGA: EGAS00001000124 and EGA: EGAS00001000825'. Fenland participants were sequenced and analysed as stage-2 controls, but the EGA deposit holds the SCOOP exomes, not Fenland data. The only EGA study found with Fenland's own data, EGAS00001007822 (Fenland_Exomes, local candidate), is 'pending for release' and worded as a proposal. Other Fenland uses: GoT2D (Fen-EPIC in exome-array replication only), Seyres 2022 (EGAS00001003780; Fenland lipids for validation).
COHO:0000165	EGA	NOT FOUND	removed from subset						"No EGA study found. In the current example's paper (Byun 2022, PMC9373844) the tag stands for the 'Helmholtz-Gemeinschaft Deutscher Forschungszentren Lung Cancer GWAS (GERMAN)', a German case-control collection, whereas the COHO definition describes the research organisation (worth a curator's look). EGA site search 'Helmholtz-Gemeinschaft'/'Helmholtz Gemeinschaft'/'Helmholtz Association' 0; 'HGF' and 'HGF lung cancer' 1 EGAS (ALK lung cells, where HGF is the growth factor); 'German lung cancer' 4, 'lung cancer GWAS' 23, 'Heidelberg lung cancer' 1 results, all 0 EGAS (dbGaP entries); EBI Search ega '""Helmholtz-Gemeinschaft""' 0; Europe PMC full name AND EGA terms 3 (COVID-19/HIV single-cell studies naming the Helmholtz-Gemeinschaft only as a funder); German lung cancer GWAS name AND EGA terms 0. EGA subset membership looks mistaken."
COHO:0000166	EGA	FOUND	example added	EGAS00001001207	PMID:30405126	Cohort-wide deep whole genome sequencing and the allelic architecture of complex traits.	15x whole genome sequencing in samples from the Cretan Greek isolate collection HELIC MANOLIS	https://ega-archive.org/studies/EGAS00001001207	EGA record names HELIC MANOLIS (synonym; Cretan isolate, matches definition). Its linked paper PMID:30405126 states 'Sequencing data are available at the European Genome-Phenome Archive under accession numbers EGAS00001001207 for MANOLIS' (PMC6220258). The local candidates EGAS00001000067, EGAS00001000630 and EGAS00001000392 are further MANOLIS studies.
COHO:0000167	EGA	NOT FOUND	removed from subset						"No EGA study found. EGA site search 'abdominal aortic aneurysm' 1 EGAS (EGAS00001002873, clonal haematopoiesis in 300 AAA patients, no Dutch or GWAS link stated), 'aortic aneurysm' 2 EGAS (that study; Turner syndrome methylation), 'AAA GWAS' 0, 'Aneurysm-Express' 0; local tables 0; Europe PMC '""abdominal aortic aneurysm"" AND (Netherlands OR Dutch) AND (EGAS* OR EGAD0* OR ""European Genome-phenome Archive"")' 4 (ESHG abstract books only). EGA subset membership looks mistaken."
COHO:0000168	EGA	UNSURE	removed from subset (unconfirmed)	EGAS50000000292	PMID:39103364	Deciphering the genetics and mechanisms of predisposition to multiple myeloma.	The Swedish/Norwegian GWAS 5 was based on 1,668 and 157 MM patients from the Swedish National Myeloma Biobank (Skåne University Hospital, Lund, Sweden) and the Norwegian Biobank for Myeloma (Trondheim, Norway), respectively.	https://www.ebi.ac.uk/europepmc/webservices/rest/PMC4932178/fullTextXML	"Two-step link. Quote is from Mitchell 2016 (PMID:27363682), a source GWAS of EGA study EGAS50000000292 ('Multiple Myeloma GWAS Meta-analysis'). The linked paper PMID:39103364 meta-analysed 'nine previously published studies' (refs 5-10, ref 5 = Mitchell 2016), including Swedish (2338 cases) and Norwegian (500 cases) GWAS, but neither it nor the EGA record names the NBM. So NBM patients are very likely in the deposited summary statistics, but this is not stated. No other EGA study found: EGA site 'Norwegian Biobank for Myeloma' 0, 'Norwegian myeloma' 0, 'myeloma Trondheim' 0; EBI Search ega '""Biobank for Myeloma""' 0; the other Europe PMC hits (full name AND EGA terms, 9) concern German/US/UK myeloma tumour data."
COHO:0000169	EGA	FOUND	example added	EGAS00001001230		Monocyte_expression_QTL_analysis_in_MI_patients_and_healthy_controls	Based on a case-control design (PROMIS study) we recruited 100 MI patients and 100 non-disease controls for which we isolated RNA from monocytes	https://ega-archive.org/studies/EGAS00001001230	Local candidate; the record goes on 'RNA-seq has been successfully completed in 165 individuals', so PROMIS participants were analysed. PROMIS is an acronym here; the myocardial-infarction case-control design fits the Pakistani study (the unrelated Patient-Reported Outcomes PROMIS is not an MI collection). CAUTION: the study is 'pending for release' and has no linked paper, as is the other candidate EGAS00001000239 (WGS of 8 PROMIS/GPC individuals). Released alternative: EGAS00001001427 (Kato 2015 trans-ancestry blood-pressure GWAS, PMID:26390057), whose paper names the 'Pakistan Risk Of Myocardial Infarction Study' only in author contributions. EGA site 'PROMIS' 9 and full name 5 results, 0 EGAS (dbGaP).
COHO:0000170	EGA	UNSURE	removed from subset (unconfirmed)	EGAS00001001427	PMID:26390057	Trans-ancestry genome-wide association study identifies 12 genetic loci influencing blood pressure and implicates a role for DNA methylation.	Secondary Manifestations of Arterial Disease: F.W.A., P.A.D., V. Tragante, W.S.	https://www.ncbi.nlm.nih.gov/research/bionlp/RESTful/pmcoa.cgi/BioC_json/PMC4719169/unicode	The cohort is named only in the author contributions, under 'Participant recruitment, characterization and data generation', of the iGEN-BP trans-ancestry blood-pressure GWAS, whose EGA study EGAS00001001427 holds 'Summary statistics from meta-analysis for BP phenotypes' (EGAD00010000819) and a targeted bisulfite dataset. So SMART data were probably meta-analysed, but whether they are in the deposited statistics is not stated (cohort tables in the non-open supplement). EGA site 'Second/Secondary Manifestations of ARTerial disease' 0, 'SMART Utrecht' 0; 'SMART study' 17 EGAS, none of whose pages mentions arterial manifestations, a SMART cohort or Utrecht; Europe PMC full name/'SMART study' AND EGA terms 3 (this paper; the Australian Gene SMART methylome study); EBI Search ega full name 0.
COHO:0000171	EGA	UNSURE	removed from subset (unconfirmed)	EGAS00001001229		Left_main_coronary_artery_disease	As part of the THISEAS study we recently recruited 300 patients with proven LMCAD andpropose to profile them using the HumanOmniExpressExome.	https://ega-archive.org/studies/EGAS00001001229	"Local candidate; the record names THISEAS as a coronary artery disease study with GWAS data on ~800 CAD patients and non-disease controls, which fits the definition (Greece is not stated), but it is 'pending for release', has no linked paper, and is worded as a proposal ('propose to profile', 'We will then undertake'), so analysis is not shown. No released alternative: EGA site 'THISEAS' 0 and 'Hellenic study of Interactions' 0 (pending studies are not indexed); EBI Search ega 'THISEAS' 1 (placental twin study, a name match only); Europe PMC '(THISEAS OR ""Hellenic study of Interactions between SNPs"") AND EGA terms' 2, both only an author named Thiseas."
COHO:0000172	EGA	NOT FOUND	removed from subset						"No EGA study found. Local candidate EGAS00001007398 rejected: acronym clash, it is the TNT trial (NCT00532727) of metastatic triple-negative breast cancer ('BAM files from total RNA sequencing of samples from breast cancer patients in the TNT trial'), not the atorvastatin Treating to New Targets trial. EGA site search 'Treating to New Targets' 1 EGAS (medulloblastoma study, the words matched only loosely), 'atorvastatin' 0, 'statin' 7 results, 0 EGAS, 'TNT trial' 1 (the breast cancer trial); local tables only the clash; Europe PMC '""Treating to New Targets"" AND (EGAS* OR EGAD0* OR ""European Genome-phenome Archive"")' 0. EGA subset membership looks mistaken (it rests on the acronym clash)."
COHO:0000174	EGA	FOUND	example added	EGAS00000000038	PMID:19430480	Genome-wide association study and meta-analysis find that over 40 loci affect risk of type 1 diabetes.	T1DGC genome-wide case-control association study for Type 1 Diabetes (T1D) using the 1958 British Birth Cohort as controls.	https://ega-archive.org/studies/EGAS00000000038	EGA study 'T1DGC GWAS 1958 British Birth Cohort controls' (the EGA part holds the controls; 'The cases for this study are made available from the NCBI dbGAP'). The acronym is confirmed by its linked paper, authored by the 'Type 1 Diabetes Genetics Consortium', which reports 'our new (T1DGC) study' and replication 'in 4,342 trios from 2,319 T1DGC families with multiple affected offspring' (PMC2889014). Preferred over the local candidate EGAS00000000032, which holds only HLA typing of 1958 Birth Cohort controls 'in WTCCC and T1DGC GWA studies'.
COHO:0000175	EGA	FOUND	example added	EGAS00001001763	PMID:28302734	Time-dependent genetic effects on gene expression implicate aging processes.	The dataset consists of 232 RNA-seq samples (whole blood) obtained from healthy female from the TwinsUK adult registry cohort.	https://ega-archive.org/studies/EGAS00001001763	Local candidate confirmed on the EGA record: 'TwinsUK adult registry cohort' (synonym TwinsUK; UK adult twin register), linked paper PMID:28302734. Other local candidates also name TwinsUK: EGAS00001007595 (Targeted NanoSeq, TwinsUK blood) and EGAS00001001194 (Pfizer and TwinsUK exomes, no paper linked).
COHO:0000178	EGA	FOUND	example added	EGAS00001003937	PMID:19684604	Loci on 7p12.2, 10q21.2 and 14q11.2 are associated with risk of childhood acute lymphoblastic leukemia.	To identify genetic risk variants for childhood acute lymphoblastic leukaemia (cALL) a genome-wide association study (GWAS) was conducted on cases recruited through the UKCCS, UK MRC ALL 97(99) trial and NICR.	https://ega-archive.org/studies/EGAS00001003937	Local candidate confirmed. UKCCS is an acronym on the record; the linked paper expands it: 'The first GWA study (GWA-1) was based on genotyping 577 ALL cases from the United Kingdom Childhood Cancer Study (UKCCS)' (PMC4915548), and Vijayakrishnan 2019 (PMC6877561) gives 'UK GWAS I' data as EGAS00001003937. CAUTION: the EGA study is 'pending for release'. The released UK GWAS II (EGAS00001002809) holds only MRC ALL trial cases, not UKCCS.
COHO:0000183	EGA	NOT FOUND	removed from subset						"No EGA study found. EGA site search 'Basquecolon' 0, 'Basque colon' 0, 'Basque colorectal' 1 result, 'Basque Country' 2, 'Basque' 2, all 0 EGAS (dbGaP aggressive prostate cancer study listing contributing sites); EBI Search ega 'Basquecolon' 0; local tables 0; Europe PMC '(Basquecolon OR ""Basque-colon"" OR ""Basque colon"") AND (EGAS* OR EGAD0* OR ""European Genome-phenome Archive"")' 0. EGA subset membership looks mistaken."
COHO:0000185	EGA	NOT FOUND	removed from subset						"No EGA study found. Local candidates EGAS00001001255, EGAS00001001736 and EGAS00001003592 rejected: they only use the word 'converge' (cancer methylation, lung adenocarcinoma and organoid studies). EGA site search 'CONVERGE depression' 0, 'CONVERGE consortium' 0, 'major depression Han Chinese' 0, 'China Oxford Virginia' 0; EBI Search ega 'CONVERGE AND depression' 0; Europe PMC 'CONVERGE AND (""major depressive disorder"" OR ""major depression"") AND Chinese AND (EGAS* OR EGAD0* OR ""European Genome-phenome Archive"")' 8, all word matches ('converge'/'convergence') or abstract books. EGA subset membership looks mistaken (it rests on the word clash)."
COHO:0000186	EGA	NOT FOUND	removed from subset						"No EGA study found. Local candidate EGAS00001006707 rejected: acronym clash, its 'GENIE' is the AACR 'Genomics Evidence Neoplasia Information Exchange' cancer sequencing registry (HKU ganciclovir signature study), not the Korean health check-up cohort. EGA site search 'Gene-Environmental Interaction and phenotype' 0, 'GENIE Korea' 0, 'Gangnam' 0, 'Korean health check-up' 0, 'Seoul National University Hospital health' 1 result, 0 EGAS; local tables only the clash; Europe PMC '(""Gene-Environmental Interaction and phenotype"" OR ""GENIE cohort"" OR ""Gangnam Center"") AND (EGAS* OR EGAD0* OR ""European Genome-phenome Archive"")' 12, all AACR Project GENIE cancer papers. EGA subset membership looks mistaken (it rests on the acronym clash)."
COHO:0000222	EGA	FOUND	example added	EGAS00001005234	PMID:34376657	The evolution of hematopoietic cells under cancer therapy.	Within the beatAML cohort 39 , a bone marrow sample and a paired skin sample were taken from 261 AML patients. The somatic mutations identified in these AML cases were downloaded from the Genomics Data Commons 68 (GDC) repository	https://www.ebi.ac.uk/europepmc/webservices/rest/PMC8355079/fullTextXML	The paper of EGA study EGAS00001005234 (the EGA record links PMID:34376657; its in-house AML WGS are 'available on the European Genome-Phenome Archive (EGA) under accession number EGAS00001005234') analysed somatic mutations of 261 Beat AML patients; the acknowledgements add 'This work also benefited from DNA whole-exome sequencing data of the BEAT AML cohort, generated within the BEAT AML clinical trial'. The EGA deposit holds the authors' own samples, not Beat AML data. Alternatives: EGAS00001005422 (integrated genomic-metabolic AML classification, PMID:34193978, used BEAT AML WES and ex vivo drug data); EGAS50000000789 (cell model whose record says CDK6 'was validated in findings from the BEAT-AML cohort'). No EGA study holds Beat AML samples (data in GDC/dbGaP).
COHO:0000339	EGA	FOUND	example added	EGAS00001004593	PMID:34642666	Mutation signatures of pediatric acute myeloid leukemia and normal blood progenitors associated with differential patient outcomes.	Next, we combined our pAML genome dataset ( n = 9) with samples of 15 patients from the Therapeutically Applicable Research to Generate Effective Treatments (TARGET; 13 ) initiative.	https://www.ebi.ac.uk/europepmc/webservices/rest/PMC7611805/fullTextXML	The paper of EGA study EGAS00001004593 (linked on the record; data availability: 'The accession numbers for the WGS data reported in this article are EGAS00001004593 and ... dbGaP phs000218 for the TARGET initiative AML data') analysed WGS of 15 TARGET AML patients. The EGA deposit holds the authors' own paediatric samples, while TARGET data stay in dbGaP/GDC. Alternative: EGAS00001007052 (Lund high-hyperdiploid ALL WGS), whose three linked papers each analysed TARGET ALL data (e.g. PMID:38356456, TARGET WGS N=33). EGA site search found no EGA record naming TARGET ('Therapeutically Applicable Research...' 0 EGAS).
COHO:0000002	GWAS	FOUND	example added	GCST90624364	PMID:38548946	Exome sequencing and genome-wide association analyses unveils the genetic predisposition in hydroxychloroquine retinopathy.	The Chinese Han Southern database from 1000 genomes was used as control group to compare the affected percentage.	https://www.ebi.ac.uk/europepmc/webservices/rest/search?query=EXT_ID:38548946%20AND%20SRC:MED&resultType=core&format=json	Catalog tags this study 1000G; the 1000 Genomes Southern Han Chinese (CHS) genomes were analysed as the control group of the GWAS.
COHO:0000004	GWAS	FOUND	example added	GCST002212	PMID:24084763	Germline variants and advanced colorectal adenomas: adenoma prevention with celecoxib trial genome-wide association study.	1,406 Caucasian patients (139 advanced adenoma cases and 1,267 controls) from the Adenoma Prevention with Celecoxib (APC) trial were included in a genome-wide association study (GWAS) to identify variants associated with postpolypectomy disease recurrence.	https://www.ebi.ac.uk/europepmc/webservices/rest/search?query=EXT_ID:24084763%20AND%20SRC:MED&resultType=core&format=json	Full trial name in the abstract; GWAS of adenoma recurrence in APC trial participants. Catalog does not tag cohorts on this study.
COHO:0000008	GWAS	NOT FOUND	removed from subset						"No GWAS Catalog study found that analysed the Asian Cancer Project (Thai breast cancer cases and controls). The only Catalog study tagged ACP (GCST90281184, PMID:36882501, local candidate) is an Old Order Amish mood-disorder GWAS in which ACP is the Amish Connectome Project (confirmed in its methods), not this cohort. Near miss: the iCOGS paper PMID:23535729 genotyped samples from 9 Asian-ancestry BCAC studies and lists ACP among coordinated studies, and PMID:25751625 likewise, but their Catalog studies (e.g. GCST001937) are European-ancestry only, so ACP is not in the curated analyses. Europe PMC searches intersected with all 7,817 Catalog PMIDs: ""Asian Cancer Project"" 2 hits, 0 in Catalog; ACP AND Thailand AND ""breast cancer"" AND ""genome-wide"" 108 hits, 2 in Catalog (the two above); ACP AND Thai AND ""breast cancer"" AND ""genome-wide association"" 66, 0. Full texts of all 12 Catalog Asian breast cancer GWAS checked: no ACP. The BCAC paper listing ACP (Thailand) as a study (current example PMID:24943594) is not in the Catalog. GWAS subset membership looks mistaken, probably from the Amish ACP tag."
COHO:0000009	GWAS	FOUND	example added	GCST002850	PMID:25869804	GWAS for executive function and processing speed suggests involvement of the CADM2 gene.	AAA: We thank the cohort participants and team members who contributed to this study. Phenotype collection and DNA extraction were supported by the Wellcome Trust, the British Heart Foundation and the Chief Scientist Office of the Scottish Executive. The AAA Trial was performed and the database is maintained by members of the University of Edinburgh Molecular Epidemiology Research Group in the Centre for Population Health Sciences.	https://pmc.ncbi.nlm.nih.gov/articles/PMC4722802/	AAA is one of the CHARGE cohorts in this cognitive GWAS: its acknowledgement thanks AAA participants who contributed to this study. Identity confirmed by context: the AAA Trial run by the University of Edinburgh group, Scotland, and the trial measured executive function and information processing (PMID:18762476). The per-trait cohort list is in the supplement, so AAA may belong to GCST002849 (executive function) as well as, or instead of, GCST002850. Only Catalog paper found naming the trial.
COHO:0000010	GWAS	FOUND	example added	GCST002647	PMID:25282103	Defining the role of common variation in the genomic and biological architecture of adult human height.	New GWAS studies (ASCOT) P.B.M.; (ATCG) P.I.W.d.B., D.W.H., P.J.M.; (Athero-Express Biobank Study) S.W.v.d.L.;	https://www.ebi.ac.uk/europepmc/webservices/rest/PMC4250049/fullTextXML	"From the author contributions under ""Genotyping of Contributing Studies"": the Athero-Express Biobank Study (Utrecht plaque biobank; AEGS) is one of the new GWAS studies genotyped and meta-analysed for the GIANT height GWAS; its data analysis is also credited under ""New GWAS studies"". Evidence is from contribution lists only; other Catalog papers (PMID:37770635, PMID:28265093) use Athero-Express plaque data only in follow-up analyses."
COHO:0000014	GWAS	FOUND	example added	GCST003328	PMID:26840454	Germline polymorphisms in an enhancer of PSIP1 are associated with progression-free survival in epithelial ovarian cancer.	In Phase 1, we conducted a genome-wide scan on germline DNA from 385 patients from the Australian Ovarian Cancer Study (AOCS, n = 183), the Mayo Clinic (MAYO, n = 68) and The Cancer Genome Atlas (TCGA, n = 134) and performed a meta-analysis summarizing results from these cohorts (refer to Methods for details of genotyping and imputation).	https://www.ebi.ac.uk/europepmc/webservices/rest/PMC4872719/fullTextXML	Full name in the methods; AOCS ovarian cancer patients genotyped in the phase 1 genome-wide scan. Catalog does not tag cohorts on this study.
COHO:0000016	GWAS	FOUND	example added	GCST90095158	PMID:34804013	Genetic Analyses of Common Infections in the Avon Longitudinal Study of Parents and Children Cohort.	Children from the longitudinal birth cohort, the Avon Longitudinal Study of Parents and Children, had 14 antibodies measured in plasma at age 7: Alpha-casein protein, beta-casein protein, cytomegalovirus, Epstein-Barr virus, feline herpes virus, Helicobacter pylori, herpes simplex virus 1, influenza virus subtype H1N1, influenza virus subtype H3N2, measles virus, Saccharomyces cerevisiae, Theiler's virus, Toxoplasma gondii, and SAG1 protein domain, a surface antigen of Toxoplasma gondii measured for greater precision.	https://www.ebi.ac.uk/europepmc/webservices/rest/search?query=EXT_ID:34804013%20AND%20SRC:MED&resultType=core&format=json	Catalog tags this study ALSPAC (all 14 GCSTs of the paper); full cohort name in title and abstract.
COHO:0000018	GWAS	FOUND	example added	GCST008217	PMID:31277774	Genome-wide Association Study for Tumour Stage, Grade, Size, and Age at Diagnosis of Non-muscle-invasive Bladder Cancer.	A sample of 653 NMIBC cases comes from the Bladder Cancer Prognosis Programme.	https://www.ebi.ac.uk/europepmc/webservices/rest/search?query=EXT_ID:31277774%20AND%20SRC:MED&resultType=core&format=json	Full name in the abstract; GWAS of 653 BCPP non-muscle-invasive bladder cancer cases (West Midlands). The Catalog-tagged BCPP studies (PMID:42320430, e.g. GCST90866320) are behind a paywall, so could not be quoted.
COHO:0000019	GWAS	NOT FOUND	removed from subset						"No GWAS Catalog study uses this 45-baby reference exome set. Catalog cohort tags: no ""Brazil"" tag (live v2 search ""Brazil"" only matches ""1982 Pelotas (Brazil) Birth Cohort Study""). Europe PMC searches intersected with all 7,817 Catalog PMIDs: ""Rio Grande do Norte"" AND exome 90 hits, 0 in Catalog; ""Rio Grande do Norte"" AND genome-wide 497 hits, 4 in Catalog, all other Rio Grande do Norte collections (COVID-19 patients PMID:39361370, leishmaniasis families PMID:23291585, consortium papers); ""Northern Brazilian"" AND exome 7 hits, 0; EGAS00001004112 1 hit, 0. The cohort paper (PMID:33087711) is not in the Catalog and no Catalog paper cites it. GWAS subset membership looks mistaken."
COHO:0000020	GWAS	FOUND	example added	GCST90029042	PMID:34407845	Association of germline genetic variants with breast cancer-specific survival in patient subgroups defined by clinic-pathological variables related to tumor biology and type of systemic treatment.	Analyses were based on 91,686 female patients of European ancestry from the Breast Cancer Association Consortium, including 7531 breast cancer-specific deaths over a median follow-up of 8.1 years.	https://www.ebi.ac.uk/europepmc/webservices/rest/search?query=EXT_ID:34407845%20AND%20SRC:MED&resultType=core&format=json	Local candidate; Catalog tags it BCAC; full consortium name in the abstract.
COHO:0000021	GWAS	FOUND	example added	GCST001361	PMID:22199011	Association between chromosome 9p21 variants and the ankle-brachial index identified by a meta-analysis of 21 genome-wide association studies.	The replication studies included 5 population-based studies and 3 clinically-based studies including a total of over 16,000 participants: the Bruneck Study (n=786)	https://pmc.ncbi.nlm.nih.gov/articles/PMC3303225/	Bruneck Study (Bruneck, Italy) participants analysed in the replication stage of this ABI GWAS meta-analysis. Also a de novo genotyped replication cohort in the apoA-IV GWAS GCST003590 (PMID:27412012). Catalog does not tag cohorts on these studies.
COHO:0000023	GWAS	FOUND	example added	GCST90435239	PMID:38836758	Association of ESR1 Germline Variants with TP53 Somatic Variants in Breast Tumors in a Genome-wide Study.	Existing datasets of women with breast cancer from The Cancer Genome Atlas (TCGA; ref. 1), Molecular Taxonomy of Breast Cancer International Consortium (METABRIC; ref. 23), and the Welcome Trust Sanger Institute (24) were used for the discovery GxM GWAS.	https://www.ebi.ac.uk/europepmc/webservices/rest/PMC11210444/fullTextXML	Catalog tags this study TCGA; TCGA breast cancer germline and tumour data analysed in the discovery GWAS.
COHO:0000024	GWAS	FOUND	example added	GCST90102456	PMID:34996992	Genome-wide association study identifies tumor anatomical site-specific risk variants for colorectal cancer survival.	The following 15 ISACC studies were included: the Cancer Prevention Study-II (CPS-II)	https://www.ebi.ac.uk/europepmc/webservices/rest/PMC8741984/fullTextXML	Local candidate; Catalog tags it CPSII; CPS-II (American Cancer Society cohort) colorectal cancer cases included in the survival GWAS.
COHO:0000028	GWAS	FOUND	example added	GCST006259	PMID:27618452	The genetics of blood pressure regulation and its target organs from association studies in 342,415 individuals.	CARDIOGENICS: Genotyping or analysis: S.Kanoni, A.H.G. Study PI: P.D., A.H.G., J.E., N.J.S., H.Schunkert	https://www.ebi.ac.uk/europepmc/webservices/rest/PMC5042863/fullTextXML	From the per-study author contributions: Cardiogenics is one of the genotyped studies in this blood pressure meta-analysis (GCST006258 is the diastolic counterpart); its PIs (Deloukas, Goodall, Erdmann, Samani, Schunkert) are the Cambridge/Leicester/Lubeck Cardiogenics investigators, confirming identity. The paper also uses Cardiogenics eQTL data. Other Catalog papers use Cardiogenics only for monocyte/macrophage eQTL look-ups (e.g. GCST001023, PMID:21459883).
COHO:0000029	GWAS	FOUND	example added	GCST90225531	PMID:36187959	Identifying shared genetic loci between coronavirus disease 2019 and cardiovascular diseases based on cross-trait meta-analysis.	The summary statistic for CAD was from the Coronary ARtery DIsease Genome Wide Replication and Meta-analysis plus The Coronary Artery Disease Genetics (CARDIoGRAMplusC4D) Consortium (60,801 cases and 123,504 controls) (Nikpay et al., 2015).	https://www.ebi.ac.uk/europepmc/webservices/rest/PMC9520490/fullTextXML	Local candidate; Catalog tags it CARDIoGRAMplusC4D; the consortium CAD summary statistics are analysed in the cross-trait GWAS.
COHO:0000032	GWAS	NOT FOUND	removed from subset						"No GWAS Catalog study found that analysed participants of the UCLA Center for Autism Research and Treatment. No Catalog cohort tag CART (live v2 matches are only CARTaGENE/CartaGENE). Europe PMC searches intersected with all 7,817 Catalog PMIDs: ""Center for Autism Research and Treatment"" 382 hits, 10 in Catalog, all author affiliations only (e.g. PMID:19404256, PMID:28540026, PMID:30804558); same phrase AND recruited/participants AND GWAS/genome-wide 48 hits, 8 in Catalog, affiliations only; AND genotyped 59 hits, 8 in Catalog, affiliations only; ""UCLA CART"" 13 hits, 0 in Catalog; CART AND autism AND UCLA AND ""genome-wide association"" 47 hits, 0 in Catalog. GWAS subset membership looks mistaken (the entity is a research centre, not a sample collection used in Catalog studies)."
COHO:0000034	GWAS	FOUND	example added	GCST004735	PMID:28654678	Genetic factors affecting EBV copy number in lymphoblastoid cell lines derived from the 1000 Genome Project samples.	Utah Residents (CEPH) with Northern and Western European ancestry CEU EUR 96	https://www.ebi.ac.uk/europepmc/webservices/rest/PMC5487016/fullTextXML	Row of the table of samples used in this GWAS of EBV copy number in 1000 Genomes lymphoblastoid cell lines: 96 CEU cell lines from the CEPH Utah collection were analysed. The COHO entity is the CEPH foundation; its Utah reference-family cell lines are the samples used here. No Catalog GWAS names CEPH as a directly recruited cohort; in other Catalog papers CEPH appears only as a HapMap reference or for QC (e.g. 15 CEPH trios genotyped for Mendelian-error checks, PMID:29348612).
COHO:0000037	GWAS	FOUND	example added	GCST002646	PMID:25281659	A novel common variant in DCST2 is associated with length in early life and height in adulthood.	one sub-sample from the Avon Longitudinal Study of Parents and Children (ALSPAC, GWA, n = 4816); Children, Allergy, Milieu, Stockholm, Epidemiology [Swedish] (BAMSE, GWA, n = 423);	https://www.ebi.ac.uk/europepmc/webservices/rest/PMC4447786/fullTextXML	Full name in the methods: BAMSE (Stockholm birth cohort) is one of the discovery GWA sub-samples of this early-growth GWAS (GCST002644, birth length, is the other study of the paper). The Catalog-tagged BAMSE papers (e.g. PMID:42036355) mention it only in funding text. Catalog does not tag cohorts on this study.
COHO:0000040	GWAS	FOUND	example added	GCST90095054	PMID:35467766	Genetic variation in ST6GAL1 is a determinant of capecitabine and oxaliplatin induced hand-foot syndrome.	We analysed genome-wide association data for 10 toxicities in advanced colorectal cancer (CRC) patients from the COIN and COIN-B trials.	https://www.ebi.ac.uk/europepmc/webservices/rest/search?query=EXT_ID:35467766%20AND%20SRC:MED&resultType=core&format=json	Local candidate; Catalog tags it COIN and COIN-B; the COIN trial of advanced colorectal cancer (oxaliplatin and fluoropyrimidine, continuous vs intermittent), matching the definition.
COHO:0000041	GWAS	FOUND	example added	GCST90101725	PMID:34794066	A genome-wide search for determinants of survival in 1926 patients with advanced colorectal cancer with follow-up in over 22,000 patients.	We performed a GWAS for overall survival (OS) in 1926 patients with advanced CRC from the COIN and COIN-B clinical trials.	https://www.ebi.ac.uk/europepmc/webservices/rest/search?query=EXT_ID:34794066%20AND%20SRC:MED&resultType=core&format=json	Catalog tags it COIN and COIN-B; COIN-B named explicitly alongside COIN (advanced colorectal cancer trials). GCST90095054 (PMID:35467766) also uses and is tagged with COIN-B.
COHO:0000047	GWAS	FOUND	example added	GCST90129345	PMID:35332118	Genetic regulation of post-translational modification of two distinct proteins.	We performed GWAS of 35 ultra-high-performance liquid chromatography (UHPLC)-measured transferrin N-glycan traits and Haplotype Reference Consortium (HRC) r1.135—imputed genetic data in two cohorts of European descent, CROATIA-Korcula (N = 948) and VIKING (N = 952).	https://www.ebi.ac.uk/europepmc/webservices/rest/PMC8948205/fullTextXML	Catalog tags it CROATIA-Korcula and VIKING (transferrin N-glycan GWAS, 1,890 Korculan or Shetland individuals; the paper local candidate GCST90129321 is its IgG counterpart).
COHO:0000048	GWAS	FOUND	example added	GCST011569	PMID:32944759	Genome-Wide Association Analysis of Pancreatic Beta-Cell Glucose Sensitivity.	The 1936-cohort is a population-based prospective age-specific cohort that consists of 1198 Danish subjects born in 1936, who were resident in municipalities nearby Glostrup Hospital (Denmark) in 1976.	https://www.ebi.ac.uk/europepmc/webservices/rest/PMC7765651/fullTextXML	"The paper calls it ""the 1936-cohort""; identity confirmed by context: Glostrup, Denmark, born 1936, mean age 60.5 at the examination and the 1996/97 investigation (the Glostrup study of 60-year-olds in the current example PMID:12871360). It is one of four replication cohorts (n = 622) meta-analysed with discovery; the Catalog replication sample (2,689) matches RISC + 1936-cohort + ADIGEN + Family study. Catalog does not tag cohorts on this study."
COHO:0000049	GWAS	FOUND	example added	GCST001213	PMID:21874001	Genome-wide association study in individuals of South Asian ancestry identifies six new type 2 diabetes susceptibility loci.	Replication testing amongst South Asians was carried out amongst 13,170 T2D cases and 25,398 controls participants from the following studies: the Chennai Urban Rural Epidemiology Study (CURES)36 the COBRA study37 the Diabetes Genetics in Pakistan (DGP) and UK Asian Diabetes Study (UKADS),38, 39	https://pmc.ncbi.nlm.nih.gov/articles/PMC3773920/	Full name in the online methods; DGP type 2 diabetes cases and controls used in the replication stage. Also a stage 3b replication study in GCST001809 (PMID:23300278). Catalog does not tag cohorts on these studies.
COHO:0000052	GWAS	NOT FOUND	removed from subset						"No GWAS Catalog study found that analysed DREAM trial participants. The DREAM GWAS of thiazolidinedione-induced oedema (PMID:20628086, the current example) is not in the Catalog. Europe PMC searches intersected with all 7,817 Catalog PMIDs: ""DREAM"" AND rosiglitazone AND ramipril 248 hits, 0 in Catalog; ""Diabetes Reduction Assessment with Ramipril"" 211, 0; ""DREAM trial"" AND ""genome-wide"" 19, 0; ""DREAM study"" AND ""genome-wide"" AND rosiglitazone 9, 0; ""Diabetes REduction Assessment"" AND genetic 68, 0. Catalog titles on rosiglitazone/TZD/ramipril: none; ACE-inhibitor angioedema GWAS checked (PMID:32080354, PMID:23838604 use ONTARGET, not DREAM). EpiDREAM (the DREAM screening cohort) is analysed in Catalog T2D GWAS (e.g. PMID:35393509), but it is a distinct cohort, so not accepted. GWAS subset membership looks mistaken unless the oedema GWAS is added to the Catalog."
COHO:0000056	GWAS	NOT FOUND	removed from subset						"No GWAS Catalog study uses the Dundee high-grade serous ovarian cancer bioresource samples. No Catalog cohort tag DUNDEE or Dundee (local table and live v2). Europe PMC searches intersected with all 7,817 Catalog PMIDs: Dundee AND ""ovarian cancer"" AND ""genome-wide"" 413 hits, 3 in Catalog (melanoma PMID:32341527, height PMID:36224396, reproductive ageing PMID:26414677; Dundee only in affiliations or other collections); ""high grade serous"" AND Dundee 60 hits, 0 in Catalog. The cohort is a collection site of the EGA Scottish HGSOC whole-genome study (EGAS00001004410), which has no GWAS. GWAS subset membership looks mistaken."
COHO:0000059	GWAS	FOUND	example added	GCST90027688	PMID:35115690	Effect of host genetics on the gut microbiome in 7,738 participants of the Dutch Microbiome Project.	To robustly characterize these effects, we performed a genome-wide association study of 207 taxa and 205 pathways representing microbial composition and function in 7,738 participants of the Dutch Microbiome Project.	https://www.ebi.ac.uk/europepmc/webservices/rest/search?query=EXT_ID:35115690%20AND%20SRC:MED&resultType=core&format=json	"Full name in title and abstract; one of 412 microbiome GWAS from this paper (this one is Bifidobacterium abundance). The Catalog tags these studies ""other"", not DMP."
COHO:0000062	GWAS	FOUND	example added	GCST011890	PMID:33603002	Trans-ethnic meta-analysis identifies new loci associated with longitudinal blood pressure traits.	We used the genotype data (Illumina Infinium Omni2.5) from 1442 participants from the Bambui Study in the context of the EPIGEN project39.	https://www.ebi.ac.uk/europepmc/webservices/rest/PMC7893038/fullTextXML	"EPIGEN-Brazil genotypes of the Bambui cohort (a member of the initiative) are one of the four discovery datasets; the paper also says genotyping was approved ""as part of the Epigen-Brazil protocol"", confirming the Brazilian initiative (not the epilepsy EPIGEN consortium named in other Catalog papers). The 1,439 admixed individuals in this trans-ethnic study are the Bambui participants. Also GCST009433 (PMID:31792241, Bambui-Epigen cohort GWAS)."
COHO:0000064	GWAS	FOUND	example added	GCST90245818	PMID:36922633	Genome-wide meta-analysis identifies novel loci conferring risk of acne vulgaris.	We carried out a GWAS with the Estonian Biobank (EstBB) cohort data (30,194 cases, 94,694 controls), followed by a meta-analysis of data from three independent cohorts (34,422 affected individuals and 364,991 population controls) of European ancestry.	https://www.ebi.ac.uk/europepmc/webservices/rest/PMC11368920/fullTextXML	Catalog tags it EB (with FinnGen and LifeLines); discovery GWAS in the Estonian Biobank.
COHO:0000065	GWAS	FOUND	example added	GCST002466	PMID:24880342	Rare variants of large effect in BRCA2 and CHEK2 affect risk of lung cancer.	IARC-replication comprised three studies: (i) EPIC Lung2,57, a nested case control study performed within the EPIC (European Prospective Investigation into Cancer and Nutrition) prospective cohort totalling 1,119 lung cancer cases and 2,546 controls (matched 1-2 to cases for age, sex, centre, and time of recruitment), selected from eight of the 10 countries participating in EPIC (Sweden, Netherlands, UK, France, Germany, Spain, Italy and Norway);	https://www.ebi.ac.uk/europepmc/webservices/rest/PMC4074058/fullTextXML	Multi-country EPIC (eight of its ten countries), not one of its centres or sub-studies modelled separately in COHO (EPIC-Norfolk, EPIC-Potsdam, EPIC-InterAct); EPIC Lung cases and controls are in the replication stage of this lung cancer GWAS. The tagged local candidates mostly name EPIC only in funding or acknowledgement text, or use EPIC-InterAct/Potsdam. Catalog does not tag cohorts on this study.
COHO:0000068	GWAS	FOUND	example added	GCST90104362	PMID:35240980	Innovative computational approaches shed light on genetic mechanisms underlying cognitive impairment among children born extremely preterm.	we utilized samples from the extremely low gestational age newborns (ELGAN) cohort [37], the largest US-based study of children born extremely preterm, to identify genetic factors associated with cognitive impairment at age 10 years.	https://www.ebi.ac.uk/europepmc/webservices/rest/PMC8903548/fullTextXML	Local candidate; Catalog tags it ELGAN; GWAS of cognitive impairment at age 10 in ELGAN children.
COHO:0000069	GWAS	FOUND	example added	GCST004639	PMID:28644415	Genome-Wide Association Study of Dietary Pattern Scores.	One hundred and forty-one individuals were selected among the 210 participants who completed the Fatty Acid Sensor (FAS) study, primarily aiming to understand how genes and environment act together to define CVD risk profile [26].	https://www.ebi.ac.uk/europepmc/webservices/rest/PMC5537769/fullTextXML	Full name in the methods; GWAS of dietary pattern scores in 141 FAS participants (Laval University fish-oil supplementation study). GCST004640 (Western pattern) is the paper other study. Catalog does not tag cohorts on these studies.
COHO:0000071	GWAS	FOUND	example added	GCST90134247	PMID:35748965	Identification of healthspan-promoting genes in Caenorhabditis elegans based on a human GWAS study.	We performed two genome-wide association studies using Finnish FINRISK population surveys from the years 1992, 1997, 2002 and 2007.	https://www.ebi.ac.uk/europepmc/webservices/rest/PMC9388463/fullTextXML	Catalog tags it FINRISK; GWAS run on the pooled FINRISK surveys (the aggregation) of 1992-2007.
COHO:0000072	GWAS	FOUND	example added	GCST90002250	PMID:34957435	GWAS of stool frequency provides insights into gastrointestinal motility and irritable bowel syndrome.	These include UK Biobank (UKBB; n = 163,616), LifeLines-DEEP (LLD; n = 942), the Genes for Good study (GFG; n = 1,069), the Flemish Gut Flora Project (FGFP; n = 2,001), and the Population-based Colonoscopy study (PopCol; n = 247) (Table S1; STAR Methods).	https://www.ebi.ac.uk/europepmc/webservices/rest/PMC8654685/fullTextXML	Local candidate; Catalog tags it Flemish Gut Flora Project; 2,001 FGFP participants in the stool-frequency GWAS meta-analysis.
COHO:0000073	GWAS	FOUND	example added	GCST003682	PMID:27387956	Genome-wide search identifies a gene-gene interaction between 20p13 and 2q14 in asthma.	The largest sub-study available, GABRIEL-AS (GABRIEL Advanced Surveys), was used as a screening dataset.	https://www.ebi.ac.uk/europepmc/webservices/rest/PMC4936310/fullTextXML	Full name in the methods: GABRIEL Advanced Surveys children are the screening dataset of this genome-wide SNP-SNP interaction study of asthma. The Catalog-tagged GABRIELA study GCST012462 (PMID:34155719) has no open text to quote. Catalog does not tag cohorts on GCST003682.
COHO:0000074	GWAS	FOUND	example added	GCST90255688	PMID:36672889	Skin Phototype and Disease: A Comprehensive Genetic Approach to Pigmentary Traits Pleiotropy Using PRS in the GCAT Cohort.	Genetic analysis was conducted in a subsample of the GCAT cohort (GCATcore) that is fully genotyped by SNP-array and imputation.	https://www.ebi.ac.uk/europepmc/webservices/rest/PMC9859115/fullTextXML	Local candidate paper; Catalog tags its 13 pigmentary-trait GWAS GCAT (this one: skin phototype score, 4,933 Iberian individuals). The paper also states participants belong to the GCAT|Genomes for life cohort (Catalonia).
COHO:0000075	GWAS	NOT FOUND	removed from subset						"No GWAS Catalog study found that analysed the French GENESIS (GENE SISters) breast cancer family study. The only Catalog studies tagged GENESIS (GCST90188371 and GCST90188370, local candidates, PMID:36240095) are an early-onset ischaemic stroke GWAS meta-analysis, so that GENESIS is a stroke study, not this cohort. Europe PMC searches intersected with all 7,817 Catalog PMIDs: GENESIS AND sisters AND ""breast cancer"" AND ""genome-wide"" 115 hits, 0 in Catalog; ""GENE SISters"" 13, 0; GENESIS AND BRCA1 AND sister AND French AND ""genome-wide"" 74, 0; ""GENESIS study"" AND breast 43, 0; GENESIS AND ""Breast Cancer Association Consortium"" 42, 2 in Catalog (no GENESIS study in text); GENESIS AND OncoArray AND breast 25, 4 in Catalog (only the GENESIS R package or affiliations). GWAS subset membership looks mistaken: either the Catalog stroke GENESIS tag was matched to this breast cancer study, or the definition was attached to the wrong GENESIS."
COHO:0000076	GWAS	FOUND	example added	GCST009597	PMID:31604244	Multiple sclerosis genomic map implicates peripheral immune cells and microglia in susceptibility.	The genome wide associations studies used in the discovery phase are available in the following repositories: i) dbGAP: phs000275.v1.p1, phs000139.v1.p1, phs000294.v1.p1, and phs000171.v1.p1, and ii) European Genome-phenome Archive database: EGAD00000000120, EGAD00000000022, and EGAD00000000021.	https://pmc.ncbi.nlm.nih.gov/articles/PMC7241648/	"Identified by accession: the EGA study that defines this cohort (EGAS00000000101, ""The Genetic Analysis of multiple sclerosis"") lists EGAD00000000120 (WTCCC2 project MS samples) and EGAD00000000021/22 (1958 British Birth Cohort controls) as its datasets (EGA study page), and this IMSGC GWAS names them as discovery-phase data. The paper does not use the name ""Genetic Analysis of Multiple Sclerosis"". The original GWAS of this collection is GCST001198 (PMID:21833088), whose methods match the EGA description (cases and Swedish controls on Illumina 660, WTCCC2 UK controls) but do not name it either."
COHO:0000077	GWAS	FOUND	example added	GCST002354	PMID:24514567	A genome-wide association study of anorexia nervosa.	We performed a GWAS in 2907 cases with AN from 14 countries (15 sites) and 14 860 ancestrally matched controls as part of the Genetic Consortium for AN (GCAN) and the Wellcome Trust Case Control Consortium 3 (WTCCC3).	https://www.ebi.ac.uk/europepmc/webservices/rest/search?query=EXT_ID:24514567%20AND%20SRC:MED&resultType=core&format=json	Consortium named in the abstract; the GCAN/WTCCC3 anorexia nervosa GWAS (same collection as the EGA example EGAS00001000913). Catalog does not tag cohorts on this study.
COHO:0000080	GWAS	FOUND	example added	GCST006085	PMID:29892016	Association analyses of more than 140,000 men identify 63 new prostate cancer susceptibility loci.	Provision of DNA samples and/or phenotypic data: V.L.S., S.M.G., B.D.C., C.M.T., P.J.G., I.M.T., J.B., S.C., L. Moya, J.C., L.H., W.T., G.P.R., H.G., M. Aly, T.N., P. Pharoah, N.P., J.S., T.L.J.T., C. Slavov, A.A., D.A., S.W., A.W., N.H., C.M.L.W., A.M.D., N.B., L.A.M., E.G., G.L.A., O.C.,G.C.T., S.K., L.E.B.F., K.D.S., T.F.O., M.B., L. Maehle, E.M.G., D.E.N., J.L.D., F.C.H., R.M.M., R.C.T., T.J.K., R.J.H., N.E.F., A.F., S.A.I., M.C. Stern, B.S.R., S.L.K., H.O., Y.-J.L., H.-W.Z., N.F., X.M., X.G., G.W., Z.S., G.G.G., M.C. Southey, R.J.M., L.M.F., A.S.K., B.M.K., J. Lubinski, G.C.-V., K.L.P., M.S., J.Y.P., T.A.S., H.-Y.L., J.L.S., C.C., D.W., J. Lim, E.A.O., M.S.G., B.G.N., S.F.N., M.W., R.B., M.A.R., P.I., H.B., K.C., B.H.,C.M., M.L., T.S., J.K., C.J.L., E.M.J., M.R.T., P. Paulo, M.C., S.L.N., L.S., Y.C.D., K.D.R., G.D.M., P.O., A.R., J. Llorca, S.-H.T., D.W.L., L.F.N., D. Lessel, M.G., T.K., R.K., N.U., S.S., C. Sipeky, V.M., M.P., F Canzian, S.J., T.V.d.B., S. Larkin, P.A.T., C.A.H., M.G.D., J.E.C., M.E.M., M.J.R., G.J., R.H.N.v.S., F.M., T.T., Y.A.K., J.X., K.-T.K., L.C.-A., H.P., A.M., S.N.T., S.K.M., D.J.S., S. Lindstrom, C.T., J.M., D.J.H., E.R., A.S., F Claessens, L.N.K., L.L.M., R.N.H., M.J.M., Z.C., P.K., F.W., S.J.C., B.E.H., C.A.-H., R.A.E., A.V., A.G.-C., B.F.D., G.C.-T., APCB investigators, IMPACT Study, Canary PASS investigators, BPC3, PRACTICAL, CAPS, PEGASUS, GAME-ON/ELLIPSE, and Profile Study Steering Committee.	https://pmc.ncbi.nlm.nih.gov/articles/PMC6568012/	"From the author contributions: the Profile Study (steering committee) provided DNA samples and/or phenotypic data for this OncoArray prostate cancer GWAS; ""The Profile Study"" is also a group author. Identity confirmed by context: prostate cancer genetics led by R. Eeles (ICR/Royal Marsden, which runs the PROFILE screening study of men with a family history); the ""PROFILE study"" in Catalog paper PMID:36780644 is a different, lung fibrosis study. The study-by-study sample list is in the supplement. Catalog does not tag cohorts on this study."
COHO:0000081	GWAS	FOUND	example added	GCST001506	PMID:22570627	Common genetic determinants of intraocular pressure and primary open-angle glaucoma.	For rs11656696 A we found a decreased glaucoma risk in the Amsterdam Glaucoma Study (AGS; OR = 0.71, 95%CI = 0.51–0.99) and the Erlangen and Tübingen study (OR = 0.82, 95%CI = 0.69–0.97), but not in RS-I and the Genetic Research in Isolated Populations (GRIP) program.	https://www.ebi.ac.uk/europepmc/webservices/rest/PMC3342933/fullTextXML	"GRIP (the southwest Netherlands isolate programme, COHO label ""Genetic Research in Isolated"") is one of the datasets analysed for glaucoma risk in this paper, and its family-based Erasmus Rucphen Family study (ERF, a separate COHO cohort) is one of the four discovery cohorts of the IOP GWAS. Catalog does not tag cohorts on this study."
COHO:0000084	GWAS	FOUND	example added	GCST90320240	PMID:38014556	The Genetic Drivers of Juvenile, Young, and Early-Onset Parkinson's Disease in India.	1376 control subjects were selected from the reference population GenomeAsia, Phase 2.	https://www.ebi.ac.uk/europepmc/webservices/rest/search?query=EXT_ID:38014556%20AND%20SRC:MED&resultType=core&format=json	Catalog tags this study GAsP2 (GenomeAsia Phase 2, with PRAI); GenomeAsia 100K genomes analysed as the controls of this Parkinson disease GWAS. Other Catalog papers use GenomeAsia only as an imputation reference panel (e.g. PMID:34482816).
COHO:0000087	GWAS	FOUND	example added	GCST000793	PMID:20835238	Common variants near CAV1 and CAV2 are associated with primary open-angle glaucoma.	The Australian sample consisted of three studies—a study from Tasmania (GIST), a study from South Australia (ANZRAG) and the Blue Mountains Eye Study (BMES)—that individually have estimated OR = 1.17 (P = 0.29), OR = 1.25 (P = 0.038) and OR = 1.26 (P = 0.13), respectively.	https://pmc.ncbi.nlm.nih.gov/articles/PMC3222888/	Acronym confirmed by context: a primary open-angle glaucoma study from Tasmania, i.e. the Glaucoma Inheritance Study in Tasmania; its cases are in the Australian replication sample of this POAG GWAS. Only Catalog paper found naming GIST; the full name does not appear in any Catalog paper text. Catalog does not tag cohorts on this study.
COHO:0000092	GWAS	FOUND	example added	GCST90061380	PMID:34607834	Genome-Wide Meta-analysis Identifies Genetic Variants Associated With Glycemic Response to Sulfonylureas.	Genotyping and quality control procedures for the Genetics of Diabetes Audit and Research in Tayside Scotland (GoDARTS), Hoorn Diabetes Care System (DCS), and Pharmacogenomics of Metformin (PMET) cohorts have previously been described (13,15,16).	https://www.ebi.ac.uk/europepmc/webservices/rest/PMC8669535/fullTextXML	Local candidate; Catalog tags it DCS; Hoorn DCS type 2 diabetes patients are one of the cohorts in this sulfonylurea-response GWAS meta-analysis.
COHO:0000093	GWAS	FOUND	example added	GCST002149	PMID:23974872	Genome-wide association analysis identifies 13 new risk loci for schizophrenia.	Cases with schizophrenia were identified via the Swedish Hospital Discharge Register 76,77 which captures all public and private inpatient hospitalizations.	https://www.ebi.ac.uk/europepmc/webservices/rest/PMC3827979/fullTextXML	Register data used to ascertain the cases of this Swedish schizophrenia GWAS (the register is the data source; participants are Swedes with a schizophrenia discharge diagnosis). Also used for case ascertainment in GCST of PMID:28072414 (bipolar subtypes). Catalog does not tag cohorts on this study.
COHO:0000095	GWAS	FOUND	example added	GCST002770	PMID:25637336	Genetics of hand grip strength in mid to late life.	GS was measured using handheld dynamometry in community-dwelling men and women aged 55-85 from the Hunter Community Study (HCS, N = 2088) and the Sydney Memory and Ageing Study (Sydney MAS, N = 541).	https://www.ebi.ac.uk/europepmc/webservices/rest/search?query=EXT_ID:25637336%20AND%20SRC:MED&resultType=core&format=json	Full name in the abstract; the GWAS sample is the 2,088 HCS participants (Newcastle, NSW). The Catalog-tagged HCS studies (e.g. GCST90837587, PMID:41325697) list cohorts only in supplements. Catalog does not tag cohorts on GCST002770.
COHO:0000096	GWAS	FOUND	example added	GCST004144	PMID:28195142	A genome-wide association study yields five novel thyroid cancer risk loci.	Icelanders diagnosed with thyroid cancer were identified based on a nationwide list from the Icelandic Cancer Registry (ICR) (http://www.krabbameinsskra.is/indexen.jsp?icd=C73) that contains all Icelandic thyroid cancer patients diagnosed from 1 January 1955, to 31 December 2015.	https://www.ebi.ac.uk/europepmc/webservices/rest/PMC5316879/fullTextXML	Registry used to ascertain the Icelandic thyroid cancer cases of this deCODE GWAS (many other deCODE cancer GWAS also do this). Note the acronym ICR also stands for the Institute of Cancer Research in other studies. Catalog does not tag cohorts on this study.
COHO:0000097	GWAS	FOUND	example added	GCST006085	PMID:29892016	Association analyses of more than 140,000 men identify 63 new prostate cancer susceptibility loci.	Provision of DNA samples and/or phenotypic data: V.L.S., S.M.G., B.D.C., C.M.T., P.J.G., I.M.T., J.B., S.C., L. Moya, J.C., L.H., W.T., G.P.R., H.G., M. Aly, T.N., P. Pharoah, N.P., J.S., T.L.J.T., C. Slavov, A.A., D.A., S.W., A.W., N.H., C.M.L.W., A.M.D., N.B., L.A.M., E.G., G.L.A., O.C.,G.C.T., S.K., L.E.B.F., K.D.S., T.F.O., M.B., L. Maehle, E.M.G., D.E.N., J.L.D., F.C.H., R.M.M., R.C.T., T.J.K., R.J.H., N.E.F., A.F., S.A.I., M.C. Stern, B.S.R., S.L.K., H.O., Y.-J.L., H.-W.Z., N.F., X.M., X.G., G.W., Z.S., G.G.G., M.C. Southey, R.J.M., L.M.F., A.S.K., B.M.K., J. Lubinski, G.C.-V., K.L.P., M.S., J.Y.P., T.A.S., H.-Y.L., J.L.S., C.C., D.W., J. Lim, E.A.O., M.S.G., B.G.N., S.F.N., M.W., R.B., M.A.R., P.I., H.B., K.C., B.H.,C.M., M.L., T.S., J.K., C.J.L., E.M.J., M.R.T., P. Paulo, M.C., S.L.N., L.S., Y.C.D., K.D.R., G.D.M., P.O., A.R., J. Llorca, S.-H.T., D.W.L., L.F.N., D. Lessel, M.G., T.K., R.K., N.U., S.S., C. Sipeky, V.M., M.P., F Canzian, S.J., T.V.d.B., S. Larkin, P.A.T., C.A.H., M.G.D., J.E.C., M.E.M., M.J.R., G.J., R.H.N.v.S., F.M., T.T., Y.A.K., J.X., K.-T.K., L.C.-A., H.P., A.M., S.N.T., S.K.M., D.J.S., S. Lindstrom, C.T., J.M., D.J.H., E.R., A.S., F Claessens, L.N.K., L.L.M., R.N.H., M.J.M., Z.C., P.K., F.W., S.J.C., B.E.H., C.A.-H., R.A.E., A.V., A.G.-C., B.F.D., G.C.-T., APCB investigators, IMPACT Study, Canary PASS investigators, BPC3, PRACTICAL, CAPS, PEGASUS, GAME-ON/ELLIPSE, and Profile Study Steering Committee.	https://pmc.ncbi.nlm.nih.gov/articles/PMC6568012/	"From the author contributions: the IMPACT Study provided DNA samples and/or phenotypic data for this OncoArray prostate cancer GWAS; ""The IMPACT Study"" is also a group author. Identity confirmed by context: prostate cancer genetics led by R. Eeles (ICR), who leads IMPACT (targeted PSA screening of BRCA1/2 carriers); the Catalog tag IMPACT_KPNC (PMID:42378311) is a different Kaiser study. The study-by-study sample list is in the supplement. Catalog does not tag cohorts on this study."
COHO:0000099	GWAS	FOUND	example added	GCST000598	PMID:20164292	Genome-wide association study of bone mineral density in premenopausal European-American women and replication in African-American women.	To identify genes contributing to BMD, a study of healthy siblings from Indiana was initiated (4,5). Recruitment focused on families with two or more healthy sisters.	https://pmc.ncbi.nlm.nih.gov/articles/PMC2853986/	"The original GWAS of this sample: premenopausal European-American sisters from Indiana, with African-American sibships for replication, exactly as in the definition. The paper describes the study but does not use the name; the current example (PMID:23074152, not in the Catalog) calls this sample the ""Indiana Sisters Study"". Other Catalog BMD papers use the same sister pairs under the name Indiana Fragility Study (e.g. PMID:24249740). Catalog does not tag cohorts on this study."
COHO:0000101	GWAS	FOUND	example added	GCST004146	PMID:28165464	Genome-wide association analysis implicates dysregulation of immunity genes in chronic lymphocytic leukaemia.	In silico replication was performed in 444 cases and 609 controls from International Cancer Genome Consortium (ICGC), and 226 cases and 228 controls from the WHI study38,39.	https://www.ebi.ac.uk/europepmc/webservices/rest/PMC5303820/fullTextXML	"The ICGC CLL cases (Spanish CLL Genome Project) are in the replication stage of this CLL GWAS. The same paper confirms the project: ""The Spanish replication study was supported by the Spanish Ministry of Economy and Competitiveness through the Instituto de Salud Carlos III (FIS PI13/01136; International Cancer Genome Consortium-Chronic Lymphocytic Leukemia Genome Project)."" Also an in silico replication set in PMID:23770605. Catalog does not tag cohorts on this study."
COHO:0000103	GWAS	FOUND	example added	GCST001505	PMID:22570697	Genome-wide association study of multiple sclerosis confirms a novel locus at 5p13.1.	We also analyzed a dataset (named hereafter IMSGC/WT) based on 931 MS cases from the International Multiple Sclerosis Genetic Consortium (IMSGC) [8] and 2938 controls from the Wellcome Trust Case Control Consortium (WTCCC), who had been genotyped using Affymetrix 500K array [9].	https://www.ebi.ac.uk/europepmc/webservices/rest/PMC3343041/fullTextXML	Full consortium name in the methods; IMSGC MS cases (with WTCCC controls) analysed together with the new Spanish GWAS in this study. The IMSGC GWAS itself (GCST009597, PMID:31604244) names the consortium only in author list and acknowledgements. Catalog does not tag cohorts on these studies.
COHO:0000105	GWAS	FOUND	example added	GCST90277987	PMID:37174278	Regulator of G-Protein Signalling 9: A New Candidate Gene for Sweet Food Liking?	All three populations belong to the Italian Network of Genetic Isolates (INGI), a project aimed at studying the genetic basis of complex diseases and phenotypes (including eating habits) [41].	https://www.ebi.ac.uk/europepmc/webservices/rest/PMC10178705/fullTextXML	Catalog tags this GWAS with INGI member cohorts (INGI-Val_Borbera, INGI-Carlantino); the paper states its three populations belong to the INGI network (aggregation).
COHO:0000106	GWAS	FOUND	example added	GCST90137504	PMID:36064556	Higher polygenic risk for melanoma is associated with improved survival in a high ultraviolet radiation setting.	Significant (P < 5 × 10-8) results were investigated in the Leeds Melanoma Cohort (LMC; 1,947 patients with melanoma; 370 melanoma deaths).	https://www.ebi.ac.uk/europepmc/webservices/rest/search?query=EXT_ID:36064556%20AND%20SRC:MED&resultType=core&format=json	Full name in the abstract; the 1,947 LMC melanoma patients are the replication sample of this melanoma-survival GWAS (Catalog replication sample 1,947 European ancestry individuals). Distinct from the Leeds melanoma case-control study. Catalog tags UKB and MIA but not LMC.
COHO:0000108	GWAS	FOUND	example added	GCST90243958	PMID:38643935	Rome III Criteria Capture Higher Irritable Bowel Syndrome SNP-Heritability and Highlight a Novel Genetic Link With Cardiovascular Traits.	We conducted GWAS meta-analyses of Rome III IBS and its subtypes in 24,735 IBS cases and 77,149 asymptomatic control subjects from 2 independent European cohorts (UK Biobank and Lifelines).	https://www.ebi.ac.uk/europepmc/webservices/rest/search?query=EXT_ID:38643935%20AND%20SRC:MED&resultType=core&format=json	Catalog tags it LifeLines (with UKB); the main Lifelines population cohort of the northern Netherlands (not LifeLines-DEEP) is one of the two GWAS cohorts.
COHO:0000110	GWAS	FOUND	example added	GCST001648	PMID:22923054	A genome-wide association study of breast cancer in women of African ancestry.	Stage 1 of the GWAS included African American participants from 9 epidemiological studies of breast cancer, comprising a total of 3,153 cases and 2,831 controls (cases/controls: The Multiethnic Cohort study (MEC), 734/1,003; The Los Angeles component of The Women’s Contraceptive and Reproductive Experiences (CARE) Study, 380/224;	https://pmc.ncbi.nlm.nih.gov/articles/PMC3749077/	Exact cohort name in the methods; 380 cases and 224 controls from the Los Angeles component of Women's CARE in stage 1 of this African-ancestry breast cancer GWAS. Catalog does not tag cohorts on this study.
COHO:0000111	GWAS	FOUND	example added	GCST001195	PMID:21826061	Genome-wide association studies establish that human intelligence is highly heritable and polygenic.	We present here the results of a genome-wide association study (GWAS) which examines cognitive ability phenotype-genotype associations in the five cohorts which constitute the CAGES (Cognitive Ageing Genetics in England and Scotland) project: the Lothian Birth Cohorts of 1921 and 1936 (LBC1921, LBC1936), the Aberdeen Birth Cohort 1936 (ABC1936), and the Manchester and Newcastle Longitudinal Studies of Cognitive Aging (Supplementary Table 1).	https://www.ebi.ac.uk/europepmc/webservices/rest/PMC3182557/fullTextXML	Chosen because the definition describes the 1921-born cohort: LBC1921 is a discovery cohort of this intelligence GWAS (with LBC1936). The Catalog-tagged LBC candidates (e.g. GCST90102615) use only LBC1936. Catalog does not tag cohorts on GCST001195.
COHO:0000112	GWAS	FOUND	example added	GCST007673	PMID:30796134	Genome-wide association meta-analysis of functional outcome after ischemic stroke.	In 3 studies (Lund Stroke Register, Malmö Diet and Cancer Study, and parts of the Sahlgrenska Academy Study on Ischemic Stroke), data from the Swedish quality register for stroke (Riksstroke) were used to assess mRS by a validated translation algorithm.8,9	https://www.ebi.ac.uk/europepmc/webservices/rest/PMC6511098/fullTextXML	Lund Stroke Register is one of the ischaemic stroke studies in this GWAS of 3-month functional outcome (GCST007672-GCST007675 are its other studies). Also an ICH replication cohort in PMID:29915124. The Catalog-tagged LSR studies (PMID:39286457) have no text naming it. Catalog does not tag cohorts on GCST007673.
COHO:0000114	GWAS	FOUND	example added	GCST90296592	PMID:37821706	Mexican Biobank advances population and medical genomics of diverse ancestries.	To fill this gap, the Mexican Biobank project genotyped 6,057 individuals from 898 rural and urban localities across all 32 states in Mexico at a resolution of 1.8 million genome-wide markers with linked complex trait and disease information creating a valuable nationwide genotype-phenotype database.	https://www.ebi.ac.uk/europepmc/webservices/rest/search?query=EXT_ID:37821706%20AND%20SRC:MED&resultType=core&format=json	Local candidate; Catalog tags it MXBB; one of 44 GWAS of the Mexican Biobank in this paper.
COHO:0000117	GWAS	FOUND	example added	GCST003431	PMID:26950853	Genome-Wide Association Study for Incident Myocardial Infarction and Coronary Heart Disease in Prospective Cohort Studies: The CHARGE Consortium.	Stage II comprised individuals from: The Health, Aging, and Body Composition (Health ABC) Study; The Health Professionals Follow-Up Study (HPFS); The Nurses’ Health Study (NHS); PROSPER/PHASE Study; the Study of Health in Pomerania (SHIP); The Women’s Genome Health Study (WGHS); the MOnica Risk, Genetics, Archiving and Monograph (MORGAM) Study comprising the Alpha-Tocopherol, Beta-Carotene (ATBC) Study; The FINRISK Study; The PRIME Study (including the PRIME cohorts of Belfast, Lille, Strasbourg and Toulouse); The Northern Sweden Study.	https://www.ebi.ac.uk/europepmc/webservices/rest/PMC4780701/fullTextXML	Full name in the methods; the MORGAM cohorts are in Stage II (replication) of this incident CHD GWAS, and the paper states MORGAM provided data for both incident MI and CHD (GCST003430 is the MI study). Also named in the abstract of the EuroCLOT paper (PMID:23381943), but there only for a stroke follow-up outside its coagulation GWAS. Catalog does not tag cohorts on this study.
COHO:0000118	GWAS	FOUND	example added	GCST000366	PMID:20031576	Association of novel genetic Loci with circulating fibrinogen levels: a genome-wide association study in 6 population-based cohorts.	We conducted a genome-wide association analysis on 6 population-based studies, the Rotterdam Study, the Framingham Heart Study, the Cardiovascular Health Study, the Atherosclerosis Risk in Communities Study, the Monitoring of Trends and Determinants in Cardiovascular Disease/KORA Augsburg Study, and the British 1958 Birth Cohort Study, including 22 096 participants of European ancestry.	https://www.ebi.ac.uk/europepmc/webservices/rest/search?query=EXT_ID:20031576%20AND%20SRC:MED&resultType=core&format=json	Full MONICA name in the abstract: the MONICA/KORA Augsburg study (the German MONICA population; KORA is a separate COHO cohort that grew out of it) is one of the six discovery cohorts. Most Catalog uses of MONICA are through MONICA/KORA Augsburg; e.g. the MONICA/KORA S1 and S2 survey subcohort is a replication set in PMID:22683750. Catalog does not tag cohorts on this study.
COHO:0000126	GWAS	FOUND	example added	GCST009008	PMID:31469419	Identification of novel epithelial ovarian cancer loci in women of African ancestry.	We also thank other OCAC members who provided less than 10 EOC samples for the current analysis: Diether Lambrechts (BEL), Digna Velez Edwards (BVU), James Brenton (CAM), Mary Anne Rossing (DOV), Marc Goodman (HAW), Ellen Goode (MAY), Douglas Levine (MSK), Daniel Cramer (NEC)	https://pmc.ncbi.nlm.nih.gov/articles/PMC7523187/	"NEC (a small number of African-ancestry cases) contributed samples to this ovarian cancer GWAS. Acronym confirmed: D. Cramer leads the New England case-control study, and this paper funds NEC with NIH R01-CA54419 and P50-CA105009, the grants that PMID:34162658 attributes to ""The New England-based Case-Control Study of Ovarian Cancer (NEC; PI K.L. Terry)"". In the mucinous-cancer GWAS PMID:26075790 the NEC/BWH GWAS was used only for imputation. Catalog does not tag cohorts on this study."
COHO:0000130	GWAS	FOUND	example added	GCST009696	PMID:28915241	The relative contribution of DNA methylation and genetic variants on protein biomarkers for human diseases.	Northern Sweden Population Health Study (NSPHS), the study cohort used in this project, was a health survey of the population in the parishes of Karesuando (year 2006) and Soppero (year 2009), county of Norrbotten.	https://www.ebi.ac.uk/europepmc/webservices/rest/PMC5617224/fullTextXML	Local candidate; Catalog tags it NSPHS; protein biomarker GWAS in NSPHS (Karesuando and Soppero, Norrbotten), matching the definition.
COHO:0000132	GWAS	FOUND	example added	GCST004927	PMID:28878392	Multivariate discovery and replication of five novel loci associated with Immunoglobulin G N-glycosylation.	The Orkney Complex Disease Study (ORCADES) is a family-based study of 2078 individuals aged 16–100 years recruited between 2005 and 2011 in the isolated Scottish archipelago of Orkney26.	https://www.ebi.ac.uk/europepmc/webservices/rest/PMC5587582/fullTextXML	ORCADES is the discovery cohort of this IgG glycosylation GWAS (1,960 Orcadian individuals in the Catalog study); wording matches the definition. Also in the abstract of PMID:31597446 (retinal vascular GWAS). The Catalog-tagged ORCADES candidates name it only in funding or data-access text. Catalog does not tag cohorts on GCST004927.
COHO:0000134	GWAS	FOUND	example added	GCST90292521	PMID:38443389	Genome-wide association analyses of ovarian cancer patients undergoing primary debulking surgery identify candidate genes for residual disease.	First, we undertook a GWAS of resection status in a large dataset from the Ovarian Cancer Association Consortium using complete resection vs any residual disease.	https://www.ebi.ac.uk/europepmc/webservices/rest/PMC10915171/fullTextXML	Local candidate; Catalog tags it OCAC; GWAS run on OCAC patient data.
COHO:0000136	GWAS	FOUND	example added	GCST001220	PMID:21931564	A genome-wide metabolic QTL analysis in Europeans implicates two loci shaped by recent positive selection.	The MolOBB cohort comprised 69 participants in the Oxford Biobank (OBB) [20].	https://www.ebi.ac.uk/europepmc/webservices/rest/PMC3169529/fullTextXML	"Oxford Biobank participants (MolOBB) form the replication stage of this metabolite GWAS (""Replication Stage (MolOBB)"" in its tables). Other Catalog papers use OBB for recall-by-genotype or follow-up genotyping (e.g. PMID:25625282, PMID:29523850). Catalog does not tag cohorts on this study."
COHO:0000138	GWAS	FOUND	example added	GCST001205	PMID:21876681	Genome-wide gene-environment study identifies glutamate receptor gene GRIN2A as a Parkinson's disease modifier gene via interaction with coffee.	For the present GWAIS, Replication samples were provided by PEG [20] (Parkinson, Environment, and Gene), PAGE [21] (Parkinson's, Genes, and Environment from the prospective NIH-AARP Diet and Health Study cohort), and HIHG [9] (Hussman Institute for Human Genomics).	https://www.ebi.ac.uk/europepmc/webservices/rest/PMC3158052/fullTextXML	Full name given; PEG community-based incident Parkinson cases and controls (280/310) are in the replication stage; the Catalog replication sample (1,014 cases, 1,917 controls) equals PEG + PAGE + HIHG. Catalog does not tag cohorts on this study.
COHO:0000139	GWAS	FOUND	example added	GCST001675	PMID:22961001	Common variants at the MHC locus and at chromosome 16q24.1 predispose to Barrett's esophagus.	This comprised 1,105 cases from ChOPIN and EAGLE and 4,421 controls from the 58C control dataset, all genotyped on the Illumina Immunochip23 (WTCCC2 contributed SNPs to the Immunochip design to allow for its replication studies, and the set of 100 SNPs followed up in our Stage 1 replication were all on the Immunochip), and a further set of 2,578 UK controls (the People of the British Isles (PoBI) collection 24) genotyped on the Illumina custom Human 1.2M-Duo array.	https://www.ebi.ac.uk/europepmc/webservices/rest/PMC3459818/fullTextXML	Full name given; 2,578 PoBI controls are in the replication stage of this WTCCC2 Barrett oesophagus GWAS. The Catalog-tagged PoBI studies (PMID:37653029, epilepsy) do not name PoBI in the text. Catalog does not tag cohorts on GCST001675.
COHO:0000143	GWAS	FOUND	example added	GCST000849	PMID:21082022	Genome-wide association study of blood pressure extremes identifies variant near UMOD associated with hypertension.	The validation cohorts were the MONItoring trends and determinants of CArdiovascular diseases (MONICA)/Pressioni Arteriose Monitorate E Loro Associazioni (PAMELA) studies (894 cases/746 controls) from Northern Italy [6], [28],	https://www.ebi.ac.uk/europepmc/webservices/rest/PMC2965757/fullTextXML	Full name given; the Northern Italian MONICA/PAMELA samples (PAMELA: Monza) are a validation cohort of this hypertension GWAS. Catalog does not tag cohorts on this study.
COHO:0000147	GWAS	FOUND	example added	GCST003382	PMID:27023175	Genome-wide association study of lifetime cannabis use based on a large meta-analytic sample of 32 330 subjects from the International Cannabis Consortium.	Data of the RADAR study were used.	https://www.ebi.ac.uk/europepmc/webservices/rest/PMC4872459/fullTextXML	"Acronym only; confirmed by the same paper context: the RADAR entry thanks ""all the adolescents and their families and friends"" and is funded by the Netherlands Organisation for Scientific Research, VU University Amsterdam and Utrecht University, i.e. the Dutch adolescent RADAR study. Also the NTR2/RADAR replication sample in PMID:30003630. The full name does not appear in any Catalog paper text. Catalog does not tag cohorts on this study."
COHO:0000148	GWAS	FOUND	example added	GCST90013658	PMID:33717105	Common and Rare Variants Genetic Association Analysis of Circulating Neutrophil Extracellular Traps.	We performed a genome-wide association study (GWAS) and exome-sequencing analysis to identify common and rare genetic variants associated with plasma myeloperoxidase (MPO)-DNA complex levels, a biomarker for NETs, in the population-based Rotterdam Study cohort.	https://www.ebi.ac.uk/europepmc/webservices/rest/search?query=EXT_ID:33717105%20AND%20SRC:MED&resultType=core&format=json	Catalog tags it RS (and RSI); GWAS in Rotterdam Study participants (first and second cohorts).
COHO:0000149	GWAS	FOUND	example added	GCST003521	PMID:27445529	Identification of Susceptibility Genes of Adult Asthma in French Canadian Women.	Asthma-associated SNPs were tested for replication in women participants of the Saguenay-Lac-Saint-Jean (SLSJ) asthma family collection (n = 353).	https://www.ebi.ac.uk/europepmc/webservices/rest/PMC4904514/fullTextXML	Full name given; women from the SLSJ asthma family collection form the replication sample of this French-Canadian adult asthma GWAS. Distinct from the Saguenay Youth Study named in other Catalog papers. The Catalog-tagged SLSJ studies (PMID:34155719, PMID:32439431) have no open text; SLSJ is also the follow-up sample of GCST90244022 (PMID:35671886). Catalog does not tag cohorts on GCST003521.
COHO:0000150	GWAS	FOUND	example added	GCST005412	PMID:29378355	A Genome-wide Study of Common and Rare Genetic Variants Associated with Circulating Thrombin Activatable Fibrinolysis Inhibitor.	These participants included 600 cases with ischaemic stroke at ages 18 to 69 years and 600 controls matched for age and sex from the Sahlgrenska Academy Study on Ischemic Stroke (SAHLSIS 28 ) and 2,060 population-based participants from the prospective Malmö Diet and Cancer Study (MDC 29 ) of whom 1,812 have not had a cardiovascular event and 248 had an ischaemic stroke during follow-up.	https://www.ebi.ac.uk/europepmc/webservices/rest/PMC6260132/fullTextXML	Full name given; SAHLSIS ischaemic stroke cases (aged 18-69) and matched controls are one of the two cohorts of this TAFI GWAS, matching the definition. Also a study in the functional-outcome GWAS GCST007673 (PMID:30796134). The Catalog-tagged SAHLSIS papers do not name it in open text. Catalog does not tag cohorts on GCST005412.
COHO:0000153	GWAS	NOT FOUND	removed from subset						"No GWAS Catalog study uses this Xinhua Hospital (Shanghai) gallbladder carcinoma tumour-normal exome collection. No Catalog cohort tag Shanghai (local or live). Europe PMC searches intersected with all 7,817 Catalog PMIDs: ""Xinhua Hospital"" AND gallbladder AND ""genome-wide"" 35 hits, 0 in Catalog; gallbladder AND ""Xinhua Hospital"" AND sequencing 118 hits, 0 in Catalog. The only Catalog gallbladder cancer GWAS are from India (PMID:28274756) and Japan (PMID:22318345). The cohort is a somatic sequencing study (EGA EGAS00001000853), not a GWAS sample. GWAS subset membership looks mistaken."
COHO:0000154	GWAS	FOUND	example added	GCST007992	PMID:31089142	Association analyses identify 31 new risk loci for colorectal cancer susceptibility.	The SCOT GWAS comprised 3076 cases from the Short Course Oncology Treatment (SCOT) trial—a study of adjuvant chemotherapy in colorectal cancer by the CACTUS and OCTO groups44.	https://www.ebi.ac.uk/europepmc/webservices/rest/PMC6517433/fullTextXML	Full trial name given; the SCOT trial colorectal cancer cases form one of the GWAS datasets of this colorectal cancer meta-analysis. The Catalog SCOT tag search only matches ASCOT (a different trial). Catalog does not tag cohorts on this study.
COHO:0000155	GWAS	FOUND	example added	GCST002639	PMID:25534755	A genome-wide association study of autism using the Simons Simplex Collection: Does reducing phenotypic heterogeneity in autism increase genetic homogeneity?	Genome-wide genotypic data of 2576 families from the Simons Simplex Collection were analyzed in the overall sample and phenotypic subgroups defined on the basis of diagnosis, IQ, and symptom profiles.	https://www.ebi.ac.uk/europepmc/webservices/rest/search?query=EXT_ID:25534755%20AND%20SRC:MED&resultType=core&format=json	Full name in title and abstract; family-based autism GWAS in the Simons Simplex Collection. The Catalog SSC tag search only matches CSSCD (a sickle cell study). Catalog does not tag cohorts on this study.
COHO:0000157	GWAS	FOUND	example added	GCST001750	PMID:23184150	Common variation at 2q22.3 (ZEB2) influences the risk of renal cancer.	The newly scanned cases comprised 856 cases ascertained through the TRANSORCE study of an ongoing collection of RCC cases ascertained as part of the Medical Research Council (MRC) SORCE trial through UK clinical oncology centres and 189 RCC cases collected through the Institute of Cancer Research and Royal Marsden NHS Hospitals Trust.	https://pmc.ncbi.nlm.nih.gov/articles/PMC3554205/	UK renal cell carcinoma GWAS whose primary-scan cases are 856 patients from the MRC SORCE trial; same paper as the EGA example EGAS00001002336 (PMID in its record). Catalog does not tag cohorts on this study.
COHO:0000162	GWAS	FOUND	example added	GCST002427	PMID:24770850	Genome-wide association study of sexual maturation in males and females highlights a role for body mass and menarche loci in male puberty.	Cohorts contributing to the female discovery analysis were the ALSPAC, 1958 British Birth Cohort (BC58-T1DGC and BC58-WTCCC), Cardiovascular Risk in YFS, Netherlands Twin Registry (NTR) and TEENAGE study.	https://pmc.ncbi.nlm.nih.gov/articles/PMC4168307/	"Acronym expanded elsewhere in the same paper (""TEENs of Attica: genes and Environment (TEENAGE)"", one of the four cohorts in the primary male analysis); TEENAGE Greek adolescents are a discovery cohort of this puberty GWAS (GCST002425 is the combined study, GCST002426 the male one). Also de novo replication genotyping in PMID:22479309 and PMID:22911880. Catalog does not tag cohorts on this study."
COHO:0000163	GWAS	FOUND	example added	GCST008513	PMID:31250787	Genetic Contributions to Health Literacy.	Using 5783 English Longitudinal Study of Ageing (ELSA) participants (mean age = 65.49, SD = 9.55) who had genotyping data and had completed a health literacy test at wave 2 (2004-2005), we carried out a genome-wide association study (GWAS) of health literacy.	https://www.ebi.ac.uk/europepmc/webservices/rest/search?query=EXT_ID:31250787%20AND%20SRC:MED&resultType=core&format=json	Full name in the abstract; GWAS of health literacy in ELSA participants. The Catalog-tagged ELSA studies (PMID:38815935, PMID:39875632, PMID:39937552) have no text naming it. Catalog does not tag cohorts on GCST008513.
COHO:0000171	GWAS	FOUND	example added	GCST001465	PMID:22479202	Novel loci for adiponectin levels and their influence on type 2 diabetes and metabolic traits: a multi-ethnic meta-analysis of 45,891 individuals.	Finally, these same SNPs, or their proxy SNPs (n = 2), were tested for association in the THISEAS cohort (n = 738), which had been genotyped using the Metabochip [55].	https://www.ebi.ac.uk/europepmc/webservices/rest/PMC3315470/fullTextXML	"Acronym confirmed by the cited reference [55] in the same paper, ""Fibrinogen beta variants confer protection against coronary artery disease in a Greek case-control study"", i.e. THISEAS; its Metabochip-genotyped participants were tested for the adiponectin loci (replication). Also in PMID:22693459 (androgenetic alopecia). Catalog does not tag cohorts on this study."
COHO:0000173	GWAS	FOUND	example added	GCST90267552	PMID:36624241	Genome-wide association study of school grades identifies genetic overlap between language ability, psychopathology and creativity.	To replicate our findings, we analyzed 4547 genotyped individuals from the Twins Early Development Study (TEDS) cohort33 for whom General Certificate of Secondary Education (GCSE) school grades in English, math and science were available.	https://www.ebi.ac.uk/europepmc/webservices/rest/PMC9829693/fullTextXML	Local candidate; Catalog tags it TEDS; 4,547 TEDS twins with GCSE grades are the replication GWAS sample.
COHO:0000176	GWAS	FOUND	example added	GCST008370	PMID:30104761	Efficiently controlling for case-control imbalance and sample relatedness in large-scale genetic association studies.	Through the analysis of UK Biobank data of 408,961 samples from white British participants with European ancestry for > 1,400 binary phenotypes, we show that SAIGE can efficiently analyze large sample data, controlling for unbalanced case-control ratios and sample relatedness.	https://www.ebi.ac.uk/europepmc/webservices/rest/search?query=EXT_ID:30104761%20AND%20SRC:MED&resultType=core&format=json	Local candidate; Catalog tags it UKB; one of the SAIGE UK Biobank PheWAS GWAS (ischaemic heart disease, PheCode 411).
COHO:0000177	GWAS	UNSURE	removed from subset (unconfirmed)	GCST90032648	PMID:34426670	Genetic analysis of dietary intake identifies new loci and functional links with metabolic traits.	To replicate the brain expression findings, we used expression quantitative trait loci (eQTL) data from the UK Brain Expression Consortium,27 a dataset that provides eQTL results from 10 brain regions from 134 individuals of European ancestry free of neurodegenerative disorders (Methods).	https://pmc.ncbi.nlm.nih.gov/articles/PMC8799527/	"Reason: UKBEC data appear in Catalog papers only as brain eQTL follow-up (here to replicate brain expression findings of this dietary-intake GWAS; likewise Braineac look-ups in e.g. PMID:27777418, PMID:28746715). No Catalog GWAS includes UKBEC brain donors as participants, so whether this counts as ""used"" is a judgment call. Europe PMC: ""UK Brain Expression Consortium"" 172 hits, 28 in Catalog; UKBEC 178, 28; Braineac 433, 116; all checked hits are eQTL look-ups. If follow-up use does not count, GWAS subset membership looks mistaken."
COHO:0000179	GWAS	FOUND	example added	GCST90243956	PMID:35507331	Comparative Genetic Analysis of Psoriatic Arthritis and Psoriasis for the Discovery of Genetic Risk Factors and Risk Prediction Modeling.	As controls, genotype data were available for 9,965 general population subjects from the UK Household Longitudinal Study (https://www.understandingsociety.ac.uk/), accessed through the European Genotype‐phenome Archive.	https://www.ebi.ac.uk/europepmc/webservices/rest/PMC9539852/fullTextXML	Local candidate; Catalog tags it UKHLS (with UKB); UKHLS (Understanding Society) genotypes are controls in this psoriatic arthritis GWAS.
COHO:0000180	GWAS	FOUND	example added	GCST004131	PMID:28067908	Genome-wide association study implicates immune activation of multiple integrin genes in inflammatory bowel disease.	We generated low-coverage whole genome sequences for 4,686 IBD cases and 3,781 population controls from the UK IBD Genetics Consortium (UKIBDGC) and UK10K Consortium, respectively.	https://www.ebi.ac.uk/europepmc/webservices/rest/PMC5289481/fullTextXML	Full consortium name; UKIBDGC cases are sequenced and analysed in this IBD GWAS (GCST004132 Crohn disease and GCST004133 ulcerative colitis are its other studies). The companion WGS paper PMID:28067910 is the EGA example publication. Catalog does not tag cohorts on these studies.
COHO:0000181	GWAS	FOUND	example added	GCST90436912	PMID:40883583	Efficient candidate drug target discovery through proteogenomics in a Scottish cohort.	The Viking Health Study—Shetland (hereafter VIKING1) is a geographically defined cohort with grandparents from the Shetland Isles, north of Scotland, which seeks to identify genetic factors influencing cardiovascular and other disease risk54.	https://www.ebi.ac.uk/europepmc/webservices/rest/PMC12397405/fullTextXML	Local candidate; Catalog tags it VIKING; proteomic GWAS in a 200-person subsample of the Viking Health Study - Shetland (194 Shetland-origin individuals in this study).
COHO:0000182	GWAS	FOUND	example added	GCST90204200	PMID:36470867	Genome-wide association study of REM sleep behavior disorder identifies polygenic risk and brain expression effects.	Accordingly, for controls, we used genotype data obtained from (a) French and French-Canadian controls from McGill University (N = 871); (b) the HYPERGENES Project54 (N = 557 Italian samples); (c) the Wellcome Trust Case Control Consortium55 (N = 5516 British samples);	https://www.ebi.ac.uk/europepmc/webservices/rest/PMC9722930/fullTextXML	Local candidate; Catalog tags it WTCCC; 5,516 WTCCC British control genotypes used in this GWAS.
COHO:0000188	GWAS	FOUND	example added	GCST002644	PMID:25281659	A novel common variant in DCST2 is associated with length in early life and height in adulthood.	We thank the participating DIPP families and the DIPP staff.	https://www.ebi.ac.uk/europepmc/webservices/rest/PMC4447786/fullTextXML	"DIPP is a replication cohort of this birth-length GWAS: the paper supplement (Europe PMC supplementaryFiles for PMC4447786, sheet ""Table S2. Basic characteristics, exclusions, genotyping in replication studies."") lists DIPP with Finland, ""Screened from the general population for HLA-conferred susceptibility to type 1 diabetes"", years of birth 1995-2010, N 6444, genotyping ""DNA (Kbioscience)"", http://dipp.utu.fi/, matching the definition. In the main text DIPP appears only in the per-study acknowledgements (quoted). GCST002646 is the paper infant-length study. No other Catalog paper uses DIPP. Catalog does not tag cohorts on this study."
COHO:0000191	GWAS	FOUND	example added	GCST002404	PMID:24688116	Genome-wide association meta-analysis of human longevity identifies a novel locus conferring survival beyond 90 years of age.	Some cohorts only provided controls (GOYA, NTR, SU.VI.MAX, TwinsUK and WTCCC2) or only cases (BELFAST, CEPH centenarian cohort, Danish longevity study I/II, Leiden 85-plus Study I/II and Newcastle 85+ Study), whereas others contained both (Calabria cohort, deCODE, EGCUT, GEHA Study, German longevity study, Leiden Longevity Study, Rotterdam Study I/II and TwinGene).	https://www.ebi.ac.uk/europepmc/webservices/rest/PMC4103672/fullTextXML	The German longevity study (Kiel/PopGen long-lived individuals and younger controls) contributed both cases and controls to this longevity GWAS meta-analysis (GCST002403 is the 85+ study). In PMID:31413261 the German Longevity Study (GLS) was a de novo genotyped replication cohort for APOE. Catalog does not tag cohorts on this study.
COHO:0000192	GWAS	NOT FOUND	removed from subset						"No GWAS Catalog study found that analysed GRACE (Global Registry of Acute Coronary Events) or GRACE Genetics participants. The GRACE Genetics 9p21 paper (current example PMID:20231156) is not in the Catalog. No Catalog tag GRACE or GRACE_Genetics (GR@ACE is an unrelated Alzheimer cohort). Europe PMC searches intersected with all 7,817 Catalog PMIDs: ""Global Registry of Acute Coronary Events"" 3,144 hits, 0 in Catalog; GRACE AND ""acute coronary syndrome"" AND ""genome-wide"" 157 hits, 2 in Catalog (PMID:35533259, PMID:26343387; no GRACE study in text); ""GENIUS-CHD"" 27 hits, 1 in Catalog (PMID:33532862; no GRACE in text); ""GRACE Genetics"" 7 hits, 0 in Catalog. GWAS subset membership looks mistaken."
COHO:0000493	GWAS	FOUND	example added	GCST007858	PMID:25625282	Identification and functional characterization of G6PC2 coding variants influencing glycemic traits define an effector transcript at the G6PC2-ABCB11 locus.	We used a subset of Finnish samples (FIN-D2D 2007, DPS, DR’s EXTRA, FINRISK 2007, and METSIM; n = 10,266) to calculate variance explained by G6PC2.	https://pmc.ncbi.nlm.nih.gov/articles/PMC4307976/	"Acronym confirmed by the same paper: ""The DR's EXTRA Study was supported by grants to RR by the Ministry of Education and Culture of Finland ..., Kuopio University Hospital ... City of Kuopio"" (the Kuopio exercise trial). DR's EXTRA is one of the Finnish studies in this glycaemic-trait exome-array association analysis. The Catalog-tagged DRS_EXTRA studies (local candidates GCST90267567 etc., PMID:37291194; also GCST90002229, PMID:34059833) list cohorts only in supplements. Catalog does not tag cohorts on GCST007858."
COHO:0000498	GWAS	FOUND	example added	GCST000471	PMID:19736353	A genomewide association study points to multiple loci that predict antidepressant drug treatment outcome in depression.	We performed a genomewide association study in patients from the Munich Antidepressant Response Signature (MARS) project and in pooled DNA from an independent German replication sample.	https://www.ebi.ac.uk/europepmc/webservices/rest/search?query=EXT_ID:19736353%20AND%20SRC:MED&resultType=core&format=json	Full name in the abstract; GWAS of antidepressant treatment outcome in MARS inpatients (Max Planck Institute of Psychiatry, Munich). The Catalog-tagged MARS local candidates (PMID:37984853, PMID:42014397) are the Rush Minority Aging Research Study, not this cohort. The current example paper PMID:23377640 is also in the Catalog as GCST001850 (GENDEP, MARS and STAR*D meta-analysis).
COHO:0000565	GWAS	FOUND	example added	GCST000945	PMID:21239051	Identification of ADAMTS7 as a novel locus for coronary atherosclerosis and association of ABO with myocardial infarction in the presence of coronary atherosclerosis: two genome-wide association studies.	The meta-analysis of angiographic CAD versus control was restricted to those studies that ascertained both cases and controls via coronary angiography. These were PennCath, MedStar, Emory GeneBank, the Intermountain Heart Collaborative Study, and Verona Heart Study.	https://pmc.ncbi.nlm.nih.gov/articles/PMC3297116/	"Full name given (""Utah IHCS=Utah Intermountain Heart Collaborative Study"" in the same paper); the angiography-based IHCS cases and controls are in stage 3 (replication) of the angiographic CAD GWAS. The Catalog-tagged IHCS studies (e.g. GCST90319877) have no open text naming it. Catalog does not tag cohorts on GCST000945."
COHO:0000572	GWAS	FOUND	example added	GCST001153	PMID:21750109	European genome-wide association study identifies SLC14A1 as a new urinary bladder cancer susceptibility gene.	The Dutch patients were recruited for the Nijmegen Bladder Cancer Study (NBCS: http://dceg.cancer.gov/icbc/membership.html).	https://pmc.ncbi.nlm.nih.gov/articles/PMC3188988/	Full name given; NBCS bladder cancer patients are among the cases of this European bladder cancer GWAS (not the Norwegian Breast Cancer Study, which shares the acronym). NBCS (N=1470) is also the replication cohort of the BCPP non-muscle-invasive bladder cancer GWAS (PMID:31277774). The Catalog-tagged NBCS study PMID:37210288 names it only in funding text. Catalog does not tag cohorts on GCST001153.
COHO:0000582	GWAS	FOUND	example added	GCST90271622	PMID:37709864	Genome-wide association meta-analysis identifies 17 loci associated with nonalcoholic fatty liver disease.	The multi-ethnic GOLD Consortium includes the following nine multi-ethnic cohorts with CT-measured steatosis (n = 23,521): Age, Gene/Environment Susceptibility-Reykjavik Study (AGES)75, COPDGene76, Family Heart Study (FamHS)77, Framingham Heart Study (FHS)78,	https://pmc.ncbi.nlm.nih.gov/articles/PMC10918428/	"Catalog tags it FamHS; the Family Heart Study is one of the GOLD cohorts with CT-measured liver fat in this NAFLD GWAS meta-analysis, listed separately from the Framingham Heart Study (which also uses the synonym FHS). The same paper cites FamHS liver-fat work (ref. 93, ""... in the NHLBI Family Heart Study""). Also a discovery GWAS in PMID:27412012 (apoA-IV)."
COHO:0000603	GWAS	FOUND	example added	GCST009097	PMID:31676865	Genome-wide association analysis of venous thromboembolism identifies new risk loci and genetic overlap with arterial vascular disease.	Data used in this analysis included genetic data from WHI-HT participants derived from three separate GWAS sub-studies: 1) the WHI Genomics and Randomized Trials Network study (WHI-GARNET, 457 incident VTE events among 4,233 participants), (2) the WHI Memory Study (WHIMS, 180 incident VTE events among 5,637 participants), and (3) the WHI Long Life Study (WHI-LLS, 53 incident VTE events among 1,105 participants).	https://pmc.ncbi.nlm.nih.gov/articles/PMC6858581/	WHIMS genotyped participants (5,637) are one of the WHI GWAS sub-studies in this venous thromboembolism GWAS meta-analysis. The only Catalog study tagged WHI-MS (local candidates, PMID:41325697) lists cohorts only in its supplement. Catalog does not tag cohorts on GCST009097.
COHO:0000604	GWAS	FOUND	example added	GCST001650	PMID:22939635	Genome-wide association and population genetic analysis of C-reactive protein in African American and Hispanic American women.	We performed genome-wide association studies (GWASs) of 8,280 African American (AA) and 3,548 Hispanic American (HA) postmenopausal women from the Women's Health Initiative SNP Health Association Resource.	https://www.ebi.ac.uk/europepmc/webservices/rest/search?query=EXT_ID:22939635%20AND%20SRC:MED&resultType=core&format=json	Full name in the abstract; discovery GWAS in the WHI SHARe African American and Hispanic women, matching the definition. The only Catalog study tagged WHI-SHARe (local candidates, PMID:41325697) lists cohorts only in its supplement. Catalog does not tag cohorts on GCST001650.
COHO:0000023	MetaboLight	FOUND	example added	MTBLS2806	PMID:34490096	SNAP25 Inhibits Glioma Progression by Regulating Synapse Plasticity via GLS-Mediated Glutaminolysis.	Using RNA sequencing data from The Cancer Genome Atlas (TCGA) database, the differential synaptosis-related genes between LGG and GBM were identified as highly correlated.	https://www.ebi.ac.uk/metabolights/ws/studies/public/study/MTBLS2806	Full name, no ambiguity; TCGA glioma RNA-seq data were analysed (paper PMC8416623: 693 gliomas with RNA-seq from TCGA). The record gives DOI 10.3389/fonc.2021.698835 = PMID:34490096, whose data statement names MTBLS2806. Other MetaboLights studies that analysed TCGA data, none with a PMID in its record: MTBLS11996, MTBLS15414, MTBLS8002, MTBLS13095, MTBLS15324.
COHO:0000025	MetaboLight	NOT FOUND	removed from subset						"EBI Search metabolights: ""Cancer Prostate in Sweden"" 0 hits; CAPS AND prostate 0. full-text scan of all 3,442 public MetaboLights studies (EB-eye dump of 2026-09-23 plus the 6 newer records): name 0; bare CAPS appears only as the CAPS buffer (e.g. MTBLS630, MTBLS751) or cryopyrin-associated periodic syndrome (MTBLS7872). Europe PMC ""Cancer Prostate in Sweden"" AND (MetaboLights OR MTBLS*) 0. MetaboLight membership looks mistaken (acronym clash)."
COHO:0000036	MetaboLight	NOT FOUND	removed from subset						"EBI Search metabolights: ""Chicago Asthma Genetics"" 0; asthma AND Chicago 0. full-text scan of all 3,442 public MetaboLights studies (EB-eye dump of 2026-09-23 plus the 6 newer records): name 0; bare CAG appears only as CAG-Cre mice, CAG repeats, chronic atrophic gastritis (MTBLS340) or gut-bacteria CAG bins. Europe PMC ""Chicago Asthma Genetics"" AND (MetaboLights OR MTBLS*) 0. MetaboLight membership looks mistaken (acronym clash)."
COHO:0000038	MetaboLight	NOT FOUND	removed from subset						"EBI Search metabolights: ""Cholesterol and Atherosclerosis Pharmacogenetics"" 0; ""Cholesterol and Pharmacogenetics"" 0; CAP AND simvastatin 0; simvastatin AND pharmacogenetics 2 (bacterial drug studies MTBLS12697, MTBLS1264, unrelated). full-text scan of all 3,442 public MetaboLights studies (EB-eye dump of 2026-09-23 plus the 6 newer records): neither name; bare CAP appears only as capsaicin, concentrated ambient particles, community-acquired pneumonia (MTBLS354) or the CAP-CTM HBV assay. Europe PMC for either name AND (MetaboLights OR MTBLS*) 0. MetaboLight membership looks mistaken (acronym clash)."
COHO:0000046	MetaboLight	NOT FOUND	removed from subset						"EBI Search metabolights: ""Copenhagen Hospital Biobank"" 0; CHB AND Copenhagen 0; Copenhagen AND biobank 0; Rigshospitalet 0. full-text scan of all 3,442 public MetaboLights studies (EB-eye dump of 2026-09-23 plus the 6 newer records): name 0; bare CHB appears only as chronic hepatitis B (MTBLS10401, MTBLS13946, MTBLS14248). Europe PMC ""Copenhagen Hospital Biobank"" AND (MetaboLights OR MTBLS*) 0. MetaboLight membership looks mistaken (acronym clash)."
COHO:0000066	MetaboLight	FOUND	example added	MTBLS833	PMID:36357675	Rare and common genetic determinants of metabolic individuality and their effects on human health.	Rare and common genetic determinants of metabolic individuality and their effects on human health (EPIC-Norfolk study assays)	https://www.ebi.ac.uk/metabolights/ws/studies/public/study/MTBLS833	Full name. The record's sample-collection protocol describes EPIC-Norfolk (nested in EPIC, recruited in Norfolk, UK, 1994-1997) and says the deposited measures are EPIC-Norfolk samples (consignment N=5,994), so this is the cohort. The paper (PMC9671801) lists MTBLS833 in its data statement.
COHO:0000099	MetaboLight	NOT FOUND	removed from subset						"EBI Search metabolights: ""Indiana Sisters Study"" 0; Indiana AND sisters 0. full-text scan of all 3,442 public MetaboLights studies (EB-eye dump of 2026-09-23 plus the 6 newer records): name 0; bare ISS appears only as the myeloma International Staging System (MTBLS676). Europe PMC ""Indiana Sisters Study"" AND (MetaboLights OR MTBLS*) 0. MetaboLight membership looks mistaken (acronym clash)."
COHO:0000107	MetaboLight	FOUND	example added	MTBLS974	PMID:31431621	A metabolic profile of all-cause mortality risk identified in an observational study of 44,168 individuals.	The current dataset Leiden Longevity Study Sibs consists of 965 nonagenarian siblings	https://www.ebi.ac.uk/metabolights/ws/studies/public/study/MTBLS974	Full name. The record describes families with at least 2 long-lived siblings (men 89+, women 91+), so this is the cohort. The record lists this paper under a draft title without a PMID; its full text (PMC6702196) says the LLS NMR data are deposited as MTBLS974. The record's other PMIDs are the cohort design papers and a tool paper (KIMBLE).
COHO:0000144	MetaboLight	FOUND	example added	MTBLS90	PMID:25502724	Large-scale metabolomic profiling identifies novel biomarkers for incident coronary heart disease.	Large-scale non-targeted serum metabolomics in the Prospective Investigation of the Vasculature in Uppsala Seniors	https://www.ebi.ac.uk/metabolights/ws/studies/public/study/MTBLS90	Full name. Serum metabolomics of 968 PIVUS participants aged 70 in Uppsala. The paper (PMC4263376) lists MTBLS90, MTBLS93 and MTBLS124.
COHO:0000160	MetaboLight	FOUND	example added	MTBLS93	PMID:25502724	Large-scale metabolomic profiling identifies novel biomarkers for incident coronary heart disease.	Large-scale non-targeted serum metabolomics in the Swedish Twin Registry	https://www.ebi.ac.uk/metabolights/ws/studies/public/study/MTBLS93	"Full name. The samples are from TwinGene, which the record calls ""a longitudinal study nested within the Swedish Twin Register"", so these are registry twins. The same study is the TwinGene example (MetaboLight-22)."
COHO:0000164	MetaboLight	FOUND	example added	MTBLS616	PMID:29925420	Hepatic steatosis risk is partly driven by increased de novo lipogenesis following carbohydrate consumption.	We conducted direct infusion mass spectrometry of lipids in plasma to study the association between specific triacylglycerols (TAGs) and hepatic steatosis assessed by ultrasound and fatty liver index in volunteers from the UK-based Fenland Study (n=1507)	https://www.ebi.ac.uk/metabolights/ws/studies/public/study/MTBLS616	Full name, UK-based, so this is the cohort. MTBLS616 is the human plasma assay; MTBLS614 is the same paper's mouse assay. The record lists the paper without a PMID; its data statement (PMC6009819) lists MTBLS614 and MTBLS616.
COHO:0000169	MetaboLight	FOUND	example added	MTBLS4461	PMID:30887811	An Unbiased Lipid Phenotyping Approach To Study the Genetic Determinants of Lipids and Their Association with Coronary Heart Disease Risk Factors.	Intact lipid profiling by DIHRMS was performed on 5662 serum samples from healthy participants in the Pakistan Risk of Myocardial Infarction Study (PROMIS).	https://www.ebi.ac.uk/metabolights/ws/studies/public/study/MTBLS4461	Full name. The protocol describes a case-control study of first MI at 9 centres in urban Pakistan, so this is the cohort. It is not the unrelated PROMIS protein-metabolite method (MTBLS94, MTBLS9098).
COHO:0000176	MetaboLight	FOUND	example added	MTBLS284	PMID:33574263	Rare genetic variants affecting urine metabolite levels link population variation to inborn errors of metabolism.	Use of whole-exome sequencing data in the UK Biobank allowed for linking genes to diseases that could plausibly be explained by the identified metabolites.	https://www.ebi.ac.uk/metabolights/ws/studies/public/study/MTBLS284	Full name, no ambiguity. The paper (PMC7878905) ran gene-based tests in the UK Biobank WES dataset (application 28807) on 791 outcomes; the deposited metabolomics are GCKD urine. Alternative: MTBLS12201, whose record says 412,234 UK Biobank participants were analysed. Its paper is PMID:40239706 (cites MTBLS12201), but the record does not list it. MTBLS14404 only compares with UK Biobank.
COHO:0000183	MetaboLight	NOT FOUND	removed from subset						"EBI Search metabolights: Basquecolon 0; BCC AND colorectal 0; Basque 1937 (fuzzy-match noise: the word is in none of the public study records). full-text scan of all 3,442 public MetaboLights studies (EB-eye dump of 2026-09-23 plus the 6 newer records): Basque 0; bare BCC appears only as basal cell carcinoma (MTBLS12786). Europe PMC (Basquecolon OR ""Basque-colon"" OR ""Basque colon"") AND (MetaboLights OR MTBLS*) 0; without the MetaboLights terms, 1 hit (the current example, PMID:37783704). MetaboLight membership looks mistaken (acronym clash)."
COHO:0000184	MetaboLight	FOUND	example added	MTBLS834	PMID:36357675	Rare and common genetic determinants of metabolic individuality and their effects on human health.	Rare and common genetic determinants of metabolic individuality and their effects on human health (INTERVAL study assays)	https://www.ebi.ac.uk/metabolights/ws/studies/public/study/MTBLS834	The record's protocol describes INTERVAL as a randomised trial of blood-donation intervals at 25 NHSBT centres in England, so this is the cohort. The record gives DOI 10.1038/s41591-022-02046-0 = PMID:36357675, whose data statement (PMC9671801) lists MTBLS834.
COHO:0000187	MetaboLight	NOT FOUND	removed from subset						"EBI Search metabolights: ""China Atherosclerosis Study"" 0; atherosclerosis AND Han AND coronary 0. full-text scan of all 3,442 public MetaboLights studies (EB-eye dump of 2026-09-23 plus the 6 newer records): name 0; bare CAS appears in 39 studies, only as CAS registry numbers or carotid artery atherosclerosis (MTBLS13908). Europe PMC ""China Atherosclerosis Study"" AND (MetaboLights OR MTBLS*) 0 (the name occurs in only 3 papers, all genetic). MetaboLight membership looks mistaken (acronym clash)."
COHO:0000188	MetaboLight	FOUND	example added	MTBLS620	PMID:30006587	Dynamics of Plasma Lipidome in Progression to Islet Autoimmunity and Type 1 Diabetes - Type 1 Diabetes Prediction and Prevention Study (DIPP).	The plasma samples for lipidome anlaysis have been obtained from the Finnish Type 1 Diabetes Prevention and Prediction Study (DIPP).	https://www.ebi.ac.uk/metabolights/ws/studies/public/study/MTBLS620	"Full name and acronym, Finnish; the protocol describes HLA screening of newborns in Turku, Tampere and Oulu, so this is the cohort. Quote keeps the record's spelling ""anlaysis"". MTBLS802, MTBLS729 and MTBLS1015 also use DIPP samples."
COHO:0000189	MetaboLight	FOUND	example added	MTBLS540	PMID:28937204	J-Resolved 1H NMR 1D-Projections for Large-Scale Metabolic Phenotyping Studies: Application to Blood Plasma Analysis.	using 705 human plasma samples from the FGENTCARD cohort	https://www.ebi.ac.uk/metabolights/ws/studies/public/study/MTBLS540	Unique acronym. The protocol describes FGENTCARD patients catheterised at 2 university hospitals in Lebanon, so this is the cohort. The record says 2006-2009, not the 2007-2010 in the COHO definition.
COHO:0000190	MetaboLight	FOUND	example added	MTBLS798	PMID:30817158	A Novel Metabolic Signature To Predict the Requirement of Dialysis or Renal Transplantation in Patients with Chronic Kidney Disease.	Our study cohort comprised 4640 participants from the German Chronic Kidney Disease (GCKD) study	https://www.ebi.ac.uk/metabolights/ws/studies/public/study/MTBLS798	Full name. MTBLS284 (PMID:33574263) also used GCKD urine samples.
COHO:0000191	MetaboLight	NOT FOUND	removed from subset						"EBI Search metabolights: ""German Longevity Study"" 0; longevity AND German 0; centenarians 0; longevity 14 (the only human cohort is the Leiden Longevity Study, MTBLS974). full-text scan of all 3,442 public MetaboLights studies (EB-eye dump of 2026-09-23 plus the 6 newer records): name 0; bare GLS appears only as glutaminase (e.g. MTBLS2806, MTBLS9415) or a GLS 80 glass bottle. Europe PMC ""German Longevity Study"" AND (MetaboLights OR MTBLS*) 0. MetaboLight membership looks mistaken (acronym clash)."
COHO:0000192	MetaboLight	NOT FOUND	removed from subset						"EBI Search metabolights: ""Global Registry of Acute Coronary Events"" 1 hit, MTBLS395 (AMI-Florence II cohort), which only uses the GRACE risk score as a comparator, not registry participants or data; GRACE AND coronary 1 (MTBLS310, unrelated red-wine trial). full-text scan of all 3,442 public MetaboLights studies (EB-eye dump of 2026-09-23 plus the 6 newer records): GRACE_Genetics 0; the full name is only in MTBLS395. Europe PMC ""Global Registry of Acute Coronary Events"" AND (MetaboLights OR MTBLS*) 3 (PMID:30616610, 31899863, 41406945), all using only the GRACE score. MetaboLight membership looks mistaken, possibly from the score mention in MTBLS395."
COHO:0000193	MetaboLight	FOUND	example added	MTBLS93	PMID:25502724	Large-scale metabolomic profiling identifies novel biomarkers for incident coronary heart disease.	Metabolomics was performed in a subsample of TwinGene.	https://www.ebi.ac.uk/metabolights/ws/studies/public/study/MTBLS93	The record describes TwinGene as twins born 1911-1958, examined 2004-2008, nested within the Swedish Twin Register, so this is the cohort. The paper (PMC4263376) replicates in TwinGene and lists MTBLS93.
COHO:0000194	MetaboLight	FOUND	example added	MTBLS124	PMID:25502724	Large-scale metabolomic profiling identifies novel biomarkers for incident coronary heart disease.	Large-scale non-targeted plasma metabolomics in the Uppsala Longitudinal Study of Adult Men	https://www.ebi.ac.uk/metabolights/ws/studies/public/study/MTBLS124	Full name. The record describes men born 1920-1924 in Uppsala, invited at age 50 from 1970, so this is the cohort. The paper (PMC4263376) lists MTBLS124.
COHO:0000016	PRIDE	FOUND	example added	PXD037682	PMID:36462503	Functional proteomic profiling links deficient DNA clearance with increased mortality in individuals with severe COVID-19 pneumonia.	Plasmas of healthy donors with and without inflammation signatures were selected from participants in the Avon Longitudinal Study of Parents and Children (ALSPAC)	https://www.ebi.ac.uk/europepmc/webservices/rest/PMC9671605/fullTextXML	Full name in the paper (50 ALSPAC plasma samples measured by MS); PRIDE title 'ALSPAC human inflammation plasma proteomics', keyword gives the full name, and the paper's resource table lists PXD037682. Only ALSPAC hit in PRIDE (full name and ALSPAC: 1 hit each on both searches).
COHO:0000023	PRIDE	FOUND	example added	PXD010437	PMID:32534439	Orthogonal Proteomic Platforms and Their Implications for the Stable Classification of High-Grade Serous Ovarian Cancer Subtypes.	The tumor specimens were obtained through The Cancer Genome Atlas (TCGA) Biospecimen Core Resource, and they were previously genomically characterized (Cancer Genome Atlas Research Network, Nature 2011).	https://www.ebi.ac.uk/pride/ws/archive/v2/projects/PXD010437	SWATH-MS of 103 TCGA high-grade serous ovarian tumours (CPTAC); the paper says it analysed 'the original retrospective TCGA samples' and cites PXD010437. The other 21 full-name hits mostly consult TCGA expression data; this one measured TCGA specimens.
COHO:0000036	PRIDE	NOT FOUND	removed from subset						"EBI Search pride / PRIDE archive search hits: ""Chicago Asthma Genetics"" 0/0; ""Chicago Asthma"" 0/0; asthma AND chicago 0 (EBI); ""University of Chicago"" 47 archive hits, none on asthma; CAG 73/298, none with asthma or Chicago context (e.g. CAG repeats). PRIDE membership looks mistaken (likely the acronym CAG)."
COHO:0000044	PRIDE	NOT FOUND	removed from subset						"EBI Search pride / PRIDE archive search hits: full name 0/0; ""Minority Population"" 0/0; COMPASS 193/207, none with stroke, minority-population or GWAS context (e.g. the COMPASS methyltransferase complex, Bruker Compass software). A GWAS meta-analysis consortium; PRIDE membership looks mistaken (acronym match)."
COHO:0000045	PRIDE	FOUND	example added	PXD020261	PMID:33253581	Multiplatform Approach for Plasma Proteomics: Complementarity of Olink Proximity Extension Assay Technology to Mass Spectrometry-Based Protein Profiling.	Kora: cooperative health research in the region of augsburg	https://www.ebi.ac.uk/pride/ws/archive/v2/projects/PXD020261	Quote is the record's keyword; its description says '173 human plasma samples from a southern Germany population-cohort'. The paper's bioRxiv preprint (10.1101/2020.08.04.236356, full text; published version not open access) says 'using 173 blood plasma samples from the population-based KORA (Cooperative Health Research in the Region of Augsburg) study' (KORA F4). Only KORA hit in PRIDE.
COHO:0000075	PRIDE	NOT FOUND	removed from subset						"EBI Search pride / PRIDE archive search hits: ""GENE SISters"" 0/0; ""GENESIS study"" 0/0; GENESIS 86/87, none with breast-cancer, sister, BRCA or French context beyond the word genesis (e.g. ""BC genesis""); sisters with breast context 0. PRIDE membership looks mistaken (common word)."
COHO:0000107	PRIDE	FOUND	example added	PXD057946	PMID:40926231	Extreme MetaboHealth scores in three cohort studies associate with plasma protein markers for inflammation and cholesterol transport.	test for association with plasma proteins by comparing extreme scoring individuals selected from two large population cohorts -the Leiden Longevity Study (LLS) and the Rotterdam Study (RS) and discordant monozygotic twin pairs from the Netherlands Twin Register (NTR).	https://www.ebi.ac.uk/pride/ws/archive/v2/projects/PXD057946	Plasma of 50 LLS participants (LLS Partners-Offspring, per the paper) measured by LC-MS; paper cites PXD057946. Alternative: PXD063190 (PMID:40442464), mESC proteomics of variants found in LLS long-lived families' WGS.
COHO:0000146	PRIDE	NOT FOUND	removed from subset						"EBI Search pride / PRIDE archive search hits: ""Psychiatric GWAS Consortium"" 0/0; ""Psychiatric Genomics Consortium"" 0/0; PGC 55/85, none psychiatric (e.g. PGC-1alpha, ""post-gluten challenge""); 80 schizophrenia projects in the archive, none naming PGC. PRIDE membership looks mistaken (acronym PGC)."
COHO:0000148	PRIDE	FOUND	example added	PXD057946	PMID:40926231	Extreme MetaboHealth scores in three cohort studies associate with plasma protein markers for inflammation and cholesterol transport.	Using a Luminex cytokine assay and liquid chromatography-mass spectrometry-based proteomics we explored the plasma proteins associating with the difference in 100 extreme scoring individuals selected from two large population cohorts, the Leiden Longevity Study (LLS) and the Rotterdam Study (RS), and discordant monozygotic twin pairs from the Netherlands Twin Register (NTR).	https://www.ebi.ac.uk/europepmc/webservices/rest/PMC12418662/fullTextXML	Plasma of 50 Rotterdam Study participants measured by LC-MS; the paper says it used 'the first measurements (RS-I)' (COHO:0000544 Rotterdam Study I), cites the Rotterdam Study design paper and deposits PXD057946. Only Rotterdam Study hit in PRIDE.
COHO:0000176	PRIDE	FOUND	example added	PXD065892	PMID:40671462	Diagnostics of Autoimmune Hepatitis Enabled by Non-Invasive Clinical Proteomics.	Findings were validated using data from the United Kingdom Biobank (UKB).	https://www.ebi.ac.uk/europepmc/webservices/rest/PMC12517118/fullTextXML	UKB Olink plasma data (AIH cases vs controls) analysed for validation, under 'UKB Resource under Application Number 61785'; the PRIDE data are the discovery cohort's MS runs, not UKB samples. No PRIDE project measured UKB samples ('UK Biobank' 3/4 hits: PXD083842 also validates in UKB data, PXD078736 analyses UKB data but has no paper yet, PXD047515 uses UKB GWAS summary statistics).
COHO:0000185	PRIDE	NOT FOUND	removed from subset						"EBI Search pride / PRIDE archive search hits: ""China, Oxford and Virginia Commonwealth University"" 0 (EBI); ""Experimental Research on Genetic Epidemiology"" 0/0; CONVERGE 50/289, none about depression in Han Chinese women (e.g. the verb converge, ""Department of Convergence Medicine"", Seoul). PRIDE membership looks mistaken (common word)."
COHO:0000186	PRIDE	NOT FOUND	removed from subset						"EBI Search pride / PRIDE archive search hits: ""Gene-Environmental Interaction and phenotype"" 0/0; GENIE 23/29, none this cohort (Disruptor/Vortex Genie lab equipment, AACR Project GENIE, the GENIE diabetic-nephropathy consortium); Gangnam 3/1 (Gangnam Severance Hospital, unrelated); ""health check-up"" 0/0. PRIDE membership looks mistaken (acronym GENIE)."
COHO:0000195	PRIDE	FOUND	example added	PXD016039	PMID:31707363	Age-associated changes in human CD4 + T cells point to mitochondrial dysfunction consequent to impaired autophagy.	we examined CD4+ T cells obtained from younger (20-39 years-old) and older (70+ years-old) healthy participants of the Baltimore Longitudinal Study on Aging (BLSA).	https://www.ebi.ac.uk/pride/ws/archive/v2/projects/PXD016039	Older donors' apheresis samples came from BLSA (NIA). The PRIDE record lists no paper, but the paper of the same title deposits PXD016039. Also PXD005321 names BLSA (AD brain insoluble proteome), not checked further.
COHO:0000196	PRIDE	NOT FOUND	removed from subset						"EBI Search pride / PRIDE archive search hits: ""Motor Neuron Disease Biobank"" 0/0; ""MND Biobank"" 0/0; ""MND Association"" 0/0; ""Motor Neurone Disease Association"" 0/0; MNDA 3/3, all the MNDA protein (myeloid nuclear differentiation antigen); ""DNA bank"" 1 archive hit (Spanish National DNA Bank); ALS lymphoblastoid-line projects use Coriell lines. PRIDE membership looks mistaken (MNDA protein name)."
COHO:0000197	PRIDE	NOT FOUND	removed from subset						"EBI Search pride / PRIDE archive search hits: ""Diabetic Cohort"" 1/1 (PXD022915, Portuguese gastric-cancer patients, generic phrase); ""Singapore Diabetes Cohort"" 0 (archive); SDCS 0 (archive); Singapore projects on diabetes (PXD012667 Tan Tock Seng Hospital cardiology patients, PXD036033 vitreous, PXD046714 cell line) are not this cohort. PRIDE membership looks mistaken (generic name/acronym DC)."
COHO:0000198	PRIDE	FOUND	example added	PXD039023	PMID:36658456	The Impact of Acute Nutritional Interventions on the Plasma Proteome.	The Ely study comprises individuals of European ancestry aged 50–79 years, registered at a single medical practice in Ely, Cambridgeshire, UK and evaluated in three phases. All participants of the Ely study gave their written informed consent and the study was approved by the local ethics committee. Two hundred participants from Ely phase 3 with complete fasting and OGTT sample availability were selected for measurement (105 women / 95 men).	https://www.ebi.ac.uk/pride/ws/archive/v2/projects/PXD039023	PRIDE title 'Ely study plasma proteomics analysis'; the description calls it a prospective study of type 2 diabetes aetiology established in 1990 in Ely, Cambridgeshire (matches definition; ages are at phase 3). The paper deposits PXD039023.
COHO:0000199	PRIDE	NOT FOUND	removed from subset						"EBI Search pride / PRIDE archive search hits: ""Genetic Asthma Susceptibility to Indoor Pollution"" 0/0; GASP 15/66, none asthma (e.g. GASP gel-aided sample preparation); the 59 asthma projects in the archive mention neither Peru nor Lima. PRIDE membership looks mistaken (acronym GASP)."
COHO:0000200	PRIDE	FOUND	example added	PXD060089		Proteomic Analysis of Skin Punch Biopsies from a Parkinson's Disease Patient Cohort: A PPMI Pilot Study	The biospecimens were obtained from the Parkinson’s Progression Marker Initiative (PPMI) (RRID:SCR_006431).	https://www.ebi.ac.uk/pride/ws/archive/v2/projects/PXD060089	Skin punch biopsies from PD patients, pilot study with the Michael J. Fox Foundation; the record points to ppmi-info.org. No paper (protocols.io reference only), so the title is the project's own. PXD057308's paper (PMID:41611872) used PPMI urine, but that PRIDE project holds only rat data.
COHO:0000201	PRIDE	NOT FOUND	removed from subset						"EBI Search pride / PRIDE archive search hits: ""Psychosis Endophenotype Consortium"" 0/0; ""Psychosis Endophenotype"" 0/0; PEC 16/251, none psychosis-related except a lab name (""+Pec Proteomics Research Group"", Lleida). PRIDE membership looks mistaken (acronym PEC)."
COHO:0000202	PRIDE	FOUND	example added	PXD006367	PMID:28481548	Cross-Sectional Association of Salivary Proteins with Age, Sex, Body Mass Index, Smoking, and Education.	Subjects were randomly selected from the population-based Study of Health in Pomerania (SHIP-Trend).	https://www.ebi.ac.uk/pride/ws/archive/v2/projects/PXD006367	Saliva of 187 SHIP-TREND participants; the same sentence is in the paper's abstract. SHIP-TREND is a member of this aggregation and has its own term (COHO:0000410). Only SHIP hit in PRIDE.
COHO:0000203	PRIDE	FOUND	example added	PXD052861	PMID:40263456	Extensive modulation of the circulating blood proteome by hormonal contraceptive use across two population studies.	Using Scanning SWATH acquisition on Triple TOF 6600 instruments (Sciex) we created a MS-based plasma proteomics data set with low technical variability for n = 3,632 CHRIS participants.	https://www.ebi.ac.uk/pride/ws/archive/v2/projects/PXD052861	Record title names 'Cooperative Health Research in South Tyrol (CHRIS) Study'. PXD052861 holds the pooled CHRIS study samples; individual data could not be deposited (GDPR). PXD052892 (QC samples) is the paper's other PRIDE project.
COHO:0000204	PRIDE	NOT FOUND	removed from subset						"EBI Search pride / PRIDE archive search hits: ""Health Effects of Arsenic Longitudinal Study"" 0/0; Araihazar 0/0; HEALS 2/2 (the EU HEALS project on phthalates and metals, and the verb heals); arsenic with Bangladesh context 1 archive hit (rohu fish plasma). PRIDE membership looks mistaken (acronym HEALS)."
