ID	label	current type	proposed type	applied	reason
COHO:0000006	Africa Wits-INDEPTH partnership for Genomics studies	cohort aggregation	cohort	yes	The profile defines AWI-Gen as a longitudinal participant cohort spanning six sites.
COHO:0000008	Asian Cancer Project	cohort aggregation	cohort	yes	The cited table identifies one Thai case-control collection. ACP here is not the Old Order Amish cohort; recruitment dates and finer location are not supplied.
COHO:0000012	Atopic Dermatitis Research Network	cohort	cohort aggregation	yes	The label denotes the research network and its multiple clinical studies; the ADRN registry is one component.
COHO:0000017	Berlin-Frankfurt-Münster trials	cohort	cohort aggregation	yes	The plural label denotes a sequence of trials, rather than one trial cohort; the cited report covers 1981–2000.
COHO:0000023	Cancer Genome Atlas	cohort	cohort aggregation	yes	The label denotes the cross-cancer genomic programme rather than one tumour-type cohort.
COHO:0000026	Candesartan in Heart failure Assessment of Reduction in Mortality and morbidity	temporary unclassified	cohort aggregation	yes	The named CHARM programme combines three distinct trial cohorts.
COHO:0000027	Cardio-metabolic Genome Epidemiology Study	temporary unclassified	cohort	yes	The source identifies CAGE as a Japanese case-control contributor; recruitment dates and finer population details are not supplied in the retrieved passage.
COHO:0000029	CARDIoGRAMplusC4D	cohort	cohort aggregation	yes	
COHO:0000032	Center for Autism Research and Treatment	cohort	not a cohort	"no: no class for ""not a cohort""; term left as is"	The label denotes a university centre; people recruited through the centre are a separate participant collection.
COHO:0000033	Center on Antisocial Drug Dependence	cohort	not a cohort	"no: no class for ""not a cohort""; term left as is"	The label denotes the research centre; its family, twin and adoption samples are distinct participant collections.
COHO:0000034	Centre dEtude du Polymorphisme Humain	cohort	not a cohort	"no: no class for ""not a cohort""; term left as is"	The label denotes the Jean Dausset–CEPH foundation; CEPH reference families are a distinct collection and require their own cohort label.
COHO:0000035	Centre National de Génotypage	cohort	not a cohort	no: obsoleted 2026-09-22 instead; no cohort stands behind the label (its only database hit was a text match the human EGA review struck)	The label denotes a genotyping research institution, not a participant collection; source is its description in a European Commission conference report.
COHO:0000040	COIN	temporary unclassified	cohort	yes	The cited analysis describes the continuous-versus-intermittent comparison; recruitment geography is not specified in the retrieved passage.
COHO:0000041	COIN-B	temporary unclassified	cohort	yes	The primary trial report uses COIN-B without an expanded name.
COHO:0000043	Consortium for the Longitudinal Evaluation of African Americans with Early Rheumatoid Arthritis	cohort	cohort aggregation	yes	The source distinguishes CLEAR I and CLEAR II as separate cohorts; the umbrella label encompasses both.
COHO:0000044	Consortium of Minority Population Genome-Wide Association Studies of Stroke	cohort	cohort aggregation	yes	
COHO:0000045	Cooperative Health Research in the Region of Augsburg	cohort	cohort aggregation	yes	KORA is described as a research platform containing multiple MONICA/KORA cohorts and a registry.
COHO:0000053	Diabetes Research on Patient Stratification	temporary unclassified	cohort aggregation	yes	DIRECT includes two distinct prospective cohorts within a wider biomarker consortium.
COHO:0000056	DUNDEE	temporary unclassified	not a cohort	"no: no class for ""not a cohort""; term left as is"	DUNDEE is a city label. The linked EGA description names Dundee as a sample-collection site for Scottish ovarian-cancer cases, not an independently identified cohort.
COHO:0000058	Dutch and Belgian Lung Cancer Screening Trial	temporary unclassified	cohort	yes	
COHO:0000059	Dutch Microbiome Project	temporary unclassified	cohort	yes	Source is the cohort data-deposition record.
COHO:0000060	Edinburgh Stroke Study	temporary unclassified	cohort	yes	
COHO:0000061	ENGAGE AF-TIMI 48	temporary unclassified	cohort	yes	
COHO:0000062	EPIGEN	temporary unclassified	cohort aggregation	yes	The source uses EPIGEN as a project name without giving a spelled-out expansion; cities are omitted because the retrieved abstract supplies regions only.
COHO:0000063	Erasmus Rucphen Family Study	temporary unclassified	cohort	yes	
COHO:0000067	EuroTARGET project	cohort	cohort aggregation	yes	The named project combines new recruitment with existing study collections.
COHO:0000070	Finnish Twin Cohort Study	cohort	cohort aggregation	yes	The overview treats the Finnish Twin Cohort Study as an umbrella for three separately recruited twin cohorts.
COHO:0000071	FINRISK	cohort	cohort aggregation	yes	The profile describes independent survey cohorts under the National FINRISK Study name; no acronym expansion is supplied.
COHO:0000072	Flemish Gut Flora Project	temporary unclassified	cohort	yes	
COHO:0000074	GCAT Genomes for Life	temporary unclassified	cohort	yes	
COHO:0000075	GENESIS	temporary unclassified	cohort	yes	
COHO:0000076	Genetic Analysis of Multiple Sclerosis	temporary unclassified	cohort	yes	Defined as the participant collection represented by the EGA record. Its linked location-template quote concerns asthma and cannot establish this collection's location.
COHO:0000077	Genetic Consortium for Anorexia Nervosa	cohort	cohort aggregation	yes	The deposition describes the consortium and assembled samples but not contributing recruitment countries.
COHO:0000081	Genetic Research in Isolated	cohort	cohort aggregation	yes	The label is truncated; the official programme name is Genetic Research in Isolated Populations. The source describes multiple disease investigations.
COHO:0000085	German Multiple Myeloma Study Group	cohort	cohort aggregation	yes	The official name is German-Speaking Myeloma Multicenter Group; the ontology label is a variant.
COHO:0000088	Greece Hellenic Isolated Cohorts	cohort	cohort aggregation	yes	The source explicitly identifies two constituent cohorts.
COHO:0000100	INfancia y Medio Ambiente Project	cohort	cohort aggregation	yes	The official design distinguishes seven contributing regional cohorts.
COHO:0000101	International Cancer Genome Consortium-Chronic Lymphocytic Leukemia	cohort aggregation	cohort	yes	The disease-specific EGA project describes a tumour collection; recruitment country is absent.
COHO:0000116	Molecular Genetics of Schizophrenia Collaboration	cohort	cohort aggregation	yes	The source describes three contributing case collections rather than one recruitment cohort.
COHO:0000117	MOnica Risk, Genetics, Archiving and Monograph	cohort	cohort aggregation	yes	The source describes pooled follow-up of multiple cohorts.
COHO:0000118	Monitoring of Trends and Determinants in Cardiovascular Disease	cohort	cohort aggregation	yes	WHO MONICA compares defined communities across multiple participating centres.
COHO:0000120	Multicenter Family Study	cohort	cohort aggregation	yes	The cited paper identifies the combined family resource through the reference supplied by the verified example study.
COHO:0000123	National Health Service Blood and Transplant	cohort	not a cohort	"no: no class for ""not a cohort""; term left as is"	The label denotes an NHS organisation; the example study uses its blood donors, who form a separate cohort.
COHO:0000127	NIDDK	cohort	not a cohort	no: kept as a cohort; the GWAS Catalog tag NIDDK denotes the NIDDK-sponsored Gastroparesis Clinical Research Consortium sample (GCST90295922), which the term now defines	The acronym denotes a research institute; no particular participant collection is identified by the input record.
COHO:0000134	Ovarian Cancer Association Consortium	cohort	cohort aggregation	yes	Official collaborating consortium page; recruitment countries are not specified.
COHO:0000137	PanCareLIFE	cohort	cohort aggregation	yes	The design paper uses PanCareLIFE as a project name without an acronym expansion.
COHO:0000165	The Helmholtz-Gemeinschaft Deutscher Forschungszentren	cohort	not a cohort	"no: no class for ""not a cohort""; term left as is"	The label denotes the Helmholtz Association of German Research Centres; a lung-cancer dataset attributed to it is a different entity.
COHO:0000174	Type 1 Diabetes Genetics Consortium	cohort	cohort aggregation	yes	The consortium coordinates regional networks and distinct affected-sibling, trio and case-control collections.
COHO:0000175	UK Adult Twin Register	cohort aggregation	cohort	yes	TwinsUK is a participant registry with longitudinal follow-up.
COHO:0000177	UK Brain Expression Consortium	cohort	cohort aggregation	yes	The official methods combine material from two independent brain banks.
COHO:0000189	Functional genomic diagnostic tools for coronary artery disease	temporary unclassified	cohort	yes	Defined as the FGENTCARD participant collection described by the verified example, rather than the coordinating consortium.
COHO:0000192	Global Registry of Acute Coronary Events	cohort aggregation	cohort	yes	GRACE is a prospectively enrolled patient registry; multicountry participation does not by itself make it a cohort aggregation.
COHO:0000194	Uppsala Longitudinal Study of Adult Men	cohort aggregation	cohort	yes	The source describes a single longitudinal participant cohort.
COHO:0000195	Baltimore Longitudinal Study of Ageing	cohort aggregation	cohort	yes	The label denotes a longitudinal participant cohort.
COHO:0000196	Motor Neuron Disease Biobank study	cohort aggregation	cohort	yes	The verified example identifies the UK National DNA Bank for Motor Neuron Disease Research; it denotes a participant/sample collection.
COHO:0000200	Parkinson's Progression Markers Initiative	cohort aggregation	cohort	yes	Defined as the unified observational participant collection, including diagnostic comparison groups.
COHO:0000202	Study of Health in Pomerania	cohort	cohort aggregation	yes	The profile explicitly distinguishes the umbrella SHIP project from its original cohort, renamed SHIP-START.
COHO:0001899	International COPD Genetics Network	temporary unclassified	cohort aggregation	no: curated as a cohort	the review of 2026-09-24: “aggregated cohort as a consortium”. The sources describe ICGN as one family-based (pedigree) study of COPD probands and their siblings, funded by GlaxoSmithKline, not a consortium of separately recruited cohorts (PMC8777202: two family-based cohorts: the International COPD Genetics Network (ICGN) study and the Boston Early-Onset COPD study), so it is curated as a cohort.
COHO:0001663	Gastrointestinal Cancer Clinic of Dana-Farber Cancer Institute Study	temporary unclassified	cohort	yes	placeholder curated 2026-09-24 from a check of the placeholder names flagged as institutions or places against their sources, 2026-09-24
COHO:0001711	EUDRAGENE	temporary unclassified	cohort	yes	placeholder curated 2026-09-24 from a check of the placeholder names flagged as institutions or places against their sources, 2026-09-24
COHO:0001714	Ewha Womans University Hospital PCOS Study	temporary unclassified	cohort	yes	placeholder curated 2026-09-24 from a check of the placeholder names flagged as institutions or places against their sources, 2026-09-24
COHO:0001732	FIRE-3	temporary unclassified	cohort	yes	placeholder curated 2026-09-24 from a check of the placeholder names flagged as institutions or places against their sources, 2026-09-24
COHO:0001878	Hebrew University Genetic Resource	temporary unclassified	cohort	yes	placeholder curated 2026-09-24 from a check of the placeholder names flagged as institutions or places against their sources, 2026-09-24
COHO:0001895	IrsiCaixa Foundation Acute/Recent HIV-1 Infection Cohort	temporary unclassified	cohort	yes	placeholder curated 2026-09-24 from a check of the placeholder names flagged as institutions or places against their sources, 2026-09-24
COHO:0001903	Hospital Clínic Primary HIV-1 Infection Cohort	temporary unclassified	cohort	yes	placeholder curated 2026-09-24 from a check of the placeholder names flagged as institutions or places against their sources, 2026-09-24
COHO:0001906	Italian Cohort Naïve Antiretrovirals	temporary unclassified	cohort	yes	placeholder curated 2026-09-24 from a check of the placeholder names flagged as institutions or places against their sources, 2026-09-24
COHO:0001927	INTERPHONE study	temporary unclassified	cohort	yes	placeholder curated 2026-09-24 from a check of the placeholder names flagged as institutions or places against their sources, 2026-09-24
COHO:0001928	Istituto Oncologico Veneto Hereditary Breast and Ovarian Cancer Study	temporary unclassified	cohort	yes	placeholder curated 2026-09-24 from a check of the placeholder names flagged as institutions or places against their sources, 2026-09-24
COHO:0001929	Lymphoma Specialized Program of Research Excellence Molecular Epidemiology Resource Cohort Study	temporary unclassified	cohort	yes	placeholder curated 2026-09-24 from a check of the placeholder names flagged as institutions or places against their sources, 2026-09-24
COHO:0001932	Portuguese Oncology Institute-Porto Breast Cancer Study	temporary unclassified	cohort	yes	placeholder curated 2026-09-24 from a check of the placeholder names flagged as institutions or places against their sources, 2026-09-24
COHO:0001947	Johns Hopkins University School of Medicine Atrial Fibrillation Genetics Study	temporary unclassified	cohort	yes	placeholder curated 2026-09-24 from a check of the placeholder names flagged as institutions or places against their sources, 2026-09-24
COHO:0001952	Human genetic determinants of severe malaria in North East Tanzania	temporary unclassified	cohort	yes	placeholder curated 2026-09-24 from a check of the placeholder names flagged as institutions or places against their sources, 2026-09-24
COHO:0001960	Kathleen Cuningham Foundation Consortium for Research into Familial Breast Cancer / Australian Ovarian Cancer Study	temporary unclassified	cohort aggregation	yes	placeholder curated 2026-09-24 from a check of the placeholder names flagged as institutions or places against their sources, 2026-09-24
COHO:0001964	King Faisal Specialist Hospital and Research Center cohort	temporary unclassified	cohort	yes	placeholder curated 2026-09-24 from a check of the placeholder names flagged as institutions or places against their sources, 2026-09-24
COHO:0001969	Human genetic determinants of severe malaria in Kumasi, Ghana	temporary unclassified	cohort	yes	placeholder curated 2026-09-24 from a check of the placeholder names flagged as institutions or places against their sources, 2026-09-24
COHO:0001976	Korean Osteoporosis Study at Asan Medical Center	temporary unclassified	cohort	yes	placeholder curated 2026-09-24 from a check of the placeholder names flagged as institutions or places against their sources, 2026-09-24
COHO:0001995	Mayo-Perlegen Linked Efforts to Accelerate Parkinson's Solutions Collaboration	temporary unclassified	cohort	yes	placeholder curated 2026-09-24 from a check of the placeholder names flagged as institutions or places against their sources, 2026-09-24
COHO:0002008	Lung Institute of Western Australia Asthma Genetic Cohort	temporary unclassified	cohort	yes	placeholder curated 2026-09-24 from a check of the placeholder names flagged as institutions or places against their sources, 2026-09-24
COHO:0002026	MACBRCA	temporary unclassified	cohort	yes	placeholder curated 2026-09-24 from a check of the placeholder names flagged as institutions or places against their sources, 2026-09-24
COHO:0002036	Mayo lung cancer GWAS	temporary unclassified	cohort	yes	placeholder curated 2026-09-24 from a check of the placeholder names flagged as institutions or places against their sources, 2026-09-24
COHO:0002037	Mayo Clinic-MD Anderson-Memorial Sloan Kettering Pharmacogenomics Research Network Breast Cancer Aromatase Inhibitor Pharmacogenomics Study	temporary unclassified	cohort	yes	placeholder curated 2026-09-24 from a check of the placeholder names flagged as institutions or places against their sources, 2026-09-24
COHO:0002042	Mind Clinical Imaging Consortium	temporary unclassified	cohort	yes	placeholder curated 2026-09-24 from a check of the placeholder names flagged as institutions or places against their sources, 2026-09-24
COHO:0002050	Mayo Endometrial Cancer Study	temporary unclassified	cohort	yes	placeholder curated 2026-09-24 from a check of the placeholder names flagged as institutions or places against their sources, 2026-09-24
COHO:0002063	Massachusetts General Hospital Stroke Study	temporary unclassified	cohort aggregation	yes	placeholder curated 2026-09-24 from a check of the placeholder names flagged as institutions or places against their sources, 2026-09-24
COHO:0002072	Michigan, Mayo, AREDS, Pennsylvania Cohort Study	temporary unclassified	cohort	yes	placeholder curated 2026-09-24 from a check of the placeholder names flagged as institutions or places against their sources, 2026-09-24
COHO:0002073	Mayo Clinic Ovarian Cancer Case-Control Study	temporary unclassified	cohort	yes	placeholder curated 2026-09-24 from a check of the placeholder names flagged as institutions or places against their sources, 2026-09-24
COHO:0002124	National Cancer Institute-Surveillance, Epidemiology, and End Results Interdisciplinary Case-Control Study of Non-Hodgkin's Lymphoma	temporary unclassified	cohort	yes	placeholder curated 2026-09-24 from a check of the placeholder names flagged as institutions or places against their sources, 2026-09-24
COHO:0002131	National Eye Institute Glaucoma Human Genetics Collaboration	temporary unclassified	cohort	yes	placeholder curated 2026-09-24 from a check of the placeholder names flagged as institutions or places against their sources, 2026-09-24
COHO:0002132	National Eye Institute Glaucoma Human Genetics Collaboration Heritable Overall Operational Database	temporary unclassified	cohort aggregation	yes	placeholder curated 2026-09-24 from a check of the placeholder names flagged as institutions or places against their sources, 2026-09-24
COHO:0002171	Nomura Study	temporary unclassified	cohort	yes	placeholder curated 2026-09-24 from a check of the placeholder names flagged as institutions or places against their sources, 2026-09-24
COHO:0002190	National Taiwan University Hospital Diabetes Study	temporary unclassified	cohort	yes	placeholder curated 2026-09-24 from a check of the placeholder names flagged as institutions or places against their sources, 2026-09-24
COHO:0002214	Leiden University Medical Centre Breast Cancer Study	temporary unclassified	cohort	yes	placeholder curated 2026-09-24 from a check of the placeholder names flagged as institutions or places against their sources, 2026-09-24
COHO:0002235	Predictive Values of Blood Pressure and Arterial Stiffness in Institutionalized Very Aged Population Study	temporary unclassified	cohort	yes	placeholder curated 2026-09-24 from a check of the placeholder names flagged as institutions or places against their sources, 2026-09-24
COHO:0002240	Prostate Cancer study Medical University Sofia	temporary unclassified	cohort	yes	placeholder curated 2026-09-24 from a check of the placeholder names flagged as institutions or places against their sources, 2026-09-24
COHO:0002267	Mount Sinai Hospital-Princess Margaret Multicancer Study	temporary unclassified	cohort	yes	placeholder curated 2026-09-24 from a check of the placeholder names flagged as institutions or places against their sources, 2026-09-24
COHO:0002274	Prostate Project Foundation - Postgraduate Medical School, Surrey	temporary unclassified	cohort	yes	placeholder curated 2026-09-24 from a check of the placeholder names flagged as institutions or places against their sources, 2026-09-24
COHO:0002322	Royal Marsden Hospital Ovarian Cancer Study	temporary unclassified	cohort	yes	placeholder curated 2026-09-24 from a check of the placeholder names flagged as institutions or places against their sources, 2026-09-24
COHO:0002323	Royal Marsden Hospital Trust/Institute of Cancer Research Family History and DNA Registry	temporary unclassified	cohort	yes	placeholder curated 2026-09-24 from a check of the placeholder names flagged as institutions or places against their sources, 2026-09-24
COHO:0002330	Roswell Park Cancer Institute Data Bank and BioRepository	temporary unclassified	cohort	yes	placeholder curated 2026-09-24 from a check of the placeholder names flagged as institutions or places against their sources, 2026-09-24
COHO:0002379	Shanghai Institute of Hypertension GWAS	temporary unclassified	cohort	yes	placeholder curated 2026-09-24 from a check of the placeholder names flagged as institutions or places against their sources, 2026-09-24
COHO:0002381	Silk Road	temporary unclassified	cohort	yes	placeholder curated 2026-09-24 from a check of the placeholder names flagged as institutions or places against their sources, 2026-09-24
COHO:0002385	Shanghai Jiao Tong University Diabetes Study	temporary unclassified	cohort	yes	placeholder curated 2026-09-24 from a check of the placeholder names flagged as institutions or places against their sources, 2026-09-24
COHO:0002386	Städtisches Klinikum Karlsruhe Deutsches Krebsforschungszentrum Study	temporary unclassified	cohort	yes	placeholder curated 2026-09-24 from a check of the placeholder names flagged as institutions or places against their sources, 2026-09-24
COHO:0002412	Singapore Translational and Clinical Research in Psychosis	temporary unclassified	cohort	yes	placeholder curated 2026-09-24 from a check of the placeholder names flagged as institutions or places against their sources, 2026-09-24
COHO:0002435	Finnish Genetic Predisposition to Prostate Cancer Study	temporary unclassified	cohort	yes	placeholder curated 2026-09-24 from a check of the placeholder names flagged as institutions or places against their sources, 2026-09-24
COHO:0002439	TASPRAC Study	temporary unclassified	cohort	yes	placeholder curated 2026-09-24 from a check of the placeholder names flagged as institutions or places against their sources, 2026-09-24
COHO:0002483	University of California San Francisco Atrial Fibrillation Study	temporary unclassified	cohort	yes	placeholder curated 2026-09-24 from a check of the placeholder names flagged as institutions or places against their sources, 2026-09-24
COHO:0002487	University of Florida Diabetes Institute Study Bank	temporary unclassified	cohort	yes	placeholder curated 2026-09-24 from a check of the placeholder names flagged as institutions or places against their sources, 2026-09-24
COHO:0002517	Familial Prostate Cancer Study Ulm	temporary unclassified	cohort	yes	placeholder curated 2026-09-24 from a check of the placeholder names flagged as institutions or places against their sources, 2026-09-24
COHO:0002522	University of North Carolina CanCORS study	temporary unclassified	cohort	yes	placeholder curated 2026-09-24 from a check of the placeholder names flagged as institutions or places against their sources, 2026-09-24
COHO:0002531	Utah Chronic Lymphocytic Leukemia Study	temporary unclassified	cohort	yes	placeholder curated 2026-09-24 from a check of the placeholder names flagged as institutions or places against their sources, 2026-09-24
COHO:0002536	University of Wisconsin Transdisciplinary Tobacco Use Research Center Trial	temporary unclassified	cohort	yes	placeholder curated 2026-09-24 from a check of the placeholder names flagged as institutions or places against their sources, 2026-09-24
COHO:0002563	Wake Forest University Breast Cancer Study	temporary unclassified	cohort	yes	placeholder curated 2026-09-24 from a check of the placeholder names flagged as institutions or places against their sources, 2026-09-24
COHO:0002566	Women's Health Initiative Clinical Trial	temporary unclassified	cohort	yes	placeholder curated 2026-09-24 from a check of the placeholder names flagged as institutions or places against their sources, 2026-09-24
COHO:0002575	Weiss Laboratory Autism Collection	temporary unclassified	cohort aggregation	yes	placeholder curated 2026-09-24 from a check of the placeholder names flagged as institutions or places against their sources, 2026-09-24
COHO:0002577	Wenzhou Medical University Biobank - Tibetans	temporary unclassified	cohort	yes	placeholder curated 2026-09-24 from a check of the placeholder names flagged as institutions or places against their sources, 2026-09-24
COHO:0002584	Washington University Genetics Study	temporary unclassified	cohort	yes	placeholder curated 2026-09-24 from a check of the placeholder names flagged as institutions or places against their sources, 2026-09-24
COHO:0001627	China Osteoporosis Study	temporary unclassified	cohort	yes	placeholder curated 2026-09-28 from the checks of the placeholders' names against their sources recorded in the pipeline repository, completed 2026-09-28
COHO:0001634	Collaborative Study on the Genetics of Asthma	temporary unclassified	cohort	yes	placeholder curated 2026-09-28 from the checks of the placeholders' names against their sources recorded in the pipeline repository, completed 2026-09-28
COHO:0001635	Center for Translational Molecular Medicine – Circulating Cells Cohort	temporary unclassified	cohort	yes	placeholder curated 2026-09-28 from the checks of the placeholders' names against their sources recorded in the pipeline repository, completed 2026-09-28
COHO:0001636	California Teachers Study	temporary unclassified	cohort	yes	placeholder curated 2026-09-28 from the checks of the placeholders' names against their sources recorded in the pipeline repository, completed 2026-09-28
COHO:0001644	Dutch Autoimmune Hepatitis Study Group	temporary unclassified	cohort	yes	placeholder curated 2026-09-28 from the checks of the placeholders' names against their sources recorded in the pipeline repository, completed 2026-09-28
COHO:0001645	The Danish study of Functional Disorders	temporary unclassified	cohort	yes	placeholder curated 2026-09-28 from the checks of the placeholders' names against their sources recorded in the pipeline repository, completed 2026-09-28
COHO:0001647	Deprenyl and tocopherol antioxidative therapy of parkinsonism	temporary unclassified	cohort	yes	placeholder curated 2026-09-28 from the checks of the placeholders' names against their sources recorded in the pipeline repository, completed 2026-09-28
COHO:0001648	Dortmund Bladder Cancer Study	temporary unclassified	cohort	yes	placeholder curated 2026-09-28 from the checks of the placeholders' names against their sources recorded in the pipeline repository, completed 2026-09-28
COHO:0001650	Diet, Cancer and Health	temporary unclassified	cohort	yes	placeholder curated 2026-09-28 from the checks of the placeholders' names against their sources recorded in the pipeline repository, completed 2026-09-28
COHO:0001652	Case-Control Study of Prostate Cancer among African Americans in Washington, DC	temporary unclassified	cohort	yes	placeholder curated 2026-09-28 from the checks of the placeholders' names against their sources recorded in the pipeline repository, completed 2026-09-28
COHO:0001654	deCODE CAD/MI Study	temporary unclassified	cohort	yes	placeholder curated 2026-09-28 from the checks of the placeholders' names against their sources recorded in the pipeline repository, completed 2026-09-28
COHO:0001657	De Novo Parkinson Cohort	temporary unclassified	cohort	yes	placeholder curated 2026-09-28 from the checks of the placeholders' names against their sources recorded in the pipeline repository, completed 2026-09-28
COHO:0001658	Depression Genes and Networks	temporary unclassified	cohort	yes	placeholder curated 2026-09-28 from the checks of the placeholders' names against their sources recorded in the pipeline repository, completed 2026-09-28
COHO:0001659	Data from an Epidemiological Study on the Insulin Resistance Syndrome	temporary unclassified	cohort	yes	placeholder curated 2026-09-28 from the checks of the placeholders' names against their sources recorded in the pipeline repository, completed 2026-09-28
COHO:0001660	Dutch Familial Bilateral Breast Cancer Study	temporary unclassified	cohort	yes	placeholder curated 2026-09-28 from the checks of the placeholders' names against their sources recorded in the pipeline repository, completed 2026-09-28
COHO:0001661	Dutch Familial Colorectal Cancer Study	temporary unclassified	cohort	yes	placeholder curated 2026-09-28 from the checks of the placeholders' names against their sources recorded in the pipeline repository, completed 2026-09-28
COHO:0001670	Danish Longevity Study	temporary unclassified	cohort	yes	placeholder curated 2026-09-28 from the checks of the placeholders' names against their sources recorded in the pipeline repository, completed 2026-09-28
COHO:0001671	UK Young Lacunar Stroke DNA Study	temporary unclassified	cohort	yes	placeholder curated 2026-09-28 from the checks of the placeholders' names against their sources recorded in the pipeline repository, completed 2026-09-28
COHO:0001674	Dutch HeFH cohort	temporary unclassified	cohort	yes	placeholder curated 2026-09-28 from the checks of the placeholders' names against their sources recorded in the pipeline repository, completed 2026-09-28
COHO:0001675	European American and Polish height panels	temporary unclassified	cohort	yes	placeholder curated 2026-09-28 from the checks of the placeholders' names against their sources recorded in the pipeline repository, completed 2026-09-28
COHO:0001733	Fudan Lung Cancer Study	temporary unclassified	cohort	yes	placeholder curated 2026-09-28 from the checks of the placeholders' names against their sources recorded in the pipeline repository, completed 2026-09-28
COHO:0001764	Guangdong Study	temporary unclassified	cohort	yes	placeholder curated 2026-09-28 from the checks of the placeholders' names against their sources recorded in the pipeline repository, completed 2026-09-28
COHO:0001767	Genetic Epidemiological Study of Lung Adenocarcinoma	temporary unclassified	cohort	yes	placeholder curated 2026-09-28 from the checks of the placeholders' names against their sources recorded in the pipeline repository, completed 2026-09-28
COHO:0001769	Genes and Environment in Lung Cancer, Singapore Study	temporary unclassified	cohort	yes	placeholder curated 2026-09-28 from the checks of the placeholders' names against their sources recorded in the pipeline repository, completed 2026-09-28
COHO:0001864	Hong Kong Study	temporary unclassified	cohort	yes	placeholder curated 2026-09-28 from the checks of the placeholders' names against their sources recorded in the pipeline repository, completed 2026-09-28
COHO:0001865	Harvard Lung Cancer Study	temporary unclassified	cohort	yes	placeholder curated 2026-09-28 from the checks of the placeholders' names against their sources recorded in the pipeline repository, completed 2026-09-28
COHO:0001949	Japanese Female Lung Cancer Collaborative Study	temporary unclassified	cohort	yes	placeholder curated 2026-09-28 from the checks of the placeholders' names against their sources recorded in the pipeline repository, completed 2026-09-28
COHO:0001992	Kentucky Lung Cancer Research Initiative	temporary unclassified	cohort	yes	placeholder curated 2026-09-28 from the checks of the placeholders' names against their sources recorded in the pipeline repository, completed 2026-09-28
COHO:0002133	New England Lung Cancer Study	temporary unclassified	cohort	yes	placeholder curated 2026-09-28 from the checks of the placeholders' names against their sources recorded in the pipeline repository, completed 2026-09-28
COHO:0002150	Clalit National Israeli Cancer Control Center lung cancer study	temporary unclassified	cohort	yes	placeholder curated 2026-09-28 from the checks of the placeholders' names against their sources recorded in the pipeline repository, completed 2026-09-28
COHO:0002165	Nijmegen Lung Cancer Study	temporary unclassified	cohort	yes	placeholder curated 2026-09-28 from the checks of the placeholders' names against their sources recorded in the pipeline repository, completed 2026-09-28
COHO:0002174	Norway Lung Cancer Study	temporary unclassified	cohort	yes	placeholder curated 2026-09-28 from the checks of the placeholders' names against their sources recorded in the pipeline repository, completed 2026-09-28
COHO:0002316	The Resource for the Study of Lung Cancer Epidemiology in North Trent	temporary unclassified	cohort	yes	placeholder curated 2026-09-28 from the checks of the placeholders' names against their sources recorded in the pipeline repository, completed 2026-09-28
COHO:0002389	Shenyang Lung Cancer Study	temporary unclassified	cohort	yes	placeholder curated 2026-09-28 from the checks of the placeholders' names against their sources recorded in the pipeline repository, completed 2026-09-28
COHO:0002434	Tampa Lung Cancer Study	temporary unclassified	cohort	yes	placeholder curated 2026-09-28 from the checks of the placeholders' names against their sources recorded in the pipeline repository, completed 2026-09-28
COHO:0002458	Total Lung Cancer Study	temporary unclassified	cohort	yes	placeholder curated 2026-09-28 from the checks of the placeholders' names against their sources recorded in the pipeline repository, completed 2026-09-28
COHO:0002459	Tianjin Lung Cancer Study	temporary unclassified	cohort	yes	placeholder curated 2026-09-28 from the checks of the placeholders' names against their sources recorded in the pipeline repository, completed 2026-09-28
COHO:0002576	Wuhan Lung Cancer Study	temporary unclassified	cohort	yes	placeholder curated 2026-09-28 from the checks of the placeholders' names against their sources recorded in the pipeline repository, completed 2026-09-28
COHO:0002590	Yunnan Lung Cancer Study	temporary unclassified	cohort	yes	placeholder curated 2026-09-28 from the checks of the placeholders' names against their sources recorded in the pipeline repository, completed 2026-09-28
COHO:0001738	Familial Ovarian Tumor Study	temporary unclassified	cohort	yes	placeholder curated 2026-09-28 from the checks of the placeholders' names against their sources recorded in the pipeline repository, completed 2026-09-28
COHO:0001744	Genetic Epidemiology of Ovarian Cancer Study	temporary unclassified	cohort	yes	placeholder curated 2026-09-28 from the checks of the placeholders' names against their sources recorded in the pipeline repository, completed 2026-09-28
COHO:0001854	Helsinki Ovarian Cancer Study	temporary unclassified	cohort	yes	placeholder curated 2026-09-28 from the checks of the placeholders' names against their sources recorded in the pipeline repository, completed 2026-09-28
COHO:0001862	Hannover-Jena Ovarian Cancer Study	temporary unclassified	cohort	yes	placeholder curated 2026-09-28 from the checks of the placeholders' names against their sources recorded in the pipeline repository, completed 2026-09-28
COHO:0001868	Hannover-Minsk Ovarian Cancer Study	temporary unclassified	cohort	yes	placeholder curated 2026-09-28 from the checks of the placeholders' names against their sources recorded in the pipeline repository, completed 2026-09-28
COHO:0001870	Hawaii Ovarian Cancer Study	temporary unclassified	cohort	yes	placeholder curated 2026-09-28 from the checks of the placeholders' names against their sources recorded in the pipeline repository, completed 2026-09-28
COHO:0001872	Hormones and Ovarian Cancer Prediction Study	temporary unclassified	cohort	yes	placeholder curated 2026-09-28 from the checks of the placeholders' names against their sources recorded in the pipeline repository, completed 2026-09-28
COHO:0001988	Los Angeles County Case-Control Studies of Ovarian Cancer	temporary unclassified	cohort	yes	placeholder curated 2026-09-28 from the checks of the placeholders' names against their sources recorded in the pipeline repository, completed 2026-09-28
COHO:0002031	Malignant Ovarian Cancer Study	temporary unclassified	cohort	yes	placeholder curated 2026-09-28 from the checks of the placeholders' names against their sources recorded in the pipeline repository, completed 2026-09-28
COHO:0002047	MD Anderson Ovarian Cancer Study	temporary unclassified	cohort	yes	placeholder curated 2026-09-28 from the checks of the placeholders' names against their sources recorded in the pipeline repository, completed 2026-09-28
COHO:0002076	Moffitt Cancer Center Ovarian Cancer Study	temporary unclassified	cohort	yes	placeholder curated 2026-09-28 from the checks of the placeholders' names against their sources recorded in the pipeline repository, completed 2026-09-28
COHO:0002125	North Carolina Ovarian Cancer Study	temporary unclassified	cohort	yes	placeholder curated 2026-09-28 from the checks of the placeholders' names against their sources recorded in the pipeline repository, completed 2026-09-28
COHO:0002160	New Jersey Ovarian Cancer Study	temporary unclassified	cohort	yes	placeholder curated 2026-09-28 from the checks of the placeholders' names against their sources recorded in the pipeline repository, completed 2026-09-28
COHO:0002170	Nijmegen Ovarian Cancer Study	temporary unclassified	cohort	yes	placeholder curated 2026-09-28 from the checks of the placeholders' names against their sources recorded in the pipeline repository, completed 2026-09-28
COHO:0002221	Ovarian Cancer in Alberta and British Columbia Study	temporary unclassified	cohort	yes	placeholder curated 2026-09-28 from the checks of the placeholders' names against their sources recorded in the pipeline repository, completed 2026-09-28
COHO:0002397	Southampton Ovarian Cancer Study	temporary unclassified	cohort	yes	placeholder curated 2026-09-28 from the checks of the placeholders' names against their sources recorded in the pipeline repository, completed 2026-09-28
COHO:0002400	Southern Ontario Ovarian Cancer Study	temporary unclassified	cohort	yes	placeholder curated 2026-09-28 from the checks of the placeholders' names against their sources recorded in the pipeline repository, completed 2026-09-28
COHO:0002441	Tampa Bay Ovarian Cancer Study	temporary unclassified	cohort	yes	placeholder curated 2026-09-28 from the checks of the placeholders' names against their sources recorded in the pipeline repository, completed 2026-09-28
COHO:0002479	University of California, Irvine Ovarian Cancer Study	temporary unclassified	cohort	yes	placeholder curated 2026-09-28 from the checks of the placeholders' names against their sources recorded in the pipeline repository, completed 2026-09-28
COHO:0002578	Warsaw Ovarian Cancer Study	temporary unclassified	cohort	yes	placeholder curated 2026-09-28 from the checks of the placeholders' names against their sources recorded in the pipeline repository, completed 2026-09-28
COHO:0001797	Genetic Epidemiology Study of Breast Cancer by Age 50	temporary unclassified	cohort	yes	placeholder curated 2026-09-28 from the checks of the placeholders' names against their sources recorded in the pipeline repository, completed 2026-09-28
COHO:0001835	Hannover Breast Cancer Study	temporary unclassified	cohort	yes	placeholder curated 2026-09-28 from the checks of the placeholders' names against their sources recorded in the pipeline repository, completed 2026-09-28
COHO:0001849	Helsinki Breast Cancer Study	temporary unclassified	cohort	yes	placeholder curated 2026-09-28 from the checks of the placeholders' names against their sources recorded in the pipeline repository, completed 2026-09-28
COHO:0001863	Hong Kong Breast Cancer Study	temporary unclassified	cohort	yes	placeholder curated 2026-09-28 from the checks of the placeholders' names against their sources recorded in the pipeline repository, completed 2026-09-28
COHO:0001866	Hannover-Minsk Breast Cancer Study	temporary unclassified	cohort	yes	placeholder curated 2026-09-28 from the checks of the placeholders' names against their sources recorded in the pipeline repository, completed 2026-09-28
COHO:0001877	Hannover-Ufa Breast Cancer Study	temporary unclassified	cohort	yes	placeholder curated 2026-09-28 from the checks of the placeholders' names against their sources recorded in the pipeline repository, completed 2026-09-28
COHO:0001959	Kuopio Breast Cancer Project	temporary unclassified	cohort	yes	placeholder curated 2026-09-28 from the checks of the placeholders' names against their sources recorded in the pipeline repository, completed 2026-09-28
COHO:0001973	Korean Hereditary Breast Cancer Study	temporary unclassified	cohort	yes	placeholder curated 2026-09-28 from the checks of the placeholders' names against their sources recorded in the pipeline repository, completed 2026-09-28
COHO:0001986	Los Angeles County Asian-American Breast Cancer Case-Control Study	temporary unclassified	cohort	yes	placeholder curated 2026-09-28 from the checks of the placeholders' names against their sources recorded in the pipeline repository, completed 2026-09-28
COHO:0002025	Macedonian Breast Cancer Study	temporary unclassified	cohort	yes	placeholder curated 2026-09-28 from the checks of the placeholders' names against their sources recorded in the pipeline repository, completed 2026-09-28
COHO:0002038	Milan Breast Cancer Study Group	temporary unclassified	cohort	yes	placeholder curated 2026-09-28 from the checks of the placeholders' names against their sources recorded in the pipeline repository, completed 2026-09-28
COHO:0002097	Montreal Gene-Environment Breast Cancer Study	temporary unclassified	cohort	yes	placeholder curated 2026-09-28 from the checks of the placeholders' names against their sources recorded in the pipeline repository, completed 2026-09-28
COHO:0002107	Nagano Breast Cancer Study	temporary unclassified	cohort	yes	placeholder curated 2026-09-28 from the checks of the placeholders' names against their sources recorded in the pipeline repository, completed 2026-09-28
COHO:0002116	Nashville Breast Health Study	temporary unclassified	cohort	yes	placeholder curated 2026-09-28 from the checks of the placeholders' names against their sources recorded in the pipeline repository, completed 2026-09-28
COHO:0002195	Oulu Breast Cancer Study	temporary unclassified	cohort	yes	placeholder curated 2026-09-28 from the checks of the placeholders' names against their sources recorded in the pipeline repository, completed 2026-09-28
COHO:0002271	Prospective study of Outcomes in Sporadic versus Hereditary breast cancer	temporary unclassified	cohort	yes	placeholder curated 2026-09-28 from the checks of the placeholders' names against their sources recorded in the pipeline repository, completed 2026-09-28
COHO:0002309	Rotterdam Breast Cancer Study	temporary unclassified	cohort	yes	placeholder curated 2026-09-28 from the checks of the placeholders' names against their sources recorded in the pipeline repository, completed 2026-09-28
COHO:0002369	Singapore Breast Cancer Cohort	temporary unclassified	cohort	yes	placeholder curated 2026-09-28 from the checks of the placeholders' names against their sources recorded in the pipeline repository, completed 2026-09-28
COHO:0002428	IHCC-Szczecin Breast Cancer Study	temporary unclassified	cohort	yes	placeholder curated 2026-09-28 from the checks of the placeholders' names against their sources recorded in the pipeline repository, completed 2026-09-28
COHO:0002474	Taiwanese Breast Cancer Study	temporary unclassified	cohort	yes	placeholder curated 2026-09-28 from the checks of the placeholders' names against their sources recorded in the pipeline repository, completed 2026-09-28
COHO:0001691	Eplerenone Post-Acute Myocardial Infarction Heart Failure Efficacy and Survival Study	temporary unclassified	cohort	yes	placeholder curated 2026-09-28 from the checks of the placeholders' names against their sources recorded in the pipeline repository, completed 2026-09-28
COHO:0001739	Further Cardiovascular Outcomes Research with PCSK9 Inhibition in Subjects with Elevated Risk	temporary unclassified	cohort	yes	placeholder curated 2026-09-28 from the checks of the placeholders' names against their sources recorded in the pipeline repository, completed 2026-09-28
COHO:0001743	FRagmin and Fast Revascularisation during InStability in Coronary artery disease II	temporary unclassified	cohort	yes	placeholder curated 2026-09-28 from the checks of the placeholders' names against their sources recorded in the pipeline repository, completed 2026-09-28
COHO:0001808	GISSI-Prevenzione trial	temporary unclassified	cohort	yes	placeholder curated 2026-09-28 from the checks of the placeholders' names against their sources recorded in the pipeline repository, completed 2026-09-28
COHO:0001857	Heart Failure: A Controlled Trial Investigating Outcomes of Exercise Training	temporary unclassified	cohort	yes	placeholder curated 2026-09-28 from the checks of the placeholders' names against their sources recorded in the pipeline repository, completed 2026-09-28
COHO:0002173	Nordic Diltiazem Study	temporary unclassified	cohort	yes	placeholder curated 2026-09-28 from the checks of the placeholders' names against their sources recorded in the pipeline repository, completed 2026-09-28
COHO:0002246	Prevention of Cardiovascular Events in Patients With Prior Heart Attack Using Ticagrelor Compared to Placebo on a Background of Aspirin-Thrombolysis in Myocardial Infarction 54	temporary unclassified	cohort	yes	placeholder curated 2026-09-28 from the checks of the placeholders' names against their sources recorded in the pipeline repository, completed 2026-09-28
COHO:0002294	Pravastatin or Atorvastatin Evaluation and Infection Therapy-Thrombolysis In Myocardial Infarction 22	temporary unclassified	cohort	yes	placeholder curated 2026-09-28 from the checks of the placeholders' names against their sources recorded in the pipeline repository, completed 2026-09-28
COHO:0002313	Randomized Trial to Prevent Vascular Events in HIV	temporary unclassified	cohort	yes	placeholder curated 2026-09-28 from the checks of the placeholders' names against their sources recorded in the pipeline repository, completed 2026-09-28
COHO:0002344	Saxagliptin Assessment of Vascular Outcomes Recorded in Patients with Diabetes Mellitus-Thrombolysis in Myocardial Infarction 53	temporary unclassified	cohort	yes	placeholder curated 2026-09-28 from the checks of the placeholders' names against their sources recorded in the pipeline repository, completed 2026-09-28
COHO:0002361	Study of the Effectiveness of Additional Reductions in Cholesterol and Homocysteine	temporary unclassified	cohort	yes	placeholder curated 2026-09-28 from the checks of the placeholders' names against their sources recorded in the pipeline repository, completed 2026-09-28
COHO:0002399	Stabilization of pLaques usIng Darapladib-Thrombolysis in Myocardial Infarction	temporary unclassified	cohort	yes	placeholder curated 2026-09-28 from the checks of the placeholders' names against their sources recorded in the pipeline repository, completed 2026-09-28
COHO:0002406	Secondary Prevention of Small Subcortical Strokes	temporary unclassified	cohort	yes	placeholder curated 2026-09-28 from the checks of the placeholders' names against their sources recorded in the pipeline repository, completed 2026-09-28
COHO:0002457	Trial of Intensified versus standard Medical therapy in Elderly patients with Congestive Heart Failure	temporary unclassified	cohort	yes	placeholder curated 2026-09-28 from the checks of the placeholders' names against their sources recorded in the pipeline repository, completed 2026-09-28
COHO:0002579	West of Scotland Coronary Prevention Study	temporary unclassified	cohort	yes	placeholder curated 2026-09-28 from the checks of the placeholders' names against their sources recorded in the pipeline repository, completed 2026-09-28
COHO:0002512	UK Prospective Diabetes Study	temporary unclassified	cohort	yes	placeholder curated 2026-09-28 from the checks of the placeholders' names against their sources recorded in the pipeline repository, completed 2026-09-28
COHO:0002279	Pravastatin Inflammation/CRP Evaluation	temporary unclassified	cohort	yes	placeholder curated 2026-09-28 from the checks of the placeholders' names against their sources recorded in the pipeline repository, completed 2026-09-28
COHO:0002554	Women's Antioxidant Cardiovascular Study	temporary unclassified	cohort	yes	placeholder curated 2026-09-28 from the checks of the placeholders' names against their sources recorded in the pipeline repository, completed 2026-09-28
COHO:0002015	Action for Health in Diabetes	temporary unclassified	cohort	yes	placeholder curated 2026-09-28 from the checks of the placeholders' names against their sources recorded in the pipeline repository, completed 2026-09-28
COHO:0001998	Lung Health Study	temporary unclassified	cohort	yes	placeholder curated 2026-09-28 from the checks of the placeholders' names against their sources recorded in the pipeline repository, completed 2026-09-28
COHO:0001837	Hannover-Almaty Endometrial Cancer Study	temporary unclassified	cohort	yes	placeholder curated 2026-09-28 from the checks of the placeholders' names against their sources recorded in the pipeline repository, completed 2026-09-28
COHO:0001851	Hawaii Endometrial Cancer Study	temporary unclassified	cohort	yes	placeholder curated 2026-09-28 from the checks of the placeholders' names against their sources recorded in the pipeline repository, completed 2026-09-28
COHO:0001861	Hannover-Jena Endometrial Cancer Study	temporary unclassified	cohort	yes	placeholder curated 2026-09-28 from the checks of the placeholders' names against their sources recorded in the pipeline repository, completed 2026-09-28
COHO:0001997	Leuven Endometrial Cancer Study	temporary unclassified	cohort	yes	placeholder curated 2026-09-28 from the checks of the placeholders' names against their sources recorded in the pipeline repository, completed 2026-09-28
COHO:0002080	Molecular Markers in Treatment of Endometrial Cancer	temporary unclassified	cohort	yes	placeholder curated 2026-09-28 from the checks of the placeholders' names against their sources recorded in the pipeline repository, completed 2026-09-28
COHO:0002130	Newcastle Endometrial Cancer Study	temporary unclassified	cohort	yes	placeholder curated 2026-09-28 from the checks of the placeholders' names against their sources recorded in the pipeline repository, completed 2026-09-28
COHO:0002183	National Study of Endometrial Cancer Genetics	temporary unclassified	cohort	yes	placeholder curated 2026-09-28 from the checks of the placeholders' names against their sources recorded in the pipeline repository, completed 2026-09-28
COHO:0002245	Polish Endometrial Cancer Study	temporary unclassified	cohort	yes	placeholder curated 2026-09-28 from the checks of the placeholders' names against their sources recorded in the pipeline repository, completed 2026-09-28
COHO:0002312	Registry of Endometrial Cancer in Sweden	temporary unclassified	cohort	yes	placeholder curated 2026-09-28 from the checks of the placeholders' names against their sources recorded in the pipeline repository, completed 2026-09-28
COHO:0002365	Shanghai Endometrial Cancer Study	temporary unclassified	cohort	yes	placeholder curated 2026-09-28 from the checks of the placeholders' names against their sources recorded in the pipeline repository, completed 2026-09-28
COHO:0001880	Hannover-Ufa Ovarian Cancer Study	temporary unclassified	cohort	yes	placeholder curated 2026-09-28 from the checks of the placeholders' names against their sources recorded in the pipeline repository, completed 2026-09-28
COHO:0001972	Korean Epithelial Ovarian Cancer Study	temporary unclassified	cohort	yes	placeholder curated 2026-09-28 from the checks of the placeholders' names against their sources recorded in the pipeline repository, completed 2026-09-28
COHO:0002103	Malaysian Ovarian Cancer Genetic Study	temporary unclassified	cohort	yes	placeholder curated 2026-09-28 from the checks of the placeholders' names against their sources recorded in the pipeline repository, completed 2026-09-28
COHO:0002208	Oregon Ovarian Cancer Registry	temporary unclassified	cohort	yes	placeholder curated 2026-09-28 from the checks of the placeholders' names against their sources recorded in the pipeline repository, completed 2026-09-28
COHO:0002210	Ovarian Cancer Prognosis and Lifestyle Study	temporary unclassified	cohort	yes	placeholder curated 2026-09-28 from the checks of the placeholders' names against their sources recorded in the pipeline repository, completed 2026-09-28
COHO:0002362	UK SEARCH Ovarian Cancer Study	temporary unclassified	cohort	yes	placeholder curated 2026-09-28 from the checks of the placeholders' names against their sources recorded in the pipeline repository, completed 2026-09-28
COHO:0002408	Scottish Randomised Trial in Ovarian Cancer	temporary unclassified	cohort	yes	placeholder curated 2026-09-28 from the checks of the placeholders' names against their sources recorded in the pipeline repository, completed 2026-09-28
COHO:0002423	Sweden Western Region Ovarian Cancer Study	temporary unclassified	cohort	yes	placeholder curated 2026-09-28 from the checks of the placeholders' names against their sources recorded in the pipeline repository, completed 2026-09-28
COHO:0002511	UK Ovarian Cancer Population Study	temporary unclassified	cohort	yes	placeholder curated 2026-09-28 from the checks of the placeholders' names against their sources recorded in the pipeline repository, completed 2026-09-28
COHO:0002293	Prevention of Ovarian Cancer in Quebec	temporary unclassified	cohort	yes	placeholder curated 2026-09-28 from the checks of the placeholders' names against their sources recorded in the pipeline repository, completed 2026-09-28
COHO:0001710	Edinburgh Type 2 Diabetes Study	temporary unclassified	cohort	yes	placeholder curated 2026-09-28 from the checks of the placeholders names against their sources recorded in the pipeline repository, completed 2026-09-28
COHO:0001721	Fremantle Diabetes Study	temporary unclassified	cohort	yes	placeholder curated 2026-09-28 from the checks of the placeholders names against their sources recorded in the pipeline repository, completed 2026-09-28
COHO:0001758	Guizhou-Bijie Type 2 Diabetes Study	temporary unclassified	cohort	yes	placeholder curated 2026-09-28 from the checks of the placeholders names against their sources recorded in the pipeline repository, completed 2026-09-28
COHO:0001875	Hubei Type 2 Diabetes Studies	temporary unclassified	cohort	yes	placeholder curated 2026-09-28 from the checks of the placeholders names against their sources recorded in the pipeline repository, completed 2026-09-28
COHO:0001919	Indian Diabetes Consortium	temporary unclassified	cohort	yes	placeholder curated 2026-09-28 from the checks of the placeholders names against their sources recorded in the pipeline repository, completed 2026-09-28
COHO:0001971	Kuwait Obesity and Diabetes Genetics Programme	temporary unclassified	cohort	yes	placeholder curated 2026-09-28 from the checks of the placeholders names against their sources recorded in the pipeline repository, completed 2026-09-28
COHO:0001989	Latvian Diabetic Nephropathy Study	temporary unclassified	cohort	yes	placeholder curated 2026-09-28 from the checks of the placeholders names against their sources recorded in the pipeline repository, completed 2026-09-28
COHO:0002005	Lithuanian Diabetic Nephropathy Study	temporary unclassified	cohort	yes	placeholder curated 2026-09-28 from the checks of the placeholders names against their sources recorded in the pipeline repository, completed 2026-09-28
COHO:0002128	Norfolk Diabetes Case-Control Study	temporary unclassified	cohort	yes	placeholder curated 2026-09-28 from the checks of the placeholders names against their sources recorded in the pipeline repository, completed 2026-09-28
COHO:0002328	Romanian Diabetic Nephropathy Study	temporary unclassified	cohort	yes	placeholder curated 2026-09-28 from the checks of the placeholders names against their sources recorded in the pipeline repository, completed 2026-09-28
COHO:0002356	Shanghai Diabetes Genetic Study	temporary unclassified	cohort	yes	placeholder curated 2026-09-28 from the checks of the placeholders names against their sources recorded in the pipeline repository, completed 2026-09-28
COHO:0002358	Shanghai Diabetes Institute Inpatient Database	temporary unclassified	cohort	yes	placeholder curated 2026-09-28 from the checks of the placeholders names against their sources recorded in the pipeline repository, completed 2026-09-28
COHO:0002390	Sri Lankan Diabetes Study	temporary unclassified	cohort	yes	placeholder curated 2026-09-28 from the checks of the placeholders names against their sources recorded in the pipeline repository, completed 2026-09-28
COHO:0002491	UNAM/INCMNSZ Diabetes Study	temporary unclassified	cohort	yes	placeholder curated 2026-09-28 from the checks of the placeholders names against their sources recorded in the pipeline repository, completed 2026-09-28
COHO:0002493	United Kingdom Asian Diabetes Study	temporary unclassified	cohort	yes	placeholder curated 2026-09-28 from the checks of the placeholders names against their sources recorded in the pipeline repository, completed 2026-09-28
COHO:0002542	Vejle Diabetes Biobank	temporary unclassified	cohort	yes	placeholder curated 2026-09-28 from the checks of the placeholders names against their sources recorded in the pipeline repository, completed 2026-09-28
COHO:0002553	Diabetes UK Warren 2 Repository	temporary unclassified	cohort	yes	placeholder curated 2026-09-28 from the checks of the placeholders names against their sources recorded in the pipeline repository, completed 2026-09-28
COHO:0002559	Wuhan Diabetes Study	temporary unclassified	cohort	yes	placeholder curated 2026-09-28 from the checks of the placeholders names against their sources recorded in the pipeline repository, completed 2026-09-28
COHO:0002591	Academia Sinica Multicentered Young-Onset Hypertension Genetic Study	temporary unclassified	cohort	yes	placeholder curated 2026-09-28 from the checks of the placeholders names against their sources recorded in the pipeline repository, completed 2026-09-28
COHO:0001902	International Collaborative Study on Hypertension in Blacks	temporary unclassified	cohort	yes	placeholder curated 2026-09-28 from the checks of the placeholders names against their sources recorded in the pipeline repository, completed 2026-09-28
COHO:0001761	Greek Coronary Disease Cohort	temporary unclassified	cohort	yes	placeholder curated 2026-09-28 from the checks of the placeholders' names against their sources recorded in the pipeline repository, completed 2026-09-28
COHO:0001787	Genetic Study in Ischemic Stroke Patients treated with r-tPA	temporary unclassified	cohort	yes	placeholder curated 2026-09-28 from the checks of the placeholders' names against their sources recorded in the pipeline repository, completed 2026-09-28
COHO:0001790	Genomics Research in Cardiovascular Disease	temporary unclassified	cohort	yes	placeholder curated 2026-09-28 from the checks of the placeholders' names against their sources recorded in the pipeline repository, completed 2026-09-28
COHO:0001821	Genetic characteristics of coRonary Artery disease in ChiNese young aDults	temporary unclassified	cohort	yes	placeholder curated 2026-09-28 from the checks of the placeholders' names against their sources recorded in the pipeline repository, completed 2026-09-28
COHO:0001827	Greek Recurrent Myocardial Infarction Cohort	temporary unclassified	cohort	yes	placeholder curated 2026-09-28 from the checks of the placeholders' names against their sources recorded in the pipeline repository, completed 2026-09-28
COHO:0001874	Helsinki Sudden Death Study/Tampere Coronary Study	temporary unclassified	cohort	yes	placeholder curated 2026-09-28 from the checks of the placeholders' names against their sources recorded in the pipeline repository, completed 2026-09-28
COHO:0001888	Italian Atherosclerosis, Thrombosis, and Vascular Biology Study	temporary unclassified	cohort	yes	placeholder curated 2026-09-28 from the checks of the placeholders' names against their sources recorded in the pipeline repository, completed 2026-09-28
COHO:0001925	International Collaborative Study of Cardiovascular Disease in Asia	temporary unclassified	cohort	yes	placeholder curated 2026-09-28 from the checks of the placeholders' names against their sources recorded in the pipeline repository, completed 2026-09-28
COHO:0002069	Myocardial Infarction Genetics Consortium	temporary unclassified	cohort aggregation	yes	placeholder curated 2026-09-28 from the checks of the placeholders' names against their sources recorded in the pipeline repository, completed 2026-09-28
COHO:0002194	Osaka Acute Coronary Insufficiency Study	temporary unclassified	cohort	yes	placeholder curated 2026-09-28 from the checks of the placeholders' names against their sources recorded in the pipeline repository, completed 2026-09-28
COHO:0002231	Pharmacogenomics and Risk of Cardiovascular Disease Study	temporary unclassified	cohort aggregation	yes	placeholder curated 2026-09-28 from the checks of the placeholders' names against their sources recorded in the pipeline repository, completed 2026-09-28
COHO:0002242	Pathobiological Determinants of Atherosclerosis in Youth	temporary unclassified	cohort	yes	placeholder curated 2026-09-28 from the checks of the placeholders' names against their sources recorded in the pipeline repository, completed 2026-09-28
COHO:0002251	Pharmacogenetics of Acute Coronary Syndrome	temporary unclassified	cohort	yes	placeholder curated 2026-09-28 from the checks of the placeholders' names against their sources recorded in the pipeline repository, completed 2026-09-28
COHO:0002341	Salzburg Atherosclerosis Prevention Program in subjects at High Individual Risk	temporary unclassified	cohort	yes	placeholder curated 2026-09-28 from the checks of the placeholders' names against their sources recorded in the pipeline repository, completed 2026-09-28
COHO:0002393	Study of Myocardial Infarctions Leiden	temporary unclassified	cohort	yes	placeholder curated 2026-09-28 from the checks of the placeholders' names against their sources recorded in the pipeline repository, completed 2026-09-28
COHO:0002409	South Stockholm Ischemic Stroke Study	temporary unclassified	cohort	yes	placeholder curated 2026-09-28 from the checks of the placeholders' names against their sources recorded in the pipeline repository, completed 2026-09-28
COHO:0002415	Special Turku Coronary Risk Factor Intervention Project	temporary unclassified	cohort	yes	placeholder curated 2026-09-28 from the checks of the placeholders' names against their sources recorded in the pipeline repository, completed 2026-09-28
COHO:0002433	TAiwan Coronary and Transcatheter intervention	temporary unclassified	cohort	yes	placeholder curated 2026-09-28 from the checks of the placeholders' names against their sources recorded in the pipeline repository, completed 2026-09-28
COHO:0002443	Taiwan Coronary Artery Disease GENetic study	temporary unclassified	cohort	yes	placeholder curated 2026-09-28 from the checks of the placeholders' names against their sources recorded in the pipeline repository, completed 2026-09-28
COHO:0002524	Prognostic Modelling in Ischaemic Stroke study	temporary unclassified	cohort	yes	placeholder curated 2026-09-28 from the checks of the placeholders' names against their sources recorded in the pipeline repository, completed 2026-09-28
COHO:0002581	Westphalian Stroke Register	temporary unclassified	cohort	yes	placeholder curated 2026-09-28 from the checks of the placeholders' names against their sources recorded in the pipeline repository, completed 2026-09-28
COHO:0001840	Heart Attack Risk in Puget Sound	temporary unclassified	cohort	yes	placeholder curated 2026-09-28 from the checks of the placeholders' names against their sources recorded in the pipeline repository, completed 2026-09-28
COHO:0002311	Girona Heart Registry	temporary unclassified	cohort	yes	placeholder curated 2026-09-28 from the checks of the placeholders' names against their sources recorded in the pipeline repository, completed 2026-09-28
COHO:0001716	European Youth Heart Study	temporary unclassified	cohort	yes	placeholder curated 2026-09-28 from the checks of the placeholders' names against their sources recorded in the pipeline repository, completed 2026-09-28
COHO:0001747	Genetics in Atrial Fibrillation	temporary unclassified	cohort	yes	placeholder curated 2026-09-28 from the checks of the placeholders' names against their sources recorded in the pipeline repository, completed 2026-09-28
COHO:0001800	Groningen Genetics of Atrial Fibrillation Study	temporary unclassified	cohort aggregation	yes	placeholder curated 2026-09-28 from the checks of the placeholders' names against their sources recorded in the pipeline repository, completed 2026-09-28
COHO:0001804	Genetics In Familial Thrombosis	temporary unclassified	cohort	yes	placeholder curated 2026-09-28 from the checks of the placeholders' names against their sources recorded in the pipeline repository, completed 2026-09-28
COHO:0001820	Genetic Risk Assessment of Defibrillator Events	temporary unclassified	cohort	yes	placeholder curated 2026-09-28 from the checks of the placeholders' names against their sources recorded in the pipeline repository, completed 2026-09-28
COHO:0001839	Heredity and Phenotype Intervention Heart Study	temporary unclassified	cohort	yes	placeholder curated 2026-09-28 from the checks of the placeholders' names against their sources recorded in the pipeline repository, completed 2026-09-28
COHO:0002006	Longitudinal Investigation of Thromboembolism Etiology	temporary unclassified	cohort aggregation	yes	placeholder curated 2026-09-28 from the checks of the placeholders' names against their sources recorded in the pipeline repository, completed 2026-09-28
COHO:0002061	MGH Cardiology and Metabolic Patient Cohort	temporary unclassified	cohort	yes	placeholder curated 2026-09-28 from the checks of the placeholders' names against their sources recorded in the pipeline repository, completed 2026-09-28
COHO:0002087	Malmö Preventive Project atrial fibrillation study	temporary unclassified	cohort	yes	placeholder curated 2026-09-28 from the checks of the placeholders' names against their sources recorded in the pipeline repository, completed 2026-09-28
COHO:0002099	Munich-MI study	temporary unclassified	cohort	yes	placeholder curated 2026-09-28 from the checks of the placeholders' names against their sources recorded in the pipeline repository, completed 2026-09-28
COHO:0002202	Ottawa Heart Genomics Study	temporary unclassified	cohort	yes	placeholder curated 2026-09-28 from the checks of the placeholders' names against their sources recorded in the pipeline repository, completed 2026-09-28
COHO:0002227	Multicenter Japanese paroxysmal atrial fibrillation case-control cohort	temporary unclassified	cohort	yes	placeholder curated 2026-09-28 from the checks of the placeholders' names against their sources recorded in the pipeline repository, completed 2026-09-28
COHO:0002280	Prospective Atrial Fibrillation Athletic Heart Study	temporary unclassified	cohort	yes	placeholder curated 2026-09-28 from the checks of the placeholders' names against their sources recorded in the pipeline repository, completed 2026-09-28
COHO:0002287	Prospective Athletic Heart Study	temporary unclassified	cohort	yes	placeholder curated 2026-09-28 from the checks of the placeholders' names against their sources recorded in the pipeline repository, completed 2026-09-28
COHO:0002337	San Antonio Family Heart Study	temporary unclassified	cohort	yes	placeholder curated 2026-09-28 from the checks of the placeholders' names against their sources recorded in the pipeline repository, completed 2026-09-28
COHO:0002375	Stockholm Heart Epidemiology Program	temporary unclassified	cohort	yes	placeholder curated 2026-09-28 from the checks of the placeholders' names against their sources recorded in the pipeline repository, completed 2026-09-28
COHO:0002376	Sleep Heart Health Study	temporary unclassified	cohort	yes	placeholder curated 2026-09-28 from the checks of the placeholders' names against their sources recorded in the pipeline repository, completed 2026-09-28
COHO:0002445	Tehran Cardiometabolic Genetic Study	temporary unclassified	cohort	yes	placeholder curated 2026-09-28 from the checks of the placeholders' names against their sources recorded in the pipeline repository, completed 2026-09-28
COHO:0002460	Tehran Lipid and Glucose Study	temporary unclassified	cohort	yes	placeholder curated 2026-09-28 from the checks of the placeholders' names against their sources recorded in the pipeline repository, completed 2026-09-28
COHO:0002471	Tampere Sudden Death Study	temporary unclassified	cohort	yes	placeholder curated 2026-09-28 from the checks of the placeholders' names against their sources recorded in the pipeline repository, completed 2026-09-28
COHO:0002546	Verona Heart Study	temporary unclassified	cohort	yes	placeholder curated 2026-09-28 from the checks of the placeholders' names against their sources recorded in the pipeline repository, completed 2026-09-28
COHO:0001694	EPICOLON	temporary unclassified	cohort	yes	placeholder curated 2026-09-28 from the checks of the placeholders' names against their sources recorded in the pipeline repository, completed 2026-09-28
COHO:0001720	Fukuoka Colorectal Cancer Study	temporary unclassified	cohort	yes	placeholder curated 2026-09-28 from the checks of the placeholders' names against their sources recorded in the pipeline repository, completed 2026-09-28
COHO:0001754	GALicia Estudio Oncológico de coloN	temporary unclassified	cohort	yes	placeholder curated 2026-09-28 from the checks of the placeholders' names against their sources recorded in the pipeline repository, completed 2026-09-28
COHO:0001844	Hispanic Colorectal Cancer Study	temporary unclassified	cohort	yes	placeholder curated 2026-09-28 from the checks of the placeholders' names against their sources recorded in the pipeline repository, completed 2026-09-28
COHO:0001845	Hwasun Cancer Epidemiology Study-Colon and Rectum Cancer	temporary unclassified	cohort	yes	placeholder curated 2026-09-28 from the checks of the placeholders' names against their sources recorded in the pipeline repository, completed 2026-09-28
COHO:0001979	Seoul Colorectal Cancer Study	temporary unclassified	cohort	yes	placeholder curated 2026-09-28 from the checks of the placeholders' names against their sources recorded in the pipeline repository, completed 2026-09-28
COHO:0002122	Nagano Colorectal Cancer Study	temporary unclassified	cohort	yes	placeholder curated 2026-09-28 from the checks of the placeholders' names against their sources recorded in the pipeline repository, completed 2026-09-28
COHO:0002127	National Colorectal Cancer Cohort	temporary unclassified	cohort	yes	placeholder curated 2026-09-28 from the checks of the placeholders' names against their sources recorded in the pipeline repository, completed 2026-09-28
COHO:0002144	Nurses' Health Study advanced adenoma set	temporary unclassified	cohort	yes	placeholder curated 2026-09-28 from the checks of the placeholders' names against their sources recorded in the pipeline repository, completed 2026-09-28
COHO:0002162	Nanjing colorectal cancer GWAS	temporary unclassified	cohort	yes	placeholder curated 2026-09-28 from the checks of the placeholders' names against their sources recorded in the pipeline repository, completed 2026-09-28
COHO:0002196	Ohio Colorectal Cancer Prevention Initiative	temporary unclassified	cohort	yes	placeholder curated 2026-09-28 from the checks of the placeholders' names against their sources recorded in the pipeline repository, completed 2026-09-28
COHO:0002200	Ontario Familial Colorectal Cancer Registry	temporary unclassified	cohort	yes	placeholder curated 2026-09-28 from the checks of the placeholders' names against their sources recorded in the pipeline repository, completed 2026-09-28
COHO:0002266	Postmenopausal Hormones Supplementary Study to the Colon Cancer Family Registry	temporary unclassified	cohort	yes	placeholder curated 2026-09-28 from the checks of the placeholders' names against their sources recorded in the pipeline repository, completed 2026-09-28
COHO:0002300	Puerto Rico Familial Colorectal Cancer Registry	temporary unclassified	cohort	yes	placeholder curated 2026-09-28 from the checks of the placeholders' names against their sources recorded in the pipeline repository, completed 2026-09-28
COHO:0002306	QUASAR 2	temporary unclassified	cohort	yes	placeholder curated 2026-09-28 from the checks of the placeholders' names against their sources recorded in the pipeline repository, completed 2026-09-28
COHO:0002367	Seattle Familial Colorectal Cancer Registry	temporary unclassified	cohort	yes	placeholder curated 2026-09-28 from the checks of the placeholders' names against their sources recorded in the pipeline repository, completed 2026-09-28
COHO:0002421	Shanghai-Vanderbilt Colorectal Cancer Genetic Project	temporary unclassified	cohort	yes	placeholder curated 2026-09-28 from the checks of the placeholders' names against their sources recorded in the pipeline repository, completed 2026-09-28
COHO:0002437	Comparative Evaluation of Novel Screening Strategies for Colorectal Cancer Screening	temporary unclassified	cohort	yes	placeholder curated 2026-09-28 from the checks of the placeholders' names against their sources recorded in the pipeline repository, completed 2026-09-28
COHO:0002447	Tennessee Colorectal Polyp Study	temporary unclassified	cohort	yes	placeholder curated 2026-09-28 from the checks of the placeholders' names against their sources recorded in the pipeline repository, completed 2026-09-28
COHO:0002498	United Kingdom Colorectal Adenoma Prevention trial	temporary unclassified	cohort	yes	placeholder curated 2026-09-28 from the checks of the placeholders' names against their sources recorded in the pipeline repository, completed 2026-09-28
COHO:0002500	UK Colorectal control	temporary unclassified	cohort	yes	placeholder curated 2026-09-28 from the checks of the placeholders' names against their sources recorded in the pipeline repository, completed 2026-09-28
COHO:0002547	Vioxx in Colorectal Cancer Therapy: Definition of Optimal Regime	temporary unclassified	cohort	yes	placeholder curated 2026-09-28 from the checks of the placeholders' names against their sources recorded in the pipeline repository, completed 2026-09-28
COHO:0002593	Zhejiang colorectal cancer set	temporary unclassified	cohort	yes	placeholder curated 2026-09-28 from the checks of the placeholders' names against their sources recorded in the pipeline repository, completed 2026-09-28
COHO:0002368	San Francisco Prostate Cancer Study	temporary unclassified	cohort	yes	placeholder curated 2026-09-28 from the checks of the placeholders' names against their sources recorded in the pipeline repository, completed 2026-09-28
COHO:0002395	SNP Prostate Ghent	temporary unclassified	cohort	yes	placeholder curated 2026-09-28 from the checks of the placeholders' names against their sources recorded in the pipeline repository, completed 2026-09-28
COHO:0002402	Serum Proteomic analysis for biomarkers of Aggressive prostate disease in the Guernsey population	temporary unclassified	cohort	yes	placeholder curated 2026-09-28 from the checks of the placeholders' names against their sources recorded in the pipeline repository, completed 2026-09-28
COHO:0002413	Stockholm 2	temporary unclassified	cohort	yes	placeholder curated 2026-09-28 from the checks of the placeholders' names against their sources recorded in the pipeline repository, completed 2026-09-28
COHO:0002506	UK Genetic Prostate Cancer Study	temporary unclassified	cohort	yes	placeholder curated 2026-09-28 from the checks of the placeholders' names against their sources recorded in the pipeline repository, completed 2026-09-28
COHO:0002533	UTAH Study	temporary unclassified	cohort	yes	placeholder curated 2026-09-28 from the checks of the placeholders' names against their sources recorded in the pipeline repository, completed 2026-09-28
COHO:0002564	Wake Forest University Prostate Cancer Study	temporary unclassified	cohort	yes	placeholder curated 2026-09-28 from the checks of the placeholders' names against their sources recorded in the pipeline repository, completed 2026-09-28
COHO:0001690	Early-Onset Prostate Cancer Family Study	temporary unclassified	cohort	yes	placeholder curated 2026-09-28 from the checks of the placeholders' names against their sources recorded in the pipeline repository, completed 2026-09-28
COHO:0001692	Epidemiological Study of Prostate Cancer	temporary unclassified	cohort	yes	placeholder curated 2026-09-28 from the checks of the placeholders' names against their sources recorded in the pipeline repository, completed 2026-09-28
COHO:0001705	European Randomised Study of Screening for Prostate Cancer	temporary unclassified	cohort	yes	placeholder curated 2026-09-28 from the checks of the placeholders' names against their sources recorded in the pipeline repository, completed 2026-09-28
COHO:0001730	Finnish Randomized Study of Screening for Prostate Cancer	temporary unclassified	cohort	yes	placeholder curated 2026-09-28 from the checks of the placeholders' names against their sources recorded in the pipeline repository, completed 2026-09-28
COHO:0001765	Gene-Environment Interaction in Prostate Cancer Study	temporary unclassified	cohort	yes	placeholder curated 2026-09-28 from the checks of the placeholders' names against their sources recorded in the pipeline repository, completed 2026-09-28
COHO:0001779	Genetic Predictors of Adverse Radiotherapy Effects	temporary unclassified	cohort	yes	placeholder curated 2026-09-28 from the checks of the placeholders' names against their sources recorded in the pipeline repository, completed 2026-09-28
COHO:0001930	Identifying Prostate Cancer Genes	temporary unclassified	cohort	yes	placeholder curated 2026-09-28 from the checks of the placeholders' names against their sources recorded in the pipeline repository, completed 2026-09-28
COHO:0001933	IPO-Porto study	temporary unclassified	cohort	yes	placeholder curated 2026-09-28 from the checks of the placeholders' names against their sources recorded in the pipeline repository, completed 2026-09-28
COHO:0001955	French West Indies Prostate Cancer Study	temporary unclassified	cohort	yes	placeholder curated 2026-09-28 from the checks of the placeholders' names against their sources recorded in the pipeline repository, completed 2026-09-28
COHO:0001987	Los Angeles Study of Aggressive Prostate Cancer	temporary unclassified	cohort	yes	placeholder curated 2026-09-28 from the checks of the placeholders' names against their sources recorded in the pipeline repository, completed 2026-09-28
COHO:0002044	Prostate Cancer Case-Control Studies at MD Anderson	temporary unclassified	cohort	yes	placeholder curated 2026-09-28 from the checks of the placeholders' names against their sources recorded in the pipeline repository, completed 2026-09-28
COHO:0002077	Moffitt Prostate Cancer Study	temporary unclassified	cohort	yes	placeholder curated 2026-09-28 from the checks of the placeholders' names against their sources recorded in the pipeline repository, completed 2026-09-28
COHO:0002499	UK-CLL	temporary unclassified	cohort aggregation	yes	placeholder curated 2026-09-28 from the checks of the placeholders' names against their sources recorded in the pipeline repository, completed 2026-09-28
COHO:0001685	Epidemiology & Genetics Lymphoma Case-Control Study	temporary unclassified	cohort	yes	placeholder curated 2026-09-28 from the checks of the placeholders' names against their sources recorded in the pipeline repository, completed 2026-09-28
COHO:0001689	Environmental and genetic risks factors study in adult lymphoma	temporary unclassified	cohort	yes	placeholder curated 2026-09-28 from the checks of the placeholders' names against their sources recorded in the pipeline repository, completed 2026-09-28
COHO:0001707	Etude Sur les Cancers et les Leucémies de l'Enfant	temporary unclassified	cohort	yes	placeholder curated 2026-09-28 from the checks of the placeholders' names against their sources recorded in the pipeline repository, completed 2026-09-28
COHO:0001940	Italian Gene-Environment Interactions in Lymphoma Etiology	temporary unclassified	cohort	yes	placeholder curated 2026-09-28 from the checks of the placeholders' names against their sources recorded in the pipeline repository, completed 2026-09-28
COHO:0002187	NSW non-Hodgkin lymphoma study	temporary unclassified	cohort	yes	placeholder curated 2026-09-28 from the checks of the placeholders' names against their sources recorded in the pipeline repository, completed 2026-09-28
COHO:0002394	Scotland and Newcastle Lymphoma Group	temporary unclassified	cohort	yes	placeholder curated 2026-09-28 from the checks of the placeholders' names against their sources recorded in the pipeline repository, completed 2026-09-28
COHO:0001704	Evaluation of Risk of ALL Treatment-Related Side-Effects	temporary unclassified	cohort	yes	placeholder curated 2026-09-28 from the checks of the placeholders' names against their sources recorded in the pipeline repository, completed 2026-09-28
COHO:0001802	German Hodgkin Study Group	temporary unclassified	cohort aggregation	yes	placeholder curated 2026-09-28 from the checks of the placeholders' names against their sources recorded in the pipeline repository, completed 2026-09-28
COHO:0002046	MD Anderson lymphoma case-control study	temporary unclassified	cohort	yes	placeholder curated 2026-09-28 from the checks of the placeholders' names against their sources recorded in the pipeline repository, completed 2026-09-28
COHO:0002129	Northern Dutch Hodgkin Lymphoma Study	temporary unclassified	cohort	yes	placeholder curated 2026-09-28 from the checks of the placeholders' names against their sources recorded in the pipeline repository, completed 2026-09-28
COHO:0002588	Young Adult Hodgkin's Disease Case-Control Study	temporary unclassified	cohort	yes	placeholder curated 2026-09-28 from the checks of the placeholders' names against their sources recorded in the pipeline repository, completed 2026-09-28
COHO:0002017	Leukaemia Research Fund CLL4 trial	temporary unclassified	cohort	yes	placeholder curated 2026-09-28 from the checks of the placeholders' names against their sources recorded in the pipeline repository, completed 2026-09-28
COHO:0002532	Utah/Sheffield Chronic Lymphocytic Leukemia Collaborative Study	temporary unclassified	cohort	yes	placeholder curated 2026-09-28 from the checks of the placeholders' names against their sources recorded in the pipeline repository, completed 2026-09-28
COHO:0002182	Nambour Skin Cancer Study	temporary unclassified	cohort	yes	placeholder curated 2026-09-28 from the checks of the placeholders' names against their sources recorded in the pipeline repository, completed 2026-09-28
COHO:0002302	Queensland Familial Melanoma Project	temporary unclassified	cohort	yes	placeholder curated 2026-09-28 from the checks of the placeholders' names against their sources recorded in the pipeline repository, completed 2026-09-28
COHO:0002352	Skin Cancer Nested Case-Control Study	temporary unclassified	cohort	yes	placeholder curated 2026-09-28 from the checks of the placeholders' names against their sources recorded in the pipeline repository, completed 2026-09-28
COHO:0002515	UK Testicular Cancer Collaboration	temporary unclassified	cohort	yes	placeholder curated 2026-09-28 from the checks of the placeholders' names against their sources recorded in the pipeline repository, completed 2026-09-28
COHO:0001681	Eastern European Bladder Cancer Study	temporary unclassified	cohort	yes	placeholder curated 2026-09-28 from the checks of the placeholders' names against their sources recorded in the pipeline repository, completed 2026-09-28
COHO:0001890	Iceland Bladder Cancer Study	temporary unclassified	cohort	yes	placeholder curated 2026-09-28 from the checks of the placeholders' names against their sources recorded in the pipeline repository, completed 2026-09-28
COHO:0001990	Leeds Bladder Cancer Study	temporary unclassified	cohort	yes	placeholder curated 2026-09-28 from the checks of the placeholders' names against their sources recorded in the pipeline repository, completed 2026-09-28
COHO:0002024	Lutherstadt Wittenberg Bladder Cancer Study	temporary unclassified	cohort	yes	placeholder curated 2026-09-28 from the checks of the placeholders' names against their sources recorded in the pipeline repository, completed 2026-09-28
COHO:0002123	NCI Bladder Cancer	temporary unclassified	cohort aggregation	yes	placeholder curated 2026-09-28 from the checks of the placeholders' names against their sources recorded in the pipeline repository, completed 2026-09-28
COHO:0002138	Neuss bladder cancer study	temporary unclassified	cohort	yes	placeholder curated 2026-09-28 from the checks of the placeholders' names against their sources recorded in the pipeline repository, completed 2026-09-28
COHO:0002164	Nijmegen Lung and Bladder Cancer sample	temporary unclassified	cohort aggregation	yes	placeholder curated 2026-09-28 from the checks of the placeholders' names against their sources recorded in the pipeline repository, completed 2026-09-28
COHO:0002440	Torino Bladder Cancer Study	temporary unclassified	cohort	yes	placeholder curated 2026-09-28 from the checks of the placeholders' names against their sources recorded in the pipeline repository, completed 2026-09-28
COHO:0002592	Zaragoza Bladder Cancer Study	temporary unclassified	cohort	yes	placeholder curated 2026-09-28 from the checks of the placeholders' names against their sources recorded in the pipeline repository, completed 2026-09-28
COHO:0002048	MD Anderson Renal Cell Cancer Study	temporary unclassified	cohort	yes	placeholder curated 2026-09-28 from the checks of the placeholders' names against their sources recorded in the pipeline repository, completed 2026-09-28
COHO:0002529	US Kidney Cancer Study	temporary unclassified	cohort	yes	placeholder curated 2026-09-28 from the checks of the placeholders' names against their sources recorded in the pipeline repository, completed 2026-09-28
COHO:0002229	PANcreatic Disease ReseArch consortium	temporary unclassified	cohort aggregation	yes	placeholder curated 2026-09-28 from the checks of the placeholders' names against their sources recorded in the pipeline repository, completed 2026-09-28
COHO:0002230	Multicentre Prospective Study on the Role of KRAS and other Genetic Alterations in the Diagnosis, Prognosis and Etiology of Pancreatic Cancer	temporary unclassified	cohort	yes	placeholder curated 2026-09-28 from the checks of the placeholders' names against their sources recorded in the pipeline repository, completed 2026-09-28
COHO:0001803	Glioma International Case-Control Study	temporary unclassified	cohort	yes	placeholder curated 2026-09-28 from the checks of the placeholders' names against their sources recorded in the pipeline repository, completed 2026-09-28
COHO:0001813	GliomaScan	temporary unclassified	cohort aggregation	yes	placeholder curated 2026-09-28 from the checks of the placeholders' names against their sources recorded in the pipeline repository, completed 2026-09-28
COHO:0002119	National Brain Tumour Study	temporary unclassified	cohort	yes	placeholder curated 2026-09-28 from the checks of the placeholders' names against their sources recorded in the pipeline repository, completed 2026-09-28
COHO:0001922	International Head and Neck Cancer Epidemiology Consortium	temporary unclassified	cohort aggregation	yes	placeholder curated 2026-09-28 from the checks of the placeholders' names against their sources recorded in the pipeline repository, completed 2026-09-28
COHO:0002212	IARC Oral Cancer Multicenter study	temporary unclassified	cohort	yes	placeholder curated 2026-09-28 from the checks of the placeholders' names against their sources recorded in the pipeline repository, completed 2026-09-28
COHO:0002334	Russian Multi-Cancer Case-Control Study	temporary unclassified	cohort	yes	placeholder curated 2026-09-28 from the checks of the placeholders' names against their sources recorded in the pipeline repository, completed 2026-09-28
COHO:0001812	Gliogene study	temporary unclassified	cohort	yes	placeholder curated 2026-09-28 from the checks of the placeholders' names against their sources recorded in the pipeline repository, completed 2026-09-28
COHO:0002192	NYU Women's Health Study	temporary unclassified	cohort	yes	placeholder curated 2026-09-28 from the checks of the placeholders' names against their sources recorded in the pipeline repository, completed 2026-09-28
COHO:0002158	Upper Midwest Health Study	temporary unclassified	cohort	yes	placeholder curated 2026-09-28 from the checks of the placeholders' names against their sources recorded in the pipeline repository, completed 2026-09-28
COHO:0001889	International BRCA1/2 Carrier Cohort Study	temporary unclassified	cohort aggregation	yes	placeholder curated 2026-09-28 from the checks of the placeholders' names against their sources recorded in the pipeline repository, completed 2026-09-28
COHO:0002424	Swedish Breast Cancer Study	temporary unclassified	cohort	yes	placeholder curated 2026-09-28 from the checks of the placeholders' names against their sources recorded in the pipeline repository, completed 2026-09-28
COHO:0002504	UK Familial Ovarian Cancer Register	temporary unclassified	cohort	yes	placeholder curated 2026-09-28 from the checks of the placeholders' names against their sources recorded in the pipeline repository, completed 2026-09-28
COHO:0001825	Gilda Radner Familial Ovarian Cancer Registry	temporary unclassified	cohort	yes	placeholder curated 2026-09-28 from the checks of the placeholders' names against their sources recorded in the pipeline repository, completed 2026-09-28
COHO:0002507	UK and Gilda Radner Familial Ovarian Cancer Registries	temporary unclassified	cohort aggregation	yes	placeholder curated 2026-09-28 from the checks of the placeholders' names against their sources recorded in the pipeline repository, completed 2026-09-28
COHO:0002545	Victorian Familial Cancer Trials Group	temporary unclassified	cohort	yes	placeholder curated 2026-09-28 from the checks of the placeholders' names against their sources recorded in the pipeline repository, completed 2026-09-28
COHO:0001688	Epidemiological Study of Familial Breast Cancer	temporary unclassified	cohort	yes	placeholder curated 2026-09-28 from the checks of the placeholders' names against their sources recorded in the pipeline repository, completed 2026-09-28
COHO:0001741	Fundación Pública Galega de Medicina Xenómica	temporary unclassified	cohort	yes	placeholder curated 2026-09-28 from the checks of the placeholders' names against their sources recorded in the pipeline repository, completed 2026-09-28
COHO:0001762	German Consortium for Hereditary Breast and Ovarian Cancer	temporary unclassified	cohort	yes	placeholder curated 2026-09-28 from the checks of the placeholders' names against their sources recorded in the pipeline repository, completed 2026-09-28
COHO:0001771	Genetic Modifiers of cancer risk in BRCA1/2 mutation carriers	temporary unclassified	cohort	yes	placeholder curated 2026-09-28 from the checks of the placeholders' names against their sources recorded in the pipeline repository, completed 2026-09-28
COHO:0001799	G-FAST	temporary unclassified	cohort	yes	placeholder curated 2026-09-28 from the checks of the placeholders' names against their sources recorded in the pipeline repository, completed 2026-09-28
COHO:0001850	Hereditary Breast and Ovarian cancer study in the Netherlands	temporary unclassified	cohort	yes	placeholder curated 2026-09-28 from the checks of the placeholders' names against their sources recorded in the pipeline repository, completed 2026-09-28
COHO:0001879	Molecular Genetic Studies of Breast- and Ovarian Cancer in Hungary	temporary unclassified	cohort	yes	placeholder curated 2026-09-28 from the checks of the placeholders' names against their sources recorded in the pipeline repository, completed 2026-09-28
COHO:0001923	Interdisciplinary Health Research International Team on Breast Cancer Susceptibility	temporary unclassified	cohort	yes	placeholder curated 2026-09-28 from the checks of the placeholders' names against their sources recorded in the pipeline repository, completed 2026-09-28
COHO:0002075	Modifier Study of Quantitative Effects on Disease	temporary unclassified	cohort	yes	placeholder curated 2026-09-28 from the checks of the placeholders' names against their sources recorded in the pipeline repository, completed 2026-09-28
COHO:0002111	Women's College Research Institute Hereditary Breast and Ovarian Cancer Study	temporary unclassified	cohort	yes	placeholder curated 2026-09-28 from the checks of the placeholders' names against their sources recorded in the pipeline repository, completed 2026-09-28
COHO:0002197	Ontario Cancer Genetics Network	temporary unclassified	cohort	yes	placeholder curated 2026-09-28 from the checks of the placeholders' names against their sources recorded in the pipeline repository, completed 2026-09-28
COHO:0002256	Pisa Breast Cancer Study	temporary unclassified	cohort	yes	placeholder curated 2026-09-28 from the checks of the placeholders' names against their sources recorded in the pipeline repository, completed 2026-09-28
COHO:0002494	Breast Cancer Now Male Breast Cancer Study	temporary unclassified	cohort	yes	placeholder curated 2026-09-28 from the checks of the placeholders' names against their sources recorded in the pipeline repository, completed 2026-09-28
COHO:0002248	Peru Genetics and Genomics of Breast Cancer Study	temporary unclassified	cohort	yes	placeholder curated 2026-09-28 from the checks of the placeholders' names against their sources recorded in the pipeline repository, completed 2026-09-28
COHO:0002126	North Carolina Prostate Cancer Study	temporary unclassified	cohort	yes	placeholder curated 2026-09-28 from the checks of the placeholders' names against their sources recorded in the pipeline repository, completed 2026-09-28
COHO:0002236	Canary Prostate Active Surveillance Study	temporary unclassified	cohort	yes	placeholder curated 2026-09-28 from the checks of the placeholders' names against their sources recorded in the pipeline repository, completed 2026-09-28
COHO:0002238	North Carolina-Louisiana Prostate Cancer Project	temporary unclassified	cohort	yes	placeholder curated 2026-09-28 from the checks of the placeholders' names against their sources recorded in the pipeline repository, completed 2026-09-28
COHO:0002239	Prostate Cancer in a Black Population	temporary unclassified	cohort	yes	placeholder curated 2026-09-28 from the checks of the placeholders' names against their sources recorded in the pipeline repository, completed 2026-09-28
COHO:0002241	Prostate Cancer Prevention Trial	temporary unclassified	cohort	yes	placeholder curated 2026-09-28 from the checks of the placeholders' names against their sources recorded in the pipeline repository, completed 2026-09-28
COHO:0002275	Prostate cAncer Genetics in Galicia	temporary unclassified	cohort	yes	placeholder curated 2026-09-28 from the checks of the placeholders' names against their sources recorded in the pipeline repository, completed 2026-09-28
COHO:0002281	Progression in Cancer of the Prostate	temporary unclassified	cohort	yes	placeholder curated 2026-09-28 from the checks of the placeholders' names against their sources recorded in the pipeline repository, completed 2026-09-28
COHO:0002284	PROGReSS study	temporary unclassified	cohort	yes	placeholder curated 2026-09-28 from the checks of the placeholders' names against their sources recorded in the pipeline repository, completed 2026-09-28
COHO:0002289	Prostate Cancer: Mechanisms of Progression and Treatment	temporary unclassified	cohort	yes	placeholder curated 2026-09-28 from the checks of the placeholders' names against their sources recorded in the pipeline repository, completed 2026-09-28
COHO:0002291	Prostate testing for cancer and Treatment study	temporary unclassified	cohort	yes	placeholder curated 2026-09-28 from the checks of the placeholders' names against their sources recorded in the pipeline repository, completed 2026-09-28
COHO:0002292	Prostate Cancer and Environment Study	temporary unclassified	cohort	yes	placeholder curated 2026-09-28 from the checks of the placeholders' names against their sources recorded in the pipeline repository, completed 2026-09-28
COHO:0002318	Risk Factors for Prostate Cancer Study	temporary unclassified	cohort	yes	placeholder curated 2026-09-28 from the checks of the placeholders' names against their sources recorded in the pipeline repository, completed 2026-09-28
COHO:0002335	San Antonio Center of Biomarkers of Risk for Prostate Cancer	temporary unclassified	cohort	yes	placeholder curated 2026-09-28 from the checks of the placeholders' names against their sources recorded in the pipeline repository, completed 2026-09-28
COHO:0002355	South Carolina Prostate Cancer Study	temporary unclassified	cohort	yes	placeholder curated 2026-09-28 from the checks of the placeholders' names against their sources recorded in the pipeline repository, completed 2026-09-28
COHO:0002167	Nashville Men's Health Study	temporary unclassified	cohort	yes	placeholder curated 2026-09-28 from the checks of the placeholders' names against their sources recorded in the pipeline repository, completed 2026-09-28
COHO:0001794	GeparSixto trial	temporary unclassified	cohort	yes	placeholder curated 2026-09-28 from the checks of the placeholders' names against their sources recorded in the pipeline repository, completed 2026-09-28
COHO:0002416	Simultaneous Study of Gemcitabine-Docetaxel Combination adjuvant treatment, as well as Biological Targeted Treatment	temporary unclassified	cohort	yes	placeholder curated 2026-09-28 from the checks of the placeholders' names against their sources recorded in the pipeline repository, completed 2026-09-28
COHO:0002417	Simultaneous Study of Docetaxel Based Anthracycline Free Adjuvant Treatment Evaluation, as well as Life Style Intervention Strategies	temporary unclassified	cohort	yes	placeholder curated 2026-09-28 from the checks of the placeholders' names against their sources recorded in the pipeline repository, completed 2026-09-28
COHO:0002277	Evaluation of Predictive Factors Regarding the Effectivity of Aromatase Inhibitor Therapy	temporary unclassified	cohort	yes	placeholder curated 2026-09-28 from the checks of the placeholders' names against their sources recorded in the pipeline repository, completed 2026-09-28
COHO:0002366	Severe Asthma Cohorts	temporary unclassified	cohort	yes	placeholder curated 2026-09-29 from the checks of the placeholders' names against their sources recorded in the pipeline repository, completed 2026-09-29
COHO:0002374	SNP Health Association Asthma Resource Project	temporary unclassified	cohort aggregation	yes	placeholder curated 2026-09-29 from the checks of the placeholders' names against their sources recorded in the pipeline repository, completed 2026-09-29
COHO:0002465	Tomsk Study	temporary unclassified	cohort	yes	placeholder curated 2026-09-29 from the checks of the placeholders' names against their sources recorded in the pipeline repository, completed 2026-09-29
COHO:0002486	UFA Study	temporary unclassified	cohort	yes	placeholder curated 2026-09-29 from the checks of the placeholders' names against their sources recorded in the pipeline repository, completed 2026-09-29
COHO:0001750	Genetics of Asthma International Network	temporary unclassified	cohort	yes	placeholder curated 2026-09-29 from the checks of the placeholders' names against their sources recorded in the pipeline repository, completed 2026-09-29
COHO:0001954	Karelia Allergy Study	temporary unclassified	cohort	yes	placeholder curated 2026-09-29 from the checks of the placeholders' names against their sources recorded in the pipeline repository, completed 2026-09-29
COHO:0001981	Kursk State Medical University Study	temporary unclassified	cohort	yes	placeholder curated 2026-09-29 from the checks of the placeholders' names against their sources recorded in the pipeline repository, completed 2026-09-29
COHO:0002011	Leukotriene Modifier Or Corticosteroid or Corticosteroid-Salmeterol Trial	temporary unclassified	cohort	yes	placeholder curated 2026-09-29 from the checks of the placeholders' names against their sources recorded in the pipeline repository, completed 2026-09-29
COHO:0002012	Effectiveness of Low Dose Theophylline as an Add-on Treatment in Asthma trial	temporary unclassified	cohort	yes	placeholder curated 2026-09-29 from the checks of the placeholders' names against their sources recorded in the pipeline repository, completed 2026-09-29
COHO:0002029	Multicenter Asthma Genetics in Childhood Study	temporary unclassified	cohort	yes	placeholder curated 2026-09-29 from the checks of the placeholders' names against their sources recorded in the pipeline repository, completed 2026-09-29
COHO:0002089	MRC Asthma and United Kingdom Control panel	temporary unclassified	cohort	yes	placeholder curated 2026-09-29 from the checks of the placeholders' names against their sources recorded in the pipeline repository, completed 2026-09-29
COHO:0002338	Study of Asthma, Genes and the Environment	temporary unclassified	cohort	yes	placeholder curated 2026-09-29 from the checks of the placeholders' names against their sources recorded in the pipeline repository, completed 2026-09-29
COHO:0002449	The Epidemiology and Natural History of Asthma: Outcomes and Treatment Regimens	temporary unclassified	cohort	yes	placeholder curated 2026-09-29 from the checks of the placeholders' names against their sources recorded in the pipeline repository, completed 2026-09-29
COHO:0002461	Tasmanian Longitudinal Health Study	temporary unclassified	cohort	yes	placeholder curated 2026-09-29 from the checks of the placeholders' names against their sources recorded in the pipeline repository, completed 2026-09-29
COHO:0001753	Genetics of Asthma in Latino Americans	temporary unclassified	cohort	yes	placeholder curated 2026-09-29 from the checks of the placeholders' names against their sources recorded in the pipeline repository, completed 2026-09-29
COHO:0002085	Mechanisms of Progression of Atopic Dermatitis to Asthma in Children	temporary unclassified	cohort	yes	placeholder curated 2026-09-29 from the checks of the placeholders' names against their sources recorded in the pipeline repository, completed 2026-09-29
COHO:0002185	Nottingham Sib Pair Asthma study	temporary unclassified	cohort	yes	placeholder curated 2026-09-29 from the checks of the placeholders' names against their sources recorded in the pipeline repository, completed 2026-09-29
COHO:0001941	Jamaican Adolescent Asthma Study	temporary unclassified	cohort	yes	placeholder curated 2026-09-29 from the checks of the placeholders' names against their sources recorded in the pipeline repository, completed 2026-09-29
COHO:0002041	Mexico City Childhood Asthma Study	temporary unclassified	cohort	yes	placeholder curated 2026-09-29 from the checks of the placeholders' names against their sources recorded in the pipeline repository, completed 2026-09-29
COHO:0002249	Proyecto Genes Candidatos en Asma	temporary unclassified	cohort	yes	placeholder curated 2026-09-29 from the checks of the placeholders' names against their sources recorded in the pipeline repository, completed 2026-09-29
COHO:0001920	Industrial Cohorts Research Group	temporary unclassified	cohort aggregation	yes	placeholder curated 2026-09-29 from the checks of the placeholders' names against their sources recorded in the pipeline repository, completed 2026-09-29
COHO:0002562	Wessex family study	temporary unclassified	cohort	yes	placeholder curated 2026-09-29 from the checks of the placeholders' names against their sources recorded in the pipeline repository, completed 2026-09-29
COHO:0001796	German Affected-Sib-Pair Study	temporary unclassified	cohort	yes	placeholder curated 2026-09-29 from the checks of the placeholders' names against their sources recorded in the pipeline repository, completed 2026-09-29
COHO:0001702	Epidemiologisch Preventief Onderzoek Zoetermeer	temporary unclassified	cohort	yes	placeholder curated 2026-09-29 from the checks of the placeholders' names against their sources recorded in the pipeline repository, completed 2026-09-29
COHO:0001715	Exeter 10,000 Study	temporary unclassified	cohort	yes	placeholder curated 2026-09-29 from the checks of the placeholders' names against their sources recorded in the pipeline repository, completed 2026-09-29
COHO:0001823	Genomic Research Cohorts for CCMB Diabetes Study	temporary unclassified	cohort aggregation	yes	placeholder curated 2026-09-29 from the checks of the placeholders' names against their sources recorded in the pipeline repository, completed 2026-09-29
COHO:0001980	Kangbuk Samsung Cohort Study	temporary unclassified	cohort	yes	placeholder curated 2026-09-29 from the checks of the placeholders' names against their sources recorded in the pipeline repository, completed 2026-09-29
COHO:0002088	Malmö Preventive Project echo study	temporary unclassified	cohort	yes	placeholder curated 2026-09-29 from the checks of the placeholders' names against their sources recorded in the pipeline repository, completed 2026-09-29
COHO:0002105	Greek NAFLD study	temporary unclassified	cohort	yes	placeholder curated 2026-09-29 from the checks of the placeholders' names against their sources recorded in the pipeline repository, completed 2026-09-29
COHO:0002431	Tromso-6 Migraine	temporary unclassified	cohort	yes	placeholder curated 2026-09-29 from the checks of the placeholders' names against their sources recorded in the pipeline repository, completed 2026-09-29
COHO:0002587	Yonsei Avellino Corneal Dystrophy Study	temporary unclassified	cohort	yes	placeholder curated 2026-09-29 from the checks of the placeholders' names against their sources recorded in the pipeline repository, completed 2026-09-29
COHO:0001745	Family Study of Cocaine Dependence	temporary unclassified	cohort	yes	placeholder curated 2026-09-29 from the checks of the placeholders' names against their sources recorded in the pipeline repository, completed 2026-09-29
COHO:0001786	GenomEUtwin	temporary unclassified	cohort aggregation	yes	placeholder curated 2026-09-29 from the checks of the placeholders' names against their sources recorded in the pipeline repository, completed 2026-09-29
COHO:0001974	Cooperative Health Research in the Region of Augsburg F3	temporary unclassified	cohort	yes	placeholder curated 2026-09-29 from the checks of the placeholders' names against their sources recorded in the pipeline repository, completed 2026-09-29
COHO:0001975	Cooperative Health Research in the Region of Augsburg F4	temporary unclassified	cohort	yes	placeholder curated 2026-09-29 from the checks of the placeholders' names against their sources recorded in the pipeline repository, completed 2026-09-29
COHO:0001977	Cooperative Health Research in the Region of Augsburg S3	temporary unclassified	cohort	yes	placeholder curated 2026-09-29 from the checks of the placeholders' names against their sources recorded in the pipeline repository, completed 2026-09-29
COHO:0001978	Cooperative Health Research in the Region of Augsburg S4	temporary unclassified	cohort	yes	placeholder curated 2026-09-29 from the checks of the placeholders' names against their sources recorded in the pipeline repository, completed 2026-09-29
COHO:0002112	Normative Aging Study	temporary unclassified	cohort	yes	placeholder curated 2026-09-29 from the checks of the placeholders' names against their sources recorded in the pipeline repository, completed 2026-09-29
COHO:0002137	National Emphysema Treatment Trial	temporary unclassified	cohort	yes	placeholder curated 2026-09-29 from the checks of the placeholders' names against their sources recorded in the pipeline repository, completed 2026-09-29
COHO:0001722	Fuchs Endothelial Corneal Dystrophy Controls	temporary unclassified	cohort	yes	placeholder curated 2026-09-29 from the checks of the placeholders' names against their sources recorded in the pipeline repository, completed 2026-09-29
COHO:0001724	Framingham Eye Study	temporary unclassified	cohort	yes	placeholder curated 2026-09-29 from the checks of the placeholders' names against their sources recorded in the pipeline repository, completed 2026-09-29
COHO:0002450	Twins Eye Study in Tasmania	temporary unclassified	cohort	yes	placeholder curated 2026-09-29 from the checks of the placeholders' names against their sources recorded in the pipeline repository, completed 2026-09-29
COHO:0001776	Gene MSA CH	temporary unclassified	cohort	yes	placeholder curated 2026-09-29 from the checks of the placeholders' names against their sources recorded in the pipeline repository, completed 2026-09-29
COHO:0001777	Gene MSA NL	temporary unclassified	cohort	yes	placeholder curated 2026-09-29 from the checks of the placeholders' names against their sources recorded in the pipeline repository, completed 2026-09-29
COHO:0001778	Gene MSA US	temporary unclassified	cohort	yes	placeholder curated 2026-09-29 from the checks of the placeholders' names against their sources recorded in the pipeline repository, completed 2026-09-29
COHO:0001915	IMSGC UK	temporary unclassified	cohort	yes	placeholder curated 2026-09-29 from the checks of the placeholders' names against their sources recorded in the pipeline repository, completed 2026-09-29
COHO:0001916	IMSGC US	temporary unclassified	cohort	yes	placeholder curated 2026-09-29 from the checks of the placeholders' names against their sources recorded in the pipeline repository, completed 2026-09-29
COHO:0001700	EPIPARK	temporary unclassified	cohort	yes	placeholder curated 2026-09-29 from the checks of the placeholders' names against their sources recorded in the pipeline repository, completed 2026-09-29
COHO:0002258	Parkinsonism: Incidence, Cognition and Non-motor heterogeneity in Cambridgeshire	temporary unclassified	cohort	yes	placeholder curated 2026-09-29 from the checks of the placeholders' names against their sources recorded in the pipeline repository, completed 2026-09-29
COHO:0002290	Profiling Parkinson's disease	temporary unclassified	cohort	yes	placeholder curated 2026-09-29 from the checks of the placeholders' names against their sources recorded in the pipeline repository, completed 2026-09-29
